[Message:   BepInEx] BepInEx 5.4.19.0 - Zeepkist (1/15/2026 5:54:01 PM)
[Info   :   BepInEx] Running under Unity v2021.3.10.1867021
[Info   :   BepInEx] CLR runtime version: 4.0.30319.42000
[Info   :   BepInEx] Supports SRE: True
[Info   :   BepInEx] System platform: Bits64, Windows
[Message:   BepInEx] Preloader started
[Info   :   BepInEx] Loaded 1 patcher method from [BepInEx.Preloader 5.4.19.0]
[Info   :   BepInEx] 1 patcher plugin loaded
[Info   :   BepInEx] Patching [UnityEngine.CoreModule] with [BepInEx.Chainloader]
[Message:   BepInEx] Preloader finished
[Message:   BepInEx] Chainloader ready
[Message:   BepInEx] Chainloader started
[Info   :   BepInEx] 25 plugins to load
[Warning:   BepInEx] Plugin [Level Editor Trails 4.0.5] targets a wrong version of BepInEx (5.4.20.0) and might not work until you update
[Warning:   BepInEx] Plugin [Object Properties 7.1.0] targets a wrong version of BepInEx (5.4.20.0) and might not work until you update
[Warning:   BepInEx] Plugin [Zeepkist GTR 1.7.1] targets a wrong version of BepInEx (5.4.20.0) and might not work until you update
[Warning:   BepInEx] Plugin [Chat Utilities 2.5] targets a wrong version of BepInEx (5.4.20.0) and might not work until you update
[Warning:   BepInEx] Plugin [Zeep SDK 2.7.5] targets a wrong version of BepInEx (5.4.20.0) and might not work until you update
[Warning:   BepInEx] Plugin [Blueprints X 4.3] targets a wrong version of BepInEx (5.4.20.0) and might not work until you update
[Warning:   BepInEx] Plugin [Zeepkist RTM 2.1.4] targets a wrong version of BepInEx (5.4.20.0) and might not work until you update
[Warning:   BepInEx] Plugin [AuthorTimeHunting 1.17.6] targets a wrong version of BepInEx (5.4.20.0) and might not work until you update
[Warning:   BepInEx] Plugin [Area of Effect 1.6.2] targets a wrong version of BepInEx (5.4.20.0) and might not work until you update
[Warning:   BepInEx] Plugin [COTDTracker 0.11.1] targets a wrong version of BepInEx (5.4.20.0) and might not work until you update
[Warning:   BepInEx] Plugin [TopOutTournament 1.0.17] targets a wrong version of BepInEx (5.4.20.0) and might not work until you update
[Warning:   BepInEx] Plugin [Foundation 1.3] targets a wrong version of BepInEx (5.4.20.0) and might not work until you update
[Warning:   BepInEx] Plugin [ZeepTourney 0.0.9] targets a wrong version of BepInEx (5.4.20.0) and might not work until you update
[Warning:   BepInEx] Plugin [Practice Mode 2.4] targets a wrong version of BepInEx (5.4.20.0) and might not work until you update
[Warning:   BepInEx] Plugin [QuickFilter 1.4] targets a wrong version of BepInEx (5.4.20.0) and might not work until you update
[Warning:   BepInEx] Plugin [LocalTranslation 1.1.1] targets a wrong version of BepInEx (5.4.20.0) and might not work until you update
[Warning:   BepInEx] Plugin [RoomService 2.3.1] targets a wrong version of BepInEx (5.4.20.0) and might not work until you update
[Warning:   BepInEx] Plugin [RTPC 1.0.2] targets a wrong version of BepInEx (5.4.20.0) and might not work until you update
[Warning:   BepInEx] Plugin [EditorSpeedSplits 1.0.8] targets a wrong version of BepInEx (5.4.20.0) and might not work until you update
[Warning:   BepInEx] Plugin [Shpleeble 1.1] targets a wrong version of BepInEx (5.4.20.0) and might not work until you update
[Warning:   BepInEx] Plugin [Toolkist 1.3] targets a wrong version of BepInEx (5.4.20.0) and might not work until you update
[Warning:   BepInEx] Plugin [LatestSubs 1.0.0] targets a wrong version of BepInEx (5.4.20.0) and might not work until you update
[Warning:   BepInEx] Plugin [RecentLevels 0.1.0] targets a wrong version of BepInEx (5.4.20.0) and might not work until you update
[Warning:   BepInEx] Plugin [SubItemSearch 0.1.0] targets a wrong version of BepInEx (5.4.20.0) and might not work until you update
[Warning:   BepInEx] Plugin [TeamX 2.1.2] targets a wrong version of BepInEx (5.4.20.0) and might not work until you update
[Info   :   BepInEx] Loading [Toolkist 1.3]
[Info   :   BepInEx] Loading [LocalTranslation 1.1.1]
[Info   :LocalTranslation] Plugin andme123.localtranslation is loaded!
[Info   :   BepInEx] Loading [Zeep SDK 2.7.5]
[Info   :  Zeep SDK] Plugin ZeepSDK is loaded!
[Info   :   BepInEx] Loading [AuthorTimeHunting 1.17.6]
[Info   :AuthorTimeHunting] StateMachine: Transitioning from null to StateMasterOff
[Info   :AuthorTimeHunting] Plugin AuthorTimeHunting is loaded!
[Info   :   BepInEx] Loading [EditorSpeedSplits 1.0.8]
[Info   :EditorSpeedSplits] Plugin com.andme.editorspeedsplits is loaded!
[Info   :   BepInEx] Loading [RTPC 1.0.2]
[Info   :      RTPC] Plugin com.andme.rtpc is loaded!
[Info   :   BepInEx] Loading [Area of Effect 1.6.2]
[Info   :Area of Effect] Plugin com.metalted.zeepkist.areaofeffect is loaded!
[Info   :   BepInEx] Loading [TeamX 2.1.2]
[Info   :   BepInEx] Loading [Blueprints X 4.3]
[Info   :   BepInEx] Loading [Chat Utilities 2.5]
[Info   :Chat Utilities] Chat Utilities loaded.
[Info   :   BepInEx] Loading [Foundation 1.3]
[Info   :Foundation] Plugin Foundation is loaded!
[Info   :   BepInEx] Loading [Shpleeble 1.1]
[Info   : Shpleeble] Plugin Shpleeble loaded
[Info   :   BepInEx] Loading [Practice Mode 2.4]
[Info   :Practice Mode] Plugin Practice Mode is loaded!
[Info   :   BepInEx] Loading [QuickFilter 1.4]
[Info   :   BepInEx] Loading [COTDTracker 0.11.1]
[Info   :COTDTracker] Plugin COTDTracker is loaded!
[Info   :   BepInEx] Loading [LatestSubs 1.0.0]
[Info   :LatestSubs] Plugin LatestSubs is loaded!
[Info   :   BepInEx] Loading [Level Editor Trails 4.0.5]
[Info   :Level Editor Trails] Plugin LevelEditorTrails is loaded!
[Info   :   BepInEx] Loading [Zeepkist GTR 1.7.1]
[Info   :   BepInEx] Loading [Object Properties 7.1.0]
[Info   :Object Properties] Plugin net.tnrd.zeepkist.objectproperties is loaded!
[Info   :   BepInEx] Loading [Zeepkist RTM 2.1.4]
[Info   :Zeepkist RTM] 12:55:40 Patching
[Info   :Zeepkist RTM] 12:55:41 Found 3 eager services
[Info   :Zeepkist RTM] 12:55:41 Found eager service '"UnhandledExceptionLoggerService"'
[Info   :Zeepkist RTM] 12:55:41 Found eager service '"ConfigService"'
[Info   :Zeepkist RTM] 12:55:41 Found eager service '"CommandsService"'
[Info   :Zeepkist RTM] 12:55:41 Application started. Press Ctrl+C to shut down.
[Info   :Zeepkist RTM] 12:55:41 Hosting environment: "Production"
[Info   :Zeepkist RTM] 12:55:41 Content root path: "Z:\home\ferret\.steam\debian-installation\steamapps\common\Zeepkist\BepInEx\plugins\Mods\3285481_8137916_Random Track Mode"
[Info   :Zeepkist RTM] Plugin net.tnrd.zeepkist.rtm is loaded!
[Info   :   BepInEx] Loading [RecentLevels 0.1.0]
[Info   :RecentLevels] Plugin RecentLevels is loaded!
[Info   :   BepInEx] Loading [RoomService 2.3.1]
[Info   :       Zua] Successfully registered type 'ZeepkistNetworking.LeaderboardItem'.
[Info   :       Zua] Successfully registered type 'ZeepkistNetworking.LeaderboardOverrideItem'.
[Info   :       Zua] Successfully registered type 'RoomService.PlayerTime'.
[Info   :RoomService] Roomservice is loaded! At your service!
[Info   :   BepInEx] Loading [SubItemSearch 0.1.0]
[Info   :SubItemSearch] LevelFilter.Awake
[Info   :SubItemSearch] Plugin SubItemSearch is loaded!
[Info   :   BepInEx] Loading [TopOutTournament 1.0.17]
[Info   :TopOutTournament] Plugin TopOutTournament is loaded!
[Info   :   BepInEx] Loading [ZeepTourney 0.0.9]
[Info   :ZeepTourney] Plugin ZeepTourney is loaded!
[Message:   BepInEx] Chainloader startup complete
[Error  :VersionChecker] Failed to calculate outdated mods! Result: IsSuccess='False', Reasons='ExceptionalError with Message='401 (Unauthorized)', Exception='System.Net.Http.HttpRequestException: 401 (Unauthorized)
  at System.Net.Http.HttpResponseMessage.EnsureSuccessStatusCode () [0x0002a] in <1461f1930feb4705bca8b5d7908e9fa7>:0 
  at ZeepSDK.Versioning.VersionChecker.GetData[TData] (System.String url, System.Threading.CancellationToken cancellationToken) [0x0008f] in D:\a\ZeepSDK\ZeepSDK\ZeepSDK\Versioning\VersionChecker.cs:197 '', Value='0'
[Warning:ModSettingsTabsBuilder] Mod settings tab configuration for 'net.tnrd.zeepkist.gtr' references unknown section '2.3 - Ghosts - Offline Ghosts'. Section was skipped.
[Info   :Zeepkist GTR] 12:55:42 Start processing HTTP request "GET" https://zeepki.st/cdn-cgi/trace
[Info   :Zeepkist GTR] 12:55:42 Sending HTTP request "GET" https://zeepki.st/cdn-cgi/trace
[Fatal  :Zeepkist GTR] 12:55:42 Unable to load UI assembly
[Info   :Zeepkist GTR] 12:55:42 Received HTTP response headers after 254.211ms - 200
[Info   :Zeepkist GTR] 12:55:42 End processing HTTP request after 262.2359ms - 200
[Info   :Zeepkist GTR] 12:55:43 Loaded 4 shaders from gtr-shaders asset bundle
[Error  :Zeepkist GTR] 12:55:43 Failed to create discord client
[Info   :Zeepkist GTR] 12:55:43 Patching
[Info   :Zeepkist GTR] 12:55:43 Found 36 eager services
[Info   :Zeepkist GTR] Plugin net.tnrd.zeepkist.gtr is loaded!
[Info   :     TeamX]  [TEAMX] Initializing TeamX...
[Info   :Chat Utilities] Chat Utilities loaded chat commands. Count: 67
[Info   :RecentLevels] RecentLevels.AddDirectories: Adding directories
[Info   :RecentLevels] Adventure Levels
[Info   :RecentLevels] Workshop Levels
[Info   :RecentLevels] Workshop Levels (By Author)
[Info   :RecentLevels] Local Levels
[Info   :RecentLevels] Latest Subs
[Error  :RecentLevels] Exception when loading in data: System.MissingMethodException: Method not found: LevelScriptableObject .LevelManager.LoadLevel(string,string[],bool,string)
  at System.Linq.Enumerable+SelectListIterator`2[TSource,TResult].ToList () [0x0002a] in <523a924aba464755b1747653b71e5189>:0 
  at System.Linq.Enumerable.ToList[TSource] (System.Collections.Generic.IEnumerable`1[T] source) [0x0001f] in <523a924aba464755b1747653b71e5189>:0 
  at RecentLevels.RecentLevels.GetLevelsFromFile () [0x00071] in <7120cac24c34443d817e8ec3bd671bdc>:0 
[Info   :Zeepkist GTR] 12:55:48 Start processing HTTP request "POST" https://backend.zeepki.st/auth/login
[Info   :Zeepkist GTR] 12:55:48 Start processing HTTP request "POST" https://backend.zeepki.st/auth/login
[Info   :Zeepkist GTR] 12:55:48 Sending HTTP request "POST" https://backend.zeepki.st/auth/login
[Info   :Zeepkist GTR] 12:55:49 Received HTTP response headers after 1020.2278ms - 200
[Info   :Zeepkist GTR] 12:55:49 End processing HTTP request after 1020.411ms - 200
[Info   :Zeepkist GTR] 12:55:49 End processing HTTP request after 1033.9781ms - 200
[Error  :CrashlyticsApi] Failed to show crash reporting consent dialog: System.OperationCanceledException: The operation was canceled.
  at ZeepSDK.External.Cysharp.Threading.Tasks.CompilerServices.AsyncUniTask`1[TStateMachine].GetResult (System.Int16 token) [0x00000] in D:\a\ZeepSDK\ZeepSDK\ZeepSDK\External\UniTask\CompilerServices\StateMachineRunner.cs:219 
  at ZeepSDK.External.Cysharp.Threading.Tasks.UniTaskExtensions.ForgetCoreWithCatch (ZeepSDK.External.Cysharp.Threading.Tasks.UniTask task, System.Action`1[T] exceptionHandler, System.Boolean handleExceptionOnMainThread) [0x00028] in D:\a\ZeepSDK\ZeepSDK\ZeepSDK\External\UniTask\UniTaskExtensions.cs:599 
[Info   :Zeepkist GTR] 12:56:10 Skipping level request because workshop ID or hash is missing
[Info   :Zeepkist GTR] 12:56:10 Start processing HTTP request "POST" https://graphql.zeepki.st/
[Info   :Zeepkist GTR] 12:56:10 Start processing HTTP request "POST" https://graphql.zeepki.st/
[Info   :Zeepkist GTR] 12:56:10 Sending HTTP request "POST" https://graphql.zeepki.st/
[Info   :Zeepkist GTR] 12:56:10 Start processing HTTP request "POST" https://graphql.zeepki.st/
[Info   :Zeepkist GTR] 12:56:10 Start processing HTTP request "POST" https://graphql.zeepki.st/
[Info   :Zeepkist GTR] 12:56:10 Sending HTTP request "POST" https://graphql.zeepki.st/
[Info   :RecentLevels] RecentLevels.AddLevel: Adding level 'Level A-01' (UID: ea1, WID: 0)
[Info   :RecentLevels] RecentLevels.AddLevel: Getting WID from lobby: 0
[Info   :Zeepkist GTR] 12:56:10 Loading personal best...
[Info   :Zeepkist GTR] 12:56:10 Start processing HTTP request "POST" https://graphql.zeepki.st/
[Info   :Zeepkist GTR] 12:56:10 Start processing HTTP request "POST" https://graphql.zeepki.st/
[Info   :Zeepkist GTR] 12:56:10 Sending HTTP request "POST" https://graphql.zeepki.st/
[Info   :Zeepkist GTR] 12:56:10 Stopping existing recorder if any
[Info   :Zeepkist GTR] 12:56:10 Creating new recorder
[Info   :Zeepkist GTR] 12:56:10 Received HTTP response headers after 637.6261ms - 200
[Info   :Zeepkist GTR] 12:56:10 End processing HTTP request after 637.7762ms - 200
[Info   :Zeepkist GTR] 12:56:10 End processing HTTP request after 647.9627ms - 200
[Info   :Zeepkist GTR] 12:56:10 Received HTTP response headers after 669.7833ms - 200
[Info   :Zeepkist GTR] 12:56:10 End processing HTTP request after 669.9383ms - 200
[Info   :Zeepkist GTR] 12:56:10 End processing HTTP request after 670.3786ms - 200
[Info   :Zeepkist GTR] 12:56:11 Received HTTP response headers after 532.0995ms - 200
[Info   :Zeepkist GTR] 12:56:11 End processing HTTP request after 532.2475ms - 200
[Info   :Zeepkist GTR] 12:56:11 End processing HTTP request after 546.8815ms - 200
[Info   :Zeepkist GTR] 12:56:12 Starting recorder
[Info   :SubItemSearch] Set input: PlaylistName InputField (TMPro.TMP_InputField)
[Info   :SubItemSearch] Set input: PlaylistName InputField (TMPro.TMP_InputField)
[Info   :Zeepkist GTR] 13:02:37 Loading personal best...
[Info   :Zeepkist GTR] 13:02:37 Start processing HTTP request "POST" https://graphql.zeepki.st/
[Info   :Zeepkist GTR] 13:02:37 Start processing HTTP request "POST" https://graphql.zeepki.st/
[Info   :Zeepkist GTR] 13:02:37 Sending HTTP request "POST" https://graphql.zeepki.st/
[Info   :Zeepkist GTR] 13:02:37 Stopping existing recorder if any
[Info   :Zeepkist GTR] 13:02:37 Creating new recorder
[Info   :Zeepkist GTR] 13:02:38 Received HTTP response headers after 673.3262ms - 200
[Info   :Zeepkist GTR] 13:02:38 End processing HTTP request after 673.49ms - 200
[Info   :Zeepkist GTR] 13:02:38 End processing HTTP request after 686.9216ms - 200
[Info   :Zeepkist GTR] 13:02:39 Starting recorder
[Info   :Zeepkist GTR] 13:03:02 Loading personal best...
[Info   :Zeepkist GTR] 13:03:02 Start processing HTTP request "POST" https://graphql.zeepki.st/
[Info   :Zeepkist GTR] 13:03:02 Start processing HTTP request "POST" https://graphql.zeepki.st/
[Info   :Zeepkist GTR] 13:03:02 Sending HTTP request "POST" https://graphql.zeepki.st/
[Info   :Zeepkist GTR] 13:03:02 Stopping existing recorder if any
[Info   :Zeepkist GTR] 13:03:02 Creating new recorder
[Info   :Zeepkist GTR] 13:03:02 Received HTTP response headers after 158.2076ms - 200
[Info   :Zeepkist GTR] 13:03:02 End processing HTTP request after 158.3505ms - 200
[Info   :Zeepkist GTR] 13:03:02 End processing HTTP request after 169.6952ms - 200
[Info   :Zeepkist GTR] 13:03:03 Starting recorder
[Info   :Zeepkist GTR] 13:03:39 Stopping recorder
[Info   :Zeepkist GTR] 13:03:39 Collecting extra information
[Info   :Zeepkist GTR] 13:03:39 Resolved workshop ID "<none>" from lobby 0 and level 0
[Info   :Zeepkist GTR] 13:03:39 Processing ghost data
[Info   :Zeepkist GTR] 13:03:39 Creating stream
[Info   :Zeepkist GTR] 13:03:39 Writing to stream
[Info   :Zeepkist GTR] 13:03:39 Converting to base64
[Info   :Zeepkist GTR] 13:03:39 Creating resource
[Info   :Zeepkist GTR] 13:03:39 Start processing HTTP request "POST" https://backend.zeepki.st/record/submit
[Info   :Zeepkist GTR] 13:03:39 Start processing HTTP request "POST" https://backend.zeepki.st/record/submit
[Info   :Zeepkist GTR] 13:03:39 Sending HTTP request "POST" https://backend.zeepki.st/record/submit
[Info   :Zeepkist GTR] 13:03:40 Received HTTP response headers after 1117.1564ms - 200
[Info   :Zeepkist GTR] 13:03:40 End processing HTTP request after 1117.2941ms - 200
[Info   :Zeepkist GTR] 13:03:40 End processing HTTP request after 1129.8173ms - 200
[Info   :Zeepkist GTR] 13:03:40 Loading personal best...
[Info   :Zeepkist GTR] 13:03:40 Start processing HTTP request "POST" https://graphql.zeepki.st/
[Info   :Zeepkist GTR] 13:03:40 Start processing HTTP request "POST" https://graphql.zeepki.st/
[Info   :Zeepkist GTR] 13:03:40 Sending HTTP request "POST" https://graphql.zeepki.st/
[Info   :Zeepkist GTR] 13:03:40 Stopping existing recorder if any
[Info   :Zeepkist GTR] 13:03:40 Creating new recorder
[Info   :Zeepkist GTR] 13:03:41 Received HTTP response headers after 159.6668ms - 200
[Info   :Zeepkist GTR] 13:03:41 End processing HTTP request after 159.807ms - 200
[Info   :Zeepkist GTR] 13:03:41 End processing HTTP request after 170.7347ms - 200
[Info   :Zeepkist GTR] 13:03:42 Starting recorder
[Info   :Zeepkist GTR] 13:04:17 Stopping recorder
[Info   :Zeepkist GTR] 13:04:17 Collecting extra information
[Info   :Zeepkist GTR] 13:04:17 Resolved workshop ID "<none>" from lobby 0 and level 0
[Info   :Zeepkist GTR] 13:04:17 Processing ghost data
[Info   :Zeepkist GTR] 13:04:17 Creating stream
[Info   :Zeepkist GTR] 13:04:17 Writing to stream
[Info   :Zeepkist GTR] 13:04:17 Converting to base64
[Info   :Zeepkist GTR] 13:04:17 Creating resource
[Info   :Zeepkist GTR] 13:04:17 Start processing HTTP request "POST" https://backend.zeepki.st/record/submit
[Info   :Zeepkist GTR] 13:04:17 Start processing HTTP request "POST" https://backend.zeepki.st/record/submit
[Info   :Zeepkist GTR] 13:04:17 Sending HTTP request "POST" https://backend.zeepki.st/record/submit
[Info   :Zeepkist GTR] 13:04:18 Received HTTP response headers after 314.1869ms - 200
[Info   :Zeepkist GTR] 13:04:18 End processing HTTP request after 314.3365ms - 200
[Info   :Zeepkist GTR] 13:04:18 End processing HTTP request after 329.2045ms - 200
[Info   :Zeepkist GTR] 13:04:20 Loading personal best...
[Info   :Zeepkist GTR] 13:04:20 Start processing HTTP request "POST" https://graphql.zeepki.st/
[Info   :Zeepkist GTR] 13:04:20 Start processing HTTP request "POST" https://graphql.zeepki.st/
[Info   :Zeepkist GTR] 13:04:20 Sending HTTP request "POST" https://graphql.zeepki.st/
[Info   :Zeepkist GTR] 13:04:20 Stopping existing recorder if any
[Info   :Zeepkist GTR] 13:04:20 Creating new recorder
[Info   :Zeepkist GTR] 13:04:20 Received HTTP response headers after 162.0169ms - 200
[Info   :Zeepkist GTR] 13:04:20 End processing HTTP request after 162.1522ms - 200
[Info   :Zeepkist GTR] 13:04:20 End processing HTTP request after 177.6277ms - 200
[Info   :Zeepkist GTR] 13:04:21 Starting recorder
[Info   :Zeepkist GTR] 13:04:35 Loading personal best...
[Info   :Zeepkist GTR] 13:04:35 Start processing HTTP request "POST" https://graphql.zeepki.st/
[Info   :Zeepkist GTR] 13:04:35 Start processing HTTP request "POST" https://graphql.zeepki.st/
[Info   :Zeepkist GTR] 13:04:35 Sending HTTP request "POST" https://graphql.zeepki.st/
[Info   :Zeepkist GTR] 13:04:35 Stopping existing recorder if any
[Info   :Zeepkist GTR] 13:04:35 Creating new recorder
[Info   :Zeepkist GTR] 13:04:35 Received HTTP response headers after 162.3287ms - 200
[Info   :Zeepkist GTR] 13:04:35 End processing HTTP request after 162.4898ms - 200
[Info   :Zeepkist GTR] 13:04:35 End processing HTTP request after 169.4596ms - 200
[Info   :Zeepkist GTR] 13:04:36 Starting recorder
[Info   :Zeepkist GTR] 13:05:10 Stopping recorder
[Info   :Zeepkist GTR] 13:05:10 Collecting extra information
[Info   :Zeepkist GTR] 13:05:10 Resolved workshop ID "<none>" from lobby 0 and level 0
[Info   :Zeepkist GTR] 13:05:10 Processing ghost data
[Info   :Zeepkist GTR] 13:05:10 Creating stream
[Info   :Zeepkist GTR] 13:05:10 Writing to stream
[Info   :Zeepkist GTR] 13:05:10 Converting to base64
[Info   :Zeepkist GTR] 13:05:10 Creating resource
[Info   :Zeepkist GTR] 13:05:10 Start processing HTTP request "POST" https://backend.zeepki.st/record/submit
[Info   :Zeepkist GTR] 13:05:10 Start processing HTTP request "POST" https://backend.zeepki.st/record/submit
[Info   :Zeepkist GTR] 13:05:10 Sending HTTP request "POST" https://backend.zeepki.st/record/submit
[Info   :Zeepkist GTR] 13:05:11 Received HTTP response headers after 896.3698ms - 200
[Info   :Zeepkist GTR] 13:05:11 End processing HTTP request after 896.5204ms - 200
[Info   :Zeepkist GTR] 13:05:11 End processing HTTP request after 898.1996ms - 200
[Info   :Zeepkist GTR] 13:05:13 Loading personal best...
[Info   :Zeepkist GTR] 13:05:13 Start processing HTTP request "POST" https://graphql.zeepki.st/
[Info   :Zeepkist GTR] 13:05:13 Start processing HTTP request "POST" https://graphql.zeepki.st/
[Info   :Zeepkist GTR] 13:05:13 Sending HTTP request "POST" https://graphql.zeepki.st/
[Info   :Zeepkist GTR] 13:05:13 Stopping existing recorder if any
[Info   :Zeepkist GTR] 13:05:13 Creating new recorder
[Info   :Zeepkist GTR] 13:05:13 Received HTTP response headers after 500.7972ms - 200
[Info   :Zeepkist GTR] 13:05:13 End processing HTTP request after 500.9178ms - 200
[Info   :Zeepkist GTR] 13:05:13 End processing HTTP request after 503.4667ms - 200
[Info   :Zeepkist GTR] 13:05:13 Start processing HTTP request "GET" https://cdn.zeepki.st/ghosts/01M4BN70MGPH6NPSST7X34E8Z4.bin
[Info   :Zeepkist GTR] 13:05:13 Sending HTTP request "GET" https://cdn.zeepki.st/ghosts/01M4BN70MGPH6NPSST7X34E8Z4.bin
[Info   :Zeepkist GTR] 13:05:13 Start processing HTTP request "POST" https://graphql.zeepki.st/
[Info   :Zeepkist GTR] 13:05:13 Start processing HTTP request "POST" https://graphql.zeepki.st/
[Info   :Zeepkist GTR] 13:05:13 Sending HTTP request "POST" https://graphql.zeepki.st/
[Info   :Zeepkist GTR] 13:05:14 Received HTTP response headers after 617.8111ms - 200
[Info   :Zeepkist GTR] 13:05:14 End processing HTTP request after 617.9616ms - 200
[Info   :Zeepkist GTR] 13:05:14 End processing HTTP request after 629.7913ms - 200
[Info   :Zeepkist GTR] 13:05:14 Received HTTP response headers after 819.9712ms - 200
[Info   :Zeepkist GTR] 13:05:14 End processing HTTP request after 820.1475ms - 200
[Info   :Zeepkist GTR] 13:05:15 Starting recorder
[Info   :RoundLeaderboardTab] Drawing leaderboard -> forwarding to Instance.DrawTabLeaderboard()
[Info   :ChampionshipLeaderboardTab] Drawing leaderboard -> forwarding to Instance.DrawTabLeaderboard()
[Warning:OnlineLeaderboardTab] GTR leaderboard subscription failed: System.OperationCanceledException: The operation was canceled.
  at System.Threading.Channels.AsyncOperation`1[TResult].GetResult (System.Int16 token) [0x00053] in <f4f5f2aafdc0427494a7ef43d0100ed5>:0 
  at StrawberryShake.Transport.WebSockets.SocketOperation+MessageStream+<GetAsyncEnumerator>d__3.MoveNext () [0x000e4] in <b27e0001a2144356900c2ddd47f51981>:0 
  at System.Threading.Tasks.Sources.ManualResetValueTaskSourceCore`1[TResult].GetResult (System.Int16 token) [0x0001f] in <7b69b526073240d78fc73ce5db967a72>:0 
  at StrawberryShake.Transport.WebSockets.SocketOperation+MessageStream+<GetAsyncEnumerator>d__3.System.Threading.Tasks.Sources.IValueTaskSource<System.Boolean>.GetResult (System.Int16 token) [0x00000] in <b27e0001a2144356900c2ddd47f51981>:0 
  at StrawberryShake.Transport.WebSockets.WebSocketConnection+ResponseStream+<GetAsyncEnumerator>d__3.MoveNext () [0x00415] in <b27e0001a2144356900c2ddd47f51981>:0 
  at StrawberryShake.Transport.WebSockets.WebSocketConnection+ResponseStream+<GetAsyncEnumerator>d__3.MoveNext () [0x004c1] in <b27e0001a2144356900c2ddd47f51981>:0 
  at StrawberryShake.Transport.WebSockets.WebSocketConnection+ResponseStream+<GetAsyncEnumerator>d__3.MoveNext () [0x00595] in <b27e0001a2144356900c2ddd47f51981>:0 
  at StrawberryShake.Transport.WebSockets.WebSocketConnection+ResponseStream+<GetAsyncEnumerator>d__3.MoveNext () [0x00665] in <b27e0001a2144356900c2ddd47f51981>:0 
  at System.Threading.Tasks.Sources.ManualResetValueTaskSourceCore`1[TResult].GetResult (System.Int16 token) [0x0001f] in <7b69b526073240d78fc73ce5db967a72>:0 
  at StrawberryShake.Transport.WebSockets.WebSocketConnection+ResponseStream+<GetAsyncEnumerator>d__3.System.Threading.Tasks.Sources.IValueTaskSource<System.Boolean>.GetResult (System.Int16 token) [0x00000] in <b27e0001a2144356900c2ddd47f51981>:0 
  at StrawberryShake.OperationExecutor`2+OperationExecutorObservable[TData,TResult].ExecuteAsync (System.IObserver`1[T] observer, StrawberryShake.ObserverSession session, StrawberryShake.IOperationResult`1[TResultData] lastEmittedResult) [0x001bd] in <477cd25efd574ed694e416a1db52b995>:0 
  at StrawberryShake.OperationExecutor`2+OperationExecutorObservable[TData,TResult].ExecuteAsync (System.IObserver`1[T] observer, StrawberryShake.ObserverSession session, StrawberryShake.IOperationResult`1[TResultData] lastEmittedResult) [0x0026e] in <477cd25efd574ed694e416a1db52b995>:0 
[Warning:OnlineLeaderboardTab] GTR leaderboard subscription failed: System.OperationCanceledException: The operation was canceled.
  at System.Threading.Channels.AsyncOperation`1[TResult].GetResult (System.Int16 token) [0x00053] in <f4f5f2aafdc0427494a7ef43d0100ed5>:0 
  at StrawberryShake.Transport.WebSockets.SocketOperation+MessageStream+<GetAsyncEnumerator>d__3.MoveNext () [0x000e4] in <b27e0001a2144356900c2ddd47f51981>:0 
  at System.Threading.Tasks.Sources.ManualResetValueTaskSourceCore`1[TResult].GetResult (System.Int16 token) [0x0001f] in <7b69b526073240d78fc73ce5db967a72>:0 
  at StrawberryShake.Transport.WebSockets.SocketOperation+MessageStream+<GetAsyncEnumerator>d__3.System.Threading.Tasks.Sources.IValueTaskSource<System.Boolean>.GetResult (System.Int16 token) [0x00000] in <b27e0001a2144356900c2ddd47f51981>:0 
  at StrawberryShake.Transport.WebSockets.WebSocketConnection+ResponseStream+<GetAsyncEnumerator>d__3.MoveNext () [0x00415] in <b27e0001a2144356900c2ddd47f51981>:0 
  at StrawberryShake.Transport.WebSockets.WebSocketConnection+ResponseStream+<GetAsyncEnumerator>d__3.MoveNext () [0x004c1] in <b27e0001a2144356900c2ddd47f51981>:0 
  at StrawberryShake.Transport.WebSockets.WebSocketConnection+ResponseStream+<GetAsyncEnumerator>d__3.MoveNext () [0x00595] in <b27e0001a2144356900c2ddd47f51981>:0 
  at StrawberryShake.Transport.WebSockets.WebSocketConnection+ResponseStream+<GetAsyncEnumerator>d__3.MoveNext () [0x00665] in <b27e0001a2144356900c2ddd47f51981>:0 
  at System.Threading.Tasks.Sources.ManualResetValueTaskSourceCore`1[TResult].GetResult (System.Int16 token) [0x0001f] in <7b69b526073240d78fc73ce5db967a72>:0 
  at StrawberryShake.Transport.WebSockets.WebSocketConnection+ResponseStream+<GetAsyncEnumerator>d__3.System.Threading.Tasks.Sources.IValueTaskSource<System.Boolean>.GetResult (System.Int16 token) [0x00000] in <b27e0001a2144356900c2ddd47f51981>:0 
  at StrawberryShake.OperationExecutor`2+OperationExecutorObservable[TData,TResult].ExecuteAsync (System.IObserver`1[T] observer, StrawberryShake.ObserverSession session, StrawberryShake.IOperationResult`1[TResultData] lastEmittedResult) [0x001bd] in <477cd25efd574ed694e416a1db52b995>:0 
  at StrawberryShake.OperationExecutor`2+OperationExecutorObservable[TData,TResult].ExecuteAsync (System.IObserver`1[T] observer, StrawberryShake.ObserverSession session, StrawberryShake.IOperationResult`1[TResultData] lastEmittedResult) [0x0026e] in <477cd25efd574ed694e416a1db52b995>:0 
[Warning:OnlineLeaderboardTab] GTR leaderboard subscription failed: System.OperationCanceledException: The operation was canceled.
  at System.Threading.Channels.AsyncOperation`1[TResult].GetResult (System.Int16 token) [0x00053] in <f4f5f2aafdc0427494a7ef43d0100ed5>:0 
  at StrawberryShake.Transport.WebSockets.SocketOperation+MessageStream+<GetAsyncEnumerator>d__3.MoveNext () [0x000e4] in <b27e0001a2144356900c2ddd47f51981>:0 
  at System.Threading.Tasks.Sources.ManualResetValueTaskSourceCore`1[TResult].GetResult (System.Int16 token) [0x0001f] in <7b69b526073240d78fc73ce5db967a72>:0 
  at StrawberryShake.Transport.WebSockets.SocketOperation+MessageStream+<GetAsyncEnumerator>d__3.System.Threading.Tasks.Sources.IValueTaskSource<System.Boolean>.GetResult (System.Int16 token) [0x00000] in <b27e0001a2144356900c2ddd47f51981>:0 
  at StrawberryShake.Transport.WebSockets.WebSocketConnection+ResponseStream+<GetAsyncEnumerator>d__3.MoveNext () [0x00415] in <b27e0001a2144356900c2ddd47f51981>:0 
  at StrawberryShake.Transport.WebSockets.WebSocketConnection+ResponseStream+<GetAsyncEnumerator>d__3.MoveNext () [0x004c1] in <b27e0001a2144356900c2ddd47f51981>:0 
  at StrawberryShake.Transport.WebSockets.WebSocketConnection+ResponseStream+<GetAsyncEnumerator>d__3.MoveNext () [0x00595] in <b27e0001a2144356900c2ddd47f51981>:0 
  at StrawberryShake.Transport.WebSockets.WebSocketConnection+ResponseStream+<GetAsyncEnumerator>d__3.MoveNext () [0x00665] in <b27e0001a2144356900c2ddd47f51981>:0 
  at System.Threading.Tasks.Sources.ManualResetValueTaskSourceCore`1[TResult].GetResult (System.Int16 token) [0x0001f] in <7b69b526073240d78fc73ce5db967a72>:0 
  at StrawberryShake.Transport.WebSockets.WebSocketConnection+ResponseStream+<GetAsyncEnumerator>d__3.System.Threading.Tasks.Sources.IValueTaskSource<System.Boolean>.GetResult (System.Int16 token) [0x00000] in <b27e0001a2144356900c2ddd47f51981>:0 
  at StrawberryShake.OperationExecutor`2+OperationExecutorObservable[TData,TResult].ExecuteAsync (System.IObserver`1[T] observer, StrawberryShake.ObserverSession session, StrawberryShake.IOperationResult`1[TResultData] lastEmittedResult) [0x001bd] in <477cd25efd574ed694e416a1db52b995>:0 
  at StrawberryShake.OperationExecutor`2+OperationExecutorObservable[TData,TResult].ExecuteAsync (System.IObserver`1[T] observer, StrawberryShake.ObserverSession session, StrawberryShake.IOperationResult`1[TResultData] lastEmittedResult) [0x0026e] in <477cd25efd574ed694e416a1db52b995>:0 
[Warning:OnlineLeaderboardTab] GTR leaderboard subscription failed: System.OperationCanceledException: The operation was canceled.
  at System.Threading.Channels.AsyncOperation`1[TResult].GetResult (System.Int16 token) [0x00053] in <f4f5f2aafdc0427494a7ef43d0100ed5>:0 
  at StrawberryShake.Transport.WebSockets.SocketOperation+MessageStream+<GetAsyncEnumerator>d__3.MoveNext () [0x000e4] in <b27e0001a2144356900c2ddd47f51981>:0 
  at System.Threading.Tasks.Sources.ManualResetValueTaskSourceCore`1[TResult].GetResult (System.Int16 token) [0x0001f] in <7b69b526073240d78fc73ce5db967a72>:0 
  at StrawberryShake.Transport.WebSockets.SocketOperation+MessageStream+<GetAsyncEnumerator>d__3.System.Threading.Tasks.Sources.IValueTaskSource<System.Boolean>.GetResult (System.Int16 token) [0x00000] in <b27e0001a2144356900c2ddd47f51981>:0 
  at StrawberryShake.Transport.WebSockets.WebSocketConnection+ResponseStream+<GetAsyncEnumerator>d__3.MoveNext () [0x00415] in <b27e0001a2144356900c2ddd47f51981>:0 
  at StrawberryShake.Transport.WebSockets.WebSocketConnection+ResponseStream+<GetAsyncEnumerator>d__3.MoveNext () [0x004c1] in <b27e0001a2144356900c2ddd47f51981>:0 
  at StrawberryShake.Transport.WebSockets.WebSocketConnection+ResponseStream+<GetAsyncEnumerator>d__3.MoveNext () [0x00595] in <b27e0001a2144356900c2ddd47f51981>:0 
  at StrawberryShake.Transport.WebSockets.WebSocketConnection+ResponseStream+<GetAsyncEnumerator>d__3.MoveNext () [0x00665] in <b27e0001a2144356900c2ddd47f51981>:0 
  at System.Threading.Tasks.Sources.ManualResetValueTaskSourceCore`1[TResult].GetResult (System.Int16 token) [0x0001f] in <7b69b526073240d78fc73ce5db967a72>:0 
  at StrawberryShake.Transport.WebSockets.WebSocketConnection+ResponseStream+<GetAsyncEnumerator>d__3.System.Threading.Tasks.Sources.IValueTaskSource<System.Boolean>.GetResult (System.Int16 token) [0x00000] in <b27e0001a2144356900c2ddd47f51981>:0 
  at StrawberryShake.OperationExecutor`2+OperationExecutorObservable[TData,TResult].ExecuteAsync (System.IObserver`1[T] observer, StrawberryShake.ObserverSession session, StrawberryShake.IOperationResult`1[TResultData] lastEmittedResult) [0x001bd] in <477cd25efd574ed694e416a1db52b995>:0 
  at StrawberryShake.OperationExecutor`2+OperationExecutorObservable[TData,TResult].ExecuteAsync (System.IObserver`1[T] observer, StrawberryShake.ObserverSession session, StrawberryShake.IOperationResult`1[TResultData] lastEmittedResult) [0x0026e] in <477cd25efd574ed694e416a1db52b995>:0 
[Warning:OnlineLeaderboardTab] GTR leaderboard subscription failed: System.OperationCanceledException: The operation was canceled.
  at System.Threading.Channels.AsyncOperation`1[TResult].GetResult (System.Int16 token) [0x00053] in <f4f5f2aafdc0427494a7ef43d0100ed5>:0 
  at StrawberryShake.Transport.WebSockets.SocketOperation+MessageStream+<GetAsyncEnumerator>d__3.MoveNext () [0x000e4] in <b27e0001a2144356900c2ddd47f51981>:0 
  at System.Threading.Tasks.Sources.ManualResetValueTaskSourceCore`1[TResult].GetResult (System.Int16 token) [0x0001f] in <7b69b526073240d78fc73ce5db967a72>:0 
  at StrawberryShake.Transport.WebSockets.SocketOperation+MessageStream+<GetAsyncEnumerator>d__3.System.Threading.Tasks.Sources.IValueTaskSource<System.Boolean>.GetResult (System.Int16 token) [0x00000] in <b27e0001a2144356900c2ddd47f51981>:0 
  at StrawberryShake.Transport.WebSockets.WebSocketConnection+ResponseStream+<GetAsyncEnumerator>d__3.MoveNext () [0x00415] in <b27e0001a2144356900c2ddd47f51981>:0 
  at StrawberryShake.Transport.WebSockets.WebSocketConnection+ResponseStream+<GetAsyncEnumerator>d__3.MoveNext () [0x004c1] in <b27e0001a2144356900c2ddd47f51981>:0 
  at StrawberryShake.Transport.WebSockets.WebSocketConnection+ResponseStream+<GetAsyncEnumerator>d__3.MoveNext () [0x00595] in <b27e0001a2144356900c2ddd47f51981>:0 
  at StrawberryShake.Transport.WebSockets.WebSocketConnection+ResponseStream+<GetAsyncEnumerator>d__3.MoveNext () [0x00665] in <b27e0001a2144356900c2ddd47f51981>:0 
  at System.Threading.Tasks.Sources.ManualResetValueTaskSourceCore`1[TResult].GetResult (System.Int16 token) [0x0001f] in <7b69b526073240d78fc73ce5db967a72>:0 
  at StrawberryShake.Transport.WebSockets.WebSocketConnection+ResponseStream+<GetAsyncEnumerator>d__3.System.Threading.Tasks.Sources.IValueTaskSource<System.Boolean>.GetResult (System.Int16 token) [0x00000] in <b27e0001a2144356900c2ddd47f51981>:0 
  at StrawberryShake.OperationExecutor`2+OperationExecutorObservable[TData,TResult].ExecuteAsync (System.IObserver`1[T] observer, StrawberryShake.ObserverSession session, StrawberryShake.IOperationResult`1[TResultData] lastEmittedResult) [0x001bd] in <477cd25efd574ed694e416a1db52b995>:0 
  at StrawberryShake.OperationExecutor`2+OperationExecutorObservable[TData,TResult].ExecuteAsync (System.IObserver`1[T] observer, StrawberryShake.ObserverSession session, StrawberryShake.IOperationResult`1[TResultData] lastEmittedResult) [0x0026e] in <477cd25efd574ed694e416a1db52b995>:0 
[Warning:OnlineLeaderboardTab] GTR leaderboard subscription failed: System.OperationCanceledException: The operation was canceled.
  at System.Threading.Channels.AsyncOperation`1[TResult].GetResult (System.Int16 token) [0x00053] in <f4f5f2aafdc0427494a7ef43d0100ed5>:0 
  at StrawberryShake.Transport.WebSockets.SocketOperation+MessageStream+<GetAsyncEnumerator>d__3.MoveNext () [0x000e4] in <b27e0001a2144356900c2ddd47f51981>:0 
  at System.Threading.Tasks.Sources.ManualResetValueTaskSourceCore`1[TResult].GetResult (System.Int16 token) [0x0001f] in <7b69b526073240d78fc73ce5db967a72>:0 
  at StrawberryShake.Transport.WebSockets.SocketOperation+MessageStream+<GetAsyncEnumerator>d__3.System.Threading.Tasks.Sources.IValueTaskSource<System.Boolean>.GetResult (System.Int16 token) [0x00000] in <b27e0001a2144356900c2ddd47f51981>:0 
  at StrawberryShake.Transport.WebSockets.WebSocketConnection+ResponseStream+<GetAsyncEnumerator>d__3.MoveNext () [0x00415] in <b27e0001a2144356900c2ddd47f51981>:0 
  at StrawberryShake.Transport.WebSockets.WebSocketConnection+ResponseStream+<GetAsyncEnumerator>d__3.MoveNext () [0x004c1] in <b27e0001a2144356900c2ddd47f51981>:0 
  at StrawberryShake.Transport.WebSockets.WebSocketConnection+ResponseStream+<GetAsyncEnumerator>d__3.MoveNext () [0x00595] in <b27e0001a2144356900c2ddd47f51981>:0 
  at StrawberryShake.Transport.WebSockets.WebSocketConnection+ResponseStream+<GetAsyncEnumerator>d__3.MoveNext () [0x00665] in <b27e0001a2144356900c2ddd47f51981>:0 
  at System.Threading.Tasks.Sources.ManualResetValueTaskSourceCore`1[TResult].GetResult (System.Int16 token) [0x0001f] in <7b69b526073240d78fc73ce5db967a72>:0 
  at StrawberryShake.Transport.WebSockets.WebSocketConnection+ResponseStream+<GetAsyncEnumerator>d__3.System.Threading.Tasks.Sources.IValueTaskSource<System.Boolean>.GetResult (System.Int16 token) [0x00000] in <b27e0001a2144356900c2ddd47f51981>:0 
  at StrawberryShake.OperationExecutor`2+OperationExecutorObservable[TData,TResult].ExecuteAsync (System.IObserver`1[T] observer, StrawberryShake.ObserverSession session, StrawberryShake.IOperationResult`1[TResultData] lastEmittedResult) [0x001bd] in <477cd25efd574ed694e416a1db52b995>:0 
  at StrawberryShake.OperationExecutor`2+OperationExecutorObservable[TData,TResult].ExecuteAsync (System.IObserver`1[T] observer, StrawberryShake.ObserverSession session, StrawberryShake.IOperationResult`1[TResultData] lastEmittedResult) [0x0026e] in <477cd25efd574ed694e416a1db52b995>:0 
[Warning:OnlineLeaderboardTab] GTR leaderboard subscription failed: System.OperationCanceledException: The operation was canceled.
  at System.Threading.Channels.AsyncOperation`1[TResult].GetResult (System.Int16 token) [0x00053] in <f4f5f2aafdc0427494a7ef43d0100ed5>:0 
  at StrawberryShake.Transport.WebSockets.SocketOperation+MessageStream+<GetAsyncEnumerator>d__3.MoveNext () [0x000e4] in <b27e0001a2144356900c2ddd47f51981>:0 
  at System.Threading.Tasks.Sources.ManualResetValueTaskSourceCore`1[TResult].GetResult (System.Int16 token) [0x0001f] in <7b69b526073240d78fc73ce5db967a72>:0 
  at StrawberryShake.Transport.WebSockets.SocketOperation+MessageStream+<GetAsyncEnumerator>d__3.System.Threading.Tasks.Sources.IValueTaskSource<System.Boolean>.GetResult (System.Int16 token) [0x00000] in <b27e0001a2144356900c2ddd47f51981>:0 
  at StrawberryShake.Transport.WebSockets.WebSocketConnection+ResponseStream+<GetAsyncEnumerator>d__3.MoveNext () [0x00415] in <b27e0001a2144356900c2ddd47f51981>:0 
  at StrawberryShake.Transport.WebSockets.WebSocketConnection+ResponseStream+<GetAsyncEnumerator>d__3.MoveNext () [0x004c1] in <b27e0001a2144356900c2ddd47f51981>:0 
  at StrawberryShake.Transport.WebSockets.WebSocketConnection+ResponseStream+<GetAsyncEnumerator>d__3.MoveNext () [0x00595] in <b27e0001a2144356900c2ddd47f51981>:0 
  at StrawberryShake.Transport.WebSockets.WebSocketConnection+ResponseStream+<GetAsyncEnumerator>d__3.MoveNext () [0x00665] in <b27e0001a2144356900c2ddd47f51981>:0 
  at System.Threading.Tasks.Sources.ManualResetValueTaskSourceCore`1[TResult].GetResult (System.Int16 token) [0x0001f] in <7b69b526073240d78fc73ce5db967a72>:0 
  at StrawberryShake.Transport.WebSockets.WebSocketConnection+ResponseStream+<GetAsyncEnumerator>d__3.System.Threading.Tasks.Sources.IValueTaskSource<System.Boolean>.GetResult (System.Int16 token) [0x00000] in <b27e0001a2144356900c2ddd47f51981>:0 
  at StrawberryShake.OperationExecutor`2+OperationExecutorObservable[TData,TResult].ExecuteAsync (System.IObserver`1[T] observer, StrawberryShake.ObserverSession session, StrawberryShake.IOperationResult`1[TResultData] lastEmittedResult) [0x001bd] in <477cd25efd574ed694e416a1db52b995>:0 
  at StrawberryShake.OperationExecutor`2+OperationExecutorObservable[TData,TResult].ExecuteAsync (System.IObserver`1[T] observer, StrawberryShake.ObserverSession session, StrawberryShake.IOperationResult`1[TResultData] lastEmittedResult) [0x0026e] in <477cd25efd574ed694e416a1db52b995>:0 
[Warning:OnlineLeaderboardTab] GTR leaderboard subscription failed: System.OperationCanceledException: The operation was canceled.
  at System.Threading.Channels.AsyncOperation`1[TResult].GetResult (System.Int16 token) [0x00053] in <f4f5f2aafdc0427494a7ef43d0100ed5>:0 
  at StrawberryShake.Transport.WebSockets.SocketOperation+MessageStream+<GetAsyncEnumerator>d__3.MoveNext () [0x000e4] in <b27e0001a2144356900c2ddd47f51981>:0 
  at System.Threading.Tasks.Sources.ManualResetValueTaskSourceCore`1[TResult].GetResult (System.Int16 token) [0x0001f] in <7b69b526073240d78fc73ce5db967a72>:0 
  at StrawberryShake.Transport.WebSockets.SocketOperation+MessageStream+<GetAsyncEnumerator>d__3.System.Threading.Tasks.Sources.IValueTaskSource<System.Boolean>.GetResult (System.Int16 token) [0x00000] in <b27e0001a2144356900c2ddd47f51981>:0 
  at StrawberryShake.Transport.WebSockets.WebSocketConnection+ResponseStream+<GetAsyncEnumerator>d__3.MoveNext () [0x00415] in <b27e0001a2144356900c2ddd47f51981>:0 
  at StrawberryShake.Transport.WebSockets.WebSocketConnection+ResponseStream+<GetAsyncEnumerator>d__3.MoveNext () [0x004c1] in <b27e0001a2144356900c2ddd47f51981>:0 
  at StrawberryShake.Transport.WebSockets.WebSocketConnection+ResponseStream+<GetAsyncEnumerator>d__3.MoveNext () [0x00595] in <b27e0001a2144356900c2ddd47f51981>:0 
  at StrawberryShake.Transport.WebSockets.WebSocketConnection+ResponseStream+<GetAsyncEnumerator>d__3.MoveNext () [0x00665] in <b27e0001a2144356900c2ddd47f51981>:0 
  at System.Threading.Tasks.Sources.ManualResetValueTaskSourceCore`1[TResult].GetResult (System.Int16 token) [0x0001f] in <7b69b526073240d78fc73ce5db967a72>:0 
  at StrawberryShake.Transport.WebSockets.WebSocketConnection+ResponseStream+<GetAsyncEnumerator>d__3.System.Threading.Tasks.Sources.IValueTaskSource<System.Boolean>.GetResult (System.Int16 token) [0x00000] in <b27e0001a2144356900c2ddd47f51981>:0 
  at StrawberryShake.OperationExecutor`2+OperationExecutorObservable[TData,TResult].ExecuteAsync (System.IObserver`1[T] observer, StrawberryShake.ObserverSession session, StrawberryShake.IOperationResult`1[TResultData] lastEmittedResult) [0x001bd] in <477cd25efd574ed694e416a1db52b995>:0 
  at StrawberryShake.OperationExecutor`2+OperationExecutorObservable[TData,TResult].ExecuteAsync (System.IObserver`1[T] observer, StrawberryShake.ObserverSession session, StrawberryShake.IOperationResult`1[TResultData] lastEmittedResult) [0x0026e] in <477cd25efd574ed694e416a1db52b995>:0 
[Warning:OnlineLeaderboardTab] GTR leaderboard subscription failed: System.OperationCanceledException: The operation was canceled.
  at System.Threading.Channels.AsyncOperation`1[TResult].GetResult (System.Int16 token) [0x00053] in <f4f5f2aafdc0427494a7ef43d0100ed5>:0 
  at StrawberryShake.Transport.WebSockets.SocketOperation+MessageStream+<GetAsyncEnumerator>d__3.MoveNext () [0x000e4] in <b27e0001a2144356900c2ddd47f51981>:0 
  at System.Threading.Tasks.Sources.ManualResetValueTaskSourceCore`1[TResult].GetResult (System.Int16 token) [0x0001f] in <7b69b526073240d78fc73ce5db967a72>:0 
  at StrawberryShake.Transport.WebSockets.SocketOperation+MessageStream+<GetAsyncEnumerator>d__3.System.Threading.Tasks.Sources.IValueTaskSource<System.Boolean>.GetResult (System.Int16 token) [0x00000] in <b27e0001a2144356900c2ddd47f51981>:0 
  at StrawberryShake.Transport.WebSockets.WebSocketConnection+ResponseStream+<GetAsyncEnumerator>d__3.MoveNext () [0x00415] in <b27e0001a2144356900c2ddd47f51981>:0 
  at StrawberryShake.Transport.WebSockets.WebSocketConnection+ResponseStream+<GetAsyncEnumerator>d__3.MoveNext () [0x004c1] in <b27e0001a2144356900c2ddd47f51981>:0 
  at StrawberryShake.Transport.WebSockets.WebSocketConnection+ResponseStream+<GetAsyncEnumerator>d__3.MoveNext () [0x00595] in <b27e0001a2144356900c2ddd47f51981>:0 
  at StrawberryShake.Transport.WebSockets.WebSocketConnection+ResponseStream+<GetAsyncEnumerator>d__3.MoveNext () [0x00665] in <b27e0001a2144356900c2ddd47f51981>:0 
  at System.Threading.Tasks.Sources.ManualResetValueTaskSourceCore`1[TResult].GetResult (System.Int16 token) [0x0001f] in <7b69b526073240d78fc73ce5db967a72>:0 
  at StrawberryShake.Transport.WebSockets.WebSocketConnection+ResponseStream+<GetAsyncEnumerator>d__3.System.Threading.Tasks.Sources.IValueTaskSource<System.Boolean>.GetResult (System.Int16 token) [0x00000] in <b27e0001a2144356900c2ddd47f51981>:0 
  at StrawberryShake.OperationExecutor`2+OperationExecutorObservable[TData,TResult].ExecuteAsync (System.IObserver`1[T] observer, StrawberryShake.ObserverSession session, StrawberryShake.IOperationResult`1[TResultData] lastEmittedResult) [0x001bd] in <477cd25efd574ed694e416a1db52b995>:0 
  at StrawberryShake.OperationExecutor`2+OperationExecutorObservable[TData,TResult].ExecuteAsync (System.IObserver`1[T] observer, StrawberryShake.ObserverSession session, StrawberryShake.IOperationResult`1[TResultData] lastEmittedResult) [0x0026e] in <477cd25efd574ed694e416a1db52b995>:0 
[Warning:OnlineLeaderboardTab] GTR leaderboard subscription failed: System.OperationCanceledException: The operation was canceled.
  at System.Threading.Channels.AsyncOperation`1[TResult].GetResult (System.Int16 token) [0x00053] in <f4f5f2aafdc0427494a7ef43d0100ed5>:0 
  at StrawberryShake.Transport.WebSockets.SocketOperation+MessageStream+<GetAsyncEnumerator>d__3.MoveNext () [0x000e4] in <b27e0001a2144356900c2ddd47f51981>:0 
  at System.Threading.Tasks.Sources.ManualResetValueTaskSourceCore`1[TResult].GetResult (System.Int16 token) [0x0001f] in <7b69b526073240d78fc73ce5db967a72>:0 
  at StrawberryShake.Transport.WebSockets.SocketOperation+MessageStream+<GetAsyncEnumerator>d__3.System.Threading.Tasks.Sources.IValueTaskSource<System.Boolean>.GetResult (System.Int16 token) [0x00000] in <b27e0001a2144356900c2ddd47f51981>:0 
  at StrawberryShake.Transport.WebSockets.WebSocketConnection+ResponseStream+<GetAsyncEnumerator>d__3.MoveNext () [0x00415] in <b27e0001a2144356900c2ddd47f51981>:0 
  at StrawberryShake.Transport.WebSockets.WebSocketConnection+ResponseStream+<GetAsyncEnumerator>d__3.MoveNext () [0x004c1] in <b27e0001a2144356900c2ddd47f51981>:0 
  at StrawberryShake.Transport.WebSockets.WebSocketConnection+ResponseStream+<GetAsyncEnumerator>d__3.MoveNext () [0x00595] in <b27e0001a2144356900c2ddd47f51981>:0 
  at StrawberryShake.Transport.WebSockets.WebSocketConnection+ResponseStream+<GetAsyncEnumerator>d__3.MoveNext () [0x00665] in <b27e0001a2144356900c2ddd47f51981>:0 
  at System.Threading.Tasks.Sources.ManualResetValueTaskSourceCore`1[TResult].GetResult (System.Int16 token) [0x0001f] in <7b69b526073240d78fc73ce5db967a72>:0 
  at StrawberryShake.Transport.WebSockets.WebSocketConnection+ResponseStream+<GetAsyncEnumerator>d__3.System.Threading.Tasks.Sources.IValueTaskSource<System.Boolean>.GetResult (System.Int16 token) [0x00000] in <b27e0001a2144356900c2ddd47f51981>:0 
  at StrawberryShake.OperationExecutor`2+OperationExecutorObservable[TData,TResult].ExecuteAsync (System.IObserver`1[T] observer, StrawberryShake.ObserverSession session, StrawberryShake.IOperationResult`1[TResultData] lastEmittedResult) [0x001bd] in <477cd25efd574ed694e416a1db52b995>:0 
  at StrawberryShake.OperationExecutor`2+OperationExecutorObservable[TData,TResult].ExecuteAsync (System.IObserver`1[T] observer, StrawberryShake.ObserverSession session, StrawberryShake.IOperationResult`1[TResultData] lastEmittedResult) [0x0026e] in <477cd25efd574ed694e416a1db52b995>:0 
[Warning:OnlineLeaderboardTab] GTR leaderboard subscription failed: System.OperationCanceledException: The operation was canceled.
  at System.Threading.Channels.AsyncOperation`1[TResult].GetResult (System.Int16 token) [0x00053] in <f4f5f2aafdc0427494a7ef43d0100ed5>:0 
  at StrawberryShake.Transport.WebSockets.SocketOperation+MessageStream+<GetAsyncEnumerator>d__3.MoveNext () [0x000e4] in <b27e0001a2144356900c2ddd47f51981>:0 
  at System.Threading.Tasks.Sources.ManualResetValueTaskSourceCore`1[TResult].GetResult (System.Int16 token) [0x0001f] in <7b69b526073240d78fc73ce5db967a72>:0 
  at StrawberryShake.Transport.WebSockets.SocketOperation+MessageStream+<GetAsyncEnumerator>d__3.System.Threading.Tasks.Sources.IValueTaskSource<System.Boolean>.GetResult (System.Int16 token) [0x00000] in <b27e0001a2144356900c2ddd47f51981>:0 
  at StrawberryShake.Transport.WebSockets.WebSocketConnection+ResponseStream+<GetAsyncEnumerator>d__3.MoveNext () [0x00415] in <b27e0001a2144356900c2ddd47f51981>:0 
  at StrawberryShake.Transport.WebSockets.WebSocketConnection+ResponseStream+<GetAsyncEnumerator>d__3.MoveNext () [0x004c1] in <b27e0001a2144356900c2ddd47f51981>:0 
  at StrawberryShake.Transport.WebSockets.WebSocketConnection+ResponseStream+<GetAsyncEnumerator>d__3.MoveNext () [0x00595] in <b27e0001a2144356900c2ddd47f51981>:0 
  at StrawberryShake.Transport.WebSockets.WebSocketConnection+ResponseStream+<GetAsyncEnumerator>d__3.MoveNext () [0x00665] in <b27e0001a2144356900c2ddd47f51981>:0 
  at System.Threading.Tasks.Sources.ManualResetValueTaskSourceCore`1[TResult].GetResult (System.Int16 token) [0x0001f] in <7b69b526073240d78fc73ce5db967a72>:0 
  at StrawberryShake.Transport.WebSockets.WebSocketConnection+ResponseStream+<GetAsyncEnumerator>d__3.System.Threading.Tasks.Sources.IValueTaskSource<System.Boolean>.GetResult (System.Int16 token) [0x00000] in <b27e0001a2144356900c2ddd47f51981>:0 
  at StrawberryShake.OperationExecutor`2+OperationExecutorObservable[TData,TResult].ExecuteAsync (System.IObserver`1[T] observer, StrawberryShake.ObserverSession session, StrawberryShake.IOperationResult`1[TResultData] lastEmittedResult) [0x001bd] in <477cd25efd574ed694e416a1db52b995>:0 
  at StrawberryShake.OperationExecutor`2+OperationExecutorObservable[TData,TResult].ExecuteAsync (System.IObserver`1[T] observer, StrawberryShake.ObserverSession session, StrawberryShake.IOperationResult`1[TResultData] lastEmittedResult) [0x0026e] in <477cd25efd574ed694e416a1db52b995>:0 
[Warning:OnlineLeaderboardTab] GTR leaderboard subscription failed: System.OperationCanceledException: The operation was canceled.
  at System.Threading.Channels.AsyncOperation`1[TResult].GetResult (System.Int16 token) [0x00053] in <f4f5f2aafdc0427494a7ef43d0100ed5>:0 
  at StrawberryShake.Transport.WebSockets.SocketOperation+MessageStream+<GetAsyncEnumerator>d__3.MoveNext () [0x000e4] in <b27e0001a2144356900c2ddd47f51981>:0 
  at System.Threading.Tasks.Sources.ManualResetValueTaskSourceCore`1[TResult].GetResult (System.Int16 token) [0x0001f] in <7b69b526073240d78fc73ce5db967a72>:0 
  at StrawberryShake.Transport.WebSockets.SocketOperation+MessageStream+<GetAsyncEnumerator>d__3.System.Threading.Tasks.Sources.IValueTaskSource<System.Boolean>.GetResult (System.Int16 token) [0x00000] in <b27e0001a2144356900c2ddd47f51981>:0 
  at StrawberryShake.Transport.WebSockets.WebSocketConnection+ResponseStream+<GetAsyncEnumerator>d__3.MoveNext () [0x00415] in <b27e0001a2144356900c2ddd47f51981>:0 
  at StrawberryShake.Transport.WebSockets.WebSocketConnection+ResponseStream+<GetAsyncEnumerator>d__3.MoveNext () [0x004c1] in <b27e0001a2144356900c2ddd47f51981>:0 
  at StrawberryShake.Transport.WebSockets.WebSocketConnection+ResponseStream+<GetAsyncEnumerator>d__3.MoveNext () [0x00595] in <b27e0001a2144356900c2ddd47f51981>:0 
  at StrawberryShake.Transport.WebSockets.WebSocketConnection+ResponseStream+<GetAsyncEnumerator>d__3.MoveNext () [0x00665] in <b27e0001a2144356900c2ddd47f51981>:0 
  at System.Threading.Tasks.Sources.ManualResetValueTaskSourceCore`1[TResult].GetResult (System.Int16 token) [0x0001f] in <7b69b526073240d78fc73ce5db967a72>:0 
  at StrawberryShake.Transport.WebSockets.WebSocketConnection+ResponseStream+<GetAsyncEnumerator>d__3.System.Threading.Tasks.Sources.IValueTaskSource<System.Boolean>.GetResult (System.Int16 token) [0x00000] in <b27e0001a2144356900c2ddd47f51981>:0 
  at StrawberryShake.OperationExecutor`2+OperationExecutorObservable[TData,TResult].ExecuteAsync (System.IObserver`1[T] observer, StrawberryShake.ObserverSession session, StrawberryShake.IOperationResult`1[TResultData] lastEmittedResult) [0x001bd] in <477cd25efd574ed694e416a1db52b995>:0 
  at StrawberryShake.OperationExecutor`2+OperationExecutorObservable[TData,TResult].ExecuteAsync (System.IObserver`1[T] observer, StrawberryShake.ObserverSession session, StrawberryShake.IOperationResult`1[TResultData] lastEmittedResult) [0x0026e] in <477cd25efd574ed694e416a1db52b995>:0 
[Warning:OnlineLeaderboardTab] GTR leaderboard subscription failed: System.OperationCanceledException: The operation was canceled.
  at System.Threading.Channels.AsyncOperation`1[TResult].GetResult (System.Int16 token) [0x00053] in <f4f5f2aafdc0427494a7ef43d0100ed5>:0 
  at StrawberryShake.Transport.WebSockets.SocketOperation+MessageStream+<GetAsyncEnumerator>d__3.MoveNext () [0x000e4] in <b27e0001a2144356900c2ddd47f51981>:0 
  at System.Threading.Tasks.Sources.ManualResetValueTaskSourceCore`1[TResult].GetResult (System.Int16 token) [0x0001f] in <7b69b526073240d78fc73ce5db967a72>:0 
  at StrawberryShake.Transport.WebSockets.SocketOperation+MessageStream+<GetAsyncEnumerator>d__3.System.Threading.Tasks.Sources.IValueTaskSource<System.Boolean>.GetResult (System.Int16 token) [0x00000] in <b27e0001a2144356900c2ddd47f51981>:0 
  at StrawberryShake.Transport.WebSockets.WebSocketConnection+ResponseStream+<GetAsyncEnumerator>d__3.MoveNext () [0x00415] in <b27e0001a2144356900c2ddd47f51981>:0 
  at StrawberryShake.Transport.WebSockets.WebSocketConnection+ResponseStream+<GetAsyncEnumerator>d__3.MoveNext () [0x004c1] in <b27e0001a2144356900c2ddd47f51981>:0 
  at StrawberryShake.Transport.WebSockets.WebSocketConnection+ResponseStream+<GetAsyncEnumerator>d__3.MoveNext () [0x00595] in <b27e0001a2144356900c2ddd47f51981>:0 
  at StrawberryShake.Transport.WebSockets.WebSocketConnection+ResponseStream+<GetAsyncEnumerator>d__3.MoveNext () [0x00665] in <b27e0001a2144356900c2ddd47f51981>:0 
  at System.Threading.Tasks.Sources.ManualResetValueTaskSourceCore`1[TResult].GetResult (System.Int16 token) [0x0001f] in <7b69b526073240d78fc73ce5db967a72>:0 
  at StrawberryShake.Transport.WebSockets.WebSocketConnection+ResponseStream+<GetAsyncEnumerator>d__3.System.Threading.Tasks.Sources.IValueTaskSource<System.Boolean>.GetResult (System.Int16 token) [0x00000] in <b27e0001a2144356900c2ddd47f51981>:0 
  at StrawberryShake.OperationExecutor`2+OperationExecutorObservable[TData,TResult].ExecuteAsync (System.IObserver`1[T] observer, StrawberryShake.ObserverSession session, StrawberryShake.IOperationResult`1[TResultData] lastEmittedResult) [0x001bd] in <477cd25efd574ed694e416a1db52b995>:0 
  at StrawberryShake.OperationExecutor`2+OperationExecutorObservable[TData,TResult].ExecuteAsync (System.IObserver`1[T] observer, StrawberryShake.ObserverSession session, StrawberryShake.IOperationResult`1[TResultData] lastEmittedResult) [0x0026e] in <477cd25efd574ed694e416a1db52b995>:0 
[Warning:OnlineLeaderboardTab] GTR leaderboard subscription failed: System.OperationCanceledException: The operation was canceled.
  at System.Threading.Channels.AsyncOperation`1[TResult].GetResult (System.Int16 token) [0x00053] in <f4f5f2aafdc0427494a7ef43d0100ed5>:0 
  at StrawberryShake.Transport.WebSockets.SocketOperation+MessageStream+<GetAsyncEnumerator>d__3.MoveNext () [0x000e4] in <b27e0001a2144356900c2ddd47f51981>:0 
  at System.Threading.Tasks.Sources.ManualResetValueTaskSourceCore`1[TResult].GetResult (System.Int16 token) [0x0001f] in <7b69b526073240d78fc73ce5db967a72>:0 
  at StrawberryShake.Transport.WebSockets.SocketOperation+MessageStream+<GetAsyncEnumerator>d__3.System.Threading.Tasks.Sources.IValueTaskSource<System.Boolean>.GetResult (System.Int16 token) [0x00000] in <b27e0001a2144356900c2ddd47f51981>:0 
  at StrawberryShake.Transport.WebSockets.WebSocketConnection+ResponseStream+<GetAsyncEnumerator>d__3.MoveNext () [0x00415] in <b27e0001a2144356900c2ddd47f51981>:0 
  at StrawberryShake.Transport.WebSockets.WebSocketConnection+ResponseStream+<GetAsyncEnumerator>d__3.MoveNext () [0x004c1] in <b27e0001a2144356900c2ddd47f51981>:0 
  at StrawberryShake.Transport.WebSockets.WebSocketConnection+ResponseStream+<GetAsyncEnumerator>d__3.MoveNext () [0x00595] in <b27e0001a2144356900c2ddd47f51981>:0 
  at StrawberryShake.Transport.WebSockets.WebSocketConnection+ResponseStream+<GetAsyncEnumerator>d__3.MoveNext () [0x00665] in <b27e0001a2144356900c2ddd47f51981>:0 
  at System.Threading.Tasks.Sources.ManualResetValueTaskSourceCore`1[TResult].GetResult (System.Int16 token) [0x0001f] in <7b69b526073240d78fc73ce5db967a72>:0 
  at StrawberryShake.Transport.WebSockets.WebSocketConnection+ResponseStream+<GetAsyncEnumerator>d__3.System.Threading.Tasks.Sources.IValueTaskSource<System.Boolean>.GetResult (System.Int16 token) [0x00000] in <b27e0001a2144356900c2ddd47f51981>:0 
  at StrawberryShake.OperationExecutor`2+OperationExecutorObservable[TData,TResult].ExecuteAsync (System.IObserver`1[T] observer, StrawberryShake.ObserverSession session, StrawberryShake.IOperationResult`1[TResultData] lastEmittedResult) [0x001bd] in <477cd25efd574ed694e416a1db52b995>:0 
  at StrawberryShake.OperationExecutor`2+OperationExecutorObservable[TData,TResult].ExecuteAsync (System.IObserver`1[T] observer, StrawberryShake.ObserverSession session, StrawberryShake.IOperationResult`1[TResultData] lastEmittedResult) [0x0026e] in <477cd25efd574ed694e416a1db52b995>:0 
[Warning:OnlineLeaderboardTab] GTR leaderboard subscription failed: System.OperationCanceledException: The operation was canceled.
  at System.Threading.Channels.AsyncOperation`1[TResult].GetResult (System.Int16 token) [0x00053] in <f4f5f2aafdc0427494a7ef43d0100ed5>:0 
  at StrawberryShake.Transport.WebSockets.SocketOperation+MessageStream+<GetAsyncEnumerator>d__3.MoveNext () [0x000e4] in <b27e0001a2144356900c2ddd47f51981>:0 
  at System.Threading.Tasks.Sources.ManualResetValueTaskSourceCore`1[TResult].GetResult (System.Int16 token) [0x0001f] in <7b69b526073240d78fc73ce5db967a72>:0 
  at StrawberryShake.Transport.WebSockets.SocketOperation+MessageStream+<GetAsyncEnumerator>d__3.System.Threading.Tasks.Sources.IValueTaskSource<System.Boolean>.GetResult (System.Int16 token) [0x00000] in <b27e0001a2144356900c2ddd47f51981>:0 
  at StrawberryShake.Transport.WebSockets.WebSocketConnection+ResponseStream+<GetAsyncEnumerator>d__3.MoveNext () [0x00415] in <b27e0001a2144356900c2ddd47f51981>:0 
  at StrawberryShake.Transport.WebSockets.WebSocketConnection+ResponseStream+<GetAsyncEnumerator>d__3.MoveNext () [0x004c1] in <b27e0001a2144356900c2ddd47f51981>:0 
  at StrawberryShake.Transport.WebSockets.WebSocketConnection+ResponseStream+<GetAsyncEnumerator>d__3.MoveNext () [0x00595] in <b27e0001a2144356900c2ddd47f51981>:0 
  at StrawberryShake.Transport.WebSockets.WebSocketConnection+ResponseStream+<GetAsyncEnumerator>d__3.MoveNext () [0x00665] in <b27e0001a2144356900c2ddd47f51981>:0 
  at System.Threading.Tasks.Sources.ManualResetValueTaskSourceCore`1[TResult].GetResult (System.Int16 token) [0x0001f] in <7b69b526073240d78fc73ce5db967a72>:0 
  at StrawberryShake.Transport.WebSockets.WebSocketConnection+ResponseStream+<GetAsyncEnumerator>d__3.System.Threading.Tasks.Sources.IValueTaskSource<System.Boolean>.GetResult (System.Int16 token) [0x00000] in <b27e0001a2144356900c2ddd47f51981>:0 
  at StrawberryShake.OperationExecutor`2+OperationExecutorObservable[TData,TResult].ExecuteAsync (System.IObserver`1[T] observer, StrawberryShake.ObserverSession session, StrawberryShake.IOperationResult`1[TResultData] lastEmittedResult) [0x001bd] in <477cd25efd574ed694e416a1db52b995>:0 
  at StrawberryShake.OperationExecutor`2+OperationExecutorObservable[TData,TResult].ExecuteAsync (System.IObserver`1[T] observer, StrawberryShake.ObserverSession session, StrawberryShake.IOperationResult`1[TResultData] lastEmittedResult) [0x0026e] in <477cd25efd574ed694e416a1db52b995>:0 
[Warning:OnlineLeaderboardTab] GTR leaderboard subscription failed: System.OperationCanceledException: The operation was canceled.
  at System.Threading.Channels.AsyncOperation`1[TResult].GetResult (System.Int16 token) [0x00053] in <f4f5f2aafdc0427494a7ef43d0100ed5>:0 
  at StrawberryShake.Transport.WebSockets.SocketOperation+MessageStream+<GetAsyncEnumerator>d__3.MoveNext () [0x000e4] in <b27e0001a2144356900c2ddd47f51981>:0 
  at System.Threading.Tasks.Sources.ManualResetValueTaskSourceCore`1[TResult].GetResult (System.Int16 token) [0x0001f] in <7b69b526073240d78fc73ce5db967a72>:0 
  at StrawberryShake.Transport.WebSockets.SocketOperation+MessageStream+<GetAsyncEnumerator>d__3.System.Threading.Tasks.Sources.IValueTaskSource<System.Boolean>.GetResult (System.Int16 token) [0x00000] in <b27e0001a2144356900c2ddd47f51981>:0 
  at StrawberryShake.Transport.WebSockets.WebSocketConnection+ResponseStream+<GetAsyncEnumerator>d__3.MoveNext () [0x00415] in <b27e0001a2144356900c2ddd47f51981>:0 
  at StrawberryShake.Transport.WebSockets.WebSocketConnection+ResponseStream+<GetAsyncEnumerator>d__3.MoveNext () [0x004c1] in <b27e0001a2144356900c2ddd47f51981>:0 
  at StrawberryShake.Transport.WebSockets.WebSocketConnection+ResponseStream+<GetAsyncEnumerator>d__3.MoveNext () [0x00595] in <b27e0001a2144356900c2ddd47f51981>:0 
  at StrawberryShake.Transport.WebSockets.WebSocketConnection+ResponseStream+<GetAsyncEnumerator>d__3.MoveNext () [0x00665] in <b27e0001a2144356900c2ddd47f51981>:0 
  at System.Threading.Tasks.Sources.ManualResetValueTaskSourceCore`1[TResult].GetResult (System.Int16 token) [0x0001f] in <7b69b526073240d78fc73ce5db967a72>:0 
  at StrawberryShake.Transport.WebSockets.WebSocketConnection+ResponseStream+<GetAsyncEnumerator>d__3.System.Threading.Tasks.Sources.IValueTaskSource<System.Boolean>.GetResult (System.Int16 token) [0x00000] in <b27e0001a2144356900c2ddd47f51981>:0 
  at StrawberryShake.OperationExecutor`2+OperationExecutorObservable[TData,TResult].ExecuteAsync (System.IObserver`1[T] observer, StrawberryShake.ObserverSession session, StrawberryShake.IOperationResult`1[TResultData] lastEmittedResult) [0x001bd] in <477cd25efd574ed694e416a1db52b995>:0 
  at StrawberryShake.OperationExecutor`2+OperationExecutorObservable[TData,TResult].ExecuteAsync (System.IObserver`1[T] observer, StrawberryShake.ObserverSession session, StrawberryShake.IOperationResult`1[TResultData] lastEmittedResult) [0x0026e] in <477cd25efd574ed694e416a1db52b995>:0 
[Warning:OnlineLeaderboardTab] GTR leaderboard subscription failed: System.OperationCanceledException: The operation was canceled.
  at System.Threading.Channels.AsyncOperation`1[TResult].GetResult (System.Int16 token) [0x00053] in <f4f5f2aafdc0427494a7ef43d0100ed5>:0 
  at StrawberryShake.Transport.WebSockets.SocketOperation+MessageStream+<GetAsyncEnumerator>d__3.MoveNext () [0x000e4] in <b27e0001a2144356900c2ddd47f51981>:0 
  at System.Threading.Tasks.Sources.ManualResetValueTaskSourceCore`1[TResult].GetResult (System.Int16 token) [0x0001f] in <7b69b526073240d78fc73ce5db967a72>:0 
  at StrawberryShake.Transport.WebSockets.SocketOperation+MessageStream+<GetAsyncEnumerator>d__3.System.Threading.Tasks.Sources.IValueTaskSource<System.Boolean>.GetResult (System.Int16 token) [0x00000] in <b27e0001a2144356900c2ddd47f51981>:0 
  at StrawberryShake.Transport.WebSockets.WebSocketConnection+ResponseStream+<GetAsyncEnumerator>d__3.MoveNext () [0x00415] in <b27e0001a2144356900c2ddd47f51981>:0 
  at StrawberryShake.Transport.WebSockets.WebSocketConnection+ResponseStream+<GetAsyncEnumerator>d__3.MoveNext () [0x004c1] in <b27e0001a2144356900c2ddd47f51981>:0 
  at StrawberryShake.Transport.WebSockets.WebSocketConnection+ResponseStream+<GetAsyncEnumerator>d__3.MoveNext () [0x00595] in <b27e0001a2144356900c2ddd47f51981>:0 
  at StrawberryShake.Transport.WebSockets.WebSocketConnection+ResponseStream+<GetAsyncEnumerator>d__3.MoveNext () [0x00665] in <b27e0001a2144356900c2ddd47f51981>:0 
  at System.Threading.Tasks.Sources.ManualResetValueTaskSourceCore`1[TResult].GetResult (System.Int16 token) [0x0001f] in <7b69b526073240d78fc73ce5db967a72>:0 
  at StrawberryShake.Transport.WebSockets.WebSocketConnection+ResponseStream+<GetAsyncEnumerator>d__3.System.Threading.Tasks.Sources.IValueTaskSource<System.Boolean>.GetResult (System.Int16 token) [0x00000] in <b27e0001a2144356900c2ddd47f51981>:0 
  at StrawberryShake.OperationExecutor`2+OperationExecutorObservable[TData,TResult].ExecuteAsync (System.IObserver`1[T] observer, StrawberryShake.ObserverSession session, StrawberryShake.IOperationResult`1[TResultData] lastEmittedResult) [0x001bd] in <477cd25efd574ed694e416a1db52b995>:0 
  at StrawberryShake.OperationExecutor`2+OperationExecutorObservable[TData,TResult].ExecuteAsync (System.IObserver`1[T] observer, StrawberryShake.ObserverSession session, StrawberryShake.IOperationResult`1[TResultData] lastEmittedResult) [0x0026e] in <477cd25efd574ed694e416a1db52b995>:0 
[Info   :Zeepkist GTR] 13:05:43 Loading personal best...
[Info   :Zeepkist GTR] 13:05:43 Start processing HTTP request "POST" https://graphql.zeepki.st/
[Info   :Zeepkist GTR] 13:05:43 Start processing HTTP request "POST" https://graphql.zeepki.st/
[Info   :Zeepkist GTR] 13:05:43 Sending HTTP request "POST" https://graphql.zeepki.st/
[Info   :Zeepkist GTR] 13:05:43 Stopping existing recorder if any
[Info   :Zeepkist GTR] 13:05:43 Creating new recorder
[Info   :Zeepkist GTR] 13:05:43 Received HTTP response headers after 159.0872ms - 200
[Info   :Zeepkist GTR] 13:05:43 End processing HTTP request after 159.2198ms - 200
[Info   :Zeepkist GTR] 13:05:43 End processing HTTP request after 160.8195ms - 200
[Info   :Zeepkist GTR] 13:05:45 Starting recorder
[Info   :Zeepkist GTR] 13:06:18 Loading personal best...
[Info   :Zeepkist GTR] 13:06:18 Start processing HTTP request "POST" https://graphql.zeepki.st/
[Info   :Zeepkist GTR] 13:06:18 Start processing HTTP request "POST" https://graphql.zeepki.st/
[Info   :Zeepkist GTR] 13:06:18 Sending HTTP request "POST" https://graphql.zeepki.st/
[Info   :Zeepkist GTR] 13:06:18 Stopping existing recorder if any
[Info   :Zeepkist GTR] 13:06:18 Creating new recorder
[Info   :Zeepkist GTR] 13:06:19 Received HTTP response headers after 222.2589ms - 200
[Info   :Zeepkist GTR] 13:06:19 End processing HTTP request after 222.3868ms - 200
[Info   :Zeepkist GTR] 13:06:19 End processing HTTP request after 227.8697ms - 200
[Info   :Zeepkist GTR] 13:06:20 Starting recorder
[Info   :Zeepkist GTR] 13:06:44 Loading personal best...
[Info   :Zeepkist GTR] 13:06:44 Start processing HTTP request "POST" https://graphql.zeepki.st/
[Info   :Zeepkist GTR] 13:06:44 Start processing HTTP request "POST" https://graphql.zeepki.st/
[Info   :Zeepkist GTR] 13:06:44 Sending HTTP request "POST" https://graphql.zeepki.st/
[Info   :Zeepkist GTR] 13:06:44 Stopping existing recorder if any
[Info   :Zeepkist GTR] 13:06:44 Creating new recorder
[Info   :Zeepkist GTR] 13:06:44 Received HTTP response headers after 158.9387ms - 200
[Info   :Zeepkist GTR] 13:06:44 End processing HTTP request after 159.0752ms - 200
[Info   :Zeepkist GTR] 13:06:44 End processing HTTP request after 160.5902ms - 200
[Info   :Zeepkist GTR] 13:06:45 Starting recorder
[Info   :Zeepkist GTR] 13:07:02 Loading personal best...
[Info   :Zeepkist GTR] 13:07:02 Start processing HTTP request "POST" https://graphql.zeepki.st/
[Info   :Zeepkist GTR] 13:07:02 Start processing HTTP request "POST" https://graphql.zeepki.st/
[Info   :Zeepkist GTR] 13:07:02 Sending HTTP request "POST" https://graphql.zeepki.st/
[Info   :Zeepkist GTR] 13:07:02 Stopping existing recorder if any
[Info   :Zeepkist GTR] 13:07:02 Creating new recorder
[Info   :Zeepkist GTR] 13:07:02 Received HTTP response headers after 156.2574ms - 200
[Info   :Zeepkist GTR] 13:07:02 End processing HTTP request after 156.4062ms - 200
[Info   :Zeepkist GTR] 13:07:02 End processing HTTP request after 170.1872ms - 200
[Info   :RoundLeaderboardTab] Drawing leaderboard -> forwarding to Instance.DrawTabLeaderboard()
[Info   :Zeepkist GTR] 13:07:04 Starting recorder
[Info   :ChampionshipLeaderboardTab] Drawing leaderboard -> forwarding to Instance.DrawTabLeaderboard()
[Warning:OnlineLeaderboardTab] GTR leaderboard subscription failed: System.OperationCanceledException: The operation was canceled.
  at System.Threading.Channels.AsyncOperation`1[TResult].GetResult (System.Int16 token) [0x00053] in <f4f5f2aafdc0427494a7ef43d0100ed5>:0 
  at StrawberryShake.Transport.WebSockets.SocketOperation+MessageStream+<GetAsyncEnumerator>d__3.MoveNext () [0x000e4] in <b27e0001a2144356900c2ddd47f51981>:0 
  at System.Threading.Tasks.Sources.ManualResetValueTaskSourceCore`1[TResult].GetResult (System.Int16 token) [0x0001f] in <7b69b526073240d78fc73ce5db967a72>:0 
  at StrawberryShake.Transport.WebSockets.SocketOperation+MessageStream+<GetAsyncEnumerator>d__3.System.Threading.Tasks.Sources.IValueTaskSource<System.Boolean>.GetResult (System.Int16 token) [0x00000] in <b27e0001a2144356900c2ddd47f51981>:0 
  at StrawberryShake.Transport.WebSockets.WebSocketConnection+ResponseStream+<GetAsyncEnumerator>d__3.MoveNext () [0x00415] in <b27e0001a2144356900c2ddd47f51981>:0 
  at StrawberryShake.Transport.WebSockets.WebSocketConnection+ResponseStream+<GetAsyncEnumerator>d__3.MoveNext () [0x004c1] in <b27e0001a2144356900c2ddd47f51981>:0 
  at StrawberryShake.Transport.WebSockets.WebSocketConnection+ResponseStream+<GetAsyncEnumerator>d__3.MoveNext () [0x00595] in <b27e0001a2144356900c2ddd47f51981>:0 
  at StrawberryShake.Transport.WebSockets.WebSocketConnection+ResponseStream+<GetAsyncEnumerator>d__3.MoveNext () [0x00665] in <b27e0001a2144356900c2ddd47f51981>:0 
  at System.Threading.Tasks.Sources.ManualResetValueTaskSourceCore`1[TResult].GetResult (System.Int16 token) [0x0001f] in <7b69b526073240d78fc73ce5db967a72>:0 
  at StrawberryShake.Transport.WebSockets.WebSocketConnection+ResponseStream+<GetAsyncEnumerator>d__3.System.Threading.Tasks.Sources.IValueTaskSource<System.Boolean>.GetResult (System.Int16 token) [0x00000] in <b27e0001a2144356900c2ddd47f51981>:0 
  at StrawberryShake.OperationExecutor`2+OperationExecutorObservable[TData,TResult].ExecuteAsync (System.IObserver`1[T] observer, StrawberryShake.ObserverSession session, StrawberryShake.IOperationResult`1[TResultData] lastEmittedResult) [0x001bd] in <477cd25efd574ed694e416a1db52b995>:0 
  at StrawberryShake.OperationExecutor`2+OperationExecutorObservable[TData,TResult].ExecuteAsync (System.IObserver`1[T] observer, StrawberryShake.ObserverSession session, StrawberryShake.IOperationResult`1[TResultData] lastEmittedResult) [0x0026e] in <477cd25efd574ed694e416a1db52b995>:0 
[Warning:OnlineLeaderboardTab] GTR leaderboard subscription failed: System.OperationCanceledException: The operation was canceled.
  at System.Threading.Channels.AsyncOperation`1[TResult].GetResult (System.Int16 token) [0x00053] in <f4f5f2aafdc0427494a7ef43d0100ed5>:0 
  at StrawberryShake.Transport.WebSockets.SocketOperation+MessageStream+<GetAsyncEnumerator>d__3.MoveNext () [0x000e4] in <b27e0001a2144356900c2ddd47f51981>:0 
  at System.Threading.Tasks.Sources.ManualResetValueTaskSourceCore`1[TResult].GetResult (System.Int16 token) [0x0001f] in <7b69b526073240d78fc73ce5db967a72>:0 
  at StrawberryShake.Transport.WebSockets.SocketOperation+MessageStream+<GetAsyncEnumerator>d__3.System.Threading.Tasks.Sources.IValueTaskSource<System.Boolean>.GetResult (System.Int16 token) [0x00000] in <b27e0001a2144356900c2ddd47f51981>:0 
  at StrawberryShake.Transport.WebSockets.WebSocketConnection+ResponseStream+<GetAsyncEnumerator>d__3.MoveNext () [0x00415] in <b27e0001a2144356900c2ddd47f51981>:0 
  at StrawberryShake.Transport.WebSockets.WebSocketConnection+ResponseStream+<GetAsyncEnumerator>d__3.MoveNext () [0x004c1] in <b27e0001a2144356900c2ddd47f51981>:0 
  at StrawberryShake.Transport.WebSockets.WebSocketConnection+ResponseStream+<GetAsyncEnumerator>d__3.MoveNext () [0x00595] in <b27e0001a2144356900c2ddd47f51981>:0 
  at StrawberryShake.Transport.WebSockets.WebSocketConnection+ResponseStream+<GetAsyncEnumerator>d__3.MoveNext () [0x00665] in <b27e0001a2144356900c2ddd47f51981>:0 
  at System.Threading.Tasks.Sources.ManualResetValueTaskSourceCore`1[TResult].GetResult (System.Int16 token) [0x0001f] in <7b69b526073240d78fc73ce5db967a72>:0 
  at StrawberryShake.Transport.WebSockets.WebSocketConnection+ResponseStream+<GetAsyncEnumerator>d__3.System.Threading.Tasks.Sources.IValueTaskSource<System.Boolean>.GetResult (System.Int16 token) [0x00000] in <b27e0001a2144356900c2ddd47f51981>:0 
  at StrawberryShake.OperationExecutor`2+OperationExecutorObservable[TData,TResult].ExecuteAsync (System.IObserver`1[T] observer, StrawberryShake.ObserverSession session, StrawberryShake.IOperationResult`1[TResultData] lastEmittedResult) [0x001bd] in <477cd25efd574ed694e416a1db52b995>:0 
  at StrawberryShake.OperationExecutor`2+OperationExecutorObservable[TData,TResult].ExecuteAsync (System.IObserver`1[T] observer, StrawberryShake.ObserverSession session, StrawberryShake.IOperationResult`1[TResultData] lastEmittedResult) [0x0026e] in <477cd25efd574ed694e416a1db52b995>:0 
[Info   :Zeepkist GTR] 13:07:34 Loading personal best...
[Info   :Zeepkist GTR] 13:07:34 Start processing HTTP request "POST" https://graphql.zeepki.st/
[Info   :Zeepkist GTR] 13:07:34 Start processing HTTP request "POST" https://graphql.zeepki.st/
[Info   :Zeepkist GTR] 13:07:34 Sending HTTP request "POST" https://graphql.zeepki.st/
[Info   :Zeepkist GTR] 13:07:34 Stopping existing recorder if any
[Info   :Zeepkist GTR] 13:07:34 Creating new recorder
[Info   :Zeepkist GTR] 13:07:34 Received HTTP response headers after 460.2575ms - 200
[Info   :Zeepkist GTR] 13:07:34 End processing HTTP request after 460.3969ms - 200
[Info   :Zeepkist GTR] 13:07:34 End processing HTTP request after 460.9983ms - 200
[Info   :Zeepkist GTR] 13:07:35 Starting recorder
[Info   :Zeepkist GTR] 13:07:49 Loading personal best...
[Info   :Zeepkist GTR] 13:07:49 Start processing HTTP request "POST" https://graphql.zeepki.st/
[Info   :Zeepkist GTR] 13:07:49 Start processing HTTP request "POST" https://graphql.zeepki.st/
[Info   :Zeepkist GTR] 13:07:49 Sending HTTP request "POST" https://graphql.zeepki.st/
[Info   :Zeepkist GTR] 13:07:49 Stopping existing recorder if any
[Info   :Zeepkist GTR] 13:07:49 Creating new recorder
[Info   :Zeepkist GTR] 13:07:49 Received HTTP response headers after 158.9916ms - 200
[Info   :Zeepkist GTR] 13:07:49 End processing HTTP request after 159.119ms - 200
[Info   :Zeepkist GTR] 13:07:49 End processing HTTP request after 170.3828ms - 200
[Info   :Zeepkist GTR] 13:07:51 Starting recorder
[Info   :Zeepkist GTR] 13:08:04 Loading personal best...
[Info   :Zeepkist GTR] 13:08:04 Start processing HTTP request "POST" https://graphql.zeepki.st/
[Info   :Zeepkist GTR] 13:08:04 Start processing HTTP request "POST" https://graphql.zeepki.st/
[Info   :Zeepkist GTR] 13:08:04 Sending HTTP request "POST" https://graphql.zeepki.st/
[Info   :Zeepkist GTR] 13:08:04 Stopping existing recorder if any
[Info   :Zeepkist GTR] 13:08:04 Creating new recorder
[Info   :Zeepkist GTR] 13:08:04 Received HTTP response headers after 155.0643ms - 200
[Info   :Zeepkist GTR] 13:08:04 End processing HTTP request after 155.2006ms - 200
[Info   :Zeepkist GTR] 13:08:04 End processing HTTP request after 171.0764ms - 200
[Info   :Zeepkist GTR] 13:08:05 Starting recorder
[Info   :Zeepkist GTR] 13:08:28 Loading personal best...
[Info   :Zeepkist GTR] 13:08:28 Start processing HTTP request "POST" https://graphql.zeepki.st/
[Info   :Zeepkist GTR] 13:08:28 Start processing HTTP request "POST" https://graphql.zeepki.st/
[Info   :Zeepkist GTR] 13:08:28 Sending HTTP request "POST" https://graphql.zeepki.st/
[Info   :Zeepkist GTR] 13:08:28 Stopping existing recorder if any
[Info   :Zeepkist GTR] 13:08:28 Creating new recorder
[Info   :Zeepkist GTR] 13:08:28 Received HTTP response headers after 157.5112ms - 200
[Info   :Zeepkist GTR] 13:08:28 End processing HTTP request after 157.6631ms - 200
[Info   :Zeepkist GTR] 13:08:28 End processing HTTP request after 160.6224ms - 200
[Info   :Zeepkist GTR] 13:08:30 Starting recorder
[Info   :Zeepkist GTR] 13:09:00 Loading personal best...
[Info   :Zeepkist GTR] 13:09:00 Start processing HTTP request "POST" https://graphql.zeepki.st/
[Info   :Zeepkist GTR] 13:09:00 Start processing HTTP request "POST" https://graphql.zeepki.st/
[Info   :Zeepkist GTR] 13:09:00 Sending HTTP request "POST" https://graphql.zeepki.st/
[Info   :Zeepkist GTR] 13:09:00 Stopping existing recorder if any
[Info   :Zeepkist GTR] 13:09:00 Creating new recorder
[Info   :Zeepkist GTR] 13:09:00 Received HTTP response headers after 158.1714ms - 200
[Info   :Zeepkist GTR] 13:09:00 End processing HTTP request after 158.2965ms - 200
[Info   :Zeepkist GTR] 13:09:00 End processing HTTP request after 161.5245ms - 200
[Info   :Zeepkist GTR] 13:09:02 Starting recorder
[Info   :Zeepkist GTR] 13:09:35 Loading personal best...
[Info   :Zeepkist GTR] 13:09:35 Start processing HTTP request "POST" https://graphql.zeepki.st/
[Info   :Zeepkist GTR] 13:09:35 Start processing HTTP request "POST" https://graphql.zeepki.st/
[Info   :Zeepkist GTR] 13:09:35 Sending HTTP request "POST" https://graphql.zeepki.st/
[Info   :Zeepkist GTR] 13:09:35 Stopping existing recorder if any
[Info   :Zeepkist GTR] 13:09:35 Creating new recorder
[Info   :Zeepkist GTR] 13:09:36 Received HTTP response headers after 481.0978ms - 200
[Info   :Zeepkist GTR] 13:09:36 End processing HTTP request after 481.2226ms - 200
[Info   :Zeepkist GTR] 13:09:36 End processing HTTP request after 491.2616ms - 200
[Info   :Zeepkist GTR] 13:09:37 Starting recorder
[Info   :Zeepkist GTR] 13:10:07 Loading personal best...
[Info   :Zeepkist GTR] 13:10:07 Start processing HTTP request "POST" https://graphql.zeepki.st/
[Info   :Zeepkist GTR] 13:10:07 Start processing HTTP request "POST" https://graphql.zeepki.st/
[Info   :Zeepkist GTR] 13:10:07 Sending HTTP request "POST" https://graphql.zeepki.st/
[Info   :Zeepkist GTR] 13:10:07 Stopping existing recorder if any
[Info   :Zeepkist GTR] 13:10:07 Creating new recorder
[Info   :Zeepkist GTR] 13:10:07 Received HTTP response headers after 161.5736ms - 200
[Info   :Zeepkist GTR] 13:10:07 End processing HTTP request after 161.7015ms - 200
[Info   :Zeepkist GTR] 13:10:07 End processing HTTP request after 170.8048ms - 200
[Info   :Zeepkist GTR] 13:10:09 Starting recorder
[Info   :Zeepkist GTR] 13:10:40 Loading personal best...
[Info   :Zeepkist GTR] 13:10:40 Start processing HTTP request "POST" https://graphql.zeepki.st/
[Info   :Zeepkist GTR] 13:10:40 Start processing HTTP request "POST" https://graphql.zeepki.st/
[Info   :Zeepkist GTR] 13:10:40 Sending HTTP request "POST" https://graphql.zeepki.st/
[Info   :Zeepkist GTR] 13:10:40 Stopping existing recorder if any
[Info   :Zeepkist GTR] 13:10:40 Creating new recorder
[Info   :Zeepkist GTR] 13:10:40 Received HTTP response headers after 158.3761ms - 200
[Info   :Zeepkist GTR] 13:10:40 End processing HTTP request after 158.536ms - 200
[Info   :Zeepkist GTR] 13:10:40 End processing HTTP request after 162.0711ms - 200
[Info   :Zeepkist GTR] 13:10:41 Starting recorder
[Info   :Zeepkist GTR] 13:11:12 Loading personal best...
[Info   :Zeepkist GTR] 13:11:12 Start processing HTTP request "POST" https://graphql.zeepki.st/
[Info   :Zeepkist GTR] 13:11:12 Start processing HTTP request "POST" https://graphql.zeepki.st/
[Info   :Zeepkist GTR] 13:11:12 Sending HTTP request "POST" https://graphql.zeepki.st/
[Info   :Zeepkist GTR] 13:11:12 Stopping existing recorder if any
[Info   :Zeepkist GTR] 13:11:12 Creating new recorder
[Info   :Zeepkist GTR] 13:11:12 Received HTTP response headers after 160.0267ms - 200
[Info   :Zeepkist GTR] 13:11:12 End processing HTTP request after 160.1669ms - 200
[Info   :Zeepkist GTR] 13:11:12 End processing HTTP request after 161.1793ms - 200
[Info   :Zeepkist GTR] 13:11:14 Starting recorder
[Info   :Zeepkist GTR] 13:11:44 Loading personal best...
[Info   :Zeepkist GTR] 13:11:44 Start processing HTTP request "POST" https://graphql.zeepki.st/
[Info   :Zeepkist GTR] 13:11:44 Start processing HTTP request "POST" https://graphql.zeepki.st/
[Info   :Zeepkist GTR] 13:11:44 Sending HTTP request "POST" https://graphql.zeepki.st/
[Info   :Zeepkist GTR] 13:11:44 Stopping existing recorder if any
[Info   :Zeepkist GTR] 13:11:44 Creating new recorder
[Info   :Zeepkist GTR] 13:11:44 Received HTTP response headers after 461.0673ms - 200
[Info   :Zeepkist GTR] 13:11:44 End processing HTTP request after 461.2091ms - 200
[Info   :Zeepkist GTR] 13:11:44 End processing HTTP request after 477.7413ms - 200
[Info   :Zeepkist GTR] 13:11:46 Starting recorder
[Info   :Zeepkist GTR] 13:12:18 Loading personal best...
[Info   :Zeepkist GTR] 13:12:18 Start processing HTTP request "POST" https://graphql.zeepki.st/
[Info   :Zeepkist GTR] 13:12:18 Start processing HTTP request "POST" https://graphql.zeepki.st/
[Info   :Zeepkist GTR] 13:12:18 Sending HTTP request "POST" https://graphql.zeepki.st/
[Info   :Zeepkist GTR] 13:12:18 Stopping existing recorder if any
[Info   :Zeepkist GTR] 13:12:18 Creating new recorder
[Info   :Zeepkist GTR] 13:12:18 Received HTTP response headers after 159.4941ms - 200
[Info   :Zeepkist GTR] 13:12:18 End processing HTTP request after 159.6271ms - 200
[Info   :Zeepkist GTR] 13:12:18 End processing HTTP request after 161.1544ms - 200
[Info   :Zeepkist GTR] 13:12:20 Starting recorder
[Info   :RoundLeaderboardTab] Drawing leaderboard -> forwarding to Instance.DrawTabLeaderboard()
[Info   :RoundLeaderboardTab] Drawing leaderboard -> forwarding to Instance.DrawTabLeaderboard()
[Info   :Zeepkist GTR] 13:12:50 Loading personal best...
[Info   :Zeepkist GTR] 13:12:50 Start processing HTTP request "POST" https://graphql.zeepki.st/
[Info   :Zeepkist GTR] 13:12:50 Start processing HTTP request "POST" https://graphql.zeepki.st/
[Info   :Zeepkist GTR] 13:12:50 Sending HTTP request "POST" https://graphql.zeepki.st/
[Info   :Zeepkist GTR] 13:12:50 Stopping existing recorder if any
[Info   :Zeepkist GTR] 13:12:50 Creating new recorder
[Info   :Zeepkist GTR] 13:12:51 Received HTTP response headers after 155.0124ms - 200
[Info   :Zeepkist GTR] 13:12:51 End processing HTTP request after 155.1392ms - 200
[Info   :Zeepkist GTR] 13:12:51 End processing HTTP request after 161.1997ms - 200
[Info   :Zeepkist GTR] 13:12:52 Starting recorder
[Info   :Zeepkist GTR] 13:13:25 Loading personal best...
[Info   :Zeepkist GTR] 13:13:25 Start processing HTTP request "POST" https://graphql.zeepki.st/
[Info   :Zeepkist GTR] 13:13:25 Start processing HTTP request "POST" https://graphql.zeepki.st/
[Info   :Zeepkist GTR] 13:13:25 Sending HTTP request "POST" https://graphql.zeepki.st/
[Info   :Zeepkist GTR] 13:13:25 Stopping existing recorder if any
[Info   :Zeepkist GTR] 13:13:25 Creating new recorder
[Info   :Zeepkist GTR] 13:13:26 Received HTTP response headers after 163.566ms - 200
[Info   :Zeepkist GTR] 13:13:26 End processing HTTP request after 163.6963ms - 200
[Info   :Zeepkist GTR] 13:13:26 End processing HTTP request after 170.4883ms - 200
[Info   :Zeepkist GTR] 13:13:27 Starting recorder
[Info   :Zeepkist GTR] 13:13:59 Loading personal best...
[Info   :Zeepkist GTR] 13:13:59 Start processing HTTP request "POST" https://graphql.zeepki.st/
[Info   :Zeepkist GTR] 13:13:59 Start processing HTTP request "POST" https://graphql.zeepki.st/
[Info   :Zeepkist GTR] 13:13:59 Sending HTTP request "POST" https://graphql.zeepki.st/
[Info   :Zeepkist GTR] 13:13:59 Stopping existing recorder if any
[Info   :Zeepkist GTR] 13:13:59 Creating new recorder
[Info   :Zeepkist GTR] 13:13:59 Received HTTP response headers after 200.142ms - 200
[Info   :Zeepkist GTR] 13:13:59 End processing HTTP request after 200.2752ms - 200
[Info   :Zeepkist GTR] 13:13:59 End processing HTTP request after 211.5301ms - 200
[Info   :Zeepkist GTR] 13:14:00 Starting recorder
[Info   :Zeepkist GTR] 13:14:31 Loading personal best...
[Info   :Zeepkist GTR] 13:14:31 Start processing HTTP request "POST" https://graphql.zeepki.st/
[Info   :Zeepkist GTR] 13:14:31 Start processing HTTP request "POST" https://graphql.zeepki.st/
[Info   :Zeepkist GTR] 13:14:31 Sending HTTP request "POST" https://graphql.zeepki.st/
[Info   :Zeepkist GTR] 13:14:31 Stopping existing recorder if any
[Info   :Zeepkist GTR] 13:14:31 Creating new recorder
[Info   :Zeepkist GTR] 13:14:31 Received HTTP response headers after 163.1252ms - 200
[Info   :Zeepkist GTR] 13:14:31 End processing HTTP request after 163.2471ms - 200
[Info   :Zeepkist GTR] 13:14:31 End processing HTTP request after 170.3547ms - 200
[Info   :Zeepkist GTR] 13:14:32 Starting recorder
[Info   :Zeepkist GTR] 13:15:04 Loading personal best...
[Info   :Zeepkist GTR] 13:15:04 Start processing HTTP request "POST" https://graphql.zeepki.st/
[Info   :Zeepkist GTR] 13:15:04 Start processing HTTP request "POST" https://graphql.zeepki.st/
[Info   :Zeepkist GTR] 13:15:04 Sending HTTP request "POST" https://graphql.zeepki.st/
[Info   :Zeepkist GTR] 13:15:04 Stopping existing recorder if any
[Info   :Zeepkist GTR] 13:15:04 Creating new recorder
[Info   :Zeepkist GTR] 13:15:04 Received HTTP response headers after 160.9964ms - 200
[Info   :Zeepkist GTR] 13:15:04 End processing HTTP request after 161.1278ms - 200
[Info   :Zeepkist GTR] 13:15:04 End processing HTTP request after 170.4884ms - 200
[Info   :Zeepkist GTR] 13:15:05 Starting recorder
[Info   :Zeepkist GTR] 13:15:21 Loading personal best...
[Info   :Zeepkist GTR] 13:15:21 Start processing HTTP request "POST" https://graphql.zeepki.st/
[Info   :Zeepkist GTR] 13:15:21 Start processing HTTP request "POST" https://graphql.zeepki.st/
[Info   :Zeepkist GTR] 13:15:21 Sending HTTP request "POST" https://graphql.zeepki.st/
[Info   :Zeepkist GTR] 13:15:21 Stopping existing recorder if any
[Info   :Zeepkist GTR] 13:15:21 Creating new recorder
[Info   :Zeepkist GTR] 13:15:21 Received HTTP response headers after 162.9973ms - 200
[Info   :Zeepkist GTR] 13:15:21 End processing HTTP request after 163.1322ms - 200
[Info   :Zeepkist GTR] 13:15:21 End processing HTTP request after 169.7485ms - 200
[Info   :Zeepkist GTR] 13:15:23 Starting recorder
[Info   :Zeepkist GTR] 13:15:36 Loading personal best...
[Info   :Zeepkist GTR] 13:15:36 Start processing HTTP request "POST" https://graphql.zeepki.st/
[Info   :Zeepkist GTR] 13:15:36 Start processing HTTP request "POST" https://graphql.zeepki.st/
[Info   :Zeepkist GTR] 13:15:36 Sending HTTP request "POST" https://graphql.zeepki.st/
[Info   :Zeepkist GTR] 13:15:36 Stopping existing recorder if any
[Info   :Zeepkist GTR] 13:15:36 Creating new recorder
[Info   :Zeepkist GTR] 13:15:36 Received HTTP response headers after 160.7474ms - 200
[Info   :Zeepkist GTR] 13:15:36 End processing HTTP request after 160.877ms - 200
[Info   :Zeepkist GTR] 13:15:36 End processing HTTP request after 169.9502ms - 200
[Info   :Zeepkist GTR] 13:15:38 Starting recorder
[Info   :Zeepkist GTR] 13:16:09 Loading personal best...
[Info   :Zeepkist GTR] 13:16:09 Start processing HTTP request "POST" https://graphql.zeepki.st/
[Info   :Zeepkist GTR] 13:16:09 Start processing HTTP request "POST" https://graphql.zeepki.st/
[Info   :Zeepkist GTR] 13:16:09 Sending HTTP request "POST" https://graphql.zeepki.st/
[Info   :Zeepkist GTR] 13:16:09 Stopping existing recorder if any
[Info   :Zeepkist GTR] 13:16:09 Creating new recorder
[Info   :Zeepkist GTR] 13:16:10 Received HTTP response headers after 865.908ms - 200
[Info   :Zeepkist GTR] 13:16:10 End processing HTTP request after 866.0434ms - 200
[Info   :Zeepkist GTR] 13:16:10 End processing HTTP request after 877.8838ms - 200
[Info   :Zeepkist GTR] 13:16:11 Starting recorder
[Info   :Zeepkist GTR] 13:16:43 Loading personal best...
[Info   :Zeepkist GTR] 13:16:43 Start processing HTTP request "POST" https://graphql.zeepki.st/
[Info   :Zeepkist GTR] 13:16:43 Start processing HTTP request "POST" https://graphql.zeepki.st/
[Info   :Zeepkist GTR] 13:16:43 Sending HTTP request "POST" https://graphql.zeepki.st/
[Info   :Zeepkist GTR] 13:16:43 Stopping existing recorder if any
[Info   :Zeepkist GTR] 13:16:43 Creating new recorder
[Info   :Zeepkist GTR] 13:16:43 Received HTTP response headers after 159.2563ms - 200
[Info   :Zeepkist GTR] 13:16:43 End processing HTTP request after 159.3848ms - 200
[Info   :Zeepkist GTR] 13:16:43 End processing HTTP request after 160.7545ms - 200
[Info   :Zeepkist GTR] 13:16:45 Starting recorder
[Info   :Zeepkist GTR] 13:17:16 Loading personal best...
[Info   :Zeepkist GTR] 13:17:16 Start processing HTTP request "POST" https://graphql.zeepki.st/
[Info   :Zeepkist GTR] 13:17:16 Start processing HTTP request "POST" https://graphql.zeepki.st/
[Info   :Zeepkist GTR] 13:17:16 Sending HTTP request "POST" https://graphql.zeepki.st/
[Info   :Zeepkist GTR] 13:17:16 Stopping existing recorder if any
[Info   :Zeepkist GTR] 13:17:16 Creating new recorder
[Info   :Zeepkist GTR] 13:17:16 Received HTTP response headers after 165.8532ms - 200
[Info   :Zeepkist GTR] 13:17:16 End processing HTTP request after 165.977ms - 200
[Info   :Zeepkist GTR] 13:17:16 End processing HTTP request after 170.0391ms - 200
[Info   :Zeepkist GTR] 13:17:18 Starting recorder
[Info   :Zeepkist GTR] 13:17:53 Stopping recorder
[Info   :Zeepkist GTR] 13:17:53 Collecting extra information
[Info   :Zeepkist GTR] 13:17:53 Resolved workshop ID "<none>" from lobby 0 and level 0
[Info   :Zeepkist GTR] 13:17:53 Processing ghost data
[Info   :Zeepkist GTR] 13:17:53 Creating stream
[Info   :Zeepkist GTR] 13:17:53 Writing to stream
[Info   :Zeepkist GTR] 13:17:53 Converting to base64
[Info   :Zeepkist GTR] 13:17:53 Creating resource
[Info   :Zeepkist GTR] 13:17:53 Start processing HTTP request "POST" https://backend.zeepki.st/auth/refresh
[Info   :Zeepkist GTR] 13:17:53 Start processing HTTP request "POST" https://backend.zeepki.st/auth/refresh
[Info   :Zeepkist GTR] 13:17:53 Sending HTTP request "POST" https://backend.zeepki.st/auth/refresh
[Info   :Zeepkist GTR] 13:17:54 Received HTTP response headers after 738.5561ms - 200
[Info   :Zeepkist GTR] 13:17:54 End processing HTTP request after 738.7091ms - 200
[Info   :Zeepkist GTR] 13:17:54 End processing HTTP request after 747.8299ms - 200
[Info   :Zeepkist GTR] 13:17:54 Start processing HTTP request "POST" https://backend.zeepki.st/record/submit
[Info   :Zeepkist GTR] 13:17:54 Start processing HTTP request "POST" https://backend.zeepki.st/record/submit
[Info   :Zeepkist GTR] 13:17:54 Sending HTTP request "POST" https://backend.zeepki.st/record/submit
[Info   :Zeepkist GTR] 13:17:54 Received HTTP response headers after 522.1614ms - 200
[Info   :Zeepkist GTR] 13:17:54 End processing HTTP request after 522.3148ms - 200
[Info   :Zeepkist GTR] 13:17:54 End processing HTTP request after 533.4468ms - 200
[Info   :Zeepkist GTR] 13:17:57 Loading personal best...
[Info   :Zeepkist GTR] 13:17:57 Start processing HTTP request "POST" https://graphql.zeepki.st/
[Info   :Zeepkist GTR] 13:17:57 Start processing HTTP request "POST" https://graphql.zeepki.st/
[Info   :Zeepkist GTR] 13:17:57 Sending HTTP request "POST" https://graphql.zeepki.st/
[Info   :Zeepkist GTR] 13:17:57 Stopping existing recorder if any
[Info   :Zeepkist GTR] 13:17:57 Creating new recorder
[Info   :Zeepkist GTR] 13:17:57 Received HTTP response headers after 161.4877ms - 200
[Info   :Zeepkist GTR] 13:17:57 End processing HTTP request after 161.6105ms - 200
[Info   :Zeepkist GTR] 13:17:57 End processing HTTP request after 173.7722ms - 200
[Info   :Zeepkist GTR] 13:17:59 Starting recorder
[Info   :Zeepkist GTR] 13:18:29 Loading personal best...
[Info   :Zeepkist GTR] 13:18:29 Start processing HTTP request "POST" https://graphql.zeepki.st/
[Info   :Zeepkist GTR] 13:18:29 Start processing HTTP request "POST" https://graphql.zeepki.st/
[Info   :Zeepkist GTR] 13:18:29 Sending HTTP request "POST" https://graphql.zeepki.st/
[Info   :Zeepkist GTR] 13:18:29 Stopping existing recorder if any
[Info   :Zeepkist GTR] 13:18:29 Creating new recorder
[Info   :Zeepkist GTR] 13:18:30 Received HTTP response headers after 448.4655ms - 200
[Info   :Zeepkist GTR] 13:18:30 End processing HTTP request after 448.5979ms - 200
[Info   :Zeepkist GTR] 13:18:30 End processing HTTP request after 461.1631ms - 200
[Info   :Zeepkist GTR] 13:18:31 Starting recorder
[Info   :Zeepkist GTR] 13:19:06 Loading personal best...
[Info   :Zeepkist GTR] 13:19:06 Start processing HTTP request "POST" https://graphql.zeepki.st/
[Info   :Zeepkist GTR] 13:19:06 Start processing HTTP request "POST" https://graphql.zeepki.st/
[Info   :Zeepkist GTR] 13:19:06 Sending HTTP request "POST" https://graphql.zeepki.st/
[Info   :Zeepkist GTR] 13:19:06 Stopping existing recorder if any
[Info   :Zeepkist GTR] 13:19:06 Creating new recorder
[Info   :Zeepkist GTR] 13:19:06 Received HTTP response headers after 153.6983ms - 200
[Info   :Zeepkist GTR] 13:19:06 End processing HTTP request after 153.8259ms - 200
[Info   :Zeepkist GTR] 13:19:06 End processing HTTP request after 161.2514ms - 200
[Info   :Zeepkist GTR] 13:19:07 Starting recorder
[Info   :Zeepkist GTR] 13:19:38 Loading personal best...
[Info   :Zeepkist GTR] 13:19:38 Start processing HTTP request "POST" https://graphql.zeepki.st/
[Info   :Zeepkist GTR] 13:19:38 Start processing HTTP request "POST" https://graphql.zeepki.st/
[Info   :Zeepkist GTR] 13:19:38 Sending HTTP request "POST" https://graphql.zeepki.st/
[Info   :Zeepkist GTR] 13:19:38 Stopping existing recorder if any
[Info   :Zeepkist GTR] 13:19:38 Creating new recorder
[Info   :Zeepkist GTR] 13:19:38 Received HTTP response headers after 151.7084ms - 200
[Info   :Zeepkist GTR] 13:19:38 End processing HTTP request after 151.8328ms - 200
[Info   :Zeepkist GTR] 13:19:38 End processing HTTP request after 158.1965ms - 200
[Info   :Zeepkist GTR] 13:19:40 Starting recorder
[Info   :Zeepkist GTR] 13:20:10 Loading personal best...
[Info   :Zeepkist GTR] 13:20:10 Start processing HTTP request "POST" https://graphql.zeepki.st/
[Info   :Zeepkist GTR] 13:20:10 Start processing HTTP request "POST" https://graphql.zeepki.st/
[Info   :Zeepkist GTR] 13:20:10 Sending HTTP request "POST" https://graphql.zeepki.st/
[Info   :Zeepkist GTR] 13:20:10 Stopping existing recorder if any
[Info   :Zeepkist GTR] 13:20:10 Creating new recorder
[Info   :Zeepkist GTR] 13:20:10 Received HTTP response headers after 156.7917ms - 200
[Info   :Zeepkist GTR] 13:20:10 End processing HTTP request after 156.9334ms - 200
[Info   :Zeepkist GTR] 13:20:10 End processing HTTP request after 169.2717ms - 200
[Info   :Zeepkist GTR] 13:20:12 Starting recorder
[Info   :Zeepkist GTR] 13:20:41 Loading personal best...
[Info   :Zeepkist GTR] 13:20:41 Start processing HTTP request "POST" https://graphql.zeepki.st/
[Info   :Zeepkist GTR] 13:20:41 Start processing HTTP request "POST" https://graphql.zeepki.st/
[Info   :Zeepkist GTR] 13:20:41 Sending HTTP request "POST" https://graphql.zeepki.st/
[Info   :Zeepkist GTR] 13:20:41 Stopping existing recorder if any
[Info   :Zeepkist GTR] 13:20:41 Creating new recorder
[Info   :Zeepkist GTR] 13:20:42 Received HTTP response headers after 464.4913ms - 200
[Info   :Zeepkist GTR] 13:20:42 End processing HTTP request after 464.6312ms - 200
[Info   :Zeepkist GTR] 13:20:42 End processing HTTP request after 477.5345ms - 200
[Info   :Zeepkist GTR] 13:20:43 Starting recorder
[Info   :Zeepkist GTR] 13:21:15 Loading personal best...
[Info   :Zeepkist GTR] 13:21:15 Start processing HTTP request "POST" https://graphql.zeepki.st/
[Info   :Zeepkist GTR] 13:21:15 Start processing HTTP request "POST" https://graphql.zeepki.st/
[Info   :Zeepkist GTR] 13:21:15 Sending HTTP request "POST" https://graphql.zeepki.st/
[Info   :Zeepkist GTR] 13:21:15 Stopping existing recorder if any
[Info   :Zeepkist GTR] 13:21:15 Creating new recorder
[Info   :Zeepkist GTR] 13:21:15 Received HTTP response headers after 177.3912ms - 200
[Info   :Zeepkist GTR] 13:21:15 End processing HTTP request after 177.5204ms - 200
[Info   :Zeepkist GTR] 13:21:15 End processing HTTP request after 187.5854ms - 200
[Info   :Zeepkist GTR] 13:21:17 Starting recorder
[Info   :Zeepkist GTR] 13:21:39 Loading personal best...
[Info   :Zeepkist GTR] 13:21:39 Start processing HTTP request "POST" https://graphql.zeepki.st/
[Info   :Zeepkist GTR] 13:21:39 Start processing HTTP request "POST" https://graphql.zeepki.st/
[Info   :Zeepkist GTR] 13:21:39 Sending HTTP request "POST" https://graphql.zeepki.st/
[Info   :Zeepkist GTR] 13:21:39 Stopping existing recorder if any
[Info   :Zeepkist GTR] 13:21:39 Creating new recorder
[Info   :Zeepkist GTR] 13:21:39 Received HTTP response headers after 178.4277ms - 200
[Info   :Zeepkist GTR] 13:21:39 End processing HTTP request after 178.5631ms - 200
[Info   :Zeepkist GTR] 13:21:39 End processing HTTP request after 194.8016ms - 200
[Info   :Zeepkist GTR] 13:21:41 Starting recorder
[Info   :Zeepkist GTR] 13:22:14 Loading personal best...
[Info   :Zeepkist GTR] 13:22:14 Start processing HTTP request "POST" https://graphql.zeepki.st/
[Info   :Zeepkist GTR] 13:22:14 Start processing HTTP request "POST" https://graphql.zeepki.st/
[Info   :Zeepkist GTR] 13:22:14 Sending HTTP request "POST" https://graphql.zeepki.st/
[Info   :Zeepkist GTR] 13:22:14 Stopping existing recorder if any
[Info   :Zeepkist GTR] 13:22:14 Creating new recorder
[Info   :Zeepkist GTR] 13:22:14 Received HTTP response headers after 162.209ms - 200
[Info   :Zeepkist GTR] 13:22:14 End processing HTTP request after 162.3318ms - 200
[Info   :Zeepkist GTR] 13:22:14 End processing HTTP request after 170.572ms - 200
[Info   :Zeepkist GTR] 13:22:15 Starting recorder
[Info   :Zeepkist GTR] 13:22:50 Loading personal best...
[Info   :Zeepkist GTR] 13:22:50 Start processing HTTP request "POST" https://graphql.zeepki.st/
[Info   :Zeepkist GTR] 13:22:50 Start processing HTTP request "POST" https://graphql.zeepki.st/
[Info   :Zeepkist GTR] 13:22:50 Sending HTTP request "POST" https://graphql.zeepki.st/
[Info   :Zeepkist GTR] 13:22:50 Stopping existing recorder if any
[Info   :Zeepkist GTR] 13:22:50 Creating new recorder
[Info   :Zeepkist GTR] 13:22:51 Received HTTP response headers after 490.6652ms - 200
[Info   :Zeepkist GTR] 13:22:51 End processing HTTP request after 490.8401ms - 200
[Info   :Zeepkist GTR] 13:22:51 End processing HTTP request after 506.2393ms - 200
[Info   :Zeepkist GTR] 13:22:52 Starting recorder
[Info   :Zeepkist GTR] 13:23:15 Loading personal best...
[Info   :Zeepkist GTR] 13:23:15 Start processing HTTP request "POST" https://graphql.zeepki.st/
[Info   :Zeepkist GTR] 13:23:15 Start processing HTTP request "POST" https://graphql.zeepki.st/
[Info   :Zeepkist GTR] 13:23:15 Sending HTTP request "POST" https://graphql.zeepki.st/
[Info   :Zeepkist GTR] 13:23:15 Stopping existing recorder if any
[Info   :Zeepkist GTR] 13:23:15 Creating new recorder
[Info   :Zeepkist GTR] 13:23:15 Received HTTP response headers after 324.657ms - 200
[Info   :Zeepkist GTR] 13:23:15 End processing HTTP request after 324.7889ms - 200
[Info   :Zeepkist GTR] 13:23:15 End processing HTTP request after 337.7294ms - 200
[Info   :Zeepkist GTR] 13:23:17 Starting recorder
[Info   :Zeepkist GTR] 13:23:50 Loading personal best...
[Info   :Zeepkist GTR] 13:23:50 Start processing HTTP request "POST" https://graphql.zeepki.st/
[Info   :Zeepkist GTR] 13:23:50 Start processing HTTP request "POST" https://graphql.zeepki.st/
[Info   :Zeepkist GTR] 13:23:50 Sending HTTP request "POST" https://graphql.zeepki.st/
[Info   :Zeepkist GTR] 13:23:50 Stopping existing recorder if any
[Info   :Zeepkist GTR] 13:23:50 Creating new recorder
[Info   :Zeepkist GTR] 13:23:51 Received HTTP response headers after 167.4454ms - 200
[Info   :Zeepkist GTR] 13:23:51 End processing HTTP request after 167.5648ms - 200
[Info   :Zeepkist GTR] 13:23:51 End processing HTTP request after 177.4861ms - 200
[Info   :Zeepkist GTR] 13:23:52 Starting recorder
[Info   :Zeepkist GTR] 13:24:22 Loading personal best...
[Info   :Zeepkist GTR] 13:24:22 Start processing HTTP request "POST" https://graphql.zeepki.st/
[Info   :Zeepkist GTR] 13:24:22 Start processing HTTP request "POST" https://graphql.zeepki.st/
[Info   :Zeepkist GTR] 13:24:22 Sending HTTP request "POST" https://graphql.zeepki.st/
[Info   :Zeepkist GTR] 13:24:22 Stopping existing recorder if any
[Info   :Zeepkist GTR] 13:24:22 Creating new recorder
[Info   :Zeepkist GTR] 13:24:22 Received HTTP response headers after 160.8651ms - 200
[Info   :Zeepkist GTR] 13:24:22 End processing HTTP request after 160.9888ms - 200
[Info   :Zeepkist GTR] 13:24:22 End processing HTTP request after 171.2114ms - 200
[Info   :Zeepkist GTR] 13:24:24 Starting recorder
[Info   :Zeepkist GTR] 13:24:47 Loading personal best...
[Info   :Zeepkist GTR] 13:24:47 Start processing HTTP request "POST" https://graphql.zeepki.st/
[Info   :Zeepkist GTR] 13:24:47 Start processing HTTP request "POST" https://graphql.zeepki.st/
[Info   :Zeepkist GTR] 13:24:47 Sending HTTP request "POST" https://graphql.zeepki.st/
[Info   :Zeepkist GTR] 13:24:47 Stopping existing recorder if any
[Info   :Zeepkist GTR] 13:24:47 Creating new recorder
[Info   :Zeepkist GTR] 13:24:47 Received HTTP response headers after 154.0076ms - 200
[Info   :Zeepkist GTR] 13:24:47 End processing HTTP request after 154.1406ms - 200
[Info   :Zeepkist GTR] 13:24:47 End processing HTTP request after 154.6874ms - 200
[Info   :Zeepkist GTR] 13:24:49 Starting recorder
[Info   :Zeepkist GTR] 13:25:18 Loading personal best...
[Info   :Zeepkist GTR] 13:25:18 Start processing HTTP request "POST" https://graphql.zeepki.st/
[Info   :Zeepkist GTR] 13:25:18 Start processing HTTP request "POST" https://graphql.zeepki.st/
[Info   :Zeepkist GTR] 13:25:18 Sending HTTP request "POST" https://graphql.zeepki.st/
[Info   :Zeepkist GTR] 13:25:18 Stopping existing recorder if any
[Info   :Zeepkist GTR] 13:25:18 Creating new recorder
[Info   :Zeepkist GTR] 13:25:19 Received HTTP response headers after 524.3132ms - 200
[Info   :Zeepkist GTR] 13:25:19 End processing HTTP request after 524.4665ms - 200
[Info   :Zeepkist GTR] 13:25:19 End processing HTTP request after 528.8422ms - 200
[Info   :Zeepkist GTR] 13:25:20 Starting recorder
[Info   :Zeepkist GTR] 13:25:50 Loading personal best...
[Info   :Zeepkist GTR] 13:25:50 Start processing HTTP request "POST" https://graphql.zeepki.st/
[Info   :Zeepkist GTR] 13:25:50 Start processing HTTP request "POST" https://graphql.zeepki.st/
[Info   :Zeepkist GTR] 13:25:50 Sending HTTP request "POST" https://graphql.zeepki.st/
[Info   :Zeepkist GTR] 13:25:50 Stopping existing recorder if any
[Info   :Zeepkist GTR] 13:25:50 Creating new recorder
[Info   :Zeepkist GTR] 13:25:51 Received HTTP response headers after 161.8544ms - 200
[Info   :Zeepkist GTR] 13:25:51 End processing HTTP request after 161.9749ms - 200
[Info   :Zeepkist GTR] 13:25:51 End processing HTTP request after 170.2275ms - 200
[Info   :Zeepkist GTR] 13:25:52 Starting recorder
[Info   :Zeepkist GTR] 13:26:15 Loading personal best...
[Info   :Zeepkist GTR] 13:26:15 Start processing HTTP request "POST" https://graphql.zeepki.st/
[Info   :Zeepkist GTR] 13:26:15 Start processing HTTP request "POST" https://graphql.zeepki.st/
[Info   :Zeepkist GTR] 13:26:15 Sending HTTP request "POST" https://graphql.zeepki.st/
[Info   :Zeepkist GTR] 13:26:15 Stopping existing recorder if any
[Info   :Zeepkist GTR] 13:26:15 Creating new recorder
[Info   :Zeepkist GTR] 13:26:15 Received HTTP response headers after 162.6314ms - 200
[Info   :Zeepkist GTR] 13:26:15 End processing HTTP request after 162.7646ms - 200
[Info   :Zeepkist GTR] 13:26:15 End processing HTTP request after 170.3518ms - 200
[Info   :Zeepkist GTR] 13:26:16 Starting recorder
[Info   :RoundLeaderboardTab] Drawing leaderboard -> forwarding to Instance.DrawTabLeaderboard()
[Info   :ChampionshipLeaderboardTab] Drawing leaderboard -> forwarding to Instance.DrawTabLeaderboard()
[Warning:OnlineLeaderboardTab] GTR leaderboard subscription failed: System.OperationCanceledException: The operation was canceled.
  at System.Threading.Channels.AsyncOperation`1[TResult].GetResult (System.Int16 token) [0x00053] in <f4f5f2aafdc0427494a7ef43d0100ed5>:0 
  at StrawberryShake.Transport.WebSockets.SocketOperation+MessageStream+<GetAsyncEnumerator>d__3.MoveNext () [0x000e4] in <b27e0001a2144356900c2ddd47f51981>:0 
  at System.Threading.Tasks.Sources.ManualResetValueTaskSourceCore`1[TResult].GetResult (System.Int16 token) [0x0001f] in <7b69b526073240d78fc73ce5db967a72>:0 
  at StrawberryShake.Transport.WebSockets.SocketOperation+MessageStream+<GetAsyncEnumerator>d__3.System.Threading.Tasks.Sources.IValueTaskSource<System.Boolean>.GetResult (System.Int16 token) [0x00000] in <b27e0001a2144356900c2ddd47f51981>:0 
  at StrawberryShake.Transport.WebSockets.WebSocketConnection+ResponseStream+<GetAsyncEnumerator>d__3.MoveNext () [0x00415] in <b27e0001a2144356900c2ddd47f51981>:0 
  at StrawberryShake.Transport.WebSockets.WebSocketConnection+ResponseStream+<GetAsyncEnumerator>d__3.MoveNext () [0x004c1] in <b27e0001a2144356900c2ddd47f51981>:0 
  at StrawberryShake.Transport.WebSockets.WebSocketConnection+ResponseStream+<GetAsyncEnumerator>d__3.MoveNext () [0x00595] in <b27e0001a2144356900c2ddd47f51981>:0 
  at StrawberryShake.Transport.WebSockets.WebSocketConnection+ResponseStream+<GetAsyncEnumerator>d__3.MoveNext () [0x00665] in <b27e0001a2144356900c2ddd47f51981>:0 
  at System.Threading.Tasks.Sources.ManualResetValueTaskSourceCore`1[TResult].GetResult (System.Int16 token) [0x0001f] in <7b69b526073240d78fc73ce5db967a72>:0 
  at StrawberryShake.Transport.WebSockets.WebSocketConnection+ResponseStream+<GetAsyncEnumerator>d__3.System.Threading.Tasks.Sources.IValueTaskSource<System.Boolean>.GetResult (System.Int16 token) [0x00000] in <b27e0001a2144356900c2ddd47f51981>:0 
  at StrawberryShake.OperationExecutor`2+OperationExecutorObservable[TData,TResult].ExecuteAsync (System.IObserver`1[T] observer, StrawberryShake.ObserverSession session, StrawberryShake.IOperationResult`1[TResultData] lastEmittedResult) [0x001bd] in <477cd25efd574ed694e416a1db52b995>:0 
  at StrawberryShake.OperationExecutor`2+OperationExecutorObservable[TData,TResult].ExecuteAsync (System.IObserver`1[T] observer, StrawberryShake.ObserverSession session, StrawberryShake.IOperationResult`1[TResultData] lastEmittedResult) [0x0026e] in <477cd25efd574ed694e416a1db52b995>:0 
[Warning:OnlineLeaderboardTab] GTR leaderboard subscription failed: System.OperationCanceledException: The operation was canceled.
  at System.Threading.Channels.AsyncOperation`1[TResult].GetResult (System.Int16 token) [0x00053] in <f4f5f2aafdc0427494a7ef43d0100ed5>:0 
  at StrawberryShake.Transport.WebSockets.SocketOperation+MessageStream+<GetAsyncEnumerator>d__3.MoveNext () [0x000e4] in <b27e0001a2144356900c2ddd47f51981>:0 
  at System.Threading.Tasks.Sources.ManualResetValueTaskSourceCore`1[TResult].GetResult (System.Int16 token) [0x0001f] in <7b69b526073240d78fc73ce5db967a72>:0 
  at StrawberryShake.Transport.WebSockets.SocketOperation+MessageStream+<GetAsyncEnumerator>d__3.System.Threading.Tasks.Sources.IValueTaskSource<System.Boolean>.GetResult (System.Int16 token) [0x00000] in <b27e0001a2144356900c2ddd47f51981>:0 
  at StrawberryShake.Transport.WebSockets.WebSocketConnection+ResponseStream+<GetAsyncEnumerator>d__3.MoveNext () [0x00415] in <b27e0001a2144356900c2ddd47f51981>:0 
  at StrawberryShake.Transport.WebSockets.WebSocketConnection+ResponseStream+<GetAsyncEnumerator>d__3.MoveNext () [0x004c1] in <b27e0001a2144356900c2ddd47f51981>:0 
  at StrawberryShake.Transport.WebSockets.WebSocketConnection+ResponseStream+<GetAsyncEnumerator>d__3.MoveNext () [0x00595] in <b27e0001a2144356900c2ddd47f51981>:0 
  at StrawberryShake.Transport.WebSockets.WebSocketConnection+ResponseStream+<GetAsyncEnumerator>d__3.MoveNext () [0x00665] in <b27e0001a2144356900c2ddd47f51981>:0 
  at System.Threading.Tasks.Sources.ManualResetValueTaskSourceCore`1[TResult].GetResult (System.Int16 token) [0x0001f] in <7b69b526073240d78fc73ce5db967a72>:0 
  at StrawberryShake.Transport.WebSockets.WebSocketConnection+ResponseStream+<GetAsyncEnumerator>d__3.System.Threading.Tasks.Sources.IValueTaskSource<System.Boolean>.GetResult (System.Int16 token) [0x00000] in <b27e0001a2144356900c2ddd47f51981>:0 
  at StrawberryShake.OperationExecutor`2+OperationExecutorObservable[TData,TResult].ExecuteAsync (System.IObserver`1[T] observer, StrawberryShake.ObserverSession session, StrawberryShake.IOperationResult`1[TResultData] lastEmittedResult) [0x001bd] in <477cd25efd574ed694e416a1db52b995>:0 
  at StrawberryShake.OperationExecutor`2+OperationExecutorObservable[TData,TResult].ExecuteAsync (System.IObserver`1[T] observer, StrawberryShake.ObserverSession session, StrawberryShake.IOperationResult`1[TResultData] lastEmittedResult) [0x0026e] in <477cd25efd574ed694e416a1db52b995>:0 
[Warning:OnlineLeaderboardTab] GTR leaderboard subscription failed: System.OperationCanceledException: The operation was canceled.
  at System.Threading.Channels.AsyncOperation`1[TResult].GetResult (System.Int16 token) [0x00053] in <f4f5f2aafdc0427494a7ef43d0100ed5>:0 
  at StrawberryShake.Transport.WebSockets.SocketOperation+MessageStream+<GetAsyncEnumerator>d__3.MoveNext () [0x000e4] in <b27e0001a2144356900c2ddd47f51981>:0 
  at System.Threading.Tasks.Sources.ManualResetValueTaskSourceCore`1[TResult].GetResult (System.Int16 token) [0x0001f] in <7b69b526073240d78fc73ce5db967a72>:0 
  at StrawberryShake.Transport.WebSockets.SocketOperation+MessageStream+<GetAsyncEnumerator>d__3.System.Threading.Tasks.Sources.IValueTaskSource<System.Boolean>.GetResult (System.Int16 token) [0x00000] in <b27e0001a2144356900c2ddd47f51981>:0 
  at StrawberryShake.Transport.WebSockets.WebSocketConnection+ResponseStream+<GetAsyncEnumerator>d__3.MoveNext () [0x00415] in <b27e0001a2144356900c2ddd47f51981>:0 
  at StrawberryShake.Transport.WebSockets.WebSocketConnection+ResponseStream+<GetAsyncEnumerator>d__3.MoveNext () [0x004c1] in <b27e0001a2144356900c2ddd47f51981>:0 
  at StrawberryShake.Transport.WebSockets.WebSocketConnection+ResponseStream+<GetAsyncEnumerator>d__3.MoveNext () [0x00595] in <b27e0001a2144356900c2ddd47f51981>:0 
  at StrawberryShake.Transport.WebSockets.WebSocketConnection+ResponseStream+<GetAsyncEnumerator>d__3.MoveNext () [0x00665] in <b27e0001a2144356900c2ddd47f51981>:0 
  at System.Threading.Tasks.Sources.ManualResetValueTaskSourceCore`1[TResult].GetResult (System.Int16 token) [0x0001f] in <7b69b526073240d78fc73ce5db967a72>:0 
  at StrawberryShake.Transport.WebSockets.WebSocketConnection+ResponseStream+<GetAsyncEnumerator>d__3.System.Threading.Tasks.Sources.IValueTaskSource<System.Boolean>.GetResult (System.Int16 token) [0x00000] in <b27e0001a2144356900c2ddd47f51981>:0 
  at StrawberryShake.OperationExecutor`2+OperationExecutorObservable[TData,TResult].ExecuteAsync (System.IObserver`1[T] observer, StrawberryShake.ObserverSession session, StrawberryShake.IOperationResult`1[TResultData] lastEmittedResult) [0x001bd] in <477cd25efd574ed694e416a1db52b995>:0 
  at StrawberryShake.OperationExecutor`2+OperationExecutorObservable[TData,TResult].ExecuteAsync (System.IObserver`1[T] observer, StrawberryShake.ObserverSession session, StrawberryShake.IOperationResult`1[TResultData] lastEmittedResult) [0x0026e] in <477cd25efd574ed694e416a1db52b995>:0 
[Warning:OnlineLeaderboardTab] GTR leaderboard subscription failed: System.OperationCanceledException: The operation was canceled.
  at System.Threading.Channels.AsyncOperation`1[TResult].GetResult (System.Int16 token) [0x00053] in <f4f5f2aafdc0427494a7ef43d0100ed5>:0 
  at StrawberryShake.Transport.WebSockets.SocketOperation+MessageStream+<GetAsyncEnumerator>d__3.MoveNext () [0x000e4] in <b27e0001a2144356900c2ddd47f51981>:0 
  at System.Threading.Tasks.Sources.ManualResetValueTaskSourceCore`1[TResult].GetResult (System.Int16 token) [0x0001f] in <7b69b526073240d78fc73ce5db967a72>:0 
  at StrawberryShake.Transport.WebSockets.SocketOperation+MessageStream+<GetAsyncEnumerator>d__3.System.Threading.Tasks.Sources.IValueTaskSource<System.Boolean>.GetResult (System.Int16 token) [0x00000] in <b27e0001a2144356900c2ddd47f51981>:0 
  at StrawberryShake.Transport.WebSockets.WebSocketConnection+ResponseStream+<GetAsyncEnumerator>d__3.MoveNext () [0x00415] in <b27e0001a2144356900c2ddd47f51981>:0 
  at StrawberryShake.Transport.WebSockets.WebSocketConnection+ResponseStream+<GetAsyncEnumerator>d__3.MoveNext () [0x004c1] in <b27e0001a2144356900c2ddd47f51981>:0 
  at StrawberryShake.Transport.WebSockets.WebSocketConnection+ResponseStream+<GetAsyncEnumerator>d__3.MoveNext () [0x00595] in <b27e0001a2144356900c2ddd47f51981>:0 
  at StrawberryShake.Transport.WebSockets.WebSocketConnection+ResponseStream+<GetAsyncEnumerator>d__3.MoveNext () [0x00665] in <b27e0001a2144356900c2ddd47f51981>:0 
  at System.Threading.Tasks.Sources.ManualResetValueTaskSourceCore`1[TResult].GetResult (System.Int16 token) [0x0001f] in <7b69b526073240d78fc73ce5db967a72>:0 
  at StrawberryShake.Transport.WebSockets.WebSocketConnection+ResponseStream+<GetAsyncEnumerator>d__3.System.Threading.Tasks.Sources.IValueTaskSource<System.Boolean>.GetResult (System.Int16 token) [0x00000] in <b27e0001a2144356900c2ddd47f51981>:0 
  at StrawberryShake.OperationExecutor`2+OperationExecutorObservable[TData,TResult].ExecuteAsync (System.IObserver`1[T] observer, StrawberryShake.ObserverSession session, StrawberryShake.IOperationResult`1[TResultData] lastEmittedResult) [0x001bd] in <477cd25efd574ed694e416a1db52b995>:0 
  at StrawberryShake.OperationExecutor`2+OperationExecutorObservable[TData,TResult].ExecuteAsync (System.IObserver`1[T] observer, StrawberryShake.ObserverSession session, StrawberryShake.IOperationResult`1[TResultData] lastEmittedResult) [0x0026e] in <477cd25efd574ed694e416a1db52b995>:0 
[Warning:OnlineLeaderboardTab] GTR leaderboard subscription failed: System.OperationCanceledException: The operation was canceled.
  at System.Threading.Channels.AsyncOperation`1[TResult].GetResult (System.Int16 token) [0x00053] in <f4f5f2aafdc0427494a7ef43d0100ed5>:0 
  at StrawberryShake.Transport.WebSockets.SocketOperation+MessageStream+<GetAsyncEnumerator>d__3.MoveNext () [0x000e4] in <b27e0001a2144356900c2ddd47f51981>:0 
  at System.Threading.Tasks.Sources.ManualResetValueTaskSourceCore`1[TResult].GetResult (System.Int16 token) [0x0001f] in <7b69b526073240d78fc73ce5db967a72>:0 
  at StrawberryShake.Transport.WebSockets.SocketOperation+MessageStream+<GetAsyncEnumerator>d__3.System.Threading.Tasks.Sources.IValueTaskSource<System.Boolean>.GetResult (System.Int16 token) [0x00000] in <b27e0001a2144356900c2ddd47f51981>:0 
  at StrawberryShake.Transport.WebSockets.WebSocketConnection+ResponseStream+<GetAsyncEnumerator>d__3.MoveNext () [0x00415] in <b27e0001a2144356900c2ddd47f51981>:0 
  at StrawberryShake.Transport.WebSockets.WebSocketConnection+ResponseStream+<GetAsyncEnumerator>d__3.MoveNext () [0x004c1] in <b27e0001a2144356900c2ddd47f51981>:0 
  at StrawberryShake.Transport.WebSockets.WebSocketConnection+ResponseStream+<GetAsyncEnumerator>d__3.MoveNext () [0x00595] in <b27e0001a2144356900c2ddd47f51981>:0 
  at StrawberryShake.Transport.WebSockets.WebSocketConnection+ResponseStream+<GetAsyncEnumerator>d__3.MoveNext () [0x00665] in <b27e0001a2144356900c2ddd47f51981>:0 
  at System.Threading.Tasks.Sources.ManualResetValueTaskSourceCore`1[TResult].GetResult (System.Int16 token) [0x0001f] in <7b69b526073240d78fc73ce5db967a72>:0 
  at StrawberryShake.Transport.WebSockets.WebSocketConnection+ResponseStream+<GetAsyncEnumerator>d__3.System.Threading.Tasks.Sources.IValueTaskSource<System.Boolean>.GetResult (System.Int16 token) [0x00000] in <b27e0001a2144356900c2ddd47f51981>:0 
  at StrawberryShake.OperationExecutor`2+OperationExecutorObservable[TData,TResult].ExecuteAsync (System.IObserver`1[T] observer, StrawberryShake.ObserverSession session, StrawberryShake.IOperationResult`1[TResultData] lastEmittedResult) [0x001bd] in <477cd25efd574ed694e416a1db52b995>:0 
  at StrawberryShake.OperationExecutor`2+OperationExecutorObservable[TData,TResult].ExecuteAsync (System.IObserver`1[T] observer, StrawberryShake.ObserverSession session, StrawberryShake.IOperationResult`1[TResultData] lastEmittedResult) [0x0026e] in <477cd25efd574ed694e416a1db52b995>:0 
[Warning:OnlineLeaderboardTab] GTR leaderboard subscription failed: System.OperationCanceledException: The operation was canceled.
  at System.Threading.Channels.AsyncOperation`1[TResult].GetResult (System.Int16 token) [0x00053] in <f4f5f2aafdc0427494a7ef43d0100ed5>:0 
  at StrawberryShake.Transport.WebSockets.SocketOperation+MessageStream+<GetAsyncEnumerator>d__3.MoveNext () [0x000e4] in <b27e0001a2144356900c2ddd47f51981>:0 
  at System.Threading.Tasks.Sources.ManualResetValueTaskSourceCore`1[TResult].GetResult (System.Int16 token) [0x0001f] in <7b69b526073240d78fc73ce5db967a72>:0 
  at StrawberryShake.Transport.WebSockets.SocketOperation+MessageStream+<GetAsyncEnumerator>d__3.System.Threading.Tasks.Sources.IValueTaskSource<System.Boolean>.GetResult (System.Int16 token) [0x00000] in <b27e0001a2144356900c2ddd47f51981>:0 
  at StrawberryShake.Transport.WebSockets.WebSocketConnection+ResponseStream+<GetAsyncEnumerator>d__3.MoveNext () [0x00415] in <b27e0001a2144356900c2ddd47f51981>:0 
  at StrawberryShake.Transport.WebSockets.WebSocketConnection+ResponseStream+<GetAsyncEnumerator>d__3.MoveNext () [0x004c1] in <b27e0001a2144356900c2ddd47f51981>:0 
  at StrawberryShake.Transport.WebSockets.WebSocketConnection+ResponseStream+<GetAsyncEnumerator>d__3.MoveNext () [0x00595] in <b27e0001a2144356900c2ddd47f51981>:0 
  at StrawberryShake.Transport.WebSockets.WebSocketConnection+ResponseStream+<GetAsyncEnumerator>d__3.MoveNext () [0x00665] in <b27e0001a2144356900c2ddd47f51981>:0 
  at System.Threading.Tasks.Sources.ManualResetValueTaskSourceCore`1[TResult].GetResult (System.Int16 token) [0x0001f] in <7b69b526073240d78fc73ce5db967a72>:0 
  at StrawberryShake.Transport.WebSockets.WebSocketConnection+ResponseStream+<GetAsyncEnumerator>d__3.System.Threading.Tasks.Sources.IValueTaskSource<System.Boolean>.GetResult (System.Int16 token) [0x00000] in <b27e0001a2144356900c2ddd47f51981>:0 
  at StrawberryShake.OperationExecutor`2+OperationExecutorObservable[TData,TResult].ExecuteAsync (System.IObserver`1[T] observer, StrawberryShake.ObserverSession session, StrawberryShake.IOperationResult`1[TResultData] lastEmittedResult) [0x001bd] in <477cd25efd574ed694e416a1db52b995>:0 
  at StrawberryShake.OperationExecutor`2+OperationExecutorObservable[TData,TResult].ExecuteAsync (System.IObserver`1[T] observer, StrawberryShake.ObserverSession session, StrawberryShake.IOperationResult`1[TResultData] lastEmittedResult) [0x0026e] in <477cd25efd574ed694e416a1db52b995>:0 
[Warning:OnlineLeaderboardTab] GTR leaderboard subscription failed: System.OperationCanceledException: The operation was canceled.
  at System.Threading.Channels.AsyncOperation`1[TResult].GetResult (System.Int16 token) [0x00053] in <f4f5f2aafdc0427494a7ef43d0100ed5>:0 
  at StrawberryShake.Transport.WebSockets.SocketOperation+MessageStream+<GetAsyncEnumerator>d__3.MoveNext () [0x000e4] in <b27e0001a2144356900c2ddd47f51981>:0 
  at System.Threading.Tasks.Sources.ManualResetValueTaskSourceCore`1[TResult].GetResult (System.Int16 token) [0x0001f] in <7b69b526073240d78fc73ce5db967a72>:0 
  at StrawberryShake.Transport.WebSockets.SocketOperation+MessageStream+<GetAsyncEnumerator>d__3.System.Threading.Tasks.Sources.IValueTaskSource<System.Boolean>.GetResult (System.Int16 token) [0x00000] in <b27e0001a2144356900c2ddd47f51981>:0 
  at StrawberryShake.Transport.WebSockets.WebSocketConnection+ResponseStream+<GetAsyncEnumerator>d__3.MoveNext () [0x00415] in <b27e0001a2144356900c2ddd47f51981>:0 
  at StrawberryShake.Transport.WebSockets.WebSocketConnection+ResponseStream+<GetAsyncEnumerator>d__3.MoveNext () [0x004c1] in <b27e0001a2144356900c2ddd47f51981>:0 
  at StrawberryShake.Transport.WebSockets.WebSocketConnection+ResponseStream+<GetAsyncEnumerator>d__3.MoveNext () [0x00595] in <b27e0001a2144356900c2ddd47f51981>:0 
  at StrawberryShake.Transport.WebSockets.WebSocketConnection+ResponseStream+<GetAsyncEnumerator>d__3.MoveNext () [0x00665] in <b27e0001a2144356900c2ddd47f51981>:0 
  at System.Threading.Tasks.Sources.ManualResetValueTaskSourceCore`1[TResult].GetResult (System.Int16 token) [0x0001f] in <7b69b526073240d78fc73ce5db967a72>:0 
  at StrawberryShake.Transport.WebSockets.WebSocketConnection+ResponseStream+<GetAsyncEnumerator>d__3.System.Threading.Tasks.Sources.IValueTaskSource<System.Boolean>.GetResult (System.Int16 token) [0x00000] in <b27e0001a2144356900c2ddd47f51981>:0 
  at StrawberryShake.OperationExecutor`2+OperationExecutorObservable[TData,TResult].ExecuteAsync (System.IObserver`1[T] observer, StrawberryShake.ObserverSession session, StrawberryShake.IOperationResult`1[TResultData] lastEmittedResult) [0x001bd] in <477cd25efd574ed694e416a1db52b995>:0 
  at StrawberryShake.OperationExecutor`2+OperationExecutorObservable[TData,TResult].ExecuteAsync (System.IObserver`1[T] observer, StrawberryShake.ObserverSession session, StrawberryShake.IOperationResult`1[TResultData] lastEmittedResult) [0x0026e] in <477cd25efd574ed694e416a1db52b995>:0 
[Warning:OnlineLeaderboardTab] GTR leaderboard subscription failed: System.OperationCanceledException: The operation was canceled.
  at System.Threading.Channels.AsyncOperation`1[TResult].GetResult (System.Int16 token) [0x00053] in <f4f5f2aafdc0427494a7ef43d0100ed5>:0 
  at StrawberryShake.Transport.WebSockets.SocketOperation+MessageStream+<GetAsyncEnumerator>d__3.MoveNext () [0x000e4] in <b27e0001a2144356900c2ddd47f51981>:0 
  at System.Threading.Tasks.Sources.ManualResetValueTaskSourceCore`1[TResult].GetResult (System.Int16 token) [0x0001f] in <7b69b526073240d78fc73ce5db967a72>:0 
  at StrawberryShake.Transport.WebSockets.SocketOperation+MessageStream+<GetAsyncEnumerator>d__3.System.Threading.Tasks.Sources.IValueTaskSource<System.Boolean>.GetResult (System.Int16 token) [0x00000] in <b27e0001a2144356900c2ddd47f51981>:0 
  at StrawberryShake.Transport.WebSockets.WebSocketConnection+ResponseStream+<GetAsyncEnumerator>d__3.MoveNext () [0x00415] in <b27e0001a2144356900c2ddd47f51981>:0 
  at StrawberryShake.Transport.WebSockets.WebSocketConnection+ResponseStream+<GetAsyncEnumerator>d__3.MoveNext () [0x004c1] in <b27e0001a2144356900c2ddd47f51981>:0 
  at StrawberryShake.Transport.WebSockets.WebSocketConnection+ResponseStream+<GetAsyncEnumerator>d__3.MoveNext () [0x00595] in <b27e0001a2144356900c2ddd47f51981>:0 
  at StrawberryShake.Transport.WebSockets.WebSocketConnection+ResponseStream+<GetAsyncEnumerator>d__3.MoveNext () [0x00665] in <b27e0001a2144356900c2ddd47f51981>:0 
  at System.Threading.Tasks.Sources.ManualResetValueTaskSourceCore`1[TResult].GetResult (System.Int16 token) [0x0001f] in <7b69b526073240d78fc73ce5db967a72>:0 
  at StrawberryShake.Transport.WebSockets.WebSocketConnection+ResponseStream+<GetAsyncEnumerator>d__3.System.Threading.Tasks.Sources.IValueTaskSource<System.Boolean>.GetResult (System.Int16 token) [0x00000] in <b27e0001a2144356900c2ddd47f51981>:0 
  at StrawberryShake.OperationExecutor`2+OperationExecutorObservable[TData,TResult].ExecuteAsync (System.IObserver`1[T] observer, StrawberryShake.ObserverSession session, StrawberryShake.IOperationResult`1[TResultData] lastEmittedResult) [0x001bd] in <477cd25efd574ed694e416a1db52b995>:0 
  at StrawberryShake.OperationExecutor`2+OperationExecutorObservable[TData,TResult].ExecuteAsync (System.IObserver`1[T] observer, StrawberryShake.ObserverSession session, StrawberryShake.IOperationResult`1[TResultData] lastEmittedResult) [0x0026e] in <477cd25efd574ed694e416a1db52b995>:0 
[Warning:OnlineLeaderboardTab] GTR leaderboard subscription failed: System.OperationCanceledException: The operation was canceled.
  at System.Threading.Channels.AsyncOperation`1[TResult].GetResult (System.Int16 token) [0x00053] in <f4f5f2aafdc0427494a7ef43d0100ed5>:0 
  at StrawberryShake.Transport.WebSockets.SocketOperation+MessageStream+<GetAsyncEnumerator>d__3.MoveNext () [0x000e4] in <b27e0001a2144356900c2ddd47f51981>:0 
  at System.Threading.Tasks.Sources.ManualResetValueTaskSourceCore`1[TResult].GetResult (System.Int16 token) [0x0001f] in <7b69b526073240d78fc73ce5db967a72>:0 
  at StrawberryShake.Transport.WebSockets.SocketOperation+MessageStream+<GetAsyncEnumerator>d__3.System.Threading.Tasks.Sources.IValueTaskSource<System.Boolean>.GetResult (System.Int16 token) [0x00000] in <b27e0001a2144356900c2ddd47f51981>:0 
  at StrawberryShake.Transport.WebSockets.WebSocketConnection+ResponseStream+<GetAsyncEnumerator>d__3.MoveNext () [0x00415] in <b27e0001a2144356900c2ddd47f51981>:0 
  at StrawberryShake.Transport.WebSockets.WebSocketConnection+ResponseStream+<GetAsyncEnumerator>d__3.MoveNext () [0x004c1] in <b27e0001a2144356900c2ddd47f51981>:0 
  at StrawberryShake.Transport.WebSockets.WebSocketConnection+ResponseStream+<GetAsyncEnumerator>d__3.MoveNext () [0x00595] in <b27e0001a2144356900c2ddd47f51981>:0 
  at StrawberryShake.Transport.WebSockets.WebSocketConnection+ResponseStream+<GetAsyncEnumerator>d__3.MoveNext () [0x00665] in <b27e0001a2144356900c2ddd47f51981>:0 
  at System.Threading.Tasks.Sources.ManualResetValueTaskSourceCore`1[TResult].GetResult (System.Int16 token) [0x0001f] in <7b69b526073240d78fc73ce5db967a72>:0 
  at StrawberryShake.Transport.WebSockets.WebSocketConnection+ResponseStream+<GetAsyncEnumerator>d__3.System.Threading.Tasks.Sources.IValueTaskSource<System.Boolean>.GetResult (System.Int16 token) [0x00000] in <b27e0001a2144356900c2ddd47f51981>:0 
  at StrawberryShake.OperationExecutor`2+OperationExecutorObservable[TData,TResult].ExecuteAsync (System.IObserver`1[T] observer, StrawberryShake.ObserverSession session, StrawberryShake.IOperationResult`1[TResultData] lastEmittedResult) [0x001bd] in <477cd25efd574ed694e416a1db52b995>:0 
  at StrawberryShake.OperationExecutor`2+OperationExecutorObservable[TData,TResult].ExecuteAsync (System.IObserver`1[T] observer, StrawberryShake.ObserverSession session, StrawberryShake.IOperationResult`1[TResultData] lastEmittedResult) [0x0026e] in <477cd25efd574ed694e416a1db52b995>:0 
[Warning:OnlineLeaderboardTab] GTR leaderboard subscription failed: System.OperationCanceledException: The operation was canceled.
  at System.Threading.Channels.AsyncOperation`1[TResult].GetResult (System.Int16 token) [0x00053] in <f4f5f2aafdc0427494a7ef43d0100ed5>:0 
  at StrawberryShake.Transport.WebSockets.SocketOperation+MessageStream+<GetAsyncEnumerator>d__3.MoveNext () [0x000e4] in <b27e0001a2144356900c2ddd47f51981>:0 
  at System.Threading.Tasks.Sources.ManualResetValueTaskSourceCore`1[TResult].GetResult (System.Int16 token) [0x0001f] in <7b69b526073240d78fc73ce5db967a72>:0 
  at StrawberryShake.Transport.WebSockets.SocketOperation+MessageStream+<GetAsyncEnumerator>d__3.System.Threading.Tasks.Sources.IValueTaskSource<System.Boolean>.GetResult (System.Int16 token) [0x00000] in <b27e0001a2144356900c2ddd47f51981>:0 
  at StrawberryShake.Transport.WebSockets.WebSocketConnection+ResponseStream+<GetAsyncEnumerator>d__3.MoveNext () [0x00415] in <b27e0001a2144356900c2ddd47f51981>:0 
  at StrawberryShake.Transport.WebSockets.WebSocketConnection+ResponseStream+<GetAsyncEnumerator>d__3.MoveNext () [0x004c1] in <b27e0001a2144356900c2ddd47f51981>:0 
  at StrawberryShake.Transport.WebSockets.WebSocketConnection+ResponseStream+<GetAsyncEnumerator>d__3.MoveNext () [0x00595] in <b27e0001a2144356900c2ddd47f51981>:0 
  at StrawberryShake.Transport.WebSockets.WebSocketConnection+ResponseStream+<GetAsyncEnumerator>d__3.MoveNext () [0x00665] in <b27e0001a2144356900c2ddd47f51981>:0 
  at System.Threading.Tasks.Sources.ManualResetValueTaskSourceCore`1[TResult].GetResult (System.Int16 token) [0x0001f] in <7b69b526073240d78fc73ce5db967a72>:0 
  at StrawberryShake.Transport.WebSockets.WebSocketConnection+ResponseStream+<GetAsyncEnumerator>d__3.System.Threading.Tasks.Sources.IValueTaskSource<System.Boolean>.GetResult (System.Int16 token) [0x00000] in <b27e0001a2144356900c2ddd47f51981>:0 
  at StrawberryShake.OperationExecutor`2+OperationExecutorObservable[TData,TResult].ExecuteAsync (System.IObserver`1[T] observer, StrawberryShake.ObserverSession session, StrawberryShake.IOperationResult`1[TResultData] lastEmittedResult) [0x001bd] in <477cd25efd574ed694e416a1db52b995>:0 
  at StrawberryShake.OperationExecutor`2+OperationExecutorObservable[TData,TResult].ExecuteAsync (System.IObserver`1[T] observer, StrawberryShake.ObserverSession session, StrawberryShake.IOperationResult`1[TResultData] lastEmittedResult) [0x0026e] in <477cd25efd574ed694e416a1db52b995>:0 
[Warning:OnlineLeaderboardTab] GTR leaderboard subscription failed: System.OperationCanceledException: The operation was canceled.
  at System.Threading.Channels.AsyncOperation`1[TResult].GetResult (System.Int16 token) [0x00053] in <f4f5f2aafdc0427494a7ef43d0100ed5>:0 
  at StrawberryShake.Transport.WebSockets.SocketOperation+MessageStream+<GetAsyncEnumerator>d__3.MoveNext () [0x000e4] in <b27e0001a2144356900c2ddd47f51981>:0 
  at System.Threading.Tasks.Sources.ManualResetValueTaskSourceCore`1[TResult].GetResult (System.Int16 token) [0x0001f] in <7b69b526073240d78fc73ce5db967a72>:0 
  at StrawberryShake.Transport.WebSockets.SocketOperation+MessageStream+<GetAsyncEnumerator>d__3.System.Threading.Tasks.Sources.IValueTaskSource<System.Boolean>.GetResult (System.Int16 token) [0x00000] in <b27e0001a2144356900c2ddd47f51981>:0 
  at StrawberryShake.Transport.WebSockets.WebSocketConnection+ResponseStream+<GetAsyncEnumerator>d__3.MoveNext () [0x00415] in <b27e0001a2144356900c2ddd47f51981>:0 
  at StrawberryShake.Transport.WebSockets.WebSocketConnection+ResponseStream+<GetAsyncEnumerator>d__3.MoveNext () [0x004c1] in <b27e0001a2144356900c2ddd47f51981>:0 
  at StrawberryShake.Transport.WebSockets.WebSocketConnection+ResponseStream+<GetAsyncEnumerator>d__3.MoveNext () [0x00595] in <b27e0001a2144356900c2ddd47f51981>:0 
  at StrawberryShake.Transport.WebSockets.WebSocketConnection+ResponseStream+<GetAsyncEnumerator>d__3.MoveNext () [0x00665] in <b27e0001a2144356900c2ddd47f51981>:0 
  at System.Threading.Tasks.Sources.ManualResetValueTaskSourceCore`1[TResult].GetResult (System.Int16 token) [0x0001f] in <7b69b526073240d78fc73ce5db967a72>:0 
  at StrawberryShake.Transport.WebSockets.WebSocketConnection+ResponseStream+<GetAsyncEnumerator>d__3.System.Threading.Tasks.Sources.IValueTaskSource<System.Boolean>.GetResult (System.Int16 token) [0x00000] in <b27e0001a2144356900c2ddd47f51981>:0 
  at StrawberryShake.OperationExecutor`2+OperationExecutorObservable[TData,TResult].ExecuteAsync (System.IObserver`1[T] observer, StrawberryShake.ObserverSession session, StrawberryShake.IOperationResult`1[TResultData] lastEmittedResult) [0x001bd] in <477cd25efd574ed694e416a1db52b995>:0 
  at StrawberryShake.OperationExecutor`2+OperationExecutorObservable[TData,TResult].ExecuteAsync (System.IObserver`1[T] observer, StrawberryShake.ObserverSession session, StrawberryShake.IOperationResult`1[TResultData] lastEmittedResult) [0x0026e] in <477cd25efd574ed694e416a1db52b995>:0 
[Warning:OnlineLeaderboardTab] GTR leaderboard subscription failed: System.OperationCanceledException: The operation was canceled.
  at System.Threading.Channels.AsyncOperation`1[TResult].GetResult (System.Int16 token) [0x00053] in <f4f5f2aafdc0427494a7ef43d0100ed5>:0 
  at StrawberryShake.Transport.WebSockets.SocketOperation+MessageStream+<GetAsyncEnumerator>d__3.MoveNext () [0x000e4] in <b27e0001a2144356900c2ddd47f51981>:0 
  at System.Threading.Tasks.Sources.ManualResetValueTaskSourceCore`1[TResult].GetResult (System.Int16 token) [0x0001f] in <7b69b526073240d78fc73ce5db967a72>:0 
  at StrawberryShake.Transport.WebSockets.SocketOperation+MessageStream+<GetAsyncEnumerator>d__3.System.Threading.Tasks.Sources.IValueTaskSource<System.Boolean>.GetResult (System.Int16 token) [0x00000] in <b27e0001a2144356900c2ddd47f51981>:0 
  at StrawberryShake.Transport.WebSockets.WebSocketConnection+ResponseStream+<GetAsyncEnumerator>d__3.MoveNext () [0x00415] in <b27e0001a2144356900c2ddd47f51981>:0 
  at StrawberryShake.Transport.WebSockets.WebSocketConnection+ResponseStream+<GetAsyncEnumerator>d__3.MoveNext () [0x004c1] in <b27e0001a2144356900c2ddd47f51981>:0 
  at StrawberryShake.Transport.WebSockets.WebSocketConnection+ResponseStream+<GetAsyncEnumerator>d__3.MoveNext () [0x00595] in <b27e0001a2144356900c2ddd47f51981>:0 
  at StrawberryShake.Transport.WebSockets.WebSocketConnection+ResponseStream+<GetAsyncEnumerator>d__3.MoveNext () [0x00665] in <b27e0001a2144356900c2ddd47f51981>:0 
  at System.Threading.Tasks.Sources.ManualResetValueTaskSourceCore`1[TResult].GetResult (System.Int16 token) [0x0001f] in <7b69b526073240d78fc73ce5db967a72>:0 
  at StrawberryShake.Transport.WebSockets.WebSocketConnection+ResponseStream+<GetAsyncEnumerator>d__3.System.Threading.Tasks.Sources.IValueTaskSource<System.Boolean>.GetResult (System.Int16 token) [0x00000] in <b27e0001a2144356900c2ddd47f51981>:0 
  at StrawberryShake.OperationExecutor`2+OperationExecutorObservable[TData,TResult].ExecuteAsync (System.IObserver`1[T] observer, StrawberryShake.ObserverSession session, StrawberryShake.IOperationResult`1[TResultData] lastEmittedResult) [0x001bd] in <477cd25efd574ed694e416a1db52b995>:0 
  at StrawberryShake.OperationExecutor`2+OperationExecutorObservable[TData,TResult].ExecuteAsync (System.IObserver`1[T] observer, StrawberryShake.ObserverSession session, StrawberryShake.IOperationResult`1[TResultData] lastEmittedResult) [0x0026e] in <477cd25efd574ed694e416a1db52b995>:0 
[Warning:OnlineLeaderboardTab] GTR leaderboard subscription failed: System.OperationCanceledException: The operation was canceled.
  at System.Threading.Channels.AsyncOperation`1[TResult].GetResult (System.Int16 token) [0x00053] in <f4f5f2aafdc0427494a7ef43d0100ed5>:0 
  at StrawberryShake.Transport.WebSockets.SocketOperation+MessageStream+<GetAsyncEnumerator>d__3.MoveNext () [0x000e4] in <b27e0001a2144356900c2ddd47f51981>:0 
  at System.Threading.Tasks.Sources.ManualResetValueTaskSourceCore`1[TResult].GetResult (System.Int16 token) [0x0001f] in <7b69b526073240d78fc73ce5db967a72>:0 
  at StrawberryShake.Transport.WebSockets.SocketOperation+MessageStream+<GetAsyncEnumerator>d__3.System.Threading.Tasks.Sources.IValueTaskSource<System.Boolean>.GetResult (System.Int16 token) [0x00000] in <b27e0001a2144356900c2ddd47f51981>:0 
  at StrawberryShake.Transport.WebSockets.WebSocketConnection+ResponseStream+<GetAsyncEnumerator>d__3.MoveNext () [0x00415] in <b27e0001a2144356900c2ddd47f51981>:0 
  at StrawberryShake.Transport.WebSockets.WebSocketConnection+ResponseStream+<GetAsyncEnumerator>d__3.MoveNext () [0x004c1] in <b27e0001a2144356900c2ddd47f51981>:0 
  at StrawberryShake.Transport.WebSockets.WebSocketConnection+ResponseStream+<GetAsyncEnumerator>d__3.MoveNext () [0x00595] in <b27e0001a2144356900c2ddd47f51981>:0 
  at StrawberryShake.Transport.WebSockets.WebSocketConnection+ResponseStream+<GetAsyncEnumerator>d__3.MoveNext () [0x00665] in <b27e0001a2144356900c2ddd47f51981>:0 
  at System.Threading.Tasks.Sources.ManualResetValueTaskSourceCore`1[TResult].GetResult (System.Int16 token) [0x0001f] in <7b69b526073240d78fc73ce5db967a72>:0 
  at StrawberryShake.Transport.WebSockets.WebSocketConnection+ResponseStream+<GetAsyncEnumerator>d__3.System.Threading.Tasks.Sources.IValueTaskSource<System.Boolean>.GetResult (System.Int16 token) [0x00000] in <b27e0001a2144356900c2ddd47f51981>:0 
  at StrawberryShake.OperationExecutor`2+OperationExecutorObservable[TData,TResult].ExecuteAsync (System.IObserver`1[T] observer, StrawberryShake.ObserverSession session, StrawberryShake.IOperationResult`1[TResultData] lastEmittedResult) [0x001bd] in <477cd25efd574ed694e416a1db52b995>:0 
  at StrawberryShake.OperationExecutor`2+OperationExecutorObservable[TData,TResult].ExecuteAsync (System.IObserver`1[T] observer, StrawberryShake.ObserverSession session, StrawberryShake.IOperationResult`1[TResultData] lastEmittedResult) [0x0026e] in <477cd25efd574ed694e416a1db52b995>:0 
[Warning:OnlineLeaderboardTab] GTR leaderboard subscription failed: System.OperationCanceledException: The operation was canceled.
  at System.Threading.Channels.AsyncOperation`1[TResult].GetResult (System.Int16 token) [0x00053] in <f4f5f2aafdc0427494a7ef43d0100ed5>:0 
  at StrawberryShake.Transport.WebSockets.SocketOperation+MessageStream+<GetAsyncEnumerator>d__3.MoveNext () [0x000e4] in <b27e0001a2144356900c2ddd47f51981>:0 
  at System.Threading.Tasks.Sources.ManualResetValueTaskSourceCore`1[TResult].GetResult (System.Int16 token) [0x0001f] in <7b69b526073240d78fc73ce5db967a72>:0 
  at StrawberryShake.Transport.WebSockets.SocketOperation+MessageStream+<GetAsyncEnumerator>d__3.System.Threading.Tasks.Sources.IValueTaskSource<System.Boolean>.GetResult (System.Int16 token) [0x00000] in <b27e0001a2144356900c2ddd47f51981>:0 
  at StrawberryShake.Transport.WebSockets.WebSocketConnection+ResponseStream+<GetAsyncEnumerator>d__3.MoveNext () [0x00415] in <b27e0001a2144356900c2ddd47f51981>:0 
  at StrawberryShake.Transport.WebSockets.WebSocketConnection+ResponseStream+<GetAsyncEnumerator>d__3.MoveNext () [0x004c1] in <b27e0001a2144356900c2ddd47f51981>:0 
  at StrawberryShake.Transport.WebSockets.WebSocketConnection+ResponseStream+<GetAsyncEnumerator>d__3.MoveNext () [0x00595] in <b27e0001a2144356900c2ddd47f51981>:0 
  at StrawberryShake.Transport.WebSockets.WebSocketConnection+ResponseStream+<GetAsyncEnumerator>d__3.MoveNext () [0x00665] in <b27e0001a2144356900c2ddd47f51981>:0 
  at System.Threading.Tasks.Sources.ManualResetValueTaskSourceCore`1[TResult].GetResult (System.Int16 token) [0x0001f] in <7b69b526073240d78fc73ce5db967a72>:0 
  at StrawberryShake.Transport.WebSockets.WebSocketConnection+ResponseStream+<GetAsyncEnumerator>d__3.System.Threading.Tasks.Sources.IValueTaskSource<System.Boolean>.GetResult (System.Int16 token) [0x00000] in <b27e0001a2144356900c2ddd47f51981>:0 
  at StrawberryShake.OperationExecutor`2+OperationExecutorObservable[TData,TResult].ExecuteAsync (System.IObserver`1[T] observer, StrawberryShake.ObserverSession session, StrawberryShake.IOperationResult`1[TResultData] lastEmittedResult) [0x001bd] in <477cd25efd574ed694e416a1db52b995>:0 
  at StrawberryShake.OperationExecutor`2+OperationExecutorObservable[TData,TResult].ExecuteAsync (System.IObserver`1[T] observer, StrawberryShake.ObserverSession session, StrawberryShake.IOperationResult`1[TResultData] lastEmittedResult) [0x0026e] in <477cd25efd574ed694e416a1db52b995>:0 
[Warning:OnlineLeaderboardTab] GTR leaderboard subscription failed: System.OperationCanceledException: The operation was canceled.
  at System.Threading.Channels.AsyncOperation`1[TResult].GetResult (System.Int16 token) [0x00053] in <f4f5f2aafdc0427494a7ef43d0100ed5>:0 
  at StrawberryShake.Transport.WebSockets.SocketOperation+MessageStream+<GetAsyncEnumerator>d__3.MoveNext () [0x000e4] in <b27e0001a2144356900c2ddd47f51981>:0 
  at System.Threading.Tasks.Sources.ManualResetValueTaskSourceCore`1[TResult].GetResult (System.Int16 token) [0x0001f] in <7b69b526073240d78fc73ce5db967a72>:0 
  at StrawberryShake.Transport.WebSockets.SocketOperation+MessageStream+<GetAsyncEnumerator>d__3.System.Threading.Tasks.Sources.IValueTaskSource<System.Boolean>.GetResult (System.Int16 token) [0x00000] in <b27e0001a2144356900c2ddd47f51981>:0 
  at StrawberryShake.Transport.WebSockets.WebSocketConnection+ResponseStream+<GetAsyncEnumerator>d__3.MoveNext () [0x00415] in <b27e0001a2144356900c2ddd47f51981>:0 
  at StrawberryShake.Transport.WebSockets.WebSocketConnection+ResponseStream+<GetAsyncEnumerator>d__3.MoveNext () [0x004c1] in <b27e0001a2144356900c2ddd47f51981>:0 
  at StrawberryShake.Transport.WebSockets.WebSocketConnection+ResponseStream+<GetAsyncEnumerator>d__3.MoveNext () [0x00595] in <b27e0001a2144356900c2ddd47f51981>:0 
  at StrawberryShake.Transport.WebSockets.WebSocketConnection+ResponseStream+<GetAsyncEnumerator>d__3.MoveNext () [0x00665] in <b27e0001a2144356900c2ddd47f51981>:0 
  at System.Threading.Tasks.Sources.ManualResetValueTaskSourceCore`1[TResult].GetResult (System.Int16 token) [0x0001f] in <7b69b526073240d78fc73ce5db967a72>:0 
  at StrawberryShake.Transport.WebSockets.WebSocketConnection+ResponseStream+<GetAsyncEnumerator>d__3.System.Threading.Tasks.Sources.IValueTaskSource<System.Boolean>.GetResult (System.Int16 token) [0x00000] in <b27e0001a2144356900c2ddd47f51981>:0 
  at StrawberryShake.OperationExecutor`2+OperationExecutorObservable[TData,TResult].ExecuteAsync (System.IObserver`1[T] observer, StrawberryShake.ObserverSession session, StrawberryShake.IOperationResult`1[TResultData] lastEmittedResult) [0x001bd] in <477cd25efd574ed694e416a1db52b995>:0 
  at StrawberryShake.OperationExecutor`2+OperationExecutorObservable[TData,TResult].ExecuteAsync (System.IObserver`1[T] observer, StrawberryShake.ObserverSession session, StrawberryShake.IOperationResult`1[TResultData] lastEmittedResult) [0x0026e] in <477cd25efd574ed694e416a1db52b995>:0 
[Info   :SubItemSearch] Set input: PlaylistName InputField (TMPro.TMP_InputField)
[Info   :TopOutTournament] Ending Top->Out round
[Info   :Zeepkist GTR] 13:28:37 Discarding recorder
[Info   :   Console] Download started for AppId: 1440670, FileId: 3582226813, Result: OK
[Info   :Zeepkist GTR] 13:28:52 Start processing HTTP request "POST" https://backend.zeepki.st/level/request
[Info   :Zeepkist GTR] 13:28:52 Start processing HTTP request "POST" https://backend.zeepki.st/level/request
[Info   :Zeepkist GTR] 13:28:52 Sending HTTP request "POST" https://backend.zeepki.st/level/request
[Info   :Zeepkist GTR] 13:28:52 Start processing HTTP request "POST" https://graphql.zeepki.st/
[Info   :Zeepkist GTR] 13:28:52 Start processing HTTP request "POST" https://graphql.zeepki.st/
[Info   :Zeepkist GTR] 13:28:52 Sending HTTP request "POST" https://graphql.zeepki.st/
[Info   :Zeepkist GTR] 13:28:52 Start processing HTTP request "POST" https://graphql.zeepki.st/
[Info   :Zeepkist GTR] 13:28:52 Start processing HTTP request "POST" https://graphql.zeepki.st/
[Info   :Zeepkist GTR] 13:28:52 Sending HTTP request "POST" https://graphql.zeepki.st/
[Warning:Zeepkist GTR] 13:28:52 Current-level record subscription failed
[Info   :RecentLevels] RecentLevels.AddLevel: Adding level 'PCDJ #24 - Petite Mowing Job' (UID: 51JhNcytikOl3LH_[CSC]CantFindTheSky, WID: 0)
[Info   :RecentLevels] RecentLevels.AddLevel: Getting WID from lobby: 3582226813
[Info   :Zeepkist GTR] 13:28:52 Loading personal best...
[Info   :Zeepkist GTR] 13:28:52 Start processing HTTP request "POST" https://graphql.zeepki.st/
[Info   :Zeepkist GTR] 13:28:52 Start processing HTTP request "POST" https://graphql.zeepki.st/
[Info   :Zeepkist GTR] 13:28:52 Sending HTTP request "POST" https://graphql.zeepki.st/
[Info   :Zeepkist GTR] 13:28:52 Stopping existing recorder if any
[Info   :Zeepkist GTR] 13:28:52 Creating new recorder
[Info   :Zeepkist GTR] 13:28:52 Received HTTP response headers after 430.8862ms - 200
[Info   :Zeepkist GTR] 13:28:52 End processing HTTP request after 431.0032ms - 200
[Info   :Zeepkist GTR] 13:28:52 End processing HTTP request after 444.0066ms - 200
[Info   :Zeepkist GTR] 13:28:52 Received HTTP response headers after 311.7011ms - 200
[Info   :Zeepkist GTR] 13:28:52 End processing HTTP request after 311.8599ms - 200
[Info   :Zeepkist GTR] 13:28:52 End processing HTTP request after 319.3936ms - 200
[Info   :Zeepkist GTR] 13:28:52 Received HTTP response headers after 664.2212ms - 200
[Info   :Zeepkist GTR] 13:28:52 End processing HTTP request after 664.3488ms - 200
[Info   :Zeepkist GTR] 13:28:52 End processing HTTP request after 678.3088ms - 200
[Info   :Zeepkist GTR] 13:28:52 Received HTTP response headers after 798.2145ms - 200
[Info   :Zeepkist GTR] 13:28:52 End processing HTTP request after 798.3439ms - 200
[Info   :Zeepkist GTR] 13:28:52 End processing HTTP request after 810.6947ms - 200
[Info   :Zeepkist GTR] 13:28:53 Starting recorder
[Info   :TopOutTournament] The player Lexer joined lobby in Top->Out state Inactive
[Info   :TopOutTournament] The player Mμ joined lobby in Top->Out state Inactive
[Info   :Zeepkist GTR] 13:33:20 Start processing HTTP request "POST" https://graphql.zeepki.st/
[Info   :Zeepkist GTR] 13:33:20 Start processing HTTP request "POST" https://graphql.zeepki.st/
[Info   :Zeepkist GTR] 13:33:20 Sending HTTP request "POST" https://graphql.zeepki.st/
[Info   :Zeepkist GTR] 13:33:20 Received HTTP response headers after 200.0794ms - 200
[Info   :Zeepkist GTR] 13:33:20 End processing HTTP request after 200.2531ms - 200
[Info   :Zeepkist GTR] 13:33:20 End processing HTTP request after 211.1661ms - 200
[Info   :TopOutTournament] The player [CCC]Shinikage221 joined lobby in Top->Out state Inactive
[Info   :TopOutTournament] Ending Top->Out round
[Info   :Zeepkist GTR] 13:33:50 Discarding recorder
[Info   :TopOutTournament] The player aizpun joined lobby in Top->Out state Inactive
[Info   :TopOutTournament] The player aizpun joined lobby in Top->Out state Inactive
[Info   :   Console] Download started for AppId: 1440670, FileId: 3723953031, Result: OK
[Info   :TopOutTournament] The player timesprout joined lobby in Top->Out state Inactive
[Info   :TopOutTournament] The player timesprout joined lobby in Top->Out state Inactive
[Info   :Zeepkist GTR] 13:34:05 Start processing HTTP request "POST" https://backend.zeepki.st/auth/refresh
[Info   :Zeepkist GTR] 13:34:05 Start processing HTTP request "POST" https://backend.zeepki.st/auth/refresh
[Info   :Zeepkist GTR] 13:34:05 Sending HTTP request "POST" https://backend.zeepki.st/auth/refresh
[Info   :Zeepkist GTR] 13:34:05 Start processing HTTP request "POST" https://graphql.zeepki.st/
[Info   :Zeepkist GTR] 13:34:05 Start processing HTTP request "POST" https://graphql.zeepki.st/
[Info   :Zeepkist GTR] 13:34:05 Sending HTTP request "POST" https://graphql.zeepki.st/
[Info   :Zeepkist GTR] 13:34:05 Start processing HTTP request "POST" https://graphql.zeepki.st/
[Info   :Zeepkist GTR] 13:34:05 Start processing HTTP request "POST" https://graphql.zeepki.st/
[Info   :Zeepkist GTR] 13:34:05 Sending HTTP request "POST" https://graphql.zeepki.st/
[Warning:Zeepkist GTR] 13:34:05 Current-level record subscription failed
[Info   :RecentLevels] RecentLevels.AddLevel: Adding level 'PCDJ #46 - Amber Dash' (UID: zX48wl2tIk2uw_5_St Nicholas, WID: 0)
[Info   :RecentLevels] RecentLevels.AddLevel: Getting WID from lobby: 3723953031
[Info   :Zeepkist GTR] 13:34:05 Loading personal best...
[Info   :Zeepkist GTR] 13:34:05 Start processing HTTP request "POST" https://graphql.zeepki.st/
[Info   :Zeepkist GTR] 13:34:05 Start processing HTTP request "POST" https://graphql.zeepki.st/
[Info   :Zeepkist GTR] 13:34:05 Sending HTTP request "POST" https://graphql.zeepki.st/
[Info   :Zeepkist GTR] 13:34:05 Stopping existing recorder if any
[Info   :Zeepkist GTR] 13:34:05 Creating new recorder
[Info   :Zeepkist GTR] 13:34:05 Received HTTP response headers after 159.9524ms - 200
[Info   :Zeepkist GTR] 13:34:05 End processing HTTP request after 160.1016ms - 200
[Info   :Zeepkist GTR] 13:34:05 End processing HTTP request after 161.6386ms - 200
[Info   :Zeepkist GTR] 13:34:05 Received HTTP response headers after 270.1385ms - 200
[Info   :Zeepkist GTR] 13:34:05 End processing HTTP request after 270.2758ms - 200
[Info   :Zeepkist GTR] 13:34:05 End processing HTTP request after 278.8956ms - 200
[Info   :Zeepkist GTR] 13:34:05 Received HTTP response headers after 439.1547ms - 200
[Info   :Zeepkist GTR] 13:34:05 End processing HTTP request after 439.3022ms - 200
[Info   :Zeepkist GTR] 13:34:05 End processing HTTP request after 444.3353ms - 200
[Info   :Zeepkist GTR] 13:34:05 Received HTTP response headers after 671.6747ms - 200
[Info   :Zeepkist GTR] 13:34:05 End processing HTTP request after 671.8117ms - 200
[Info   :Zeepkist GTR] 13:34:05 End processing HTTP request after 679.0401ms - 200
[Info   :Zeepkist GTR] 13:34:05 Start processing HTTP request "POST" https://backend.zeepki.st/level/request
[Info   :Zeepkist GTR] 13:34:05 Start processing HTTP request "POST" https://backend.zeepki.st/level/request
[Info   :Zeepkist GTR] 13:34:05 Sending HTTP request "POST" https://backend.zeepki.st/level/request
[Info   :Zeepkist GTR] 13:34:05 Received HTTP response headers after 144.6922ms - 200
[Info   :Zeepkist GTR] 13:34:05 End processing HTTP request after 144.8225ms - 200
[Info   :Zeepkist GTR] 13:34:05 End processing HTTP request after 150.148ms - 200
[Info   :Zeepkist GTR] 13:34:06 Starting recorder
[Info   :TopOutTournament] The player justMaki joined lobby in Top->Out state Inactive
[Info   :TopOutTournament] The player M4DSCOTSM4N joined lobby in Top->Out state Inactive
[Info   :TopOutTournament] The player M4DSCOTSM4N joined lobby in Top->Out state Inactive
[Info   :TopOutTournament] The player Warsnac joined lobby in Top->Out state Inactive
[Info   :TopOutTournament] The player Warsnac joined lobby in Top->Out state Inactive
[Info   :TopOutTournament] The player Minkus joined lobby in Top->Out state Inactive
[Info   :TopOutTournament] The player Minkus joined lobby in Top->Out state Inactive
[Info   :TopOutTournament] The player [CSC]Tommygaming joined lobby in Top->Out state Inactive
[Info   :TopOutTournament] The player wokonbike joined lobby in Top->Out state Inactive
[Info   :TopOutTournament] The player wokonbike joined lobby in Top->Out state Inactive
[Info   :Zeepkist GTR] 13:38:33 Start processing HTTP request "POST" https://graphql.zeepki.st/
[Info   :Zeepkist GTR] 13:38:33 Start processing HTTP request "POST" https://graphql.zeepki.st/
[Info   :Zeepkist GTR] 13:38:33 Sending HTTP request "POST" https://graphql.zeepki.st/
[Info   :Zeepkist GTR] 13:38:34 Received HTTP response headers after 470.7605ms - 200
[Info   :Zeepkist GTR] 13:38:34 End processing HTTP request after 470.9103ms - 200
[Info   :Zeepkist GTR] 13:38:34 End processing HTTP request after 483.7659ms - 200
[Info   :TopOutTournament] The player [MMM]Kreeeeee joined lobby in Top->Out state Inactive
[Info   :TopOutTournament] The player [MMM]Kreeeeee joined lobby in Top->Out state Inactive
[Info   :TopOutTournament] Ending Top->Out round
[Info   :Zeepkist GTR] 13:39:03 Discarding recorder
[Info   :   Console] Download started for AppId: 1440670, FileId: 3590468770, Result: OK
[Info   :Zeepkist GTR] 13:39:18 Start processing HTTP request "POST" https://backend.zeepki.st/level/request
[Info   :Zeepkist GTR] 13:39:18 Start processing HTTP request "POST" https://backend.zeepki.st/level/request
[Info   :Zeepkist GTR] 13:39:18 Sending HTTP request "POST" https://backend.zeepki.st/level/request
[Info   :Zeepkist GTR] 13:39:18 Start processing HTTP request "POST" https://graphql.zeepki.st/
[Info   :Zeepkist GTR] 13:39:18 Start processing HTTP request "POST" https://graphql.zeepki.st/
[Info   :Zeepkist GTR] 13:39:18 Sending HTTP request "POST" https://graphql.zeepki.st/
[Info   :Zeepkist GTR] 13:39:18 Start processing HTTP request "POST" https://graphql.zeepki.st/
[Info   :Zeepkist GTR] 13:39:18 Start processing HTTP request "POST" https://graphql.zeepki.st/
[Info   :Zeepkist GTR] 13:39:18 Sending HTTP request "POST" https://graphql.zeepki.st/
[Warning:Zeepkist GTR] 13:39:18 Current-level record subscription failed
[Info   :RecentLevels] RecentLevels.AddLevel: Adding level 'PCDJ - The Co-op Mapping Experience' (UID: zt6s6YHEO0qPXeP_[COMY]Weak_Knees, WID: 0)
[Info   :RecentLevels] RecentLevels.AddLevel: Getting WID from lobby: 3590468770
[Info   :Zeepkist GTR] 13:39:18 Loading personal best...
[Info   :Zeepkist GTR] 13:39:18 Start processing HTTP request "POST" https://graphql.zeepki.st/
[Info   :Zeepkist GTR] 13:39:18 Start processing HTTP request "POST" https://graphql.zeepki.st/
[Info   :Zeepkist GTR] 13:39:18 Sending HTTP request "POST" https://graphql.zeepki.st/
[Info   :Zeepkist GTR] 13:39:18 Stopping existing recorder if any
[Info   :Zeepkist GTR] 13:39:18 Creating new recorder
[Info   :Zeepkist GTR] 13:39:18 Received HTTP response headers after 162.4321ms - 200
[Info   :Zeepkist GTR] 13:39:18 End processing HTTP request after 162.5755ms - 200
[Info   :Zeepkist GTR] 13:39:18 End processing HTTP request after 177.2783ms - 200
[Info   :Zeepkist GTR] 13:39:18 Received HTTP response headers after 294.786ms - 200
[Info   :Zeepkist GTR] 13:39:18 End processing HTTP request after 294.9294ms - 200
[Info   :Zeepkist GTR] 13:39:18 End processing HTTP request after 309.9567ms - 200
[Info   :Zeepkist GTR] 13:39:18 Received HTTP response headers after 458.0752ms - 200
[Info   :Zeepkist GTR] 13:39:18 End processing HTTP request after 458.2071ms - 200
[Info   :Zeepkist GTR] 13:39:18 End processing HTTP request after 461.1189ms - 200
[Info   :Zeepkist GTR] 13:39:18 Received HTTP response headers after 633.6398ms - 200
[Info   :Zeepkist GTR] 13:39:18 End processing HTTP request after 633.7704ms - 200
[Info   :Zeepkist GTR] 13:39:18 End processing HTTP request after 644.52ms - 200
[Info   :Zeepkist GTR] 13:39:19 Starting recorder
[Info   :TopOutTournament] The player Jake joined lobby in Top->Out state Inactive
[Info   :TopOutTournament] The player Jake joined lobby in Top->Out state Inactive
[Info   :TopOutTournament] The player what_is_tatari_2008 joined lobby in Top->Out state Inactive
[Info   :TopOutTournament] The player what_is_tatari_2008 joined lobby in Top->Out state Inactive
[Info   :TopOutTournament] The player Six joined lobby in Top->Out state Inactive
[Info   :Zeepkist GTR] 13:43:46 Start processing HTTP request "POST" https://graphql.zeepki.st/
[Info   :Zeepkist GTR] 13:43:46 Start processing HTTP request "POST" https://graphql.zeepki.st/
[Info   :Zeepkist GTR] 13:43:46 Sending HTTP request "POST" https://graphql.zeepki.st/
[Info   :Zeepkist GTR] 13:43:47 Received HTTP response headers after 481.6376ms - 200
[Info   :Zeepkist GTR] 13:43:47 End processing HTTP request after 481.771ms - 200
[Info   :Zeepkist GTR] 13:43:47 End processing HTTP request after 483.8957ms - 200
[Info   :TopOutTournament] The player Matic_D joined lobby in Top->Out state Inactive
[Info   :TopOutTournament] The player Matic_D joined lobby in Top->Out state Inactive
[Info   :TopOutTournament] Ending Top->Out round
[Info   :Zeepkist GTR] 13:44:16 Discarding recorder
[Info   :TopOutTournament] The player Vael joined lobby in Top->Out state Inactive
[Info   :TopOutTournament] The player Vael joined lobby in Top->Out state Inactive
[Info   :Zeepkist GTR] 13:44:31 Start processing HTTP request "POST" https://backend.zeepki.st/level/request
[Info   :Zeepkist GTR] 13:44:31 Start processing HTTP request "POST" https://backend.zeepki.st/level/request
[Info   :Zeepkist GTR] 13:44:31 Sending HTTP request "POST" https://backend.zeepki.st/level/request
[Info   :Zeepkist GTR] 13:44:31 Start processing HTTP request "POST" https://graphql.zeepki.st/
[Info   :Zeepkist GTR] 13:44:31 Start processing HTTP request "POST" https://graphql.zeepki.st/
[Info   :Zeepkist GTR] 13:44:31 Sending HTTP request "POST" https://graphql.zeepki.st/
[Info   :Zeepkist GTR] 13:44:31 Start processing HTTP request "POST" https://graphql.zeepki.st/
[Info   :Zeepkist GTR] 13:44:31 Start processing HTTP request "POST" https://graphql.zeepki.st/
[Info   :Zeepkist GTR] 13:44:31 Sending HTTP request "POST" https://graphql.zeepki.st/
[Warning:Zeepkist GTR] 13:44:31 Current-level record subscription failed
[Info   :RecentLevels] RecentLevels.AddLevel: Adding level 'PCDJ #50 - Null Star' (UID: ATL8HsQyLEm29cT_[Fenn]Lilly Fenn, WID: 0)
[Info   :RecentLevels] RecentLevels.AddLevel: Getting WID from lobby: 3801853512
[Info   :Zeepkist GTR] 13:44:31 Loading personal best...
[Info   :Zeepkist GTR] 13:44:31 Start processing HTTP request "POST" https://graphql.zeepki.st/
[Info   :Zeepkist GTR] 13:44:31 Start processing HTTP request "POST" https://graphql.zeepki.st/
[Info   :Zeepkist GTR] 13:44:31 Sending HTTP request "POST" https://graphql.zeepki.st/
[Info   :Zeepkist GTR] 13:44:31 Stopping existing recorder if any
[Info   :Zeepkist GTR] 13:44:31 Creating new recorder
[Info   :Zeepkist GTR] 13:44:31 Received HTTP response headers after 211.208ms - 200
[Info   :Zeepkist GTR] 13:44:31 End processing HTTP request after 211.3383ms - 200
[Info   :Zeepkist GTR] 13:44:31 End processing HTTP request after 211.5817ms - 200
[Info   :Zeepkist GTR] 13:44:31 Received HTTP response headers after 341.0353ms - 200
[Info   :Zeepkist GTR] 13:44:31 End processing HTTP request after 341.1833ms - 200
[Info   :Zeepkist GTR] 13:44:31 End processing HTTP request after 346.0765ms - 200
[Info   :Zeepkist GTR] 13:44:31 Received HTTP response headers after 455.0191ms - 200
[Info   :Zeepkist GTR] 13:44:31 End processing HTTP request after 455.1423ms - 200
[Info   :Zeepkist GTR] 13:44:31 End processing HTTP request after 461.1159ms - 200
[Info   :Zeepkist GTR] 13:44:31 Received HTTP response headers after 470.2788ms - 200
[Info   :Zeepkist GTR] 13:44:31 End processing HTTP request after 470.3961ms - 200
[Info   :Zeepkist GTR] 13:44:31 End processing HTTP request after 477.9933ms - 200
[Info   :Zeepkist GTR] 13:44:32 Starting recorder
[Info   :TopOutTournament] The player tatari_lover2008 joined lobby in Top->Out state Inactive
[Info   :TopOutTournament] The player [CSC] PlusMicron joined lobby in Top->Out state Inactive
[Info   :TopOutTournament] The player [SLOW]Zeus joined lobby in Top->Out state Inactive
[Info   :TopOutTournament] The player tatari_lover2008 joined lobby in Top->Out state Inactive
[Info   :TopOutTournament] The player what_is_tatari_2008 joined lobby in Top->Out state Inactive
[Info   :TopOutTournament] The player what_is_tatari_2008 joined lobby in Top->Out state Inactive
[Info   :TopOutTournament] The player what_is_tatari_2008 joined lobby in Top->Out state Inactive
[Info   :TopOutTournament] The player [WASH] Quickracer10 joined lobby in Top->Out state Inactive
[Info   :TopOutTournament] The player [WASH] Quickracer10 joined lobby in Top->Out state Inactive
[Info   :Zeepkist GTR] 13:48:59 Start processing HTTP request "POST" https://graphql.zeepki.st/
[Info   :Zeepkist GTR] 13:48:59 Start processing HTTP request "POST" https://graphql.zeepki.st/
[Info   :Zeepkist GTR] 13:48:59 Sending HTTP request "POST" https://graphql.zeepki.st/
[Info   :Zeepkist GTR] 13:49:00 Received HTTP response headers after 462.9523ms - 200
[Info   :Zeepkist GTR] 13:49:00 End processing HTTP request after 463.0966ms - 200
[Info   :Zeepkist GTR] 13:49:00 End processing HTTP request after 467.3005ms - 200
[Info   :TopOutTournament] Ending Top->Out round
[Info   :Zeepkist GTR] 13:49:29 Discarding recorder
[Info   :   Console] Download started for AppId: 1440670, FileId: 3552685636, Result: OK
[Info   :Zeepkist GTR] 13:49:44 Start processing HTTP request "POST" https://backend.zeepki.st/auth/refresh
[Info   :Zeepkist GTR] 13:49:44 Start processing HTTP request "POST" https://backend.zeepki.st/auth/refresh
[Info   :Zeepkist GTR] 13:49:44 Sending HTTP request "POST" https://backend.zeepki.st/auth/refresh
[Info   :Zeepkist GTR] 13:49:44 Start processing HTTP request "POST" https://graphql.zeepki.st/
[Info   :Zeepkist GTR] 13:49:44 Start processing HTTP request "POST" https://graphql.zeepki.st/
[Info   :Zeepkist GTR] 13:49:44 Sending HTTP request "POST" https://graphql.zeepki.st/
[Info   :Zeepkist GTR] 13:49:44 Start processing HTTP request "POST" https://graphql.zeepki.st/
[Info   :Zeepkist GTR] 13:49:44 Start processing HTTP request "POST" https://graphql.zeepki.st/
[Info   :Zeepkist GTR] 13:49:44 Sending HTTP request "POST" https://graphql.zeepki.st/
[Warning:Zeepkist GTR] 13:49:44 Current-level record subscription failed
[Info   :RecentLevels] RecentLevels.AddLevel: Adding level 'PCDJ #17 - Asteroid Belt' (UID: hZ822u8epEqwnQ8_justMaki, WID: 0)
[Info   :RecentLevels] RecentLevels.AddLevel: Getting WID from lobby: 3552685636
[Info   :Zeepkist GTR] 13:49:44 Loading personal best...
[Info   :Zeepkist GTR] 13:49:44 Start processing HTTP request "POST" https://graphql.zeepki.st/
[Info   :Zeepkist GTR] 13:49:44 Start processing HTTP request "POST" https://graphql.zeepki.st/
[Info   :Zeepkist GTR] 13:49:44 Sending HTTP request "POST" https://graphql.zeepki.st/
[Info   :Zeepkist GTR] 13:49:44 Stopping existing recorder if any
[Info   :Zeepkist GTR] 13:49:44 Creating new recorder
[Info   :Zeepkist GTR] 13:49:44 Received HTTP response headers after 159.8274ms - 200
[Info   :Zeepkist GTR] 13:49:44 End processing HTTP request after 159.9712ms - 200
[Info   :Zeepkist GTR] 13:49:44 End processing HTTP request after 177.0327ms - 200
[Info   :Zeepkist GTR] 13:49:44 Received HTTP response headers after 276.5538ms - 200
[Info   :Zeepkist GTR] 13:49:44 End processing HTTP request after 276.7285ms - 200
[Info   :Zeepkist GTR] 13:49:44 End processing HTTP request after 290.3302ms - 200
[Info   :Zeepkist GTR] 13:49:44 Received HTTP response headers after 442.5753ms - 200
[Info   :Zeepkist GTR] 13:49:44 End processing HTTP request after 442.717ms - 200
[Info   :Zeepkist GTR] 13:49:44 End processing HTTP request after 443.9238ms - 200
[Info   :Zeepkist GTR] 13:49:45 Received HTTP response headers after 724.4387ms - 200
[Info   :Zeepkist GTR] 13:49:45 End processing HTTP request after 724.564ms - 200
[Info   :Zeepkist GTR] 13:49:45 End processing HTTP request after 726.956ms - 200
[Info   :Zeepkist GTR] 13:49:45 Start processing HTTP request "POST" https://backend.zeepki.st/level/request
[Info   :Zeepkist GTR] 13:49:45 Start processing HTTP request "POST" https://backend.zeepki.st/level/request
[Info   :Zeepkist GTR] 13:49:45 Sending HTTP request "POST" https://backend.zeepki.st/level/request
[Info   :Zeepkist GTR] 13:49:45 Received HTTP response headers after 153.343ms - 200
[Info   :Zeepkist GTR] 13:49:45 End processing HTTP request after 153.4775ms - 200
[Info   :Zeepkist GTR] 13:49:45 End processing HTTP request after 166.4231ms - 200
[Info   :Zeepkist GTR] 13:49:46 Starting recorder
[Info   :TopOutTournament] The player VroomVroomer joined lobby in Top->Out state Inactive
[Info   :TopOutTournament] The player [CSC]ShyGirlyRaccoon joined lobby in Top->Out state Inactive
[Info   :TopOutTournament] The player what_is_tatari_2008 joined lobby in Top->Out state Inactive
[Info   :TopOutTournament] The player Jorts joined lobby in Top->Out state Inactive
[Info   :TopOutTournament] The player [CSC]AndMe18 joined lobby in Top->Out state Inactive
[Info   :TopOutTournament] The player [CSC]AndMe18 joined lobby in Top->Out state Inactive
[Info   :TopOutTournament] The player Jorts joined lobby in Top->Out state Inactive
[Info   :TopOutTournament] The player LKat joined lobby in Top->Out state Inactive
[Info   :TopOutTournament] The player LKat joined lobby in Top->Out state Inactive
[Info   :TopOutTournament] The player Kevin the Great joined lobby in Top->Out state Inactive
[Info   :TopOutTournament] The player Kevin the Great joined lobby in Top->Out state Inactive
[Info   :TopOutTournament] The player imagineaclevernamehere joined lobby in Top->Out state Inactive
[Info   :TopOutTournament] The player what_is_tatari_2008 joined lobby in Top->Out state Inactive
[Info   :TopOutTournament] The player Gimpel joined lobby in Top->Out state Inactive
[Info   :TopOutTournament] The player Gimpel joined lobby in Top->Out state Inactive
[Info   :Zeepkist GTR] 13:54:12 Start processing HTTP request "POST" https://graphql.zeepki.st/
[Info   :Zeepkist GTR] 13:54:12 Start processing HTTP request "POST" https://graphql.zeepki.st/
[Info   :Zeepkist GTR] 13:54:12 Sending HTTP request "POST" https://graphql.zeepki.st/
[Info   :Zeepkist GTR] 13:54:13 Received HTTP response headers after 584.5164ms - 200
[Info   :Zeepkist GTR] 13:54:13 End processing HTTP request after 584.6642ms - 200
[Info   :Zeepkist GTR] 13:54:13 End processing HTTP request after 585.2307ms - 200
[Info   :TopOutTournament] Ending Top->Out round
[Info   :Zeepkist GTR] 13:54:42 Discarding recorder
[Info   :   Console] Download started for AppId: 1440670, FileId: 3467712249, Result: OK
[Info   :Zeepkist GTR] 13:54:57 Start processing HTTP request "POST" https://backend.zeepki.st/level/request
[Info   :Zeepkist GTR] 13:54:57 Start processing HTTP request "POST" https://backend.zeepki.st/level/request
[Info   :Zeepkist GTR] 13:54:57 Sending HTTP request "POST" https://backend.zeepki.st/level/request
[Info   :Zeepkist GTR] 13:54:57 Start processing HTTP request "POST" https://graphql.zeepki.st/
[Info   :Zeepkist GTR] 13:54:57 Start processing HTTP request "POST" https://graphql.zeepki.st/
[Info   :Zeepkist GTR] 13:54:57 Sending HTTP request "POST" https://graphql.zeepki.st/
[Info   :Zeepkist GTR] 13:54:57 Start processing HTTP request "POST" https://graphql.zeepki.st/
[Info   :Zeepkist GTR] 13:54:57 Start processing HTTP request "POST" https://graphql.zeepki.st/
[Info   :Zeepkist GTR] 13:54:57 Sending HTTP request "POST" https://graphql.zeepki.st/
[Warning:Zeepkist GTR] 13:54:57 Current-level record subscription failed
[Info   :RecentLevels] RecentLevels.AddLevel: Adding level 'PCDJ #7 - Into Surrealism' (UID: 20042025-195923672-[bnuy]ttv/Lilly the Bun-612445606800-553, WID: 0)
[Info   :RecentLevels] RecentLevels.AddLevel: Getting WID from lobby: 3467712249
[Info   :Zeepkist GTR] 13:54:57 Loading personal best...
[Info   :Zeepkist GTR] 13:54:57 Start processing HTTP request "POST" https://graphql.zeepki.st/
[Info   :Zeepkist GTR] 13:54:57 Start processing HTTP request "POST" https://graphql.zeepki.st/
[Info   :Zeepkist GTR] 13:54:57 Sending HTTP request "POST" https://graphql.zeepki.st/
[Info   :Zeepkist GTR] 13:54:57 Stopping existing recorder if any
[Info   :Zeepkist GTR] 13:54:57 Creating new recorder
[Info   :Zeepkist GTR] 13:54:57 Received HTTP response headers after 154.4622ms - 200
[Info   :Zeepkist GTR] 13:54:57 End processing HTTP request after 154.6159ms - 200
[Info   :Zeepkist GTR] 13:54:57 End processing HTTP request after 159.224ms - 200
[Info   :Zeepkist GTR] 13:54:57 Received HTTP response headers after 259.3307ms - 200
[Info   :Zeepkist GTR] 13:54:57 End processing HTTP request after 259.465ms - 200
[Info   :Zeepkist GTR] 13:54:57 End processing HTTP request after 263.7393ms - 200
[Info   :Zeepkist GTR] 13:54:57 Received HTTP response headers after 470.5854ms - 200
[Info   :Zeepkist GTR] 13:54:57 End processing HTTP request after 470.7258ms - 200
[Info   :Zeepkist GTR] 13:54:57 End processing HTTP request after 476.6633ms - 200
[Info   :Zeepkist GTR] 13:54:57 Received HTTP response headers after 564.6506ms - 200
[Info   :Zeepkist GTR] 13:54:57 End processing HTTP request after 564.7931ms - 200
[Info   :Zeepkist GTR] 13:54:57 End processing HTTP request after 575.8945ms - 200
[Info   :Zeepkist GTR] 13:54:59 Starting recorder
[Info   :SubItemSearch] Set input: PlaylistName InputField (TMPro.TMP_InputField)
[Info   :SubItemSearch] Set input: PlaylistName InputField (TMPro.TMP_InputField)
[Info   :TopOutTournament] The player [CSC]AndMe18 joined lobby in Top->Out state Inactive
[Info   :TopOutTournament] The player [CSC]IronDragon111000 joined lobby in Top->Out state Inactive
[Info   :TopOutTournament] The player x_swords joined lobby in Top->Out state Inactive
[Info   :TopOutTournament] The player x_swords joined lobby in Top->Out state Inactive
[Info   :Zeepkist GTR] 13:59:25 Start processing HTTP request "POST" https://graphql.zeepki.st/
[Info   :Zeepkist GTR] 13:59:25 Start processing HTTP request "POST" https://graphql.zeepki.st/
[Info   :Zeepkist GTR] 13:59:25 Sending HTTP request "POST" https://graphql.zeepki.st/
[Info   :Zeepkist GTR] 13:59:26 Received HTTP response headers after 461.7243ms - 200
[Info   :Zeepkist GTR] 13:59:26 End processing HTTP request after 461.8594ms - 200
[Info   :Zeepkist GTR] 13:59:26 End processing HTTP request after 467.7896ms - 200
[Info   :TopOutTournament] The player ping joined lobby in Top->Out state Inactive
[Info   :TopOutTournament] The player ping joined lobby in Top->Out state Inactive
[Info   :TopOutTournament] Ending Top->Out round
[Info   :Zeepkist GTR] 13:59:55 Discarding recorder
[Info   :Zeepkist GTR] 14:00:10 Start processing HTTP request "POST" https://backend.zeepki.st/level/request
[Info   :Zeepkist GTR] 14:00:10 Start processing HTTP request "POST" https://backend.zeepki.st/level/request
[Info   :Zeepkist GTR] 14:00:10 Sending HTTP request "POST" https://backend.zeepki.st/level/request
[Info   :Zeepkist GTR] 14:00:10 Start processing HTTP request "POST" https://graphql.zeepki.st/
[Info   :Zeepkist GTR] 14:00:10 Start processing HTTP request "POST" https://graphql.zeepki.st/
[Info   :Zeepkist GTR] 14:00:10 Sending HTTP request "POST" https://graphql.zeepki.st/
[Info   :Zeepkist GTR] 14:00:10 Start processing HTTP request "POST" https://graphql.zeepki.st/
[Info   :Zeepkist GTR] 14:00:10 Start processing HTTP request "POST" https://graphql.zeepki.st/
[Info   :Zeepkist GTR] 14:00:10 Sending HTTP request "POST" https://graphql.zeepki.st/
[Warning:Zeepkist GTR] 14:00:10 Current-level record subscription failed
[Info   :RecentLevels] RecentLevels.AddLevel: Adding level 'PCDJ #53 - rebondit' (UID: AGY1r4gpzkS3Aq4_brrryy, WID: 0)
[Info   :RecentLevels] RecentLevels.AddLevel: Getting WID from lobby: 3814444822
[Info   :Zeepkist GTR] 14:00:10 Loading personal best...
[Info   :Zeepkist GTR] 14:00:10 Start processing HTTP request "POST" https://graphql.zeepki.st/
[Info   :Zeepkist GTR] 14:00:10 Start processing HTTP request "POST" https://graphql.zeepki.st/
[Info   :Zeepkist GTR] 14:00:10 Sending HTTP request "POST" https://graphql.zeepki.st/
[Info   :Zeepkist GTR] 14:00:10 Stopping existing recorder if any
[Info   :Zeepkist GTR] 14:00:10 Creating new recorder
[Info   :Zeepkist GTR] 14:00:10 Received HTTP response headers after 341.5916ms - 200
[Info   :Zeepkist GTR] 14:00:10 End processing HTTP request after 341.7182ms - 200
[Info   :Zeepkist GTR] 14:00:10 End processing HTTP request after 358.6014ms - 200
[Warning:Zeepkist GTR] 14:00:10 Unable to resolve current level GraphQL ID
[Info   :Zeepkist GTR] 14:00:10 Received HTTP response headers after 428.7842ms - 200
[Info   :Zeepkist GTR] 14:00:10 End processing HTTP request after 428.935ms - 200
[Info   :Zeepkist GTR] 14:00:10 End processing HTTP request after 442.1941ms - 200
[Info   :Zeepkist GTR] 14:00:11 Received HTTP response headers after 789.3835ms - 200
[Info   :Zeepkist GTR] 14:00:11 End processing HTTP request after 789.5177ms - 200
[Info   :Zeepkist GTR] 14:00:11 End processing HTTP request after 792.7051ms - 200
[Info   :TopOutTournament] The player Noxitu joined lobby in Top->Out state Inactive
[Info   :Zeepkist GTR] 14:00:11 Received HTTP response headers after 1379.3729ms - 200
[Info   :Zeepkist GTR] 14:00:11 End processing HTTP request after 1379.507ms - 200
[Info   :Zeepkist GTR] 14:00:11 End processing HTTP request after 1393.1903ms - 200
[Info   :TopOutTournament] The player Noxitu joined lobby in Top->Out state Inactive
[Info   :Zeepkist GTR] 14:00:12 Starting recorder
[Info   :Zeepkist GTR] 14:00:24 Loading personal best...
[Info   :Zeepkist GTR] 14:00:24 Start processing HTTP request "POST" https://graphql.zeepki.st/
[Info   :Zeepkist GTR] 14:00:24 Start processing HTTP request "POST" https://graphql.zeepki.st/
[Info   :Zeepkist GTR] 14:00:24 Sending HTTP request "POST" https://graphql.zeepki.st/
[Info   :Zeepkist GTR] 14:00:24 Start processing HTTP request "POST" https://graphql.zeepki.st/
[Info   :Zeepkist GTR] 14:00:24 Start processing HTTP request "POST" https://graphql.zeepki.st/
[Info   :Zeepkist GTR] 14:00:24 Sending HTTP request "POST" https://graphql.zeepki.st/
[Info   :Zeepkist GTR] 14:00:24 Stopping existing recorder if any
[Info   :Zeepkist GTR] 14:00:24 Creating new recorder
[Info   :Zeepkist GTR] 14:00:24 Received HTTP response headers after 163.4386ms - 200
[Info   :Zeepkist GTR] 14:00:24 End processing HTTP request after 163.5832ms - 200
[Info   :Zeepkist GTR] 14:00:24 Received HTTP response headers after 171.5474ms - 200
[Info   :Zeepkist GTR] 14:00:24 End processing HTTP request after 171.6765ms - 200
[Info   :Zeepkist GTR] 14:00:24 End processing HTTP request after 175.3411ms - 200
[Info   :Zeepkist GTR] 14:00:24 End processing HTTP request after 175.7274ms - 200
[Warning:Zeepkist GTR] 14:00:24 Unable to resolve current level GraphQL ID
[Info   :Zeepkist GTR] 14:00:25 Starting recorder
[Info   :TopOutTournament] The player M4rv joined lobby in Top->Out state Inactive
[Info   :TopOutTournament] The player M4rv joined lobby in Top->Out state Inactive
[Info   :TopOutTournament] The player [CSC]AndMe18 joined lobby in Top->Out state Inactive
[Info   :TopOutTournament] The player lele514 joined lobby in Top->Out state Inactive
[Info   :TopOutTournament] The player lele514 joined lobby in Top->Out state Inactive
[Info   :Zeepkist GTR] 14:04:38 Start processing HTTP request "POST" https://graphql.zeepki.st/
[Info   :Zeepkist GTR] 14:04:38 Start processing HTTP request "POST" https://graphql.zeepki.st/
[Info   :Zeepkist GTR] 14:04:38 Sending HTTP request "POST" https://graphql.zeepki.st/
[Info   :Zeepkist GTR] 14:04:39 Received HTTP response headers after 377.1359ms - 200
[Info   :Zeepkist GTR] 14:04:39 End processing HTTP request after 377.2853ms - 200
[Info   :Zeepkist GTR] 14:04:39 End processing HTTP request after 384.2057ms - 200
[Info   :TopOutTournament] Ending Top->Out round
[Info   :Zeepkist GTR] 14:05:08 Discarding recorder
[Info   :TopOutTournament] The player wunderBarr joined lobby in Top->Out state Inactive
[Info   :TopOutTournament] The player wunderBarr joined lobby in Top->Out state Inactive
[Info   :Zeepkist GTR] 14:05:23 Start processing HTTP request "POST" https://backend.zeepki.st/auth/refresh
[Info   :Zeepkist GTR] 14:05:23 Start processing HTTP request "POST" https://backend.zeepki.st/auth/refresh
[Info   :Zeepkist GTR] 14:05:23 Sending HTTP request "POST" https://backend.zeepki.st/auth/refresh
[Info   :Zeepkist GTR] 14:05:23 Start processing HTTP request "POST" https://graphql.zeepki.st/
[Info   :Zeepkist GTR] 14:05:23 Start processing HTTP request "POST" https://graphql.zeepki.st/
[Info   :Zeepkist GTR] 14:05:23 Sending HTTP request "POST" https://graphql.zeepki.st/
[Info   :Zeepkist GTR] 14:05:23 Start processing HTTP request "POST" https://graphql.zeepki.st/
[Info   :Zeepkist GTR] 14:05:23 Start processing HTTP request "POST" https://graphql.zeepki.st/
[Info   :Zeepkist GTR] 14:05:23 Sending HTTP request "POST" https://graphql.zeepki.st/
[Info   :RecentLevels] RecentLevels.AddLevel: Adding level 'PCDJ #53 - this map was never given a name after approval so its name is now Gerald' (UID: Ic8N-lLGSUK5yAC_[CSC] variableferret, WID: 0)
[Info   :RecentLevels] RecentLevels.AddLevel: Getting WID from lobby: 3815212355
[Info   :Zeepkist GTR] 14:05:23 Loading personal best...
[Info   :Zeepkist GTR] 14:05:23 Start processing HTTP request "POST" https://graphql.zeepki.st/
[Info   :Zeepkist GTR] 14:05:23 Start processing HTTP request "POST" https://graphql.zeepki.st/
[Info   :Zeepkist GTR] 14:05:23 Sending HTTP request "POST" https://graphql.zeepki.st/
[Info   :Zeepkist GTR] 14:05:23 Stopping existing recorder if any
[Info   :Zeepkist GTR] 14:05:23 Creating new recorder
[Info   :Zeepkist GTR] 14:05:23 Received HTTP response headers after 299.6662ms - 200
[Info   :Zeepkist GTR] 14:05:23 End processing HTTP request after 299.7983ms - 200
[Info   :Zeepkist GTR] 14:05:23 End processing HTTP request after 308.506ms - 200
[Warning:Zeepkist GTR] 14:05:23 Unable to resolve current level GraphQL ID
[Info   :Zeepkist GTR] 14:05:23 Received HTTP response headers after 352.6503ms - 200
[Info   :Zeepkist GTR] 14:05:23 End processing HTTP request after 352.7702ms - 200
[Info   :Zeepkist GTR] 14:05:23 End processing HTTP request after 358.6045ms - 200
[Info   :Zeepkist GTR] 14:05:23 Received HTTP response headers after 573.8419ms - 200
[Info   :Zeepkist GTR] 14:05:23 End processing HTTP request after 573.9873ms - 200
[Info   :Zeepkist GTR] 14:05:23 End processing HTTP request after 575.8682ms - 200
[Info   :Zeepkist GTR] 14:05:23 Start processing HTTP request "POST" https://backend.zeepki.st/level/request
[Info   :Zeepkist GTR] 14:05:23 Start processing HTTP request "POST" https://backend.zeepki.st/level/request
[Info   :Zeepkist GTR] 14:05:23 Sending HTTP request "POST" https://backend.zeepki.st/level/request
[Info   :Zeepkist GTR] 14:05:24 Received HTTP response headers after 290.3916ms - 200
[Info   :Zeepkist GTR] 14:05:24 End processing HTTP request after 290.5196ms - 200
[Info   :Zeepkist GTR] 14:05:24 End processing HTTP request after 299.4994ms - 200
[Info   :Zeepkist GTR] 14:05:24 Received HTTP response headers after 932.4618ms - 200
[Info   :Zeepkist GTR] 14:05:24 End processing HTTP request after 932.5903ms - 200
[Info   :Zeepkist GTR] 14:05:24 End processing HTTP request after 943.3657ms - 200
[Info   :Zeepkist GTR] 14:05:24 Starting recorder
[Info   :TopOutTournament] The player [MMM]Victor joined lobby in Top->Out state Inactive
[Info   :TopOutTournament] The player J0k3r_97 joined lobby in Top->Out state Inactive
[Info   :TopOutTournament] The player J0k3r_97 joined lobby in Top->Out state Inactive
[Info   :Zeepkist GTR] 14:09:51 Start processing HTTP request "POST" https://graphql.zeepki.st/
[Info   :Zeepkist GTR] 14:09:51 Start processing HTTP request "POST" https://graphql.zeepki.st/
[Info   :Zeepkist GTR] 14:09:51 Sending HTTP request "POST" https://graphql.zeepki.st/
[Info   :Zeepkist GTR] 14:09:52 Received HTTP response headers after 632.2323ms - 200
[Info   :Zeepkist GTR] 14:09:52 End processing HTTP request after 632.3853ms - 200
[Info   :Zeepkist GTR] 14:09:52 End processing HTTP request after 634.4337ms - 200
[Info   :COTDTracker] Starting cup with exclude list: 
[Info   :TopOutTournament] Ending Top->Out round
[Info   :Zeepkist GTR] 14:10:21 Discarding recorder
[Info   :COTDTracker] Doing eliminations with leaderboard:
[Info   :COTDTracker] Player Mμ: Time: 20.59179
[Info   :COTDTracker] Player tatari_lover2008: Time: 20.635
[Info   :COTDTracker] Player justMaki: Time: 20.64464
[Info   :COTDTracker] Player [CSC]Tommygaming: Time: 20.76404
[Info   :COTDTracker] Player Lexer: Time: 20.88436
[Info   :COTDTracker] Player what_is_tatari_2008: Time: 20.91286
[Info   :COTDTracker] Player [WASH] Quickracer10: Time: 20.91658
[Info   :COTDTracker] Player M4rv: Time: 20.92886
[Info   :COTDTracker] Player Jake: Time: 20.94443
[Info   :COTDTracker] Player Warsnac: Time: 20.95342
[Info   :COTDTracker] Player Gimpel: Time: 21.01258
[Info   :COTDTracker] Player [MMM]Victor: Time: 21.04473
[Info   :COTDTracker] Player wunderBarr: Time: 21.05563
[Info   :COTDTracker] Player Minkus: Time: 21.10309
[Info   :COTDTracker] Player wokonbike: Time: 21.18524
[Info   :COTDTracker] Player Vael: Time: 21.25198
[Info   :COTDTracker] Player Jorts: Time: 21.29344
[Info   :COTDTracker] Player [CSC]IronDragon111000: Time: 21.29362
[Info   :COTDTracker] Player VroomVroomer: Time: 21.33501
[Info   :COTDTracker] Player [CSC] PlusMicron: Time: 21.33537
[Info   :COTDTracker] Player Six: Time: 21.38193
[Info   :COTDTracker] Player [CSC]AndMe18: Time: 21.40803
[Info   :COTDTracker] Player Matic_D: Time: 21.48762
[Info   :COTDTracker] Player [MMM]Kreeeeee: Time: 21.55906
[Info   :COTDTracker] Player timesprout: Time: 21.56538
[Info   :COTDTracker] Player [CSC]ShyGirlyRaccoon: Time: 21.6052
[Info   :COTDTracker] Player lele514: Time: 21.62283
[Info   :COTDTracker] Player aizpun: Time: 21.68842
[Info   :COTDTracker] Player M4DSCOTSM4N: Time: 21.73868
[Info   :COTDTracker] Player LKat: Time: 22.0827
[Info   :COTDTracker] Player Noxitu: Time: 22.53685
[Info   :COTDTracker] Player [CCC]Shinikage221: Time: 22.85462
[Info   :COTDTracker] Player imagineaclevernamehere: Time: 22.95509
[Info   :COTDTracker] Player J0k3r_97: Time: 24.66999
[Info   :COTDTracker] Player [CSC] variableferret: Time: DNF
[Info   :COTDTracker] Kicking eliminated players
[Info   :Zeepkist GTR] 14:10:36 Start processing HTTP request "POST" https://backend.zeepki.st/level/request
[Info   :Zeepkist GTR] 14:10:36 Start processing HTTP request "POST" https://backend.zeepki.st/level/request
[Info   :Zeepkist GTR] 14:10:36 Sending HTTP request "POST" https://backend.zeepki.st/level/request
[Info   :Zeepkist GTR] 14:10:36 Start processing HTTP request "POST" https://graphql.zeepki.st/
[Info   :Zeepkist GTR] 14:10:36 Start processing HTTP request "POST" https://graphql.zeepki.st/
[Info   :Zeepkist GTR] 14:10:36 Sending HTTP request "POST" https://graphql.zeepki.st/
[Info   :Zeepkist GTR] 14:10:36 Start processing HTTP request "POST" https://graphql.zeepki.st/
[Info   :Zeepkist GTR] 14:10:36 Start processing HTTP request "POST" https://graphql.zeepki.st/
[Info   :Zeepkist GTR] 14:10:36 Sending HTTP request "POST" https://graphql.zeepki.st/
[Info   :RecentLevels] RecentLevels.AddLevel: Adding level 'PCDJ #53 - rebondit' (UID: AGY1r4gpzkS3Aq4_brrryy, WID: 0)
[Info   :RecentLevels] RecentLevels.AddLevel: Getting WID from lobby: 3814444822
[Info   :RecentLevels] RecentLevels.AddLevel: Found level in recent levels at index 1
[Info   :Zeepkist GTR] 14:10:36 Loading personal best...
[Info   :Zeepkist GTR] 14:10:36 Start processing HTTP request "POST" https://graphql.zeepki.st/
[Info   :Zeepkist GTR] 14:10:36 Start processing HTTP request "POST" https://graphql.zeepki.st/
[Info   :Zeepkist GTR] 14:10:36 Sending HTTP request "POST" https://graphql.zeepki.st/
[Info   :Zeepkist GTR] 14:10:36 Stopping existing recorder if any
[Info   :Zeepkist GTR] 14:10:36 Creating new recorder
[Info   :Zeepkist GTR] 14:10:36 Received HTTP response headers after 146.1674ms - 200
[Info   :Zeepkist GTR] 14:10:36 End processing HTTP request after 146.3209ms - 200
[Info   :Zeepkist GTR] 14:10:36 End processing HTTP request after 159.2366ms - 200
[Info   :Zeepkist GTR] 14:10:36 Received HTTP response headers after 261.7682ms - 200
[Info   :Zeepkist GTR] 14:10:36 End processing HTTP request after 261.9253ms - 200
[Info   :Zeepkist GTR] 14:10:36 End processing HTTP request after 272.8134ms - 200
[Info   :Zeepkist GTR] 14:10:36 Received HTTP response headers after 476.4071ms - 200
[Info   :Zeepkist GTR] 14:10:36 End processing HTTP request after 476.5631ms - 200
[Info   :Zeepkist GTR] 14:10:36 End processing HTTP request after 492.4302ms - 200
[Info   :Zeepkist GTR] 14:10:36 Received HTTP response headers after 500.0943ms - 200
[Info   :Zeepkist GTR] 14:10:36 End processing HTTP request after 500.2034ms - 200
[Info   :Zeepkist GTR] 14:10:36 End processing HTTP request after 509.3802ms - 200
[Info   :Zeepkist GTR] 14:10:38 Starting recorder
[Info   :Zeepkist GTR] 14:11:16 Start processing HTTP request "POST" https://graphql.zeepki.st/
[Info   :Zeepkist GTR] 14:11:16 Start processing HTTP request "POST" https://graphql.zeepki.st/
[Info   :Zeepkist GTR] 14:11:16 Sending HTTP request "POST" https://graphql.zeepki.st/
[Info   :Zeepkist GTR] 14:11:16 Received HTTP response headers after 195.7366ms - 200
[Info   :Zeepkist GTR] 14:11:16 End processing HTTP request after 195.8958ms - 200
[Info   :Zeepkist GTR] 14:11:16 End processing HTTP request after 200.883ms - 200
[Info   :TopOutTournament] Ending Top->Out round
[Info   :Zeepkist GTR] 14:11:46 Discarding recorder
[Info   :COTDTracker] Doing eliminations with leaderboard:
[Info   :COTDTracker] Player Lexer: Time: 18.48101
[Info   :COTDTracker] Player what_is_tatari_2008: Time: 18.79713
[Info   :COTDTracker] Player justMaki: Time: 18.80261
[Info   :COTDTracker] Player Jake: Time: 18.96621
[Info   :COTDTracker] Player Vael: Time: 18.97686
[Info   :COTDTracker] Player [CSC] PlusMicron: Time: 19.06625
[Info   :COTDTracker] Player Minkus: Time: 19.09759
[Info   :COTDTracker] Player tatari_lover2008: Time: 19.14745
[Info   :COTDTracker] Player [WASH] Quickracer10: Time: 19.25877
[Info   :COTDTracker] Player aizpun: Time: 19.34765
[Info   :COTDTracker] Player wokonbike: Time: 19.34885
[Info   :COTDTracker] Player Gimpel: Time: 19.39487
[Info   :COTDTracker] Player M4rv: Time: 19.41592
[Info   :COTDTracker] Player [CSC]IronDragon111000: Time: 19.56554
[Info   :COTDTracker] Player Warsnac: Time: 19.60473
[Info   :COTDTracker] Player [CSC]Tommygaming: Time: 19.62467
[Info   :COTDTracker] Player timesprout: Time: 19.64391
[Info   :COTDTracker] Player Six: Time: 19.7466
[Info   :COTDTracker] Player [CSC]AndMe18: Time: 19.7559
[Info   :COTDTracker] Player M4DSCOTSM4N: Time: 19.77525
[Info   :COTDTracker] Player Mμ: Time: 19.91297
[Info   :COTDTracker] Player wunderBarr: Time: 20.04376
[Info   :COTDTracker] Player Jorts: Time: 20.10186
[Info   :COTDTracker] Player [CSC]ShyGirlyRaccoon: Time: 20.43131
[Info   :COTDTracker] Player Matic_D: Time: 20.54546
[Info   :COTDTracker] Player [MMM]Kreeeeee: Time: 20.77699
[Info   :COTDTracker] Player [MMM]Victor: Time: 21.48046
[Info   :COTDTracker] Player Noxitu: Time: 21.93236
[Info   :COTDTracker] Player [CCC]Shinikage221: Time: 22.09773
[Info   :COTDTracker] Player imagineaclevernamehere: Time: 22.4431
[Info   :COTDTracker] Player lele514: Time: 22.82023
[Info   :COTDTracker] Player VroomVroomer: Time: 23.32604
[Info   :COTDTracker] Player LKat: Time: DNF
[Info   :COTDTracker] Player J0k3r_97: Time: DNF
[Info   :COTDTracker] Player [CSC] variableferret: Time: DNF
[Info   :COTDTracker] Eliminating DNF: [CSC] variableferret
[Info   :COTDTracker] Eliminating DNF: J0k3r_97
[Info   :COTDTracker] Eliminating DNF: LKat
[Info   :COTDTracker] Eliminated 3 DNF players
[Info   :COTDTracker] Eliminating 3 players: 
[Info   :COTDTracker] [CSC] variableferret
[Info   :COTDTracker] J0k3r_97
[Info   :COTDTracker] LKat
[Info   :COTDTracker] Kicking eliminated players
[Info   :Zeepkist GTR] 14:12:00 Start processing HTTP request "POST" https://backend.zeepki.st/level/request
[Info   :Zeepkist GTR] 14:12:00 Start processing HTTP request "POST" https://backend.zeepki.st/level/request
[Info   :Zeepkist GTR] 14:12:00 Sending HTTP request "POST" https://backend.zeepki.st/level/request
[Info   :Zeepkist GTR] 14:12:00 Start processing HTTP request "POST" https://graphql.zeepki.st/
[Info   :Zeepkist GTR] 14:12:00 Start processing HTTP request "POST" https://graphql.zeepki.st/
[Info   :Zeepkist GTR] 14:12:00 Sending HTTP request "POST" https://graphql.zeepki.st/
[Info   :Zeepkist GTR] 14:12:00 Start processing HTTP request "POST" https://graphql.zeepki.st/
[Info   :Zeepkist GTR] 14:12:00 Start processing HTTP request "POST" https://graphql.zeepki.st/
[Info   :Zeepkist GTR] 14:12:00 Sending HTTP request "POST" https://graphql.zeepki.st/
[Warning:Zeepkist GTR] 14:12:00 Current-level record subscription failed
[Info   :RecentLevels] RecentLevels.AddLevel: Adding level 'PCDJ #53 - this map was never given a name after approval so its name is now Gerald' (UID: Ic8N-lLGSUK5yAC_[CSC] variableferret, WID: 0)
[Info   :RecentLevels] RecentLevels.AddLevel: Getting WID from lobby: 3815212355
[Info   :RecentLevels] RecentLevels.AddLevel: Found level in recent levels at index 1
[Info   :Zeepkist GTR] 14:12:00 Loading personal best...
[Info   :Zeepkist GTR] 14:12:00 Start processing HTTP request "POST" https://graphql.zeepki.st/
[Info   :Zeepkist GTR] 14:12:00 Start processing HTTP request "POST" https://graphql.zeepki.st/
[Info   :Zeepkist GTR] 14:12:00 Sending HTTP request "POST" https://graphql.zeepki.st/
[Info   :Zeepkist GTR] 14:12:00 Stopping existing recorder if any
[Info   :Zeepkist GTR] 14:12:00 Creating new recorder
[Info   :Zeepkist GTR] 14:12:01 Received HTTP response headers after 246.4544ms - 200
[Info   :Zeepkist GTR] 14:12:01 End processing HTTP request after 246.5885ms - 200
[Info   :Zeepkist GTR] 14:12:01 End processing HTTP request after 260.8269ms - 200
[Info   :Zeepkist GTR] 14:12:01 Received HTTP response headers after 436.1575ms - 200
[Info   :Zeepkist GTR] 14:12:01 End processing HTTP request after 436.2839ms - 200
[Info   :Zeepkist GTR] 14:12:01 End processing HTTP request after 444.2969ms - 200
[Info   :Zeepkist GTR] 14:12:01 Received HTTP response headers after 533.9075ms - 200
[Info   :Zeepkist GTR] 14:12:01 End processing HTTP request after 534.0333ms - 200
[Info   :Zeepkist GTR] 14:12:01 End processing HTTP request after 545.5587ms - 200
[Info   :Zeepkist GTR] 14:12:01 Received HTTP response headers after 597.7266ms - 200
[Info   :Zeepkist GTR] 14:12:01 End processing HTTP request after 597.8784ms - 200
[Info   :Zeepkist GTR] 14:12:01 End processing HTTP request after 611.6337ms - 200
[Info   :Zeepkist GTR] 14:12:02 Starting recorder
[Info   :Zeepkist GTR] 14:12:39 Start processing HTTP request "POST" https://graphql.zeepki.st/
[Info   :Zeepkist GTR] 14:12:39 Start processing HTTP request "POST" https://graphql.zeepki.st/
[Info   :Zeepkist GTR] 14:12:39 Sending HTTP request "POST" https://graphql.zeepki.st/
[Info   :Zeepkist GTR] 14:12:39 Received HTTP response headers after 146.6264ms - 200
[Info   :Zeepkist GTR] 14:12:39 End processing HTTP request after 146.7753ms - 200
[Info   :Zeepkist GTR] 14:12:39 End processing HTTP request after 151.2496ms - 200
[Info   :TopOutTournament] Ending Top->Out round
[Info   :Zeepkist GTR] 14:13:09 Discarding recorder
[Info   :COTDTracker] Doing eliminations with leaderboard:
[Info   :COTDTracker] Player tatari_lover2008: Time: 20.5858
[Info   :COTDTracker] Player justMaki: Time: 20.61057
[Info   :COTDTracker] Player what_is_tatari_2008: Time: 20.82692
[Info   :COTDTracker] Player Mμ: Time: 20.86362
[Info   :COTDTracker] Player Jake: Time: 20.9138
[Info   :COTDTracker] Player Lexer: Time: 20.93784
[Info   :COTDTracker] Player Minkus: Time: 20.94575
[Info   :COTDTracker] Player wunderBarr: Time: 21.0054
[Info   :COTDTracker] Player [CSC]Tommygaming: Time: 21.03361
[Info   :COTDTracker] Player [MMM]Victor: Time: 21.20087
[Info   :COTDTracker] Player Vael: Time: 21.2379
[Info   :COTDTracker] Player [CSC]AndMe18: Time: 21.3234
[Info   :COTDTracker] Player [WASH] Quickracer10: Time: 21.39776
[Info   :COTDTracker] Player wokonbike: Time: 21.4139
[Info   :COTDTracker] Player [CSC]ShyGirlyRaccoon: Time: 21.46384
[Info   :COTDTracker] Player M4rv: Time: 21.47754
[Info   :COTDTracker] Player Six: Time: 21.5579
[Info   :COTDTracker] Player Warsnac: Time: 21.59391
[Info   :COTDTracker] Player Gimpel: Time: 21.64562
[Info   :COTDTracker] Player [CSC]IronDragon111000: Time: 21.70403
[Info   :COTDTracker] Player Matic_D: Time: 21.75563
[Info   :COTDTracker] Player VroomVroomer: Time: 21.7589
[Info   :COTDTracker] Player [CSC] PlusMicron: Time: 21.76731
[Info   :COTDTracker] Player aizpun: Time: 21.86853
[Info   :COTDTracker] Player M4DSCOTSM4N: Time: 21.88578
[Info   :COTDTracker] Player [MMM]Kreeeeee: Time: 21.88899
[Info   :COTDTracker] Player Noxitu: Time: 21.96836
[Info   :COTDTracker] Player Jorts: Time: 22.00605
[Info   :COTDTracker] Player timesprout: Time: 22.14166
[Info   :COTDTracker] Player [CCC]Shinikage221: Time: 22.29669
[Info   :COTDTracker] Player imagineaclevernamehere: Time: 22.85007
[Info   :COTDTracker] Player lele514: Time: 23.14757
[Info   :COTDTracker] Eliminated 0 DNF players
[Info   :COTDTracker] Eliminating on time: lele514
[Info   :COTDTracker] Eliminating on time: imagineaclevernamehere
[Info   :COTDTracker] Eliminating on time: [CCC]Shinikage221
[Info   :COTDTracker] Eliminating 3 players: 
[Info   :COTDTracker] lele514
[Info   :COTDTracker] imagineaclevernamehere
[Info   :COTDTracker] [CCC]Shinikage221
[Info   :COTDTracker] Kicking eliminated players
[Info   :Zeepkist GTR] 14:13:24 Start processing HTTP request "POST" https://backend.zeepki.st/level/request
[Info   :Zeepkist GTR] 14:13:24 Start processing HTTP request "POST" https://backend.zeepki.st/level/request
[Info   :Zeepkist GTR] 14:13:24 Sending HTTP request "POST" https://backend.zeepki.st/level/request
[Info   :Zeepkist GTR] 14:13:24 Start processing HTTP request "POST" https://graphql.zeepki.st/
[Info   :Zeepkist GTR] 14:13:24 Start processing HTTP request "POST" https://graphql.zeepki.st/
[Info   :Zeepkist GTR] 14:13:24 Sending HTTP request "POST" https://graphql.zeepki.st/
[Info   :Zeepkist GTR] 14:13:24 Start processing HTTP request "POST" https://graphql.zeepki.st/
[Info   :Zeepkist GTR] 14:13:24 Start processing HTTP request "POST" https://graphql.zeepki.st/
[Info   :Zeepkist GTR] 14:13:24 Sending HTTP request "POST" https://graphql.zeepki.st/
[Warning:Zeepkist GTR] 14:13:24 Current-level record subscription failed
[Info   :RecentLevels] RecentLevels.AddLevel: Adding level 'PCDJ #53 - rebondit' (UID: AGY1r4gpzkS3Aq4_brrryy, WID: 0)
[Info   :RecentLevels] RecentLevels.AddLevel: Getting WID from lobby: 3814444822
[Info   :RecentLevels] RecentLevels.AddLevel: Found level in recent levels at index 1
[Info   :Zeepkist GTR] 14:13:24 Loading personal best...
[Info   :Zeepkist GTR] 14:13:24 Start processing HTTP request "POST" https://graphql.zeepki.st/
[Info   :Zeepkist GTR] 14:13:24 Start processing HTTP request "POST" https://graphql.zeepki.st/
[Info   :Zeepkist GTR] 14:13:24 Sending HTTP request "POST" https://graphql.zeepki.st/
[Info   :Zeepkist GTR] 14:13:24 Stopping existing recorder if any
[Info   :Zeepkist GTR] 14:13:24 Creating new recorder
[Info   :Zeepkist GTR] 14:13:24 Received HTTP response headers after 160.4933ms - 200
[Info   :Zeepkist GTR] 14:13:24 End processing HTTP request after 160.6405ms - 200
[Info   :Zeepkist GTR] 14:13:24 Received HTTP response headers after 165.2675ms - 200
[Info   :Zeepkist GTR] 14:13:24 End processing HTTP request after 165.3981ms - 200
[Info   :Zeepkist GTR] 14:13:24 Received HTTP response headers after 171.814ms - 200
[Info   :Zeepkist GTR] 14:13:24 End processing HTTP request after 171.9329ms - 200
[Info   :Zeepkist GTR] 14:13:24 End processing HTTP request after 176.3564ms - 200
[Info   :Zeepkist GTR] 14:13:24 End processing HTTP request after 175.9948ms - 200
[Info   :Zeepkist GTR] 14:13:24 End processing HTTP request after 175.7178ms - 200
[Info   :Zeepkist GTR] 14:13:24 Received HTTP response headers after 327.867ms - 200
[Info   :Zeepkist GTR] 14:13:24 End processing HTTP request after 328.0057ms - 200
[Info   :Zeepkist GTR] 14:13:24 End processing HTTP request after 339.6965ms - 200
[Info   :Zeepkist GTR] 14:13:25 Starting recorder
[Info   :Zeepkist GTR] 14:14:02 Start processing HTTP request "POST" https://graphql.zeepki.st/
[Info   :Zeepkist GTR] 14:14:02 Start processing HTTP request "POST" https://graphql.zeepki.st/
[Info   :Zeepkist GTR] 14:14:02 Sending HTTP request "POST" https://graphql.zeepki.st/
[Info   :Zeepkist GTR] 14:14:03 Received HTTP response headers after 461.5548ms - 200
[Info   :Zeepkist GTR] 14:14:03 End processing HTTP request after 461.6838ms - 200
[Info   :Zeepkist GTR] 14:14:03 End processing HTTP request after 467.9278ms - 200
[Info   :TopOutTournament] Ending Top->Out round
[Info   :Zeepkist GTR] 14:14:32 Discarding recorder
[Info   :COTDTracker] Doing eliminations with leaderboard:
[Info   :COTDTracker] Player justMaki: Time: 18.4221
[Info   :COTDTracker] Player Vael: Time: 18.43088
[Info   :COTDTracker] Player Minkus: Time: 18.46206
[Info   :COTDTracker] Player Lexer: Time: 18.66768
[Info   :COTDTracker] Player Jake: Time: 18.8231
[Info   :COTDTracker] Player what_is_tatari_2008: Time: 19.00302
[Info   :COTDTracker] Player Warsnac: Time: 19.13432
[Info   :COTDTracker] Player aizpun: Time: 19.18806
[Info   :COTDTracker] Player tatari_lover2008: Time: 19.27697
[Info   :COTDTracker] Player Gimpel: Time: 19.34635
[Info   :COTDTracker] Player [CSC]IronDragon111000: Time: 19.34776
[Info   :COTDTracker] Player [MMM]Victor: Time: 19.35729
[Info   :COTDTracker] Player [WASH] Quickracer10: Time: 19.37726
[Info   :COTDTracker] Player Jorts: Time: 19.46391
[Info   :COTDTracker] Player M4DSCOTSM4N: Time: 19.52542
[Info   :COTDTracker] Player M4rv: Time: 19.56869
[Info   :COTDTracker] Player [CSC] PlusMicron: Time: 19.60758
[Info   :COTDTracker] Player [CSC]Tommygaming: Time: 19.61031
[Info   :COTDTracker] Player Six: Time: 19.61749
[Info   :COTDTracker] Player wunderBarr: Time: 19.66253
[Info   :COTDTracker] Player Mμ: Time: 19.73137
[Info   :COTDTracker] Player [MMM]Kreeeeee: Time: 19.87306
[Info   :COTDTracker] Player [CSC]AndMe18: Time: 19.98593
[Info   :COTDTracker] Player timesprout: Time: 20.25328
[Info   :COTDTracker] Player Matic_D: Time: 20.54922
[Info   :COTDTracker] Player wokonbike: Time: 20.64784
[Info   :COTDTracker] Player Noxitu: Time: 20.75533
[Info   :COTDTracker] Player VroomVroomer: Time: 21.29516
[Info   :COTDTracker] Player [CSC]ShyGirlyRaccoon: Time: 22.17952
[Info   :COTDTracker] Eliminated 0 DNF players
[Info   :COTDTracker] Eliminating on time: [CSC]ShyGirlyRaccoon
[Info   :COTDTracker] Eliminating on time: VroomVroomer
[Info   :COTDTracker] Eliminating on time: Noxitu
[Info   :COTDTracker] Eliminating 3 players: 
[Info   :COTDTracker] [CSC]ShyGirlyRaccoon
[Info   :COTDTracker] VroomVroomer
[Info   :COTDTracker] Noxitu
[Info   :COTDTracker] Kicking eliminated players
[Info   :Zeepkist GTR] 14:14:46 Start processing HTTP request "POST" https://backend.zeepki.st/level/request
[Info   :Zeepkist GTR] 14:14:46 Start processing HTTP request "POST" https://backend.zeepki.st/level/request
[Info   :Zeepkist GTR] 14:14:46 Sending HTTP request "POST" https://backend.zeepki.st/level/request
[Info   :Zeepkist GTR] 14:14:46 Start processing HTTP request "POST" https://graphql.zeepki.st/
[Info   :Zeepkist GTR] 14:14:46 Start processing HTTP request "POST" https://graphql.zeepki.st/
[Info   :Zeepkist GTR] 14:14:46 Sending HTTP request "POST" https://graphql.zeepki.st/
[Info   :Zeepkist GTR] 14:14:46 Start processing HTTP request "POST" https://graphql.zeepki.st/
[Info   :Zeepkist GTR] 14:14:46 Start processing HTTP request "POST" https://graphql.zeepki.st/
[Info   :Zeepkist GTR] 14:14:46 Sending HTTP request "POST" https://graphql.zeepki.st/
[Warning:Zeepkist GTR] 14:14:46 Current-level record subscription failed
[Info   :RecentLevels] RecentLevels.AddLevel: Adding level 'PCDJ #53 - this map was never given a name after approval so its name is now Gerald' (UID: Ic8N-lLGSUK5yAC_[CSC] variableferret, WID: 0)
[Info   :RecentLevels] RecentLevels.AddLevel: Getting WID from lobby: 3815212355
[Info   :RecentLevels] RecentLevels.AddLevel: Found level in recent levels at index 1
[Info   :Zeepkist GTR] 14:14:46 Loading personal best...
[Info   :Zeepkist GTR] 14:14:46 Start processing HTTP request "POST" https://graphql.zeepki.st/
[Info   :Zeepkist GTR] 14:14:46 Start processing HTTP request "POST" https://graphql.zeepki.st/
[Info   :Zeepkist GTR] 14:14:46 Sending HTTP request "POST" https://graphql.zeepki.st/
[Info   :Zeepkist GTR] 14:14:46 Stopping existing recorder if any
[Info   :Zeepkist GTR] 14:14:46 Creating new recorder
[Info   :Zeepkist GTR] 14:14:47 Received HTTP response headers after 197.7946ms - 200
[Info   :Zeepkist GTR] 14:14:47 End processing HTTP request after 197.9268ms - 200
[Info   :Zeepkist GTR] 14:14:47 End processing HTTP request after 212.0846ms - 200
[Info   :Zeepkist GTR] 14:14:47 Received HTTP response headers after 336.9334ms - 200
[Info   :Zeepkist GTR] 14:14:47 End processing HTTP request after 337.0817ms - 200
[Info   :Zeepkist GTR] 14:14:47 End processing HTTP request after 348.2562ms - 200
[Info   :Zeepkist GTR] 14:14:47 Received HTTP response headers after 447.9973ms - 200
[Info   :Zeepkist GTR] 14:14:47 End processing HTTP request after 448.1274ms - 200
[Info   :Zeepkist GTR] 14:14:47 End processing HTTP request after 460.7202ms - 200
[Info   :Zeepkist GTR] 14:14:47 Received HTTP response headers after 466.291ms - 200
[Info   :Zeepkist GTR] 14:14:47 End processing HTTP request after 466.3893ms - 200
[Info   :Zeepkist GTR] 14:14:47 End processing HTTP request after 478.5288ms - 200
[Info   :Zeepkist GTR] 14:14:48 Starting recorder
[Info   :Zeepkist GTR] 14:15:25 Start processing HTTP request "POST" https://graphql.zeepki.st/
[Info   :Zeepkist GTR] 14:15:25 Start processing HTTP request "POST" https://graphql.zeepki.st/
[Info   :Zeepkist GTR] 14:15:25 Sending HTTP request "POST" https://graphql.zeepki.st/
[Info   :Zeepkist GTR] 14:15:25 Received HTTP response headers after 155.7169ms - 200
[Info   :Zeepkist GTR] 14:15:25 End processing HTTP request after 155.8549ms - 200
[Info   :Zeepkist GTR] 14:15:25 End processing HTTP request after 167.644ms - 200
[Info   :TopOutTournament] Ending Top->Out round
[Info   :Zeepkist GTR] 14:15:55 Discarding recorder
[Info   :COTDTracker] Doing eliminations with leaderboard:
[Info   :COTDTracker] Player what_is_tatari_2008: Time: 20.5561
[Info   :COTDTracker] Player justMaki: Time: 20.59651
[Info   :COTDTracker] Player tatari_lover2008: Time: 20.69827
[Info   :COTDTracker] Player Mμ: Time: 20.81289
[Info   :COTDTracker] Player Minkus: Time: 20.81704
[Info   :COTDTracker] Player M4rv: Time: 20.87439
[Info   :COTDTracker] Player [CSC]Tommygaming: Time: 20.89033
[Info   :COTDTracker] Player Vael: Time: 20.92659
[Info   :COTDTracker] Player [CSC] PlusMicron: Time: 21.12328
[Info   :COTDTracker] Player wunderBarr: Time: 21.19944
[Info   :COTDTracker] Player [CSC]IronDragon111000: Time: 21.20916
[Info   :COTDTracker] Player [MMM]Victor: Time: 21.25879
[Info   :COTDTracker] Player aizpun: Time: 21.27817
[Info   :COTDTracker] Player Jake: Time: 21.31852
[Info   :COTDTracker] Player Lexer: Time: 21.33807
[Info   :COTDTracker] Player Six: Time: 21.40413
[Info   :COTDTracker] Player [WASH] Quickracer10: Time: 21.44511
[Info   :COTDTracker] Player [CSC]AndMe18: Time: 21.47626
[Info   :COTDTracker] Player wokonbike: Time: 21.47652
[Info   :COTDTracker] Player Gimpel: Time: 21.4925
[Info   :COTDTracker] Player M4DSCOTSM4N: Time: 21.55714
[Info   :COTDTracker] Player Warsnac: Time: 21.63518
[Info   :COTDTracker] Player Jorts: Time: 21.77356
[Info   :COTDTracker] Player Matic_D: Time: 21.78723
[Info   :COTDTracker] Player timesprout: Time: 22.33803
[Info   :COTDTracker] Player [MMM]Kreeeeee: Time: DNF
[Info   :COTDTracker] Eliminating DNF: [MMM]Kreeeeee
[Info   :COTDTracker] Eliminated 1 DNF players
[Info   :COTDTracker] Eliminating on time: timesprout
[Info   :COTDTracker] Eliminating on time: Matic_D
[Info   :COTDTracker] Eliminating 3 players: 
[Info   :COTDTracker] [MMM]Kreeeeee
[Info   :COTDTracker] timesprout
[Info   :COTDTracker] Matic_D
[Info   :COTDTracker] Kicking eliminated players
[Info   :Zeepkist GTR] 14:16:10 Start processing HTTP request "POST" https://backend.zeepki.st/level/request
[Info   :Zeepkist GTR] 14:16:10 Start processing HTTP request "POST" https://backend.zeepki.st/level/request
[Info   :Zeepkist GTR] 14:16:10 Sending HTTP request "POST" https://backend.zeepki.st/level/request
[Info   :Zeepkist GTR] 14:16:10 Start processing HTTP request "POST" https://graphql.zeepki.st/
[Info   :Zeepkist GTR] 14:16:10 Start processing HTTP request "POST" https://graphql.zeepki.st/
[Info   :Zeepkist GTR] 14:16:10 Sending HTTP request "POST" https://graphql.zeepki.st/
[Info   :Zeepkist GTR] 14:16:10 Start processing HTTP request "POST" https://graphql.zeepki.st/
[Info   :Zeepkist GTR] 14:16:10 Start processing HTTP request "POST" https://graphql.zeepki.st/
[Info   :Zeepkist GTR] 14:16:10 Sending HTTP request "POST" https://graphql.zeepki.st/
[Warning:Zeepkist GTR] 14:16:10 Current-level record subscription failed
[Info   :RecentLevels] RecentLevels.AddLevel: Adding level 'PCDJ #53 - rebondit' (UID: AGY1r4gpzkS3Aq4_brrryy, WID: 0)
[Info   :RecentLevels] RecentLevels.AddLevel: Getting WID from lobby: 3814444822
[Info   :RecentLevels] RecentLevels.AddLevel: Found level in recent levels at index 1
[Info   :Zeepkist GTR] 14:16:10 Loading personal best...
[Info   :Zeepkist GTR] 14:16:10 Start processing HTTP request "POST" https://graphql.zeepki.st/
[Info   :Zeepkist GTR] 14:16:10 Start processing HTTP request "POST" https://graphql.zeepki.st/
[Info   :Zeepkist GTR] 14:16:10 Sending HTTP request "POST" https://graphql.zeepki.st/
[Info   :Zeepkist GTR] 14:16:10 Stopping existing recorder if any
[Info   :Zeepkist GTR] 14:16:10 Creating new recorder
[Info   :Zeepkist GTR] 14:16:10 Received HTTP response headers after 432.8783ms - 200
[Info   :Zeepkist GTR] 14:16:10 End processing HTTP request after 433.0071ms - 200
[Info   :Zeepkist GTR] 14:16:10 Received HTTP response headers after 433.7692ms - 200
[Info   :Zeepkist GTR] 14:16:10 End processing HTTP request after 433.8514ms - 200
[Info   :Zeepkist GTR] 14:16:10 End processing HTTP request after 443.0541ms - 200
[Info   :Zeepkist GTR] 14:16:10 End processing HTTP request after 443.313ms - 200
[Info   :Zeepkist GTR] 14:16:10 Received HTTP response headers after 479.141ms - 200
[Info   :Zeepkist GTR] 14:16:10 End processing HTTP request after 479.2785ms - 200
[Info   :Zeepkist GTR] 14:16:10 End processing HTTP request after 492.5872ms - 200
[Info   :Zeepkist GTR] 14:16:10 Received HTTP response headers after 353.4896ms - 200
[Info   :Zeepkist GTR] 14:16:10 End processing HTTP request after 353.7011ms - 200
[Info   :Zeepkist GTR] 14:16:10 End processing HTTP request after 368.234ms - 200
[Info   :Zeepkist GTR] 14:16:11 Starting recorder
[Info   :Zeepkist GTR] 14:16:48 Start processing HTTP request "POST" https://graphql.zeepki.st/
[Info   :Zeepkist GTR] 14:16:48 Start processing HTTP request "POST" https://graphql.zeepki.st/
[Info   :Zeepkist GTR] 14:16:48 Sending HTTP request "POST" https://graphql.zeepki.st/
[Info   :Zeepkist GTR] 14:16:48 Received HTTP response headers after 165.2658ms - 200
[Info   :Zeepkist GTR] 14:16:48 End processing HTTP request after 165.4164ms - 200
[Info   :Zeepkist GTR] 14:16:48 End processing HTTP request after 167.8304ms - 200
[Info   :TopOutTournament] Ending Top->Out round
[Info   :Zeepkist GTR] 14:17:18 Discarding recorder
[Info   :COTDTracker] Doing eliminations with leaderboard:
[Info   :COTDTracker] Player justMaki: Time: 18.24995
[Info   :COTDTracker] Player Vael: Time: 18.57968
[Info   :COTDTracker] Player what_is_tatari_2008: Time: 18.70902
[Info   :COTDTracker] Player Gimpel: Time: 18.84592
[Info   :COTDTracker] Player tatari_lover2008: Time: 18.90351
[Info   :COTDTracker] Player Warsnac: Time: 18.95183
[Info   :COTDTracker] Player [CSC]Tommygaming: Time: 18.95849
[Info   :COTDTracker] Player [WASH] Quickracer10: Time: 18.96238
[Info   :COTDTracker] Player Jake: Time: 18.99677
[Info   :COTDTracker] Player Six: Time: 19.00751
[Info   :COTDTracker] Player [CSC] PlusMicron: Time: 19.01962
[Info   :COTDTracker] Player aizpun: Time: 19.09111
[Info   :COTDTracker] Player Minkus: Time: 19.09293
[Info   :COTDTracker] Player Lexer: Time: 19.13538
[Info   :COTDTracker] Player Jorts: Time: 19.16476
[Info   :COTDTracker] Player [CSC]AndMe18: Time: 19.31307
[Info   :COTDTracker] Player Mμ: Time: 19.32659
[Info   :COTDTracker] Player M4DSCOTSM4N: Time: 19.44785
[Info   :COTDTracker] Player [CSC]IronDragon111000: Time: 19.46577
[Info   :COTDTracker] Player [MMM]Victor: Time: 19.50487
[Info   :COTDTracker] Player wunderBarr: Time: 19.73848
[Info   :COTDTracker] Player wokonbike: Time: 19.83353
[Info   :COTDTracker] Player M4rv: Time: 20.06532
[Info   :COTDTracker] Eliminated 0 DNF players
[Info   :COTDTracker] Eliminating on time: M4rv
[Info   :COTDTracker] Eliminating on time: wokonbike
[Info   :COTDTracker] Eliminating on time: wunderBarr
[Info   :COTDTracker] Eliminating 3 players: 
[Info   :COTDTracker] M4rv
[Info   :COTDTracker] wokonbike
[Info   :COTDTracker] wunderBarr
[Info   :COTDTracker] Kicking eliminated players
[Info   :Zeepkist GTR] 14:17:32 Start processing HTTP request "POST" https://backend.zeepki.st/level/request
[Info   :Zeepkist GTR] 14:17:32 Start processing HTTP request "POST" https://backend.zeepki.st/level/request
[Info   :Zeepkist GTR] 14:17:32 Sending HTTP request "POST" https://backend.zeepki.st/level/request
[Info   :Zeepkist GTR] 14:17:32 Start processing HTTP request "POST" https://graphql.zeepki.st/
[Info   :Zeepkist GTR] 14:17:32 Start processing HTTP request "POST" https://graphql.zeepki.st/
[Info   :Zeepkist GTR] 14:17:32 Sending HTTP request "POST" https://graphql.zeepki.st/
[Info   :Zeepkist GTR] 14:17:32 Start processing HTTP request "POST" https://graphql.zeepki.st/
[Info   :Zeepkist GTR] 14:17:32 Start processing HTTP request "POST" https://graphql.zeepki.st/
[Info   :Zeepkist GTR] 14:17:32 Sending HTTP request "POST" https://graphql.zeepki.st/
[Warning:Zeepkist GTR] 14:17:32 Current-level record subscription failed
[Info   :RecentLevels] RecentLevels.AddLevel: Adding level 'PCDJ #53 - this map was never given a name after approval so its name is now Gerald' (UID: Ic8N-lLGSUK5yAC_[CSC] variableferret, WID: 0)
[Info   :RecentLevels] RecentLevels.AddLevel: Getting WID from lobby: 3815212355
[Info   :RecentLevels] RecentLevels.AddLevel: Found level in recent levels at index 1
[Info   :Zeepkist GTR] 14:17:32 Loading personal best...
[Info   :Zeepkist GTR] 14:17:32 Start processing HTTP request "POST" https://graphql.zeepki.st/
[Info   :Zeepkist GTR] 14:17:32 Start processing HTTP request "POST" https://graphql.zeepki.st/
[Info   :Zeepkist GTR] 14:17:32 Sending HTTP request "POST" https://graphql.zeepki.st/
[Info   :Zeepkist GTR] 14:17:32 Stopping existing recorder if any
[Info   :Zeepkist GTR] 14:17:32 Creating new recorder
[Info   :Zeepkist GTR] 14:17:33 Received HTTP response headers after 157.2041ms - 200
[Info   :Zeepkist GTR] 14:17:33 End processing HTTP request after 157.3415ms - 200
[Info   :Zeepkist GTR] 14:17:33 End processing HTTP request after 160.4009ms - 200
[Info   :Zeepkist GTR] 14:17:33 Received HTTP response headers after 176.9723ms - 200
[Info   :Zeepkist GTR] 14:17:33 End processing HTTP request after 177.0844ms - 200
[Info   :Zeepkist GTR] 14:17:33 End processing HTTP request after 178.0259ms - 200
[Info   :Zeepkist GTR] 14:17:33 Received HTTP response headers after 205.2443ms - 200
[Info   :Zeepkist GTR] 14:17:33 End processing HTTP request after 205.3785ms - 200
[Info   :Zeepkist GTR] 14:17:33 End processing HTTP request after 211.1905ms - 200
[Info   :Zeepkist GTR] 14:17:33 Received HTTP response headers after 413.4689ms - 200
[Info   :Zeepkist GTR] 14:17:33 End processing HTTP request after 413.6217ms - 200
[Info   :Zeepkist GTR] 14:17:33 End processing HTTP request after 416.6548ms - 200
[Info   :Zeepkist GTR] 14:17:34 Starting recorder
[Info   :Zeepkist GTR] 14:18:11 Start processing HTTP request "POST" https://graphql.zeepki.st/
[Info   :Zeepkist GTR] 14:18:11 Start processing HTTP request "POST" https://graphql.zeepki.st/
[Info   :Zeepkist GTR] 14:18:11 Sending HTTP request "POST" https://graphql.zeepki.st/
[Info   :Zeepkist GTR] 14:18:11 Received HTTP response headers after 262.1993ms - 200
[Info   :Zeepkist GTR] 14:18:11 End processing HTTP request after 262.3493ms - 200
[Info   :Zeepkist GTR] 14:18:11 End processing HTTP request after 267.6637ms - 200
[Info   :TopOutTournament] Ending Top->Out round
[Info   :Zeepkist GTR] 14:18:41 Discarding recorder
[Info   :COTDTracker] Doing eliminations with leaderboard:
[Info   :COTDTracker] Player Mμ: Time: 20.67219
[Info   :COTDTracker] Player justMaki: Time: 20.75601
[Info   :COTDTracker] Player Vael: Time: 20.76126
[Info   :COTDTracker] Player Lexer: Time: 20.78598
[Info   :COTDTracker] Player [CSC]Tommygaming: Time: 20.79079
[Info   :COTDTracker] Player what_is_tatari_2008: Time: 20.83412
[Info   :COTDTracker] Player [CSC] PlusMicron: Time: 20.97935
[Info   :COTDTracker] Player [MMM]Victor: Time: 21.06978
[Info   :COTDTracker] Player [CSC]AndMe18: Time: 21.12171
[Info   :COTDTracker] Player [CSC]IronDragon111000: Time: 21.1601
[Info   :COTDTracker] Player Warsnac: Time: 21.21688
[Info   :COTDTracker] Player M4DSCOTSM4N: Time: 21.21936
[Info   :COTDTracker] Player aizpun: Time: 21.22912
[Info   :COTDTracker] Player tatari_lover2008: Time: 21.24333
[Info   :COTDTracker] Player Gimpel: Time: 21.24734
[Info   :COTDTracker] Player [WASH] Quickracer10: Time: 21.42974
[Info   :COTDTracker] Player Jake: Time: 21.44425
[Info   :COTDTracker] Player Minkus: Time: 21.49061
[Info   :COTDTracker] Player Six: Time: 21.49787
[Info   :COTDTracker] Player Jorts: Time: DNF
[Info   :COTDTracker] Eliminating DNF: Jorts
[Info   :COTDTracker] Eliminated 1 DNF players
[Info   :COTDTracker] Eliminating on time: Six
[Info   :COTDTracker] Eliminating on time: Minkus
[Info   :COTDTracker] Eliminating 3 players: 
[Info   :COTDTracker] Jorts
[Info   :COTDTracker] Six
[Info   :COTDTracker] Minkus
[Info   :COTDTracker] Kicking eliminated players
[Info   :Zeepkist GTR] 14:18:55 Start processing HTTP request "POST" https://backend.zeepki.st/level/request
[Info   :Zeepkist GTR] 14:18:55 Start processing HTTP request "POST" https://backend.zeepki.st/level/request
[Info   :Zeepkist GTR] 14:18:55 Sending HTTP request "POST" https://backend.zeepki.st/level/request
[Info   :Zeepkist GTR] 14:18:55 Start processing HTTP request "POST" https://graphql.zeepki.st/
[Info   :Zeepkist GTR] 14:18:55 Start processing HTTP request "POST" https://graphql.zeepki.st/
[Info   :Zeepkist GTR] 14:18:55 Sending HTTP request "POST" https://graphql.zeepki.st/
[Info   :Zeepkist GTR] 14:18:55 Start processing HTTP request "POST" https://graphql.zeepki.st/
[Info   :Zeepkist GTR] 14:18:55 Start processing HTTP request "POST" https://graphql.zeepki.st/
[Info   :Zeepkist GTR] 14:18:55 Sending HTTP request "POST" https://graphql.zeepki.st/
[Warning:Zeepkist GTR] 14:18:55 Current-level record subscription failed
[Info   :RecentLevels] RecentLevels.AddLevel: Adding level 'PCDJ #53 - rebondit' (UID: AGY1r4gpzkS3Aq4_brrryy, WID: 0)
[Info   :RecentLevels] RecentLevels.AddLevel: Getting WID from lobby: 3814444822
[Info   :RecentLevels] RecentLevels.AddLevel: Found level in recent levels at index 1
[Info   :Zeepkist GTR] 14:18:56 Loading personal best...
[Info   :Zeepkist GTR] 14:18:56 Start processing HTTP request "POST" https://graphql.zeepki.st/
[Info   :Zeepkist GTR] 14:18:56 Start processing HTTP request "POST" https://graphql.zeepki.st/
[Info   :Zeepkist GTR] 14:18:56 Sending HTTP request "POST" https://graphql.zeepki.st/
[Info   :Zeepkist GTR] 14:18:56 Stopping existing recorder if any
[Info   :Zeepkist GTR] 14:18:56 Creating new recorder
[Info   :Zeepkist GTR] 14:18:56 Received HTTP response headers after 149.1899ms - 200
[Info   :Zeepkist GTR] 14:18:56 End processing HTTP request after 149.3344ms - 200
[Info   :Zeepkist GTR] 14:18:56 End processing HTTP request after 155.208ms - 200
[Info   :Zeepkist GTR] 14:18:56 Received HTTP response headers after 310.9255ms - 200
[Info   :Zeepkist GTR] 14:18:56 End processing HTTP request after 311.0514ms - 200
[Info   :Zeepkist GTR] 14:18:56 End processing HTTP request after 321.7021ms - 200
[Info   :Zeepkist GTR] 14:18:56 Received HTTP response headers after 296.8863ms - 200
[Info   :Zeepkist GTR] 14:18:56 End processing HTTP request after 297.0112ms - 200
[Info   :Zeepkist GTR] 14:18:56 End processing HTTP request after 305.8574ms - 200
[Info   :Zeepkist GTR] 14:18:56 Received HTTP response headers after 457.3563ms - 200
[Info   :Zeepkist GTR] 14:18:56 End processing HTTP request after 457.5011ms - 200
[Info   :Zeepkist GTR] 14:18:56 End processing HTTP request after 472.3922ms - 200
[Info   :Zeepkist GTR] 14:18:57 Starting recorder
[Info   :Zeepkist GTR] 14:19:34 Start processing HTTP request "POST" https://graphql.zeepki.st/
[Info   :Zeepkist GTR] 14:19:34 Start processing HTTP request "POST" https://graphql.zeepki.st/
[Info   :Zeepkist GTR] 14:19:34 Sending HTTP request "POST" https://graphql.zeepki.st/
[Info   :Zeepkist GTR] 14:19:34 Received HTTP response headers after 166.2733ms - 200
[Info   :Zeepkist GTR] 14:19:34 End processing HTTP request after 166.4204ms - 200
[Info   :Zeepkist GTR] 14:19:34 End processing HTTP request after 167.4144ms - 200
[Info   :TopOutTournament] Ending Top->Out round
[Info   :Zeepkist GTR] 14:20:04 Discarding recorder
[Info   :COTDTracker] Doing eliminations with leaderboard:
[Info   :COTDTracker] Player [WASH] Quickracer10: Time: 18.42664
[Info   :COTDTracker] Player Jake: Time: 18.53422
[Info   :COTDTracker] Player justMaki: Time: 18.62413
[Info   :COTDTracker] Player what_is_tatari_2008: Time: 18.76116
[Info   :COTDTracker] Player Vael: Time: 18.79368
[Info   :COTDTracker] Player Mμ: Time: 18.81382
[Info   :COTDTracker] Player Warsnac: Time: 18.87982
[Info   :COTDTracker] Player tatari_lover2008: Time: 19.01772
[Info   :COTDTracker] Player Gimpel: Time: 19.14948
[Info   :COTDTracker] Player Lexer: Time: 19.18207
[Info   :COTDTracker] Player [CSC]Tommygaming: Time: 19.31685
[Info   :COTDTracker] Player [CSC] PlusMicron: Time: 19.33465
[Info   :COTDTracker] Player [CSC]AndMe18: Time: 19.80818
[Info   :COTDTracker] Player M4DSCOTSM4N: Time: 19.83879
[Info   :COTDTracker] Player [CSC]IronDragon111000: Time: 19.86322
[Info   :COTDTracker] Player [MMM]Victor: Time: DNF
[Info   :COTDTracker] Player aizpun: Time: DNF
[Info   :COTDTracker] Eliminating DNF: aizpun
[Info   :COTDTracker] Eliminating DNF: [MMM]Victor
[Info   :COTDTracker] Eliminated 2 DNF players
[Info   :COTDTracker] Eliminating on time: [CSC]IronDragon111000
[Info   :COTDTracker] Eliminating 3 players: 
[Info   :COTDTracker] aizpun
[Info   :COTDTracker] [MMM]Victor
[Info   :COTDTracker] [CSC]IronDragon111000
[Info   :COTDTracker] Kicking eliminated players
[Info   :Zeepkist GTR] 14:20:18 Start processing HTTP request "POST" https://backend.zeepki.st/auth/refresh
[Info   :Zeepkist GTR] 14:20:18 Start processing HTTP request "POST" https://backend.zeepki.st/auth/refresh
[Info   :Zeepkist GTR] 14:20:18 Sending HTTP request "POST" https://backend.zeepki.st/auth/refresh
[Info   :Zeepkist GTR] 14:20:18 Start processing HTTP request "POST" https://graphql.zeepki.st/
[Info   :Zeepkist GTR] 14:20:18 Start processing HTTP request "POST" https://graphql.zeepki.st/
[Info   :Zeepkist GTR] 14:20:18 Sending HTTP request "POST" https://graphql.zeepki.st/
[Info   :Zeepkist GTR] 14:20:18 Start processing HTTP request "POST" https://graphql.zeepki.st/
[Info   :Zeepkist GTR] 14:20:18 Start processing HTTP request "POST" https://graphql.zeepki.st/
[Info   :Zeepkist GTR] 14:20:18 Sending HTTP request "POST" https://graphql.zeepki.st/
[Warning:Zeepkist GTR] 14:20:18 Current-level record subscription failed
[Info   :RecentLevels] RecentLevels.AddLevel: Adding level 'PCDJ #53 - this map was never given a name after approval so its name is now Gerald' (UID: Ic8N-lLGSUK5yAC_[CSC] variableferret, WID: 0)
[Info   :RecentLevels] RecentLevels.AddLevel: Getting WID from lobby: 3815212355
[Info   :RecentLevels] RecentLevels.AddLevel: Found level in recent levels at index 1
[Info   :Zeepkist GTR] 14:20:18 Loading personal best...
[Info   :Zeepkist GTR] 14:20:18 Start processing HTTP request "POST" https://graphql.zeepki.st/
[Info   :Zeepkist GTR] 14:20:18 Start processing HTTP request "POST" https://graphql.zeepki.st/
[Info   :Zeepkist GTR] 14:20:18 Sending HTTP request "POST" https://graphql.zeepki.st/
[Info   :Zeepkist GTR] 14:20:18 Stopping existing recorder if any
[Info   :Zeepkist GTR] 14:20:18 Creating new recorder
[Info   :Zeepkist GTR] 14:20:19 Received HTTP response headers after 212.8851ms - 200
[Info   :Zeepkist GTR] 14:20:19 End processing HTTP request after 213.0228ms - 200
[Info   :Zeepkist GTR] 14:20:19 End processing HTTP request after 225.3124ms - 200
[Info   :Zeepkist GTR] 14:20:19 Received HTTP response headers after 340.1778ms - 200
[Info   :Zeepkist GTR] 14:20:19 End processing HTTP request after 340.3179ms - 200
[Info   :Zeepkist GTR] 14:20:19 End processing HTTP request after 343.6344ms - 200
[Info   :Zeepkist GTR] 14:20:19 Received HTTP response headers after 500.2371ms - 200
[Info   :Zeepkist GTR] 14:20:19 End processing HTTP request after 500.3763ms - 200
[Info   :Zeepkist GTR] 14:20:19 End processing HTTP request after 509.7204ms - 200
[Info   :Zeepkist GTR] 14:20:19 Received HTTP response headers after 514.3774ms - 200
[Info   :Zeepkist GTR] 14:20:19 End processing HTTP request after 514.481ms - 200
[Info   :Zeepkist GTR] 14:20:19 Start processing HTTP request "POST" https://backend.zeepki.st/level/request
[Info   :Zeepkist GTR] 14:20:19 Start processing HTTP request "POST" https://backend.zeepki.st/level/request
[Info   :Zeepkist GTR] 14:20:19 Sending HTTP request "POST" https://backend.zeepki.st/level/request
[Info   :Zeepkist GTR] 14:20:19 End processing HTTP request after 525.6806ms - 200
[Info   :Zeepkist GTR] 14:20:19 Received HTTP response headers after 150.0533ms - 200
[Info   :Zeepkist GTR] 14:20:19 End processing HTTP request after 150.1948ms - 200
[Info   :Zeepkist GTR] 14:20:19 End processing HTTP request after 166.8927ms - 200
[Info   :Zeepkist GTR] 14:20:20 Starting recorder
[Info   :Zeepkist GTR] 14:20:57 Start processing HTTP request "POST" https://graphql.zeepki.st/
[Info   :Zeepkist GTR] 14:20:57 Start processing HTTP request "POST" https://graphql.zeepki.st/
[Info   :Zeepkist GTR] 14:20:57 Sending HTTP request "POST" https://graphql.zeepki.st/
[Info   :Zeepkist GTR] 14:20:57 Received HTTP response headers after 157.998ms - 200
[Info   :Zeepkist GTR] 14:20:57 End processing HTTP request after 158.1579ms - 200
[Info   :Zeepkist GTR] 14:20:57 End processing HTTP request after 167.5511ms - 200
[Info   :TopOutTournament] Ending Top->Out round
[Info   :Zeepkist GTR] 14:21:27 Discarding recorder
[Info   :COTDTracker] Doing eliminations with leaderboard:
[Info   :COTDTracker] Player [WASH] Quickracer10: Time: 20.66117
[Info   :COTDTracker] Player what_is_tatari_2008: Time: 20.79133
[Info   :COTDTracker] Player Vael: Time: 20.80087
[Info   :COTDTracker] Player justMaki: Time: 20.81115
[Info   :COTDTracker] Player tatari_lover2008: Time: 20.86414
[Info   :COTDTracker] Player Mμ: Time: 20.91383
[Info   :COTDTracker] Player M4DSCOTSM4N: Time: 20.97597
[Info   :COTDTracker] Player Warsnac: Time: 20.99208
[Info   :COTDTracker] Player [CSC]Tommygaming: Time: 21.00177
[Info   :COTDTracker] Player Gimpel: Time: 21.06529
[Info   :COTDTracker] Player Jake: Time: 21.08742
[Info   :COTDTracker] Player [CSC] PlusMicron: Time: 21.11158
[Info   :COTDTracker] Player Lexer: Time: 21.12927
[Info   :COTDTracker] Player [CSC]AndMe18: Time: 21.54965
[Info   :COTDTracker] Eliminated 0 DNF players
[Info   :COTDTracker] Eliminating on time: [CSC]AndMe18
[Info   :COTDTracker] Eliminating on time: Lexer
[Info   :COTDTracker] Eliminating 2 players: 
[Info   :COTDTracker] [CSC]AndMe18
[Info   :COTDTracker] Lexer
[Info   :COTDTracker] Kicking eliminated players
[Info   :Zeepkist GTR] 14:21:41 Start processing HTTP request "POST" https://backend.zeepki.st/level/request
[Info   :Zeepkist GTR] 14:21:41 Start processing HTTP request "POST" https://backend.zeepki.st/level/request
[Info   :Zeepkist GTR] 14:21:41 Sending HTTP request "POST" https://backend.zeepki.st/level/request
[Info   :Zeepkist GTR] 14:21:41 Start processing HTTP request "POST" https://graphql.zeepki.st/
[Info   :Zeepkist GTR] 14:21:41 Start processing HTTP request "POST" https://graphql.zeepki.st/
[Info   :Zeepkist GTR] 14:21:41 Sending HTTP request "POST" https://graphql.zeepki.st/
[Info   :Zeepkist GTR] 14:21:41 Start processing HTTP request "POST" https://graphql.zeepki.st/
[Info   :Zeepkist GTR] 14:21:41 Start processing HTTP request "POST" https://graphql.zeepki.st/
[Info   :Zeepkist GTR] 14:21:41 Sending HTTP request "POST" https://graphql.zeepki.st/
[Warning:Zeepkist GTR] 14:21:41 Current-level record subscription failed
[Info   :RecentLevels] RecentLevels.AddLevel: Adding level 'PCDJ #53 - rebondit' (UID: AGY1r4gpzkS3Aq4_brrryy, WID: 0)
[Info   :RecentLevels] RecentLevels.AddLevel: Getting WID from lobby: 3814444822
[Info   :RecentLevels] RecentLevels.AddLevel: Found level in recent levels at index 1
[Info   :Zeepkist GTR] 14:21:42 Loading personal best...
[Info   :Zeepkist GTR] 14:21:42 Start processing HTTP request "POST" https://graphql.zeepki.st/
[Info   :Zeepkist GTR] 14:21:42 Start processing HTTP request "POST" https://graphql.zeepki.st/
[Info   :Zeepkist GTR] 14:21:42 Sending HTTP request "POST" https://graphql.zeepki.st/
[Info   :Zeepkist GTR] 14:21:42 Stopping existing recorder if any
[Info   :Zeepkist GTR] 14:21:42 Creating new recorder
[Info   :Zeepkist GTR] 14:21:42 Received HTTP response headers after 161.5522ms - 200
[Info   :Zeepkist GTR] 14:21:42 End processing HTTP request after 161.7071ms - 200
[Info   :Zeepkist GTR] 14:21:42 Received HTTP response headers after 161.4076ms - 200
[Info   :Zeepkist GTR] 14:21:42 End processing HTTP request after 161.5252ms - 200
[Info   :Zeepkist GTR] 14:21:42 Received HTTP response headers after 167.715ms - 200
[Info   :Zeepkist GTR] 14:21:42 End processing HTTP request after 167.802ms - 200
[Info   :Zeepkist GTR] 14:21:42 End processing HTTP request after 174.9424ms - 200
[Info   :Zeepkist GTR] 14:21:42 End processing HTTP request after 175.6887ms - 200
[Info   :Zeepkist GTR] 14:21:42 End processing HTTP request after 175.2838ms - 200
[Info   :Zeepkist GTR] 14:21:42 Received HTTP response headers after 295.6272ms - 200
[Info   :Zeepkist GTR] 14:21:42 End processing HTTP request after 295.7857ms - 200
[Info   :Zeepkist GTR] 14:21:42 End processing HTTP request after 310.0408ms - 200
[Info   :Zeepkist GTR] 14:21:43 Starting recorder
[Info   :Zeepkist GTR] 14:22:20 Start processing HTTP request "POST" https://graphql.zeepki.st/
[Info   :Zeepkist GTR] 14:22:20 Start processing HTTP request "POST" https://graphql.zeepki.st/
[Info   :Zeepkist GTR] 14:22:20 Sending HTTP request "POST" https://graphql.zeepki.st/
[Info   :Zeepkist GTR] 14:22:20 Received HTTP response headers after 207.1716ms - 200
[Info   :Zeepkist GTR] 14:22:20 End processing HTTP request after 207.3167ms - 200
[Info   :Zeepkist GTR] 14:22:20 End processing HTTP request after 217.8425ms - 200
[Info   :TopOutTournament] Ending Top->Out round
[Info   :Zeepkist GTR] 14:22:50 Discarding recorder
[Info   :COTDTracker] Doing eliminations with leaderboard:
[Info   :COTDTracker] Player Vael: Time: 18.41559
[Info   :COTDTracker] Player justMaki: Time: 18.5671
[Info   :COTDTracker] Player [WASH] Quickracer10: Time: 18.62776
[Info   :COTDTracker] Player what_is_tatari_2008: Time: 18.66053
[Info   :COTDTracker] Player Warsnac: Time: 18.8603
[Info   :COTDTracker] Player [CSC]Tommygaming: Time: 18.86106
[Info   :COTDTracker] Player Gimpel: Time: 18.87593
[Info   :COTDTracker] Player tatari_lover2008: Time: 19.07463
[Info   :COTDTracker] Player Jake: Time: 19.07513
[Info   :COTDTracker] Player Mμ: Time: 19.23735
[Info   :COTDTracker] Player [CSC] PlusMicron: Time: 19.41169
[Info   :COTDTracker] Player M4DSCOTSM4N: Time: 20.04786
[Info   :COTDTracker] Eliminated 0 DNF players
[Info   :COTDTracker] Eliminating on time: M4DSCOTSM4N
[Info   :COTDTracker] Eliminating on time: [CSC] PlusMicron
[Info   :COTDTracker] Eliminating 2 players: 
[Info   :COTDTracker] M4DSCOTSM4N
[Info   :COTDTracker] [CSC] PlusMicron
[Info   :COTDTracker] Kicking eliminated players
[Info   :Zeepkist GTR] 14:23:04 Start processing HTTP request "POST" https://backend.zeepki.st/level/request
[Info   :Zeepkist GTR] 14:23:04 Start processing HTTP request "POST" https://backend.zeepki.st/level/request
[Info   :Zeepkist GTR] 14:23:04 Sending HTTP request "POST" https://backend.zeepki.st/level/request
[Info   :Zeepkist GTR] 14:23:04 Start processing HTTP request "POST" https://graphql.zeepki.st/
[Info   :Zeepkist GTR] 14:23:04 Start processing HTTP request "POST" https://graphql.zeepki.st/
[Info   :Zeepkist GTR] 14:23:04 Sending HTTP request "POST" https://graphql.zeepki.st/
[Info   :Zeepkist GTR] 14:23:04 Start processing HTTP request "POST" https://graphql.zeepki.st/
[Info   :Zeepkist GTR] 14:23:04 Start processing HTTP request "POST" https://graphql.zeepki.st/
[Info   :Zeepkist GTR] 14:23:04 Sending HTTP request "POST" https://graphql.zeepki.st/
[Warning:Zeepkist GTR] 14:23:04 Current-level record subscription failed
[Info   :RecentLevels] RecentLevels.AddLevel: Adding level 'PCDJ #53 - this map was never given a name after approval so its name is now Gerald' (UID: Ic8N-lLGSUK5yAC_[CSC] variableferret, WID: 0)
[Info   :RecentLevels] RecentLevels.AddLevel: Getting WID from lobby: 3815212355
[Info   :RecentLevels] RecentLevels.AddLevel: Found level in recent levels at index 1
[Info   :Zeepkist GTR] 14:23:04 Loading personal best...
[Info   :Zeepkist GTR] 14:23:04 Start processing HTTP request "POST" https://graphql.zeepki.st/
[Info   :Zeepkist GTR] 14:23:04 Start processing HTTP request "POST" https://graphql.zeepki.st/
[Info   :Zeepkist GTR] 14:23:04 Sending HTTP request "POST" https://graphql.zeepki.st/
[Info   :Zeepkist GTR] 14:23:04 Stopping existing recorder if any
[Info   :Zeepkist GTR] 14:23:04 Creating new recorder
[Info   :Zeepkist GTR] 14:23:05 Received HTTP response headers after 148.7487ms - 200
[Info   :Zeepkist GTR] 14:23:05 End processing HTTP request after 148.8809ms - 200
[Info   :Zeepkist GTR] 14:23:05 End processing HTTP request after 161.2518ms - 200
[Info   :Zeepkist GTR] 14:23:05 Received HTTP response headers after 205.0932ms - 200
[Info   :Zeepkist GTR] 14:23:05 End processing HTTP request after 205.2204ms - 200
[Info   :Zeepkist GTR] 14:23:05 End processing HTTP request after 211.0557ms - 200
[Info   :Zeepkist GTR] 14:23:05 Received HTTP response headers after 278.5578ms - 200
[Info   :Zeepkist GTR] 14:23:05 End processing HTTP request after 278.6842ms - 200
[Info   :Zeepkist GTR] 14:23:05 End processing HTTP request after 293.0365ms - 200
[Info   :Zeepkist GTR] 14:23:05 Received HTTP response headers after 441.282ms - 200
[Info   :Zeepkist GTR] 14:23:05 End processing HTTP request after 441.6621ms - 200
[Info   :Zeepkist GTR] 14:23:05 End processing HTTP request after 444.7768ms - 200
[Info   :Zeepkist GTR] 14:23:06 Starting recorder
[Info   :Zeepkist GTR] 14:23:43 Start processing HTTP request "POST" https://graphql.zeepki.st/
[Info   :Zeepkist GTR] 14:23:43 Start processing HTTP request "POST" https://graphql.zeepki.st/
[Info   :Zeepkist GTR] 14:23:43 Sending HTTP request "POST" https://graphql.zeepki.st/
[Info   :Zeepkist GTR] 14:23:43 Received HTTP response headers after 156.6477ms - 200
[Info   :Zeepkist GTR] 14:23:43 End processing HTTP request after 156.7983ms - 200
[Info   :Zeepkist GTR] 14:23:43 End processing HTTP request after 167.3347ms - 200
[Info   :TopOutTournament] Ending Top->Out round
[Info   :Zeepkist GTR] 14:24:13 Discarding recorder
[Info   :COTDTracker] Doing eliminations with leaderboard:
[Info   :COTDTracker] Player what_is_tatari_2008: Time: 20.56961
[Info   :COTDTracker] Player justMaki: Time: 20.57379
[Info   :COTDTracker] Player tatari_lover2008: Time: 20.75538
[Info   :COTDTracker] Player Mμ: Time: 20.80474
[Info   :COTDTracker] Player [CSC]Tommygaming: Time: 20.83802
[Info   :COTDTracker] Player Vael: Time: 20.87072
[Info   :COTDTracker] Player Gimpel: Time: 20.99587
[Info   :COTDTracker] Player [WASH] Quickracer10: Time: 21.04197
[Info   :COTDTracker] Player Warsnac: Time: 21.07061
[Info   :COTDTracker] Player Jake: Time: 21.15429
[Info   :COTDTracker] Eliminated 0 DNF players
[Info   :COTDTracker] Eliminating on time: Jake
[Info   :COTDTracker] Eliminating on time: Warsnac
[Info   :COTDTracker] Eliminating 2 players: 
[Info   :COTDTracker] Jake
[Info   :COTDTracker] Warsnac
[Info   :COTDTracker] Kicking eliminated players
[Info   :Zeepkist GTR] 14:24:28 Start processing HTTP request "POST" https://backend.zeepki.st/level/request
[Info   :Zeepkist GTR] 14:24:28 Start processing HTTP request "POST" https://backend.zeepki.st/level/request
[Info   :Zeepkist GTR] 14:24:28 Sending HTTP request "POST" https://backend.zeepki.st/level/request
[Info   :Zeepkist GTR] 14:24:28 Start processing HTTP request "POST" https://graphql.zeepki.st/
[Info   :Zeepkist GTR] 14:24:28 Start processing HTTP request "POST" https://graphql.zeepki.st/
[Info   :Zeepkist GTR] 14:24:28 Sending HTTP request "POST" https://graphql.zeepki.st/
[Info   :Zeepkist GTR] 14:24:28 Start processing HTTP request "POST" https://graphql.zeepki.st/
[Info   :Zeepkist GTR] 14:24:28 Start processing HTTP request "POST" https://graphql.zeepki.st/
[Info   :Zeepkist GTR] 14:24:28 Sending HTTP request "POST" https://graphql.zeepki.st/
[Warning:Zeepkist GTR] 14:24:28 Current-level record subscription failed
[Info   :RecentLevels] RecentLevels.AddLevel: Adding level 'PCDJ #53 - rebondit' (UID: AGY1r4gpzkS3Aq4_brrryy, WID: 0)
[Info   :RecentLevels] RecentLevels.AddLevel: Getting WID from lobby: 3814444822
[Info   :RecentLevels] RecentLevels.AddLevel: Found level in recent levels at index 1
[Info   :Zeepkist GTR] 14:24:28 Loading personal best...
[Info   :Zeepkist GTR] 14:24:28 Start processing HTTP request "POST" https://graphql.zeepki.st/
[Info   :Zeepkist GTR] 14:24:28 Start processing HTTP request "POST" https://graphql.zeepki.st/
[Info   :Zeepkist GTR] 14:24:28 Sending HTTP request "POST" https://graphql.zeepki.st/
[Info   :Zeepkist GTR] 14:24:28 Stopping existing recorder if any
[Info   :Zeepkist GTR] 14:24:28 Creating new recorder
[Info   :Zeepkist GTR] 14:24:28 Received HTTP response headers after 202.9325ms - 200
[Info   :Zeepkist GTR] 14:24:28 End processing HTTP request after 203.0737ms - 200
[Info   :Zeepkist GTR] 14:24:28 End processing HTTP request after 207.852ms - 200
[Info   :Zeepkist GTR] 14:24:28 Received HTTP response headers after 209.965ms - 200
[Info   :Zeepkist GTR] 14:24:28 End processing HTTP request after 210.0743ms - 200
[Info   :Zeepkist GTR] 14:24:28 End processing HTTP request after 223.7652ms - 200
[Info   :Zeepkist GTR] 14:24:28 Received HTTP response headers after 333.273ms - 200
[Info   :Zeepkist GTR] 14:24:28 End processing HTTP request after 333.3975ms - 200
[Info   :Zeepkist GTR] 14:24:28 End processing HTTP request after 339.3329ms - 200
[Info   :Zeepkist GTR] 14:24:28 Received HTTP response headers after 456.1555ms - 200
[Info   :Zeepkist GTR] 14:24:28 End processing HTTP request after 456.2871ms - 200
[Info   :Zeepkist GTR] 14:24:28 End processing HTTP request after 457.2544ms - 200
[Info   :Zeepkist GTR] 14:24:29 Starting recorder
[Info   :Zeepkist GTR] 14:25:06 Start processing HTTP request "POST" https://graphql.zeepki.st/
[Info   :Zeepkist GTR] 14:25:06 Start processing HTTP request "POST" https://graphql.zeepki.st/
[Info   :Zeepkist GTR] 14:25:06 Sending HTTP request "POST" https://graphql.zeepki.st/
[Info   :Zeepkist GTR] 14:25:06 Received HTTP response headers after 163.826ms - 200
[Info   :Zeepkist GTR] 14:25:06 End processing HTTP request after 163.9701ms - 200
[Info   :Zeepkist GTR] 14:25:06 End processing HTTP request after 167.4371ms - 200
[Info   :TopOutTournament] Ending Top->Out round
[Info   :Zeepkist GTR] 14:25:36 Discarding recorder
[Info   :COTDTracker] Doing eliminations with leaderboard:
[Info   :COTDTracker] Player what_is_tatari_2008: Time: 18.25359
[Info   :COTDTracker] Player justMaki: Time: 18.52965
[Info   :COTDTracker] Player [CSC]Tommygaming: Time: 18.63435
[Info   :COTDTracker] Player Vael: Time: 18.71417
[Info   :COTDTracker] Player [WASH] Quickracer10: Time: 18.85886
[Info   :COTDTracker] Player tatari_lover2008: Time: 18.97615
[Info   :COTDTracker] Player Gimpel: Time: 18.99515
[Info   :COTDTracker] Player Mμ: Time: 19.17211
[Info   :COTDTracker] Eliminated 0 DNF players
[Info   :COTDTracker] Eliminating on time: Mμ
[Info   :COTDTracker] Eliminating on time: Gimpel
[Info   :COTDTracker] Eliminating 2 players: 
[Info   :COTDTracker] Mμ
[Info   :COTDTracker] Gimpel
[Info   :COTDTracker] Kicking eliminated players
[Info   :Zeepkist GTR] 14:25:50 Start processing HTTP request "POST" https://backend.zeepki.st/level/request
[Info   :Zeepkist GTR] 14:25:50 Start processing HTTP request "POST" https://backend.zeepki.st/level/request
[Info   :Zeepkist GTR] 14:25:50 Sending HTTP request "POST" https://backend.zeepki.st/level/request
[Info   :Zeepkist GTR] 14:25:50 Start processing HTTP request "POST" https://graphql.zeepki.st/
[Info   :Zeepkist GTR] 14:25:50 Start processing HTTP request "POST" https://graphql.zeepki.st/
[Info   :Zeepkist GTR] 14:25:50 Sending HTTP request "POST" https://graphql.zeepki.st/
[Info   :Zeepkist GTR] 14:25:50 Start processing HTTP request "POST" https://graphql.zeepki.st/
[Info   :Zeepkist GTR] 14:25:50 Start processing HTTP request "POST" https://graphql.zeepki.st/
[Info   :Zeepkist GTR] 14:25:50 Sending HTTP request "POST" https://graphql.zeepki.st/
[Warning:Zeepkist GTR] 14:25:50 Current-level record subscription failed
[Info   :RecentLevels] RecentLevels.AddLevel: Adding level 'PCDJ #53 - this map was never given a name after approval so its name is now Gerald' (UID: Ic8N-lLGSUK5yAC_[CSC] variableferret, WID: 0)
[Info   :RecentLevels] RecentLevels.AddLevel: Getting WID from lobby: 3815212355
[Info   :RecentLevels] RecentLevels.AddLevel: Found level in recent levels at index 1
[Info   :Zeepkist GTR] 14:25:50 Loading personal best...
[Info   :Zeepkist GTR] 14:25:50 Start processing HTTP request "POST" https://graphql.zeepki.st/
[Info   :Zeepkist GTR] 14:25:50 Start processing HTTP request "POST" https://graphql.zeepki.st/
[Info   :Zeepkist GTR] 14:25:50 Sending HTTP request "POST" https://graphql.zeepki.st/
[Info   :Zeepkist GTR] 14:25:50 Stopping existing recorder if any
[Info   :Zeepkist GTR] 14:25:50 Creating new recorder
[Info   :Zeepkist GTR] 14:25:51 Received HTTP response headers after 158.2188ms - 200
[Info   :Zeepkist GTR] 14:25:51 End processing HTTP request after 158.3592ms - 200
[Info   :Zeepkist GTR] 14:25:51 End processing HTTP request after 161.3626ms - 200
[Info   :Zeepkist GTR] 14:25:51 Received HTTP response headers after 166.1371ms - 200
[Info   :Zeepkist GTR] 14:25:51 End processing HTTP request after 166.2223ms - 200
[Info   :Zeepkist GTR] 14:25:51 Received HTTP response headers after 176.687ms - 200
[Info   :Zeepkist GTR] 14:25:51 End processing HTTP request after 176.806ms - 200
[Info   :Zeepkist GTR] 14:25:51 End processing HTTP request after 177.319ms - 200
[Info   :Zeepkist GTR] 14:25:51 End processing HTTP request after 177.0739ms - 200
[Info   :Zeepkist GTR] 14:25:51 Received HTTP response headers after 369.169ms - 200
[Info   :Zeepkist GTR] 14:25:51 End processing HTTP request after 369.3055ms - 200
[Info   :Zeepkist GTR] 14:25:51 End processing HTTP request after 369.6807ms - 200
[Info   :Zeepkist GTR] 14:25:52 Starting recorder
[Info   :Zeepkist GTR] 14:26:29 Start processing HTTP request "POST" https://graphql.zeepki.st/
[Info   :Zeepkist GTR] 14:26:29 Start processing HTTP request "POST" https://graphql.zeepki.st/
[Info   :Zeepkist GTR] 14:26:29 Sending HTTP request "POST" https://graphql.zeepki.st/
[Info   :Zeepkist GTR] 14:26:30 Received HTTP response headers after 458.6326ms - 200
[Info   :Zeepkist GTR] 14:26:30 End processing HTTP request after 458.7604ms - 200
[Info   :Zeepkist GTR] 14:26:30 End processing HTTP request after 467.3054ms - 200
[Info   :TopOutTournament] Ending Top->Out round
[Info   :Zeepkist GTR] 14:26:59 Discarding recorder
[Info   :COTDTracker] Doing eliminations with leaderboard:
[Info   :COTDTracker] Player justMaki: Time: 20.61771
[Info   :COTDTracker] Player tatari_lover2008: Time: 20.68016
[Info   :COTDTracker] Player Vael: Time: 20.79625
[Info   :COTDTracker] Player what_is_tatari_2008: Time: 20.80985
[Info   :COTDTracker] Player [WASH] Quickracer10: Time: 20.88451
[Info   :COTDTracker] Player [CSC]Tommygaming: Time: 21.19577
[Info   :COTDTracker] Eliminated 0 DNF players
[Info   :COTDTracker] Eliminating on time: [CSC]Tommygaming
[Info   :COTDTracker] Eliminating 1 players: 
[Info   :COTDTracker] [CSC]Tommygaming
[Info   :COTDTracker] Kicking eliminated players
[Info   :Zeepkist GTR] 14:27:14 Start processing HTTP request "POST" https://backend.zeepki.st/level/request
[Info   :Zeepkist GTR] 14:27:14 Start processing HTTP request "POST" https://backend.zeepki.st/level/request
[Info   :Zeepkist GTR] 14:27:14 Sending HTTP request "POST" https://backend.zeepki.st/level/request
[Info   :Zeepkist GTR] 14:27:14 Start processing HTTP request "POST" https://graphql.zeepki.st/
[Info   :Zeepkist GTR] 14:27:14 Start processing HTTP request "POST" https://graphql.zeepki.st/
[Info   :Zeepkist GTR] 14:27:14 Sending HTTP request "POST" https://graphql.zeepki.st/
[Info   :Zeepkist GTR] 14:27:14 Start processing HTTP request "POST" https://graphql.zeepki.st/
[Info   :Zeepkist GTR] 14:27:14 Start processing HTTP request "POST" https://graphql.zeepki.st/
[Info   :Zeepkist GTR] 14:27:14 Sending HTTP request "POST" https://graphql.zeepki.st/
[Warning:Zeepkist GTR] 14:27:14 Current-level record subscription failed
[Info   :RecentLevels] RecentLevels.AddLevel: Adding level 'PCDJ #53 - rebondit' (UID: AGY1r4gpzkS3Aq4_brrryy, WID: 0)
[Info   :RecentLevels] RecentLevels.AddLevel: Getting WID from lobby: 3814444822
[Info   :RecentLevels] RecentLevels.AddLevel: Found level in recent levels at index 1
[Info   :Zeepkist GTR] 14:27:14 Loading personal best...
[Info   :Zeepkist GTR] 14:27:14 Start processing HTTP request "POST" https://graphql.zeepki.st/
[Info   :Zeepkist GTR] 14:27:14 Start processing HTTP request "POST" https://graphql.zeepki.st/
[Info   :Zeepkist GTR] 14:27:14 Sending HTTP request "POST" https://graphql.zeepki.st/
[Info   :Zeepkist GTR] 14:27:14 Stopping existing recorder if any
[Info   :Zeepkist GTR] 14:27:14 Creating new recorder
[Info   :Zeepkist GTR] 14:27:14 Received HTTP response headers after 176.597ms - 200
[Info   :Zeepkist GTR] 14:27:14 End processing HTTP request after 176.7385ms - 200
[Info   :Zeepkist GTR] 14:27:14 End processing HTTP request after 188.6844ms - 200
[Info   :Zeepkist GTR] 14:27:14 Received HTTP response headers after 312.6983ms - 200
[Info   :Zeepkist GTR] 14:27:14 End processing HTTP request after 312.8437ms - 200
[Info   :Zeepkist GTR] 14:27:14 End processing HTTP request after 325.7485ms - 200
[Info   :Zeepkist GTR] 14:27:14 Received HTTP response headers after 452.6595ms - 200
[Info   :Zeepkist GTR] 14:27:14 End processing HTTP request after 452.7992ms - 200
[Info   :Zeepkist GTR] 14:27:14 End processing HTTP request after 456.1098ms - 200
[Info   :Zeepkist GTR] 14:27:14 Received HTTP response headers after 470.051ms - 200
[Info   :Zeepkist GTR] 14:27:14 End processing HTTP request after 470.2061ms - 200
[Info   :Zeepkist GTR] 14:27:14 End processing HTTP request after 472.2157ms - 200
[Info   :Zeepkist GTR] 14:27:15 Starting recorder
[Info   :Zeepkist GTR] 14:27:52 Start processing HTTP request "POST" https://graphql.zeepki.st/
[Info   :Zeepkist GTR] 14:27:52 Start processing HTTP request "POST" https://graphql.zeepki.st/
[Info   :Zeepkist GTR] 14:27:52 Sending HTTP request "POST" https://graphql.zeepki.st/
[Info   :Zeepkist GTR] 14:27:52 Received HTTP response headers after 157.5366ms - 200
[Info   :Zeepkist GTR] 14:27:52 End processing HTTP request after 157.6665ms - 200
[Info   :Zeepkist GTR] 14:27:52 End processing HTTP request after 167.3384ms - 200
[Info   :TopOutTournament] Ending Top->Out round
[Info   :Zeepkist GTR] 14:28:22 Discarding recorder
[Info   :COTDTracker] Doing eliminations with leaderboard:
[Info   :COTDTracker] Player justMaki: Time: 18.60385
[Info   :COTDTracker] Player what_is_tatari_2008: Time: 18.65686
[Info   :COTDTracker] Player tatari_lover2008: Time: 18.75981
[Info   :COTDTracker] Player Vael: Time: 18.7851
[Info   :COTDTracker] Player [WASH] Quickracer10: Time: 18.92304
[Info   :COTDTracker] Eliminated 0 DNF players
[Info   :COTDTracker] Eliminating on time: [WASH] Quickracer10
[Info   :COTDTracker] Eliminating 1 players: 
[Info   :COTDTracker] [WASH] Quickracer10
[Info   :COTDTracker] Kicking eliminated players
[Info   :Zeepkist GTR] 14:28:37 Start processing HTTP request "POST" https://backend.zeepki.st/level/request
[Info   :Zeepkist GTR] 14:28:37 Start processing HTTP request "POST" https://backend.zeepki.st/level/request
[Info   :Zeepkist GTR] 14:28:37 Sending HTTP request "POST" https://backend.zeepki.st/level/request
[Info   :Zeepkist GTR] 14:28:37 Start processing HTTP request "POST" https://graphql.zeepki.st/
[Info   :Zeepkist GTR] 14:28:37 Start processing HTTP request "POST" https://graphql.zeepki.st/
[Info   :Zeepkist GTR] 14:28:37 Sending HTTP request "POST" https://graphql.zeepki.st/
[Info   :Zeepkist GTR] 14:28:37 Start processing HTTP request "POST" https://graphql.zeepki.st/
[Info   :Zeepkist GTR] 14:28:37 Start processing HTTP request "POST" https://graphql.zeepki.st/
[Info   :Zeepkist GTR] 14:28:37 Sending HTTP request "POST" https://graphql.zeepki.st/
[Warning:Zeepkist GTR] 14:28:37 Current-level record subscription failed
[Info   :RecentLevels] RecentLevels.AddLevel: Adding level 'PCDJ #53 - this map was never given a name after approval so its name is now Gerald' (UID: Ic8N-lLGSUK5yAC_[CSC] variableferret, WID: 0)
[Info   :RecentLevels] RecentLevels.AddLevel: Getting WID from lobby: 3815212355
[Info   :RecentLevels] RecentLevels.AddLevel: Found level in recent levels at index 1
[Info   :Zeepkist GTR] 14:28:37 Loading personal best...
[Info   :Zeepkist GTR] 14:28:37 Start processing HTTP request "POST" https://graphql.zeepki.st/
[Info   :Zeepkist GTR] 14:28:37 Start processing HTTP request "POST" https://graphql.zeepki.st/
[Info   :Zeepkist GTR] 14:28:37 Sending HTTP request "POST" https://graphql.zeepki.st/
[Info   :Zeepkist GTR] 14:28:37 Stopping existing recorder if any
[Info   :Zeepkist GTR] 14:28:37 Creating new recorder
[Info   :Zeepkist GTR] 14:28:37 Received HTTP response headers after 200.8869ms - 200
[Info   :Zeepkist GTR] 14:28:37 End processing HTTP request after 201.0336ms - 200
[Info   :Zeepkist GTR] 14:28:37 End processing HTTP request after 210.5187ms - 200
[Info   :Zeepkist GTR] 14:28:37 Received HTTP response headers after 214.5936ms - 200
[Info   :Zeepkist GTR] 14:28:37 End processing HTTP request after 214.6927ms - 200
[Info   :Zeepkist GTR] 14:28:37 End processing HTTP request after 227.1548ms - 200
[Info   :Zeepkist GTR] 14:28:37 Received HTTP response headers after 325.5057ms - 200
[Info   :Zeepkist GTR] 14:28:37 End processing HTTP request after 325.6497ms - 200
[Info   :Zeepkist GTR] 14:28:37 End processing HTTP request after 326.7852ms - 200
[Info   :Zeepkist GTR] 14:28:37 Received HTTP response headers after 463.6833ms - 200
[Info   :Zeepkist GTR] 14:28:37 End processing HTTP request after 463.8283ms - 200
[Info   :Zeepkist GTR] 14:28:37 End processing HTTP request after 477.8752ms - 200
[Info   :Zeepkist GTR] 14:28:38 Starting recorder
[Info   :Zeepkist GTR] 14:29:15 Start processing HTTP request "POST" https://graphql.zeepki.st/
[Info   :Zeepkist GTR] 14:29:15 Start processing HTTP request "POST" https://graphql.zeepki.st/
[Info   :Zeepkist GTR] 14:29:15 Sending HTTP request "POST" https://graphql.zeepki.st/
[Info   :Zeepkist GTR] 14:29:15 Received HTTP response headers after 160.37ms - 200
[Info   :Zeepkist GTR] 14:29:15 End processing HTTP request after 160.494ms - 200
[Info   :Zeepkist GTR] 14:29:15 End processing HTTP request after 166.8469ms - 200
[Info   :TopOutTournament] Ending Top->Out round
[Info   :Zeepkist GTR] 14:29:45 Discarding recorder
[Info   :COTDTracker] Doing eliminations with leaderboard:
[Info   :COTDTracker] Player justMaki: Time: 20.71356
[Info   :COTDTracker] Player Vael: Time: 20.79976
[Info   :COTDTracker] Player tatari_lover2008: Time: 20.82744
[Info   :COTDTracker] Player what_is_tatari_2008: Time: 20.86731
[Info   :COTDTracker] Eliminated 0 DNF players
[Info   :COTDTracker] Eliminating on time: what_is_tatari_2008
[Info   :COTDTracker] Eliminating 1 players: 
[Info   :COTDTracker] what_is_tatari_2008
[Info   :COTDTracker] Kicking eliminated players
[Info   :Zeepkist GTR] 14:30:00 Start processing HTTP request "POST" https://backend.zeepki.st/level/request
[Info   :Zeepkist GTR] 14:30:00 Start processing HTTP request "POST" https://backend.zeepki.st/level/request
[Info   :Zeepkist GTR] 14:30:00 Sending HTTP request "POST" https://backend.zeepki.st/level/request
[Info   :Zeepkist GTR] 14:30:00 Start processing HTTP request "POST" https://graphql.zeepki.st/
[Info   :Zeepkist GTR] 14:30:00 Start processing HTTP request "POST" https://graphql.zeepki.st/
[Info   :Zeepkist GTR] 14:30:00 Sending HTTP request "POST" https://graphql.zeepki.st/
[Info   :Zeepkist GTR] 14:30:00 Start processing HTTP request "POST" https://graphql.zeepki.st/
[Info   :Zeepkist GTR] 14:30:00 Start processing HTTP request "POST" https://graphql.zeepki.st/
[Info   :Zeepkist GTR] 14:30:00 Sending HTTP request "POST" https://graphql.zeepki.st/
[Warning:Zeepkist GTR] 14:30:00 Current-level record subscription failed
[Info   :RecentLevels] RecentLevels.AddLevel: Adding level 'PCDJ #53 - rebondit' (UID: AGY1r4gpzkS3Aq4_brrryy, WID: 0)
[Info   :RecentLevels] RecentLevels.AddLevel: Getting WID from lobby: 3814444822
[Info   :RecentLevels] RecentLevels.AddLevel: Found level in recent levels at index 1
[Info   :Zeepkist GTR] 14:30:00 Loading personal best...
[Info   :Zeepkist GTR] 14:30:00 Start processing HTTP request "POST" https://graphql.zeepki.st/
[Info   :Zeepkist GTR] 14:30:00 Start processing HTTP request "POST" https://graphql.zeepki.st/
[Info   :Zeepkist GTR] 14:30:00 Sending HTTP request "POST" https://graphql.zeepki.st/
[Info   :Zeepkist GTR] 14:30:00 Stopping existing recorder if any
[Info   :Zeepkist GTR] 14:30:00 Creating new recorder
[Info   :Zeepkist GTR] 14:30:00 Received HTTP response headers after 174.0373ms - 200
[Info   :Zeepkist GTR] 14:30:00 End processing HTTP request after 174.1743ms - 200
[Info   :Zeepkist GTR] 14:30:00 End processing HTTP request after 176.1098ms - 200
[Info   :Zeepkist GTR] 14:30:00 Received HTTP response headers after 199.6569ms - 200
[Info   :Zeepkist GTR] 14:30:00 End processing HTTP request after 199.7788ms - 200
[Info   :Zeepkist GTR] 14:30:00 Received HTTP response headers after 204.4619ms - 200
[Info   :Zeepkist GTR] 14:30:00 End processing HTTP request after 204.5453ms - 200
[Info   :Zeepkist GTR] 14:30:00 End processing HTTP request after 209.1296ms - 200
[Info   :Zeepkist GTR] 14:30:00 End processing HTTP request after 225.7637ms - 200
[Info   :Zeepkist GTR] 14:30:00 Received HTTP response headers after 363.2016ms - 200
[Info   :Zeepkist GTR] 14:30:00 End processing HTTP request after 363.3445ms - 200
[Info   :Zeepkist GTR] 14:30:00 End processing HTTP request after 366.8685ms - 200
[Info   :Zeepkist GTR] 14:30:01 Starting recorder
[Info   :Zeepkist GTR] 14:30:38 Start processing HTTP request "POST" https://graphql.zeepki.st/
[Info   :Zeepkist GTR] 14:30:38 Start processing HTTP request "POST" https://graphql.zeepki.st/
[Info   :Zeepkist GTR] 14:30:38 Sending HTTP request "POST" https://graphql.zeepki.st/
[Info   :Zeepkist GTR] 14:30:38 Received HTTP response headers after 193.3431ms - 200
[Info   :Zeepkist GTR] 14:30:38 End processing HTTP request after 193.4681ms - 200
[Info   :Zeepkist GTR] 14:30:38 End processing HTTP request after 200.5442ms - 200
[Info   :TopOutTournament] Ending Top->Out round
[Info   :Zeepkist GTR] 14:31:08 Discarding recorder
[Info   :COTDTracker] Doing eliminations with leaderboard:
[Info   :COTDTracker] Player justMaki: Time: 18.66182
[Info   :COTDTracker] Player tatari_lover2008: Time: 18.76979
[Info   :COTDTracker] Player Vael: Time: 18.79943
[Info   :COTDTracker] Eliminated 0 DNF players
[Info   :COTDTracker] Eliminating on time: Vael
[Info   :COTDTracker] Eliminating 1 players: 
[Info   :COTDTracker] Vael
[Info   :COTDTracker] Kicking eliminated players
[Info   :Zeepkist GTR] 14:31:23 Start processing HTTP request "POST" https://backend.zeepki.st/level/request
[Info   :Zeepkist GTR] 14:31:23 Start processing HTTP request "POST" https://backend.zeepki.st/level/request
[Info   :Zeepkist GTR] 14:31:23 Sending HTTP request "POST" https://backend.zeepki.st/level/request
[Info   :Zeepkist GTR] 14:31:23 Start processing HTTP request "POST" https://graphql.zeepki.st/
[Info   :Zeepkist GTR] 14:31:23 Start processing HTTP request "POST" https://graphql.zeepki.st/
[Info   :Zeepkist GTR] 14:31:23 Sending HTTP request "POST" https://graphql.zeepki.st/
[Info   :Zeepkist GTR] 14:31:23 Start processing HTTP request "POST" https://graphql.zeepki.st/
[Info   :Zeepkist GTR] 14:31:23 Start processing HTTP request "POST" https://graphql.zeepki.st/
[Info   :Zeepkist GTR] 14:31:23 Sending HTTP request "POST" https://graphql.zeepki.st/
[Warning:Zeepkist GTR] 14:31:23 Current-level record subscription failed
[Info   :RecentLevels] RecentLevels.AddLevel: Adding level 'PCDJ #53 - this map was never given a name after approval so its name is now Gerald' (UID: Ic8N-lLGSUK5yAC_[CSC] variableferret, WID: 0)
[Info   :RecentLevels] RecentLevels.AddLevel: Getting WID from lobby: 3815212355
[Info   :RecentLevels] RecentLevels.AddLevel: Found level in recent levels at index 1
[Info   :Zeepkist GTR] 14:31:23 Loading personal best...
[Info   :Zeepkist GTR] 14:31:23 Start processing HTTP request "POST" https://graphql.zeepki.st/
[Info   :Zeepkist GTR] 14:31:23 Start processing HTTP request "POST" https://graphql.zeepki.st/
[Info   :Zeepkist GTR] 14:31:23 Sending HTTP request "POST" https://graphql.zeepki.st/
[Info   :Zeepkist GTR] 14:31:23 Stopping existing recorder if any
[Info   :Zeepkist GTR] 14:31:23 Creating new recorder
[Info   :Zeepkist GTR] 14:31:23 Received HTTP response headers after 189.6776ms - 200
[Info   :Zeepkist GTR] 14:31:23 End processing HTTP request after 189.8116ms - 200
[Info   :Zeepkist GTR] 14:31:23 End processing HTTP request after 194.279ms - 200
[Info   :Zeepkist GTR] 14:31:23 Received HTTP response headers after 389.9365ms - 200
[Info   :Zeepkist GTR] 14:31:23 End processing HTTP request after 390.0837ms - 200
[Info   :Zeepkist GTR] 14:31:23 End processing HTTP request after 404.3173ms - 200
[Info   :Zeepkist GTR] 14:31:23 Received HTTP response headers after 453.8241ms - 200
[Info   :Zeepkist GTR] 14:31:23 End processing HTTP request after 453.9667ms - 200
[Info   :Zeepkist GTR] 14:31:23 End processing HTTP request after 462.2813ms - 200
[Info   :Zeepkist GTR] 14:31:23 Received HTTP response headers after 560.2665ms - 200
[Info   :Zeepkist GTR] 14:31:23 End processing HTTP request after 560.3935ms - 200
[Info   :Zeepkist GTR] 14:31:23 End processing HTTP request after 561.7832ms - 200
[Info   :Zeepkist GTR] 14:31:24 Starting recorder
[Info   :Zeepkist GTR] 14:32:01 Start processing HTTP request "POST" https://graphql.zeepki.st/
[Info   :Zeepkist GTR] 14:32:01 Start processing HTTP request "POST" https://graphql.zeepki.st/
[Info   :Zeepkist GTR] 14:32:01 Sending HTTP request "POST" https://graphql.zeepki.st/
[Info   :Zeepkist GTR] 14:32:01 Received HTTP response headers after 156.3567ms - 200
[Info   :Zeepkist GTR] 14:32:01 End processing HTTP request after 156.4988ms - 200
[Info   :Zeepkist GTR] 14:32:01 End processing HTTP request after 167.4053ms - 200
[Info   :TopOutTournament] Ending Top->Out round
[Info   :Zeepkist GTR] 14:32:31 Discarding recorder
[Info   :COTDTracker] Doing eliminations with leaderboard:
[Info   :COTDTracker] Player justMaki: Time: 20.56915
[Info   :COTDTracker] Player tatari_lover2008: Time: DNF
[Info   :COTDTracker] Eliminating DNF: tatari_lover2008
[Info   :COTDTracker] Eliminated 1 DNF players
[Info   :COTDTracker] Eliminating 1 players: 
[Info   :COTDTracker] tatari_lover2008
[Info   :COTDTracker] Kicking eliminated players
[Info   :Zeepkist GTR] 14:32:46 Start processing HTTP request "POST" https://backend.zeepki.st/level/request
[Info   :Zeepkist GTR] 14:32:46 Start processing HTTP request "POST" https://backend.zeepki.st/level/request
[Info   :Zeepkist GTR] 14:32:46 Sending HTTP request "POST" https://backend.zeepki.st/level/request
[Info   :Zeepkist GTR] 14:32:46 Start processing HTTP request "POST" https://graphql.zeepki.st/
[Info   :Zeepkist GTR] 14:32:46 Start processing HTTP request "POST" https://graphql.zeepki.st/
[Info   :Zeepkist GTR] 14:32:46 Sending HTTP request "POST" https://graphql.zeepki.st/
[Info   :Zeepkist GTR] 14:32:46 Start processing HTTP request "POST" https://graphql.zeepki.st/
[Info   :Zeepkist GTR] 14:32:46 Start processing HTTP request "POST" https://graphql.zeepki.st/
[Info   :Zeepkist GTR] 14:32:46 Sending HTTP request "POST" https://graphql.zeepki.st/
[Warning:Zeepkist GTR] 14:32:46 Current-level record subscription failed
[Info   :RecentLevels] RecentLevels.AddLevel: Adding level 'PCDJ #53 - rebondit' (UID: AGY1r4gpzkS3Aq4_brrryy, WID: 0)
[Info   :RecentLevels] RecentLevels.AddLevel: Getting WID from lobby: 3814444822
[Info   :RecentLevels] RecentLevels.AddLevel: Found level in recent levels at index 1
[Info   :Zeepkist GTR] 14:32:46 Loading personal best...
[Info   :Zeepkist GTR] 14:32:46 Start processing HTTP request "POST" https://graphql.zeepki.st/
[Info   :Zeepkist GTR] 14:32:46 Start processing HTTP request "POST" https://graphql.zeepki.st/
[Info   :Zeepkist GTR] 14:32:46 Sending HTTP request "POST" https://graphql.zeepki.st/
[Info   :Zeepkist GTR] 14:32:46 Stopping existing recorder if any
[Info   :Zeepkist GTR] 14:32:46 Creating new recorder
[Info   :Zeepkist GTR] 14:32:46 Received HTTP response headers after 203.7787ms - 200
[Info   :Zeepkist GTR] 14:32:46 End processing HTTP request after 203.918ms - 200
[Info   :Zeepkist GTR] 14:32:46 End processing HTTP request after 206.6134ms - 200
[Info   :Zeepkist GTR] 14:32:46 Received HTTP response headers after 307.7831ms - 200
[Info   :Zeepkist GTR] 14:32:46 End processing HTTP request after 307.9708ms - 200
[Info   :Zeepkist GTR] 14:32:46 End processing HTTP request after 319.0923ms - 200
[Info   :Zeepkist GTR] 14:32:46 Received HTTP response headers after 544.0404ms - 200
[Info   :Zeepkist GTR] 14:32:46 End processing HTTP request after 544.1795ms - 200
[Info   :Zeepkist GTR] 14:32:46 End processing HTTP request after 556.6334ms - 200
[Info   :Zeepkist GTR] 14:32:46 Received HTTP response headers after 851.9379ms - 200
[Info   :Zeepkist GTR] 14:32:46 End processing HTTP request after 852.0705ms - 200
[Info   :Zeepkist GTR] 14:32:46 End processing HTTP request after 858.1089ms - 200
[Info   :Zeepkist GTR] 14:32:47 Starting recorder
[Info   :TopOutTournament] Ending Top->Out in state Inactive
[Info   :TopOutTournament] Ending Top->Out in state Inactive
[Info   :Zeepkist GTR] 14:33:37 Loading personal best...
[Info   :Zeepkist GTR] 14:33:37 Start processing HTTP request "POST" https://graphql.zeepki.st/
[Info   :Zeepkist GTR] 14:33:37 Start processing HTTP request "POST" https://graphql.zeepki.st/
[Info   :Zeepkist GTR] 14:33:37 Sending HTTP request "POST" https://graphql.zeepki.st/
[Info   :Zeepkist GTR] 14:33:37 Stopping existing recorder if any
[Info   :Zeepkist GTR] 14:33:37 Creating new recorder
[Info   :Zeepkist GTR] 14:33:37 Received HTTP response headers after 157.8645ms - 200
[Info   :Zeepkist GTR] 14:33:37 End processing HTTP request after 157.9891ms - 200
[Info   :Zeepkist GTR] 14:33:37 End processing HTTP request after 158.3549ms - 200
[Info   :RoundLeaderboardTab] Drawing leaderboard -> forwarding to Instance.DrawTabLeaderboard()
[Info   :Zeepkist GTR] 14:33:38 Starting recorder
[Info   :Zeepkist GTR] 14:35:47 Loading personal best...
[Info   :Zeepkist GTR] 14:35:47 Start processing HTTP request "POST" https://graphql.zeepki.st/
[Info   :Zeepkist GTR] 14:35:47 Start processing HTTP request "POST" https://graphql.zeepki.st/
[Info   :Zeepkist GTR] 14:35:47 Sending HTTP request "POST" https://graphql.zeepki.st/
[Info   :Zeepkist GTR] 14:35:47 Stopping existing recorder if any
[Info   :Zeepkist GTR] 14:35:47 Creating new recorder
[Info   :Zeepkist GTR] 14:35:48 Received HTTP response headers after 821.4304ms - 200
[Info   :Zeepkist GTR] 14:35:48 End processing HTTP request after 821.5538ms - 200
[Info   :Zeepkist GTR] 14:35:48 End processing HTTP request after 823.9928ms - 200
[Info   :Zeepkist GTR] 14:35:49 Starting recorder
[Info   :Zeepkist GTR] 14:35:56 Loading personal best...
[Info   :Zeepkist GTR] 14:35:56 Start processing HTTP request "POST" https://graphql.zeepki.st/
[Info   :Zeepkist GTR] 14:35:56 Start processing HTTP request "POST" https://graphql.zeepki.st/
[Info   :Zeepkist GTR] 14:35:56 Sending HTTP request "POST" https://graphql.zeepki.st/
[Info   :Zeepkist GTR] 14:35:56 Stopping existing recorder if any
[Info   :Zeepkist GTR] 14:35:56 Creating new recorder
[Info   :Zeepkist GTR] 14:35:57 Received HTTP response headers after 256.4859ms - 200
[Info   :Zeepkist GTR] 14:35:57 End processing HTTP request after 256.634ms - 200
[Info   :Zeepkist GTR] 14:35:57 End processing HTTP request after 258.3642ms - 200
[Info   :Zeepkist GTR] 14:35:58 Starting recorder
[Info   :Zeepkist GTR] 14:36:20 Stopping recorder
[Info   :Zeepkist GTR] 14:36:20 Collecting extra information
[Info   :Zeepkist GTR] 14:36:20 Resolved workshop ID "3814444822" from lobby 3814444822 and level 3814444822
[Info   :Zeepkist GTR] 14:36:20 Processing ghost data
[Info   :Zeepkist GTR] 14:36:20 Creating stream
[Info   :Zeepkist GTR] 14:36:20 Writing to stream
[Info   :Zeepkist GTR] 14:36:20 Converting to base64
[Info   :Zeepkist GTR] 14:36:20 Creating resource
[Info   :Zeepkist GTR] 14:36:20 Start processing HTTP request "POST" https://backend.zeepki.st/auth/refresh
[Info   :Zeepkist GTR] 14:36:20 Start processing HTTP request "POST" https://backend.zeepki.st/auth/refresh
[Info   :Zeepkist GTR] 14:36:20 Sending HTTP request "POST" https://backend.zeepki.st/auth/refresh
[Info   :Zeepkist GTR] 14:36:21 Received HTTP response headers after 542.9703ms - 200
[Info   :Zeepkist GTR] 14:36:21 End processing HTTP request after 543.1283ms - 200
[Info   :Zeepkist GTR] 14:36:21 End processing HTTP request after 549.4889ms - 200
[Info   :Zeepkist GTR] 14:36:21 Start processing HTTP request "POST" https://backend.zeepki.st/record/submit
[Info   :Zeepkist GTR] 14:36:21 Start processing HTTP request "POST" https://backend.zeepki.st/record/submit
[Info   :Zeepkist GTR] 14:36:21 Sending HTTP request "POST" https://backend.zeepki.st/record/submit
[Info   :Zeepkist GTR] 14:36:22 Received HTTP response headers after 668.9208ms - 200
[Info   :Zeepkist GTR] 14:36:22 End processing HTTP request after 669.0556ms - 200
[Info   :Zeepkist GTR] 14:36:22 End processing HTTP request after 683.2599ms - 200
[Warning:Zeepkist GTR] 14:36:22 Skipping record feedback because no pre-submit snapshot was available
[Info   :Zeepkist GTR] 14:36:23 Loading personal best...
[Info   :Zeepkist GTR] 14:36:23 Start processing HTTP request "POST" https://graphql.zeepki.st/
[Info   :Zeepkist GTR] 14:36:23 Start processing HTTP request "POST" https://graphql.zeepki.st/
[Info   :Zeepkist GTR] 14:36:23 Sending HTTP request "POST" https://graphql.zeepki.st/
[Info   :Zeepkist GTR] 14:36:23 Stopping existing recorder if any
[Info   :Zeepkist GTR] 14:36:23 Creating new recorder
[Info   :Zeepkist GTR] 14:36:23 Received HTTP response headers after 257.2399ms - 200
[Info   :Zeepkist GTR] 14:36:23 End processing HTTP request after 257.3846ms - 200
[Info   :Zeepkist GTR] 14:36:23 End processing HTTP request after 257.9234ms - 200
[Info   :Zeepkist GTR] 14:36:23 Start processing HTTP request "GET" https://cdn.zeepki.st/ghosts/01M4BTDZ4BRSNN8CEY3XFMS66V.bin
[Info   :Zeepkist GTR] 14:36:23 Sending HTTP request "GET" https://cdn.zeepki.st/ghosts/01M4BTDZ4BRSNN8CEY3XFMS66V.bin
[Info   :Zeepkist GTR] 14:36:24 Received HTTP response headers after 823.2093ms - 200
[Info   :Zeepkist GTR] 14:36:24 End processing HTTP request after 823.4139ms - 200
[Info   :Zeepkist GTR] 14:36:24 Starting recorder
[Info   :Zeepkist GTR] 14:36:32 Loading personal best...
[Info   :Zeepkist GTR] 14:36:32 Start processing HTTP request "POST" https://graphql.zeepki.st/
[Info   :Zeepkist GTR] 14:36:32 Start processing HTTP request "POST" https://graphql.zeepki.st/
[Info   :Zeepkist GTR] 14:36:32 Sending HTTP request "POST" https://graphql.zeepki.st/
[Info   :Zeepkist GTR] 14:36:32 Stopping existing recorder if any
[Info   :Zeepkist GTR] 14:36:32 Creating new recorder
[Info   :Zeepkist GTR] 14:36:32 Received HTTP response headers after 260.5171ms - 200
[Info   :Zeepkist GTR] 14:36:32 End processing HTTP request after 260.6494ms - 200
[Info   :Zeepkist GTR] 14:36:32 End processing HTTP request after 275.0597ms - 200
[Info   :Zeepkist GTR] 14:36:34 Starting recorder
[Info   :Zeepkist GTR] 14:37:28 Start processing HTTP request "POST" https://graphql.zeepki.st/
[Info   :Zeepkist GTR] 14:37:28 Start processing HTTP request "POST" https://graphql.zeepki.st/
[Info   :Zeepkist GTR] 14:37:28 Sending HTTP request "POST" https://graphql.zeepki.st/
[Info   :Zeepkist GTR] 14:37:28 Received HTTP response headers after 247.3881ms - 200
[Info   :Zeepkist GTR] 14:37:28 End processing HTTP request after 247.5298ms - 200
[Info   :Zeepkist GTR] 14:37:28 End processing HTTP request after 250.0979ms - 200
[Info   :Zeepkist GTR] 14:37:58 Discarding recorder
