[Message:   BepInEx] BepInEx 5.4.22.0 - Zeepkist (15/01/2026 17:20:07)
[Info   :   BepInEx] Running under Unity v2021.3.10.1867021
[Info   :   BepInEx] CLR runtime version: 4.0.30319.42000
[Info   :   BepInEx] Supports SRE: True
[Info   :   BepInEx] System platform: Bits64, Windows
[Message:   BepInEx] Preloader started
[Info   :   BepInEx] Loaded 1 patcher method from [BepInEx.Preloader 5.4.22.0]
[Info   :   BepInEx] 1 patcher plugin loaded
[Info   :   BepInEx] Patching [UnityEngine.CoreModule] with [BepInEx.Chainloader]
[Message:   BepInEx] Preloader finished
[Message:   BepInEx] Chainloader ready
[Message:   BepInEx] Chainloader started
[Info   :   BepInEx] 39 plugins to load
[Info   :   BepInEx] Loading [Toolkist 1.3]
[Info   :   BepInEx] Loading [LocalTranslation 1.1.1]
[Info   :LocalTranslation] Plugin andme123.localtranslation is loaded!
[Info   :   BepInEx] Loading [Zeep SDK 2.7.5]
[Info   :  Zeep SDK] Plugin ZeepSDK is loaded!
[Info   :   BepInEx] Loading [AuthorTimeHunting 1.17.6]
[Info   :AuthorTimeHunting] StateMachine: Transitioning from null to StateMasterOff
[Info   :AuthorTimeHunting] Plugin AuthorTimeHunting is loaded!
[Info   :   BepInEx] Loading [BetterSplits 0.2.5]
[Info   :BetterSplits] Plugin BetterSplits is loaded!
[Info   :   BepInEx] Loading [BrokenTracks 0.2.5]
[Info   :BrokenTracks] Plugin BrokenTracks is loaded!
[Info   :   BepInEx] Loading [Chat2Playlist 1.0.8]
[Info   :Chat2Playlist] Plugin Chat2Playlist is loaded!
[Info   :   BepInEx] Loading [Live Leaderboard Logger 0.2.1]
[Info   :Live Leaderboard Logger] Live Leaderboard Logger 0.2.1 loaded.
[Info   :Live Leaderboard Logger] Subscribed: LeaderboardUpdated=True PlayerResultsChanged=True BackingField=True
[Info   :   BepInEx] Loading [RollingNoiseFix 1.2.0]
[Info   :RollingNoiseFix] RollingNoiseFix 1.2.0 loaded. Mode=Throttle interval=6
[Info   :   BepInEx] Loading [Strength of Field 1.1.0]
[Info   :Strength of Field] Strength of Field plugin loaded!
[Info   :   BepInEx] Loading [Topout Tracker 0.1.0]
[Info   :Topout Tracker] Topout Tracker plugin loaded!
[Info   :   BepInEx] Loading [Tournament Casting UI 1.0.0]
[Info   :Tournament Casting UI] Tournament Casting UI 1.0.0-beta.8 loaded. Local pool v?, 0 players (refreshing from repo).
[Info   :Tournament Casting UI] [config] Stay in photomode = True
[Info   :   BepInEx] Loading [Zombie Pursuit 0.2.2]
[Info   :Zombie Pursuit] Zombie Pursuit 0.2.2 loaded.
[Info   :   BepInEx] Loading [EditorSpeedSplits 1.0.8]
[Info   :EditorSpeedSplits] Plugin com.andme.editorspeedsplits is loaded!
[Info   :   BepInEx] Loading [TeamX 2.1.2]
[Info   :   BepInEx] Loading [Blueprints X 4.3]
[Info   :   BepInEx] Loading [Chat Utilities 2.5]
[Info   :Chat Utilities] Chat Utilities loaded.
[Info   :   BepInEx] Loading [Grid Scaler 2.1]
[Info   :Grid Scaler] Plugin GridScaler is loaded!
[Info   :   BepInEx] Loading [PhotoDrone 1.9.1]
[Info   :       Zua] Successfully registered type 'UnityEngine.Vector3'.
[Info   :PhotoDrone] Plugin PhotoDrone is loaded!
[Info   :   BepInEx] Loading [Shpleeble 1.1]
[Info   : Shpleeble] Plugin Shpleeble loaded
[Info   :   BepInEx] Loading [Practice Mode 2.4]
[Info   :Practice Mode] Plugin Practice Mode is loaded!
[Info   :   BepInEx] Loading [Save State 1.3]
[Info   :Save State] Plugin Save State is loaded.
[Info   :   BepInEx] Loading [FastStart 1.0.0]
[Info   : FastStart] Plugin FastStart is loaded!
[Info   :   BepInEx] Loading [Zeepkist Bingo 1.1.5]
[Info   :Zeepkist Bingo] Zeepkist Bingo v1.1.5 is loading...
[Info   :Zeepkist Bingo] [BingoTTS] Initialized. Cache: C:/Users/rafa/AppData/Local/Temp/Steelpan Interactive/Zeepkist\ZeepkistBingo_TTS
[Info   :Zeepkist Bingo] [BingoTTS] Available voices: Microsoft Helena Desktop, Microsoft Zira Desktop
[Info   :Zeepkist Bingo] [BINGO UI] Menu initialized
[Info   :Zeepkist Bingo] [BINGO UI] Mini board initialized
[Info   :Zeepkist Bingo] [BINGO UI] Team status initialized
[Info   :Zeepkist Bingo] [BINGO] V2 UI components initialized
[Info   :Zeepkist Bingo] [InstantLoader] Initialized
[Info   :Zeepkist Bingo] Bingo commands registered
[Info   :Zeepkist Bingo] [BINGO TEST] Test commands registered (/bt0 - /bt50)
[Info   :Zeepkist Bingo] Event hooks registered
[Info   :Zeepkist Bingo] [WEBSOCKET] Base URL set to: wss://zeepkist-bingo.chrisleiter.workers.dev
[Info   :Zeepkist Bingo] Zeepkist Bingo loaded successfully!
[Info   :   BepInEx] Loading [COTDTracker 0.11.1]
[Info   :COTDTracker] Plugin COTDTracker is loaded!
[Info   :   BepInEx] Loading [Level Editor Trails 4.0.5]
[Info   :Level Editor Trails] Plugin LevelEditorTrails is loaded!
[Info   :   BepInEx] Loading [Zeepkist GTR 1.7.1]
[Info   :   BepInEx] Loading [Medal Times 5.3.1]
[Info   :Medal Times] Plugin net.tnrd.zeepkist.medaltimes is loaded!
[Info   :   BepInEx] Loading [Object Properties 7.1.0]
[Info   :Object Properties] Plugin net.tnrd.zeepkist.objectproperties is loaded!
[Info   :   BepInEx] Loading [Zeepkist RTM 2.1.4]
[Info   :Zeepkist RTM] 19:30:08 Patching
[Info   :Zeepkist RTM] 19:30:08 Found 3 eager services
[Info   :Zeepkist RTM] 19:30:08 Found eager service '"UnhandledExceptionLoggerService"'
[Info   :Zeepkist RTM] 19:30:08 Found eager service '"ConfigService"'
[Info   :Zeepkist RTM] 19:30:08 Found eager service '"CommandsService"'
[Info   :Zeepkist RTM] 19:30:08 Application started. Press Ctrl+C to shut down.
[Info   :Zeepkist RTM] 19:30:08 Hosting environment: "Production"
[Info   :Zeepkist RTM] 19:30:08 Content root path: "C:\Program Files (x86)\Steam\steamapps\common\Zeepkist\BepInEx\plugins\Mods\3285481_8137916"
[Info   :Zeepkist RTM] Plugin net.tnrd.zeepkist.rtm is loaded!
[Info   :   BepInEx] Loading [PursuitZK 1.0.4]
[Info   : PursuitZK] Plugin PursuitZK is loaded!
[Info   :   BepInEx] Loading [Rushtick 1.0.0]
[Info   :  Rushtick] Plugin Rushtick is loaded!
[Info   :   BepInEx] Loading [Showdown4 1.0.0]
[Info   : Showdown4] Plugin Showdown4 is loaded!
[Info   :   BepInEx] Loading [SpeedSplits 2.0.0]
[Warning:SpeedSplits] Plugin Speedsplits (Speedsplits) is no longer functional and will not be updated. Please remove this plugin manually or unsubscribe in Modkist if the plugin is still listed.
[Info   :   BepInEx] Loading [TopOutTournament 1.0.17]
[Error  :ChatCommandApi] Unhandled exception in RegisterLocalChatCommand: System.InvalidOperationException: Local command '/topout' is already registered.
  at ZeepSDK.ChatCommands.ChatCommandRegistry.EnsureNoLocalConflict (System.String prefix, System.String keyword) [0x00020] in D:\a\ZeepSDK\ZeepSDK\ZeepSDK\ChatCommands\ChatCommandRegistry.cs:311 
  at ZeepSDK.ChatCommands.ChatCommandRegistry.RegisterLocalChatCommand (ZeepSDK.ChatCommands.ILocalChatCommand chatCommand) [0x00006] in D:\a\ZeepSDK\ZeepSDK\ZeepSDK\ChatCommands\ChatCommandRegistry.cs:64 
  at ZeepSDK.ChatCommands.ChatCommandApi.RegisterLocalChatCommand (System.String prefix, System.String command, System.String description, ZeepSDK.ChatCommands.LocalChatCommandCallbackDelegate callback) [0x00000] in D:\a\ZeepSDK\ZeepSDK\ZeepSDK\ChatCommands\ChatCommandApi.cs:53 
[Info   :TopOutTournament] Plugin TopOutTournament is loaded!
[Info   :   BepInEx] Loading [VertexSnapper 3.17.5]
[Info   :VertexSnapper] Plugin VertexSnapper is loaded!
[Info   :   BepInEx] Loading [ZtreamerBot 2.0.0]
[Info   :       Zua] Successfully registered type 'System.Collections.Generic.Dictionary`2[[System.String, mscorlib, Version=4.0.0.0, Culture=neutral, PublicKeyToken=b77a5c561934e089],[System.Object, mscorlib, Version=4.0.0.0, Culture=neutral, PublicKeyToken=b77a5c561934e089]]'.
[Info   :ZtreamerBot] Plugin ZtreamerBot is loaded!
[Info   :   BepInEx] Loading [Workshop2Playlist 1.3.0]
[Info   :Workshop2Playlist] Plugin Workshop2Playlist is loaded!
[Info   :   BepInEx] Loading [ZeepTourney 0.0.9]
[Info   :ZeepTourney] Plugin ZeepTourney is loaded!
[Message:   BepInEx] Chainloader startup complete
[Info   :Strength of Field] Cup Strength data loaded: 617 players (divisor=2048)
[Info   :Strength of Field] SOF data loaded: 2146 players (divisor=1980)
[Info   :Tournament Casting UI] Pool refreshed from repo: v2026-06-12, 1936 players.
[Info   :Tournament Casting UI] [sd] pool loaded (repo): season 7, 11 teams, 7 maps
[Info   :Zeepkist Bingo] [BINGO AUDIO] Generating custom sounds...
[Info   :Zeepkist Bingo] [BINGO AUDIO] All custom sounds generated!
[Info   :Zeepkist Bingo] [BINGO AUDIO] Custom FMOD audio system initialized!
[Warning:ModSettingsTabsBuilder] Mod settings tab configuration for 'net.tnrd.zeepkist.gtr' references unknown section '2.3 - Ghosts - Offline Ghosts'. Section was skipped.
[Info   :Zeepkist GTR] 19:30:12 Start processing HTTP request "GET" https://zeepki.st/cdn-cgi/trace
[Info   :Zeepkist GTR] 19:30:12 Sending HTTP request "GET" https://zeepki.st/cdn-cgi/trace
[Info   :Zeepkist GTR] 19:30:12 Received HTTP response headers after 120.399ms - 200
[Info   :Zeepkist GTR] 19:30:12 End processing HTTP request after 134.981ms - 200
[Fatal  :Zeepkist GTR] 19:30:12 Unable to load UI assembly
[Info   :Zeepkist GTR] 19:30:24 Loaded 4 shaders from gtr-shaders asset bundle
[Info   :Zeepkist GTR] 19:30:24 Patching
[Info   :Zeepkist GTR] 19:30:24 Found 36 eager services
[Info   :Zeepkist GTR] Plugin net.tnrd.zeepkist.gtr is loaded!
[Info   :     TeamX]  [TEAMX] Initializing TeamX...
[Info   :Chat Utilities] Chat Utilities loaded chat commands. Count: 139
[Info   :ZtreamerBot] UDP Listener auto-started.
[Info   :ZtreamerBot] UDP listener thread started on port 12333.
[Info   :Zeepkist GTR] 19:30:57 Start processing HTTP request "POST" https://es-backend-5eu0pg2dcfyp6u2v33lz.zeepki.st/auth/login
[Info   :Zeepkist GTR] 19:30:57 Start processing HTTP request "POST" https://es-backend-5eu0pg2dcfyp6u2v33lz.zeepki.st/auth/login
[Info   :Zeepkist GTR] 19:30:57 Sending HTTP request "POST" https://es-backend-5eu0pg2dcfyp6u2v33lz.zeepki.st/auth/login
[Info   :VertexSnapper] [VertexSnapper] Config initialized on scene: 3D_MainMenu
[Info   :Zeepkist GTR] 19:30:58 Received HTTP response headers after 801.5823ms - 200
[Info   :Zeepkist GTR] 19:30:58 End processing HTTP request after 801.9543ms - 200
[Info   :Zeepkist GTR] 19:30:58 End processing HTTP request after 813.693ms - 200
[Error  :CrashlyticsApi] Failed to show crash reporting consent dialog: System.OperationCanceledException: The operation was canceled.
  at ZeepSDK.External.Cysharp.Threading.Tasks.CompilerServices.AsyncUniTask`1[TStateMachine].GetResult (System.Int16 token) [0x00000] in D:\a\ZeepSDK\ZeepSDK\ZeepSDK\External\UniTask\CompilerServices\StateMachineRunner.cs:219 
  at ZeepSDK.External.Cysharp.Threading.Tasks.UniTaskExtensions.ForgetCoreWithCatch (ZeepSDK.External.Cysharp.Threading.Tasks.UniTask task, System.Action`1[T] exceptionHandler, System.Boolean handleExceptionOnMainThread) [0x00028] in D:\a\ZeepSDK\ZeepSDK\ZeepSDK\External\UniTask\UniTaskExtensions.cs:599 
[Info   :Zeepkist Bingo] [BINGO] Level loaded
[Info   :Zeepkist GTR] 19:31:33 Start processing HTTP request "POST" https://es-backend-5eu0pg2dcfyp6u2v33lz.zeepki.st/level/request
[Info   :Zeepkist GTR] 19:31:33 Start processing HTTP request "POST" https://es-backend-5eu0pg2dcfyp6u2v33lz.zeepki.st/level/request
[Info   :Zeepkist GTR] 19:31:33 Sending HTTP request "POST" https://es-backend-5eu0pg2dcfyp6u2v33lz.zeepki.st/level/request
[Info   :Zeepkist GTR] 19:31:33 Received HTTP response headers after 54.4455ms - 200
[Info   :Zeepkist GTR] 19:31:33 End processing HTTP request after 54.6853ms - 200
[Info   :Zeepkist GTR] 19:31:33 Start processing HTTP request "POST" https://es-graphql-1q5xcqmja6dvh4ctc4t9.zeepki.st/
[Info   :Zeepkist GTR] 19:31:33 Start processing HTTP request "POST" https://es-graphql-1q5xcqmja6dvh4ctc4t9.zeepki.st/
[Info   :Zeepkist GTR] 19:31:33 Sending HTTP request "POST" https://es-graphql-1q5xcqmja6dvh4ctc4t9.zeepki.st/
[Info   :Zeepkist GTR] 19:31:33 Start processing HTTP request "POST" https://es-graphql-1q5xcqmja6dvh4ctc4t9.zeepki.st/
[Info   :Zeepkist GTR] 19:31:33 Start processing HTTP request "POST" https://es-graphql-1q5xcqmja6dvh4ctc4t9.zeepki.st/
[Info   :Zeepkist GTR] 19:31:33 Sending HTTP request "POST" https://es-graphql-1q5xcqmja6dvh4ctc4t9.zeepki.st/
[Info   :BetterSplits] getting gtr splits
[Info   :Zeepkist GTR] 19:31:33 End processing HTTP request after 239.1337ms - 200
[Info   :Zeepkist Bingo] [BINGO] === PLAYER SPAWNED ===
[Info   :Zeepkist Bingo] [BINGO] IsInActiveSession: False
[Info   :Zeepkist Bingo] [BINGO] Not in active session, skipping timer reset
[Info   :Zeepkist GTR] 19:31:33 Loading personal best...
[Info   :Zeepkist GTR] 19:31:33 Start processing HTTP request "POST" https://es-graphql-1q5xcqmja6dvh4ctc4t9.zeepki.st/
[Info   :Zeepkist GTR] 19:31:33 Start processing HTTP request "POST" https://es-graphql-1q5xcqmja6dvh4ctc4t9.zeepki.st/
[Info   :Zeepkist GTR] 19:31:33 Sending HTTP request "POST" https://es-graphql-1q5xcqmja6dvh4ctc4t9.zeepki.st/
[Info   :Zeepkist GTR] 19:31:33 Stopping existing recorder if any
[Info   :Zeepkist GTR] 19:31:33 Creating new recorder
[Info   :BetterSplits] got gtr splits
[Info   :Zeepkist GTR] 19:31:33 Received HTTP response headers after 307.3311ms - 200
[Info   :Zeepkist GTR] 19:31:33 End processing HTTP request after 307.5965ms - 200
[Info   :Zeepkist GTR] 19:31:33 Received HTTP response headers after 301.6776ms - 200
[Info   :Zeepkist GTR] 19:31:33 End processing HTTP request after 301.9358ms - 200
[Info   :Zeepkist GTR] 19:31:33 End processing HTTP request after 311.8339ms - 200
[Info   :Zeepkist GTR] 19:31:33 End processing HTTP request after 320.0528ms - 200
[Info   :Zeepkist GTR] 19:31:34 Received HTTP response headers after 157.5034ms - 200
[Info   :Zeepkist GTR] 19:31:34 End processing HTTP request after 157.7386ms - 200
[Info   :Zeepkist GTR] 19:31:34 End processing HTTP request after 164.487ms - 200
[Info   :Zeepkist GTR] 19:31:35 Starting recorder
[Info   :Zeepkist Bingo] [CHAT] Intercepted message: o/
[Info   :Zeepkist Bingo] [CHAT] Not relaying - no bingo session
[Info   :Zeepkist Bingo] [BINGO] === PLAYER SPAWNED ===
[Info   :Zeepkist Bingo] [BINGO] IsInActiveSession: False
[Info   :Zeepkist Bingo] [BINGO] Not in active session, skipping timer reset
[Info   :Zeepkist GTR] 19:31:40 Loading personal best...
[Info   :Zeepkist GTR] 19:31:40 Start processing HTTP request "POST" https://es-graphql-1q5xcqmja6dvh4ctc4t9.zeepki.st/
[Info   :Zeepkist GTR] 19:31:40 Start processing HTTP request "POST" https://es-graphql-1q5xcqmja6dvh4ctc4t9.zeepki.st/
[Info   :Zeepkist GTR] 19:31:40 Sending HTTP request "POST" https://es-graphql-1q5xcqmja6dvh4ctc4t9.zeepki.st/
[Info   :Zeepkist GTR] 19:31:40 Stopping existing recorder if any
[Info   :Zeepkist GTR] 19:31:40 Creating new recorder
[Info   :Zeepkist GTR] 19:31:40 Received HTTP response headers after 67.815ms - 200
[Info   :Zeepkist GTR] 19:31:40 End processing HTTP request after 68.0833ms - 200
[Info   :Zeepkist GTR] 19:31:40 End processing HTTP request after 73.195ms - 200
[Info   :Zeepkist GTR] 19:31:41 Starting recorder
[Info   :Zeepkist Bingo] [BINGO] === PLAYER SPAWNED ===
[Info   :Zeepkist Bingo] [BINGO] IsInActiveSession: False
[Info   :Zeepkist Bingo] [BINGO] Not in active session, skipping timer reset
[Info   :Zeepkist GTR] 19:31:49 Loading personal best...
[Info   :Zeepkist GTR] 19:31:49 Start processing HTTP request "POST" https://es-graphql-1q5xcqmja6dvh4ctc4t9.zeepki.st/
[Info   :Zeepkist GTR] 19:31:49 Start processing HTTP request "POST" https://es-graphql-1q5xcqmja6dvh4ctc4t9.zeepki.st/
[Info   :Zeepkist GTR] 19:31:49 Sending HTTP request "POST" https://es-graphql-1q5xcqmja6dvh4ctc4t9.zeepki.st/
[Info   :Zeepkist GTR] 19:31:49 Stopping existing recorder if any
[Info   :Zeepkist GTR] 19:31:49 Creating new recorder
[Info   :Zeepkist GTR] 19:31:50 Received HTTP response headers after 127.5422ms - 200
[Info   :Zeepkist GTR] 19:31:50 End processing HTTP request after 127.7773ms - 200
[Info   :Zeepkist GTR] 19:31:50 End processing HTTP request after 129.7501ms - 200
[Info   :Zeepkist GTR] 19:31:51 Starting recorder
[Info   :Zeepkist GTR] 19:32:15 Stopping recorder
[Info   :Zeepkist GTR] 19:32:15 Collecting extra information
[Info   :Zeepkist GTR] 19:32:15 Resolved workshop ID "3650038574" from lobby 3650038574 and level 0
[Info   :Zeepkist GTR] 19:32:15 Processing ghost data
[Info   :Zeepkist GTR] 19:32:15 Creating stream
[Info   :Zeepkist GTR] 19:32:15 Writing to stream
[Info   :Zeepkist GTR] 19:32:16 Converting to base64
[Info   :Zeepkist GTR] 19:32:16 Creating resource
[Info   :Zeepkist GTR] 19:32:16 Start processing HTTP request "POST" https://es-backend-5eu0pg2dcfyp6u2v33lz.zeepki.st/record/submit
[Info   :Zeepkist GTR] 19:32:16 Start processing HTTP request "POST" https://es-backend-5eu0pg2dcfyp6u2v33lz.zeepki.st/record/submit
[Info   :Zeepkist GTR] 19:32:16 Sending HTTP request "POST" https://es-backend-5eu0pg2dcfyp6u2v33lz.zeepki.st/record/submit
[Info   :Zeepkist GTR] 19:32:16 Received HTTP response headers after 306.3607ms - 200
[Info   :Zeepkist GTR] 19:32:16 End processing HTTP request after 306.5756ms - 200
[Info   :Zeepkist GTR] 19:32:16 End processing HTTP request after 307.4721ms - 200
[Info   :Zeepkist Bingo] [BINGO] === PLAYER SPAWNED ===
[Info   :Zeepkist Bingo] [BINGO] IsInActiveSession: False
[Info   :Zeepkist Bingo] [BINGO] Not in active session, skipping timer reset
[Info   :Zeepkist GTR] 19:32:17 Loading personal best...
[Info   :Zeepkist GTR] 19:32:17 Start processing HTTP request "POST" https://es-graphql-1q5xcqmja6dvh4ctc4t9.zeepki.st/
[Info   :Zeepkist GTR] 19:32:17 Start processing HTTP request "POST" https://es-graphql-1q5xcqmja6dvh4ctc4t9.zeepki.st/
[Info   :Zeepkist GTR] 19:32:17 Sending HTTP request "POST" https://es-graphql-1q5xcqmja6dvh4ctc4t9.zeepki.st/
[Info   :Zeepkist GTR] 19:32:17 Stopping existing recorder if any
[Info   :Zeepkist GTR] 19:32:17 Creating new recorder
[Info   :Zeepkist GTR] 19:32:17 Received HTTP response headers after 80.7519ms - 200
[Info   :Zeepkist GTR] 19:32:17 End processing HTTP request after 80.9782ms - 200
[Info   :Zeepkist GTR] 19:32:17 End processing HTTP request after 87.1332ms - 200
[Info   :Zeepkist GTR] 19:32:18 Starting recorder
[Info   :Zeepkist Bingo] [BINGO] === PLAYER SPAWNED ===
[Info   :Zeepkist Bingo] [BINGO] IsInActiveSession: False
[Info   :Zeepkist Bingo] [BINGO] Not in active session, skipping timer reset
[Info   :Zeepkist GTR] 19:32:22 Loading personal best...
[Info   :Zeepkist GTR] 19:32:22 Start processing HTTP request "POST" https://es-graphql-1q5xcqmja6dvh4ctc4t9.zeepki.st/
[Info   :Zeepkist GTR] 19:32:22 Start processing HTTP request "POST" https://es-graphql-1q5xcqmja6dvh4ctc4t9.zeepki.st/
[Info   :Zeepkist GTR] 19:32:22 Sending HTTP request "POST" https://es-graphql-1q5xcqmja6dvh4ctc4t9.zeepki.st/
[Info   :Zeepkist GTR] 19:32:22 Stopping existing recorder if any
[Info   :Zeepkist GTR] 19:32:22 Creating new recorder
[Info   :Zeepkist GTR] 19:32:22 Received HTTP response headers after 94.5917ms - 200
[Info   :Zeepkist GTR] 19:32:22 End processing HTTP request after 94.804ms - 200
[Info   :Zeepkist GTR] 19:32:22 End processing HTTP request after 101.9991ms - 200
[Info   :Zeepkist GTR] 19:32:23 Starting recorder
[Info   :Zeepkist GTR] 19:32:47 Stopping recorder
[Info   :Zeepkist GTR] 19:32:47 Collecting extra information
[Info   :Zeepkist GTR] 19:32:47 Resolved workshop ID "3650038574" from lobby 3650038574 and level 0
[Info   :Zeepkist GTR] 19:32:47 Processing ghost data
[Info   :Zeepkist GTR] 19:32:47 Creating stream
[Info   :Zeepkist GTR] 19:32:47 Writing to stream
[Info   :Zeepkist GTR] 19:32:47 Converting to base64
[Info   :Zeepkist GTR] 19:32:47 Creating resource
[Info   :Zeepkist GTR] 19:32:47 Start processing HTTP request "POST" https://es-backend-5eu0pg2dcfyp6u2v33lz.zeepki.st/record/submit
[Info   :Zeepkist GTR] 19:32:47 Start processing HTTP request "POST" https://es-backend-5eu0pg2dcfyp6u2v33lz.zeepki.st/record/submit
[Info   :Zeepkist GTR] 19:32:47 Sending HTTP request "POST" https://es-backend-5eu0pg2dcfyp6u2v33lz.zeepki.st/record/submit
[Info   :Zeepkist GTR] 19:32:47 Received HTTP response headers after 158.9313ms - 200
[Info   :Zeepkist GTR] 19:32:47 End processing HTTP request after 159.1483ms - 200
[Info   :Zeepkist GTR] 19:32:47 End processing HTTP request after 166.0922ms - 200
[Info   :Zeepkist Bingo] [BINGO] === PLAYER SPAWNED ===
[Info   :Zeepkist Bingo] [BINGO] IsInActiveSession: False
[Info   :Zeepkist Bingo] [BINGO] Not in active session, skipping timer reset
[Info   :Zeepkist GTR] 19:32:48 Loading personal best...
[Info   :Zeepkist GTR] 19:32:48 Start processing HTTP request "POST" https://es-graphql-1q5xcqmja6dvh4ctc4t9.zeepki.st/
[Info   :Zeepkist GTR] 19:32:48 Start processing HTTP request "POST" https://es-graphql-1q5xcqmja6dvh4ctc4t9.zeepki.st/
[Info   :Zeepkist GTR] 19:32:48 Sending HTTP request "POST" https://es-graphql-1q5xcqmja6dvh4ctc4t9.zeepki.st/
[Info   :Zeepkist GTR] 19:32:48 Stopping existing recorder if any
[Info   :Zeepkist GTR] 19:32:48 Creating new recorder
[Info   :Zeepkist GTR] 19:32:48 Received HTTP response headers after 68.9518ms - 200
[Info   :Zeepkist GTR] 19:32:48 End processing HTTP request after 69.1629ms - 200
[Info   :Zeepkist GTR] 19:32:48 End processing HTTP request after 72.4774ms - 200
[Info   :Zeepkist GTR] 19:32:50 Starting recorder
[Info   :Zeepkist Bingo] [BINGO] === PLAYER SPAWNED ===
[Info   :Zeepkist Bingo] [BINGO] IsInActiveSession: False
[Info   :Zeepkist Bingo] [BINGO] Not in active session, skipping timer reset
[Info   :Zeepkist GTR] 19:32:53 Loading personal best...
[Info   :Zeepkist GTR] 19:32:53 Start processing HTTP request "POST" https://es-graphql-1q5xcqmja6dvh4ctc4t9.zeepki.st/
[Info   :Zeepkist GTR] 19:32:53 Start processing HTTP request "POST" https://es-graphql-1q5xcqmja6dvh4ctc4t9.zeepki.st/
[Info   :Zeepkist GTR] 19:32:53 Sending HTTP request "POST" https://es-graphql-1q5xcqmja6dvh4ctc4t9.zeepki.st/
[Info   :Zeepkist GTR] 19:32:53 Stopping existing recorder if any
[Info   :Zeepkist GTR] 19:32:53 Creating new recorder
[Info   :Zeepkist GTR] 19:32:53 Received HTTP response headers after 72.9457ms - 200
[Info   :Zeepkist GTR] 19:32:53 End processing HTTP request after 73.1636ms - 200
[Info   :Zeepkist GTR] 19:32:53 End processing HTTP request after 80.5305ms - 200
[Info   :Zeepkist GTR] 19:32:55 Starting recorder
[Info   :Zeepkist Bingo] [CHAT] Intercepted message: will you stream it?
[Info   :Zeepkist Bingo] [CHAT] Not relaying - no bingo session
[Info   :Zeepkist Bingo] [BINGO] === PLAYER SPAWNED ===
[Info   :Zeepkist Bingo] [BINGO] IsInActiveSession: False
[Info   :Zeepkist Bingo] [BINGO] Not in active session, skipping timer reset
[Info   :Zeepkist GTR] 19:33:00 Loading personal best...
[Info   :Zeepkist GTR] 19:33:00 Start processing HTTP request "POST" https://es-graphql-1q5xcqmja6dvh4ctc4t9.zeepki.st/
[Info   :Zeepkist GTR] 19:33:00 Start processing HTTP request "POST" https://es-graphql-1q5xcqmja6dvh4ctc4t9.zeepki.st/
[Info   :Zeepkist GTR] 19:33:00 Sending HTTP request "POST" https://es-graphql-1q5xcqmja6dvh4ctc4t9.zeepki.st/
[Info   :Zeepkist GTR] 19:33:00 Stopping existing recorder if any
[Info   :Zeepkist GTR] 19:33:00 Creating new recorder
[Info   :Zeepkist GTR] 19:33:00 Received HTTP response headers after 246.1542ms - 200
[Info   :Zeepkist GTR] 19:33:00 End processing HTTP request after 246.3771ms - 200
[Info   :Zeepkist GTR] 19:33:00 End processing HTTP request after 247.4512ms - 200
[Info   :Zeepkist GTR] 19:33:01 Starting recorder
[Info   :Zeepkist Bingo] [BINGO] === PLAYER SPAWNED ===
[Info   :Zeepkist Bingo] [BINGO] IsInActiveSession: False
[Info   :Zeepkist Bingo] [BINGO] Not in active session, skipping timer reset
[Info   :Zeepkist GTR] 19:33:09 Loading personal best...
[Info   :Zeepkist GTR] 19:33:09 Start processing HTTP request "POST" https://es-graphql-1q5xcqmja6dvh4ctc4t9.zeepki.st/
[Info   :Zeepkist GTR] 19:33:09 Start processing HTTP request "POST" https://es-graphql-1q5xcqmja6dvh4ctc4t9.zeepki.st/
[Info   :Zeepkist GTR] 19:33:09 Sending HTTP request "POST" https://es-graphql-1q5xcqmja6dvh4ctc4t9.zeepki.st/
[Info   :Zeepkist GTR] 19:33:09 Stopping existing recorder if any
[Info   :Zeepkist GTR] 19:33:09 Creating new recorder
[Info   :Zeepkist GTR] 19:33:09 Received HTTP response headers after 67.9939ms - 200
[Info   :Zeepkist GTR] 19:33:09 End processing HTTP request after 68.2087ms - 200
[Info   :Zeepkist GTR] 19:33:09 End processing HTTP request after 73.257ms - 200
[Info   :Zeepkist GTR] 19:33:11 Starting recorder
[Info   :Zeepkist Bingo] [BINGO] === PLAYER SPAWNED ===
[Info   :Zeepkist Bingo] [BINGO] IsInActiveSession: False
[Info   :Zeepkist Bingo] [BINGO] Not in active session, skipping timer reset
[Info   :Zeepkist GTR] 19:33:18 Loading personal best...
[Info   :Zeepkist GTR] 19:33:18 Start processing HTTP request "POST" https://es-graphql-1q5xcqmja6dvh4ctc4t9.zeepki.st/
[Info   :Zeepkist GTR] 19:33:18 Start processing HTTP request "POST" https://es-graphql-1q5xcqmja6dvh4ctc4t9.zeepki.st/
[Info   :Zeepkist GTR] 19:33:18 Sending HTTP request "POST" https://es-graphql-1q5xcqmja6dvh4ctc4t9.zeepki.st/
[Info   :Zeepkist GTR] 19:33:18 Stopping existing recorder if any
[Info   :Zeepkist GTR] 19:33:18 Creating new recorder
[Info   :Zeepkist GTR] 19:33:18 Received HTTP response headers after 77.358ms - 200
[Info   :Zeepkist GTR] 19:33:18 End processing HTTP request after 77.5673ms - 200
[Info   :Zeepkist GTR] 19:33:18 End processing HTTP request after 80.5956ms - 200
[Info   :Zeepkist GTR] 19:33:20 Starting recorder
[Info   :Zeepkist Bingo] [BINGO] === PLAYER SPAWNED ===
[Info   :Zeepkist Bingo] [BINGO] IsInActiveSession: False
[Info   :Zeepkist Bingo] [BINGO] Not in active session, skipping timer reset
[Info   :Zeepkist GTR] 19:33:28 Loading personal best...
[Info   :Zeepkist GTR] 19:33:28 Start processing HTTP request "POST" https://es-graphql-1q5xcqmja6dvh4ctc4t9.zeepki.st/
[Info   :Zeepkist GTR] 19:33:28 Start processing HTTP request "POST" https://es-graphql-1q5xcqmja6dvh4ctc4t9.zeepki.st/
[Info   :Zeepkist GTR] 19:33:28 Sending HTTP request "POST" https://es-graphql-1q5xcqmja6dvh4ctc4t9.zeepki.st/
[Info   :Zeepkist GTR] 19:33:28 Stopping existing recorder if any
[Info   :Zeepkist GTR] 19:33:28 Creating new recorder
[Info   :Zeepkist GTR] 19:33:28 Received HTTP response headers after 76.7423ms - 200
[Info   :Zeepkist GTR] 19:33:28 End processing HTTP request after 76.9584ms - 200
[Info   :Zeepkist GTR] 19:33:28 End processing HTTP request after 80.5553ms - 200
[Info   :Zeepkist GTR] 19:33:29 Starting recorder
[Info   :Zeepkist GTR] 19:33:53 Stopping recorder
[Info   :Zeepkist GTR] 19:33:53 Collecting extra information
[Info   :Zeepkist GTR] 19:33:53 Resolved workshop ID "3650038574" from lobby 3650038574 and level 0
[Info   :Zeepkist GTR] 19:33:53 Processing ghost data
[Info   :Zeepkist GTR] 19:33:53 Creating stream
[Info   :Zeepkist GTR] 19:33:53 Writing to stream
[Info   :Zeepkist GTR] 19:33:53 Converting to base64
[Info   :Zeepkist GTR] 19:33:53 Creating resource
[Info   :Zeepkist GTR] 19:33:53 Start processing HTTP request "POST" https://es-backend-5eu0pg2dcfyp6u2v33lz.zeepki.st/record/submit
[Info   :Zeepkist GTR] 19:33:53 Start processing HTTP request "POST" https://es-backend-5eu0pg2dcfyp6u2v33lz.zeepki.st/record/submit
[Info   :Zeepkist GTR] 19:33:53 Sending HTTP request "POST" https://es-backend-5eu0pg2dcfyp6u2v33lz.zeepki.st/record/submit
[Info   :Zeepkist GTR] 19:33:54 Received HTTP response headers after 420.0892ms - 200
[Info   :Zeepkist GTR] 19:33:54 End processing HTTP request after 420.3096ms - 200
[Info   :Zeepkist GTR] 19:33:54 End processing HTTP request after 422.7179ms - 200
[Info   :Zeepkist Bingo] [BINGO] === PLAYER SPAWNED ===
[Info   :Zeepkist Bingo] [BINGO] IsInActiveSession: False
[Info   :Zeepkist Bingo] [BINGO] Not in active session, skipping timer reset
[Info   :Zeepkist GTR] 19:33:56 Loading personal best...
[Info   :Zeepkist GTR] 19:33:56 Start processing HTTP request "POST" https://es-graphql-1q5xcqmja6dvh4ctc4t9.zeepki.st/
[Info   :Zeepkist GTR] 19:33:56 Start processing HTTP request "POST" https://es-graphql-1q5xcqmja6dvh4ctc4t9.zeepki.st/
[Info   :Zeepkist GTR] 19:33:56 Sending HTTP request "POST" https://es-graphql-1q5xcqmja6dvh4ctc4t9.zeepki.st/
[Info   :Zeepkist GTR] 19:33:56 Stopping existing recorder if any
[Info   :Zeepkist GTR] 19:33:56 Creating new recorder
[Info   :Zeepkist GTR] 19:33:56 Received HTTP response headers after 78.4223ms - 200
[Info   :Zeepkist GTR] 19:33:56 End processing HTTP request after 78.6259ms - 200
[Info   :Zeepkist GTR] 19:33:56 End processing HTTP request after 86.0936ms - 200
[Info   :Zeepkist GTR] 19:33:57 Starting recorder
[Info   :Zeepkist Bingo] [BINGO] === PLAYER SPAWNED ===
[Info   :Zeepkist Bingo] [BINGO] IsInActiveSession: False
[Info   :Zeepkist Bingo] [BINGO] Not in active session, skipping timer reset
[Info   :Zeepkist GTR] 19:34:00 Loading personal best...
[Info   :Zeepkist GTR] 19:34:00 Start processing HTTP request "POST" https://es-graphql-1q5xcqmja6dvh4ctc4t9.zeepki.st/
[Info   :Zeepkist GTR] 19:34:00 Start processing HTTP request "POST" https://es-graphql-1q5xcqmja6dvh4ctc4t9.zeepki.st/
[Info   :Zeepkist GTR] 19:34:00 Sending HTTP request "POST" https://es-graphql-1q5xcqmja6dvh4ctc4t9.zeepki.st/
[Info   :Zeepkist GTR] 19:34:00 Stopping existing recorder if any
[Info   :Zeepkist GTR] 19:34:00 Creating new recorder
[Info   :Zeepkist GTR] 19:34:00 Received HTTP response headers after 62.8706ms - 200
[Info   :Zeepkist GTR] 19:34:00 End processing HTTP request after 63.0849ms - 200
[Info   :Zeepkist GTR] 19:34:00 End processing HTTP request after 66.8219ms - 200
[Info   :Zeepkist GTR] 19:34:02 Starting recorder
[Info   :Zeepkist GTR] 19:34:26 Stopping recorder
[Info   :Zeepkist GTR] 19:34:26 Collecting extra information
[Info   :Zeepkist GTR] 19:34:26 Resolved workshop ID "3650038574" from lobby 3650038574 and level 0
[Info   :Zeepkist GTR] 19:34:26 Processing ghost data
[Info   :Zeepkist GTR] 19:34:26 Creating stream
[Info   :Zeepkist GTR] 19:34:26 Writing to stream
[Info   :Zeepkist GTR] 19:34:26 Converting to base64
[Info   :Zeepkist GTR] 19:34:26 Creating resource
[Info   :Zeepkist GTR] 19:34:26 Start processing HTTP request "POST" https://es-backend-5eu0pg2dcfyp6u2v33lz.zeepki.st/record/submit
[Info   :Zeepkist GTR] 19:34:26 Start processing HTTP request "POST" https://es-backend-5eu0pg2dcfyp6u2v33lz.zeepki.st/record/submit
[Info   :Zeepkist GTR] 19:34:26 Sending HTTP request "POST" https://es-backend-5eu0pg2dcfyp6u2v33lz.zeepki.st/record/submit
[Info   :Zeepkist GTR] 19:34:26 Received HTTP response headers after 186.5437ms - 200
[Info   :Zeepkist GTR] 19:34:26 End processing HTTP request after 186.7624ms - 200
[Info   :Zeepkist GTR] 19:34:26 End processing HTTP request after 193.8033ms - 200
[Info   :Zeepkist Bingo] [BINGO] === PLAYER SPAWNED ===
[Info   :Zeepkist Bingo] [BINGO] IsInActiveSession: False
[Info   :Zeepkist Bingo] [BINGO] Not in active session, skipping timer reset
[Info   :Zeepkist GTR] 19:34:29 Loading personal best...
[Info   :Zeepkist GTR] 19:34:29 Start processing HTTP request "POST" https://es-graphql-1q5xcqmja6dvh4ctc4t9.zeepki.st/
[Info   :Zeepkist GTR] 19:34:29 Start processing HTTP request "POST" https://es-graphql-1q5xcqmja6dvh4ctc4t9.zeepki.st/
[Info   :Zeepkist GTR] 19:34:29 Sending HTTP request "POST" https://es-graphql-1q5xcqmja6dvh4ctc4t9.zeepki.st/
[Info   :Zeepkist GTR] 19:34:29 Stopping existing recorder if any
[Info   :Zeepkist GTR] 19:34:29 Creating new recorder
[Info   :Zeepkist GTR] 19:34:29 Received HTTP response headers after 63.6908ms - 200
[Info   :Zeepkist GTR] 19:34:29 End processing HTTP request after 63.919ms - 200
[Info   :Zeepkist GTR] 19:34:29 End processing HTTP request after 64.9968ms - 200
[Info   :Zeepkist GTR] 19:34:29 Start processing HTTP request "GET" https://cdn.zeepki.st/ghosts/01M37NAFZ2D15WKXAPVF91JQVV.bin
[Info   :Zeepkist GTR] 19:34:29 Sending HTTP request "GET" https://cdn.zeepki.st/ghosts/01M37NAFZ2D15WKXAPVF91JQVV.bin
[Info   :Zeepkist GTR] 19:34:30 Start processing HTTP request "POST" https://es-graphql-1q5xcqmja6dvh4ctc4t9.zeepki.st/
[Info   :Zeepkist GTR] 19:34:30 Start processing HTTP request "POST" https://es-graphql-1q5xcqmja6dvh4ctc4t9.zeepki.st/
[Info   :Zeepkist GTR] 19:34:30 Sending HTTP request "POST" https://es-graphql-1q5xcqmja6dvh4ctc4t9.zeepki.st/
[Info   :Zeepkist GTR] 19:34:30 Received HTTP response headers after 56.5308ms - 200
[Info   :Zeepkist GTR] 19:34:30 End processing HTTP request after 56.7705ms - 200
[Info   :Zeepkist GTR] 19:34:30 End processing HTTP request after 58.0644ms - 200
[Info   :Zeepkist GTR] 19:34:30 Received HTTP response headers after 811.0658ms - 200
[Info   :Zeepkist GTR] 19:34:30 End processing HTTP request after 811.3197ms - 200
[Info   :Zeepkist GTR] 19:34:31 Starting recorder
[Info   :Zeepkist GTR] 19:34:32 Start processing HTTP request "POST" https://es-graphql-1q5xcqmja6dvh4ctc4t9.zeepki.st/
[Info   :Zeepkist GTR] 19:34:32 Start processing HTTP request "POST" https://es-graphql-1q5xcqmja6dvh4ctc4t9.zeepki.st/
[Info   :Zeepkist GTR] 19:34:32 Sending HTTP request "POST" https://es-graphql-1q5xcqmja6dvh4ctc4t9.zeepki.st/
[Info   :Zeepkist GTR] 19:34:32 Received HTTP response headers after 63.0193ms - 200
[Info   :Zeepkist GTR] 19:34:32 End processing HTTP request after 63.2505ms - 200
[Info   :Zeepkist GTR] 19:34:32 End processing HTTP request after 65.3744ms - 200
[Info   :Zeepkist Bingo] [BINGO] === PLAYER SPAWNED ===
[Info   :Zeepkist Bingo] [BINGO] IsInActiveSession: False
[Info   :Zeepkist Bingo] [BINGO] Not in active session, skipping timer reset
[Info   :Zeepkist GTR] 19:34:34 Loading personal best...
[Info   :Zeepkist GTR] 19:34:34 Start processing HTTP request "POST" https://es-graphql-1q5xcqmja6dvh4ctc4t9.zeepki.st/
[Info   :Zeepkist GTR] 19:34:34 Start processing HTTP request "POST" https://es-graphql-1q5xcqmja6dvh4ctc4t9.zeepki.st/
[Info   :Zeepkist GTR] 19:34:34 Sending HTTP request "POST" https://es-graphql-1q5xcqmja6dvh4ctc4t9.zeepki.st/
[Info   :Zeepkist GTR] 19:34:34 Stopping existing recorder if any
[Info   :Zeepkist GTR] 19:34:34 Creating new recorder
[Info   :Zeepkist GTR] 19:34:34 Received HTTP response headers after 65.4542ms - 200
[Info   :Zeepkist GTR] 19:34:34 End processing HTTP request after 65.6913ms - 200
[Info   :Zeepkist GTR] 19:34:34 End processing HTTP request after 66.8007ms - 200
[Info   :Zeepkist GTR] 19:34:36 Starting recorder
[Info   :Zeepkist Bingo] [BINGO] === PLAYER SPAWNED ===
[Info   :Zeepkist Bingo] [BINGO] IsInActiveSession: False
[Info   :Zeepkist Bingo] [BINGO] Not in active session, skipping timer reset
[Info   :Zeepkist GTR] 19:34:39 Loading personal best...
[Info   :Zeepkist GTR] 19:34:39 Start processing HTTP request "POST" https://es-graphql-1q5xcqmja6dvh4ctc4t9.zeepki.st/
[Info   :Zeepkist GTR] 19:34:39 Start processing HTTP request "POST" https://es-graphql-1q5xcqmja6dvh4ctc4t9.zeepki.st/
[Info   :Zeepkist GTR] 19:34:39 Sending HTTP request "POST" https://es-graphql-1q5xcqmja6dvh4ctc4t9.zeepki.st/
[Info   :Zeepkist GTR] 19:34:39 Stopping existing recorder if any
[Info   :Zeepkist GTR] 19:34:39 Creating new recorder
[Info   :Zeepkist GTR] 19:34:39 Received HTTP response headers after 66.107ms - 200
[Info   :Zeepkist GTR] 19:34:39 End processing HTTP request after 66.3253ms - 200
[Info   :Zeepkist GTR] 19:34:39 End processing HTTP request after 67.4501ms - 200
[Info   :Zeepkist GTR] 19:34:40 Starting recorder
[Info   :Zeepkist Bingo] [CHAT] Intercepted message: idk does it add something? i dont mind
[Info   :Zeepkist Bingo] [CHAT] Not relaying - no bingo session
[Info   :Zeepkist GTR] 19:35:02 Discarding recorder
[Info   :Tournament Casting UI] [compare cam] PhotoDrone API hooked
[Info   :Zeepkist Bingo] [BINGO] Level loaded
[Info   :Zeepkist GTR] 19:35:16 Start processing HTTP request "POST" https://es-backend-5eu0pg2dcfyp6u2v33lz.zeepki.st/level/request
[Info   :Zeepkist GTR] 19:35:16 Start processing HTTP request "POST" https://es-backend-5eu0pg2dcfyp6u2v33lz.zeepki.st/level/request
[Info   :Zeepkist GTR] 19:35:16 Sending HTTP request "POST" https://es-backend-5eu0pg2dcfyp6u2v33lz.zeepki.st/level/request
[Info   :Zeepkist GTR] 19:35:16 Start processing HTTP request "POST" https://es-graphql-1q5xcqmja6dvh4ctc4t9.zeepki.st/
[Info   :Zeepkist GTR] 19:35:16 Start processing HTTP request "POST" https://es-graphql-1q5xcqmja6dvh4ctc4t9.zeepki.st/
[Info   :Zeepkist GTR] 19:35:16 Sending HTTP request "POST" https://es-graphql-1q5xcqmja6dvh4ctc4t9.zeepki.st/
[Info   :Zeepkist GTR] 19:35:16 Start processing HTTP request "POST" https://es-graphql-1q5xcqmja6dvh4ctc4t9.zeepki.st/
[Info   :Zeepkist GTR] 19:35:16 Start processing HTTP request "POST" https://es-graphql-1q5xcqmja6dvh4ctc4t9.zeepki.st/
[Info   :Zeepkist GTR] 19:35:16 Sending HTTP request "POST" https://es-graphql-1q5xcqmja6dvh4ctc4t9.zeepki.st/
[Warning:Zeepkist GTR] 19:35:16 Current-level record subscription failed
[Info   :BetterSplits] getting gtr splits
[Info   :Zeepkist Bingo] [BINGO] === PLAYER SPAWNED ===
[Info   :Zeepkist Bingo] [BINGO] IsInActiveSession: False
[Info   :Zeepkist Bingo] [BINGO] Not in active session, skipping timer reset
[Info   :Zeepkist GTR] 19:35:16 Loading personal best...
[Info   :Zeepkist GTR] 19:35:16 Start processing HTTP request "POST" https://es-graphql-1q5xcqmja6dvh4ctc4t9.zeepki.st/
[Info   :Zeepkist GTR] 19:35:16 Start processing HTTP request "POST" https://es-graphql-1q5xcqmja6dvh4ctc4t9.zeepki.st/
[Info   :Zeepkist GTR] 19:35:16 Sending HTTP request "POST" https://es-graphql-1q5xcqmja6dvh4ctc4t9.zeepki.st/
[Info   :Zeepkist GTR] 19:35:16 Stopping existing recorder if any
[Info   :Zeepkist GTR] 19:35:16 Creating new recorder
[Info   :Zeepkist GTR] 19:35:17 Received HTTP response headers after 248.0014ms - 200
[Info   :Zeepkist GTR] 19:35:17 End processing HTTP request after 248.3395ms - 200
[Info   :Zeepkist GTR] 19:35:17 End processing HTTP request after 250.5998ms - 200
[Info   :Zeepkist GTR] 19:35:17 Received HTTP response headers after 317.9453ms - 200
[Info   :Zeepkist GTR] 19:35:17 End processing HTTP request after 318.1653ms - 200
[Info   :Zeepkist GTR] 19:35:17 End processing HTTP request after 320.9422ms - 200
[Info   :Zeepkist GTR] 19:35:17 Received HTTP response headers after 326.5214ms - 200
[Info   :Zeepkist GTR] 19:35:17 End processing HTTP request after 326.7229ms - 200
[Info   :Zeepkist GTR] 19:35:17 Received HTTP response headers after 223.2801ms - 200
[Info   :Zeepkist GTR] 19:35:17 End processing HTTP request after 223.4878ms - 200
[Info   :Zeepkist GTR] 19:35:17 End processing HTTP request after 340.8018ms - 200
[Info   :Zeepkist GTR] 19:35:17 End processing HTTP request after 235.7906ms - 200
[Info   :BetterSplits] got gtr splits
[Info   :Zeepkist GTR] 19:35:18 Starting recorder
[Info   :Zeepkist Bingo] [BINGO] === PLAYER SPAWNED ===
[Info   :Zeepkist Bingo] [BINGO] IsInActiveSession: False
[Info   :Zeepkist Bingo] [BINGO] Not in active session, skipping timer reset
[Info   :Zeepkist GTR] 19:35:25 Loading personal best...
[Info   :Zeepkist GTR] 19:35:25 Start processing HTTP request "POST" https://es-graphql-1q5xcqmja6dvh4ctc4t9.zeepki.st/
[Info   :Zeepkist GTR] 19:35:25 Start processing HTTP request "POST" https://es-graphql-1q5xcqmja6dvh4ctc4t9.zeepki.st/
[Info   :Zeepkist GTR] 19:35:25 Sending HTTP request "POST" https://es-graphql-1q5xcqmja6dvh4ctc4t9.zeepki.st/
[Info   :Zeepkist GTR] 19:35:25 Stopping existing recorder if any
[Info   :Zeepkist GTR] 19:35:25 Creating new recorder
[Info   :Zeepkist GTR] 19:35:25 Received HTTP response headers after 94.2856ms - 200
[Info   :Zeepkist GTR] 19:35:25 End processing HTTP request after 94.5028ms - 200
[Info   :Zeepkist GTR] 19:35:25 End processing HTTP request after 95.2008ms - 200
[Info   :Zeepkist GTR] 19:35:27 Starting recorder
[Info   :Zeepkist Bingo] [BINGO] === PLAYER SPAWNED ===
[Info   :Zeepkist Bingo] [BINGO] IsInActiveSession: False
[Info   :Zeepkist Bingo] [BINGO] Not in active session, skipping timer reset
[Info   :Zeepkist GTR] 19:35:52 Loading personal best...
[Info   :Zeepkist GTR] 19:35:52 Start processing HTTP request "POST" https://es-graphql-1q5xcqmja6dvh4ctc4t9.zeepki.st/
[Info   :Zeepkist GTR] 19:35:52 Start processing HTTP request "POST" https://es-graphql-1q5xcqmja6dvh4ctc4t9.zeepki.st/
[Info   :Zeepkist GTR] 19:35:52 Sending HTTP request "POST" https://es-graphql-1q5xcqmja6dvh4ctc4t9.zeepki.st/
[Info   :Zeepkist GTR] 19:35:52 Stopping existing recorder if any
[Info   :Zeepkist GTR] 19:35:52 Creating new recorder
[Info   :Zeepkist GTR] 19:35:52 Received HTTP response headers after 103.4581ms - 200
[Info   :Zeepkist GTR] 19:35:52 End processing HTTP request after 103.6844ms - 200
[Info   :Zeepkist GTR] 19:35:52 End processing HTTP request after 109.3594ms - 200
[Info   :Zeepkist GTR] 19:35:54 Starting recorder
[Info   :Zeepkist Bingo] [BINGO] === PLAYER SPAWNED ===
[Info   :Zeepkist Bingo] [BINGO] IsInActiveSession: False
[Info   :Zeepkist Bingo] [BINGO] Not in active session, skipping timer reset
[Info   :Zeepkist GTR] 19:36:01 Loading personal best...
[Info   :Zeepkist GTR] 19:36:01 Start processing HTTP request "POST" https://es-graphql-1q5xcqmja6dvh4ctc4t9.zeepki.st/
[Info   :Zeepkist GTR] 19:36:01 Start processing HTTP request "POST" https://es-graphql-1q5xcqmja6dvh4ctc4t9.zeepki.st/
[Info   :Zeepkist GTR] 19:36:01 Sending HTTP request "POST" https://es-graphql-1q5xcqmja6dvh4ctc4t9.zeepki.st/
[Info   :Zeepkist GTR] 19:36:01 Stopping existing recorder if any
[Info   :Zeepkist GTR] 19:36:01 Creating new recorder
[Info   :Zeepkist GTR] 19:36:01 Received HTTP response headers after 62.4879ms - 200
[Info   :Zeepkist GTR] 19:36:01 End processing HTTP request after 62.7111ms - 200
[Info   :Zeepkist GTR] 19:36:01 End processing HTTP request after 67.3535ms - 200
[Info   :Zeepkist GTR] 19:36:02 Starting recorder
[Info   :Zeepkist Bingo] [BINGO] === PLAYER SPAWNED ===
[Info   :Zeepkist Bingo] [BINGO] IsInActiveSession: False
[Info   :Zeepkist Bingo] [BINGO] Not in active session, skipping timer reset
[Info   :Zeepkist GTR] 19:36:21 Loading personal best...
[Info   :Zeepkist GTR] 19:36:21 Start processing HTTP request "POST" https://es-graphql-1q5xcqmja6dvh4ctc4t9.zeepki.st/
[Info   :Zeepkist GTR] 19:36:21 Start processing HTTP request "POST" https://es-graphql-1q5xcqmja6dvh4ctc4t9.zeepki.st/
[Info   :Zeepkist GTR] 19:36:21 Sending HTTP request "POST" https://es-graphql-1q5xcqmja6dvh4ctc4t9.zeepki.st/
[Info   :Zeepkist GTR] 19:36:21 Stopping existing recorder if any
[Info   :Zeepkist GTR] 19:36:21 Creating new recorder
[Info   :Zeepkist GTR] 19:36:22 Received HTTP response headers after 548.6958ms - 200
[Info   :Zeepkist GTR] 19:36:22 End processing HTTP request after 548.9173ms - 200
[Info   :Zeepkist GTR] 19:36:22 End processing HTTP request after 552.3352ms - 200
[Info   :Zeepkist GTR] 19:36:23 Starting recorder
[Info   :Zeepkist Bingo] [BINGO] === PLAYER SPAWNED ===
[Info   :Zeepkist Bingo] [BINGO] IsInActiveSession: False
[Info   :Zeepkist Bingo] [BINGO] Not in active session, skipping timer reset
[Info   :Zeepkist GTR] 19:36:27 Loading personal best...
[Info   :Zeepkist GTR] 19:36:27 Start processing HTTP request "POST" https://es-graphql-1q5xcqmja6dvh4ctc4t9.zeepki.st/
[Info   :Zeepkist GTR] 19:36:27 Start processing HTTP request "POST" https://es-graphql-1q5xcqmja6dvh4ctc4t9.zeepki.st/
[Info   :Zeepkist GTR] 19:36:27 Sending HTTP request "POST" https://es-graphql-1q5xcqmja6dvh4ctc4t9.zeepki.st/
[Info   :Zeepkist GTR] 19:36:27 Stopping existing recorder if any
[Info   :Zeepkist GTR] 19:36:27 Creating new recorder
[Info   :Zeepkist GTR] 19:36:27 Received HTTP response headers after 69.4406ms - 200
[Info   :Zeepkist GTR] 19:36:27 End processing HTTP request after 69.6928ms - 200
[Info   :Zeepkist GTR] 19:36:27 End processing HTTP request after 74.5846ms - 200
[Info   :Zeepkist GTR] 19:36:29 Starting recorder
[Info   :Zeepkist Bingo] [BINGO] === PLAYER SPAWNED ===
[Info   :Zeepkist Bingo] [BINGO] IsInActiveSession: False
[Info   :Zeepkist Bingo] [BINGO] Not in active session, skipping timer reset
[Info   :Zeepkist GTR] 19:36:48 Loading personal best...
[Info   :Zeepkist GTR] 19:36:48 Start processing HTTP request "POST" https://es-graphql-1q5xcqmja6dvh4ctc4t9.zeepki.st/
[Info   :Zeepkist GTR] 19:36:48 Start processing HTTP request "POST" https://es-graphql-1q5xcqmja6dvh4ctc4t9.zeepki.st/
[Info   :Zeepkist GTR] 19:36:48 Sending HTTP request "POST" https://es-graphql-1q5xcqmja6dvh4ctc4t9.zeepki.st/
[Info   :Zeepkist GTR] 19:36:48 Stopping existing recorder if any
[Info   :Zeepkist GTR] 19:36:48 Creating new recorder
[Info   :Zeepkist GTR] 19:36:48 Received HTTP response headers after 73.3397ms - 200
[Info   :Zeepkist GTR] 19:36:48 End processing HTTP request after 73.5449ms - 200
[Info   :Zeepkist GTR] 19:36:48 End processing HTTP request after 73.8558ms - 200
[Info   :Zeepkist GTR] 19:36:50 Starting recorder
[Info   :Zeepkist Bingo] [BINGO] === PLAYER SPAWNED ===
[Info   :Zeepkist Bingo] [BINGO] IsInActiveSession: False
[Info   :Zeepkist Bingo] [BINGO] Not in active session, skipping timer reset
[Info   :Zeepkist GTR] 19:37:09 Loading personal best...
[Info   :Zeepkist GTR] 19:37:09 Start processing HTTP request "POST" https://es-graphql-1q5xcqmja6dvh4ctc4t9.zeepki.st/
[Info   :Zeepkist GTR] 19:37:09 Start processing HTTP request "POST" https://es-graphql-1q5xcqmja6dvh4ctc4t9.zeepki.st/
[Info   :Zeepkist GTR] 19:37:09 Sending HTTP request "POST" https://es-graphql-1q5xcqmja6dvh4ctc4t9.zeepki.st/
[Info   :Zeepkist GTR] 19:37:09 Stopping existing recorder if any
[Info   :Zeepkist GTR] 19:37:09 Creating new recorder
[Info   :Zeepkist GTR] 19:37:09 Received HTTP response headers after 65.8306ms - 200
[Info   :Zeepkist GTR] 19:37:09 End processing HTTP request after 66.0478ms - 200
[Info   :Zeepkist GTR] 19:37:09 End processing HTTP request after 67.5043ms - 200
[Info   :Zeepkist GTR] 19:37:10 Starting recorder
[Info   :Zeepkist GTR] 19:37:37 Stopping recorder
[Info   :Zeepkist GTR] 19:37:37 Collecting extra information
[Info   :Zeepkist GTR] 19:37:37 Resolved workshop ID "3678643373" from lobby 3678643373 and level 0
[Info   :Zeepkist GTR] 19:37:37 Processing ghost data
[Info   :Zeepkist GTR] 19:37:37 Creating stream
[Info   :Zeepkist GTR] 19:37:37 Writing to stream
[Info   :Zeepkist GTR] 19:37:38 Converting to base64
[Info   :Zeepkist GTR] 19:37:38 Creating resource
[Info   :Zeepkist GTR] 19:37:38 Start processing HTTP request "POST" https://es-backend-5eu0pg2dcfyp6u2v33lz.zeepki.st/record/submit
[Info   :Zeepkist GTR] 19:37:38 Start processing HTTP request "POST" https://es-backend-5eu0pg2dcfyp6u2v33lz.zeepki.st/record/submit
[Info   :Zeepkist GTR] 19:37:38 Sending HTTP request "POST" https://es-backend-5eu0pg2dcfyp6u2v33lz.zeepki.st/record/submit
[Info   :Zeepkist GTR] 19:37:38 Received HTTP response headers after 518.6684ms - 200
[Info   :Zeepkist GTR] 19:37:38 End processing HTTP request after 518.8793ms - 200
[Info   :Zeepkist GTR] 19:37:38 End processing HTTP request after 519.444ms - 200
[Info   :Zeepkist Bingo] [BINGO] === PLAYER SPAWNED ===
[Info   :Zeepkist Bingo] [BINGO] IsInActiveSession: False
[Info   :Zeepkist Bingo] [BINGO] Not in active session, skipping timer reset
[Info   :Zeepkist GTR] 19:37:39 Loading personal best...
[Info   :Zeepkist GTR] 19:37:39 Start processing HTTP request "POST" https://es-graphql-1q5xcqmja6dvh4ctc4t9.zeepki.st/
[Info   :Zeepkist GTR] 19:37:39 Start processing HTTP request "POST" https://es-graphql-1q5xcqmja6dvh4ctc4t9.zeepki.st/
[Info   :Zeepkist GTR] 19:37:39 Sending HTTP request "POST" https://es-graphql-1q5xcqmja6dvh4ctc4t9.zeepki.st/
[Info   :Zeepkist GTR] 19:37:39 Stopping existing recorder if any
[Info   :Zeepkist GTR] 19:37:39 Creating new recorder
[Info   :Zeepkist GTR] 19:37:39 Received HTTP response headers after 248.4335ms - 200
[Info   :Zeepkist GTR] 19:37:39 End processing HTTP request after 248.6497ms - 200
[Info   :Zeepkist GTR] 19:37:39 End processing HTTP request after 252.0878ms - 200
[Info   :Zeepkist GTR] 19:37:40 Starting recorder
[Info   :Zeepkist Bingo] [BINGO] === PLAYER SPAWNED ===
[Info   :Zeepkist Bingo] [BINGO] IsInActiveSession: False
[Info   :Zeepkist Bingo] [BINGO] Not in active session, skipping timer reset
[Info   :Zeepkist GTR] 19:37:59 Loading personal best...
[Info   :Zeepkist GTR] 19:37:59 Start processing HTTP request "POST" https://es-graphql-1q5xcqmja6dvh4ctc4t9.zeepki.st/
[Info   :Zeepkist GTR] 19:37:59 Start processing HTTP request "POST" https://es-graphql-1q5xcqmja6dvh4ctc4t9.zeepki.st/
[Info   :Zeepkist GTR] 19:37:59 Sending HTTP request "POST" https://es-graphql-1q5xcqmja6dvh4ctc4t9.zeepki.st/
[Info   :Zeepkist GTR] 19:37:59 Stopping existing recorder if any
[Info   :Zeepkist GTR] 19:37:59 Creating new recorder
[Info   :Zeepkist GTR] 19:37:59 Received HTTP response headers after 65.8873ms - 200
[Info   :Zeepkist GTR] 19:37:59 End processing HTTP request after 66.1155ms - 200
[Info   :Zeepkist GTR] 19:37:59 End processing HTTP request after 67.4218ms - 200
[Info   :Zeepkist GTR] 19:38:01 Starting recorder
[Info   :Zeepkist GTR] 19:38:26 Stopping recorder
[Info   :Zeepkist GTR] 19:38:26 Collecting extra information
[Info   :Zeepkist GTR] 19:38:26 Resolved workshop ID "3678643373" from lobby 3678643373 and level 0
[Info   :Zeepkist GTR] 19:38:26 Processing ghost data
[Info   :Zeepkist GTR] 19:38:26 Creating stream
[Info   :Zeepkist GTR] 19:38:26 Writing to stream
[Info   :Zeepkist GTR] 19:38:27 Converting to base64
[Info   :Zeepkist GTR] 19:38:27 Creating resource
[Info   :Zeepkist GTR] 19:38:27 Start processing HTTP request "POST" https://es-backend-5eu0pg2dcfyp6u2v33lz.zeepki.st/record/submit
[Info   :Zeepkist GTR] 19:38:27 Start processing HTTP request "POST" https://es-backend-5eu0pg2dcfyp6u2v33lz.zeepki.st/record/submit
[Info   :Zeepkist GTR] 19:38:27 Sending HTTP request "POST" https://es-backend-5eu0pg2dcfyp6u2v33lz.zeepki.st/record/submit
[Info   :Zeepkist GTR] 19:38:27 Received HTTP response headers after 211.371ms - 200
[Info   :Zeepkist GTR] 19:38:27 End processing HTTP request after 211.5982ms - 200
[Info   :Zeepkist GTR] 19:38:27 End processing HTTP request after 215.4359ms - 200
[Info   :Zeepkist Bingo] [BINGO] === PLAYER SPAWNED ===
[Info   :Zeepkist Bingo] [BINGO] IsInActiveSession: False
[Info   :Zeepkist Bingo] [BINGO] Not in active session, skipping timer reset
[Info   :Zeepkist GTR] 19:38:29 Loading personal best...
[Info   :Zeepkist GTR] 19:38:29 Start processing HTTP request "POST" https://es-graphql-1q5xcqmja6dvh4ctc4t9.zeepki.st/
[Info   :Zeepkist GTR] 19:38:29 Start processing HTTP request "POST" https://es-graphql-1q5xcqmja6dvh4ctc4t9.zeepki.st/
[Info   :Zeepkist GTR] 19:38:29 Sending HTTP request "POST" https://es-graphql-1q5xcqmja6dvh4ctc4t9.zeepki.st/
[Info   :Zeepkist GTR] 19:38:29 Stopping existing recorder if any
[Info   :Zeepkist GTR] 19:38:29 Creating new recorder
[Info   :Zeepkist GTR] 19:38:29 Received HTTP response headers after 68.5618ms - 200
[Info   :Zeepkist GTR] 19:38:29 End processing HTTP request after 68.8009ms - 200
[Info   :Zeepkist GTR] 19:38:29 End processing HTTP request after 78.0764ms - 200
[Info   :Zeepkist GTR] 19:38:29 Start processing HTTP request "GET" https://cdn.zeepki.st/ghosts/01M37NHVA4M8GJAA5HHKJNXRJJ.bin
[Info   :Zeepkist GTR] 19:38:29 Sending HTTP request "GET" https://cdn.zeepki.st/ghosts/01M37NHVA4M8GJAA5HHKJNXRJJ.bin
[Info   :Zeepkist GTR] 19:38:30 Received HTTP response headers after 791.1302ms - 200
[Info   :Zeepkist GTR] 19:38:30 End processing HTTP request after 791.3877ms - 200
[Info   :Zeepkist GTR] 19:38:30 Start processing HTTP request "POST" https://es-graphql-1q5xcqmja6dvh4ctc4t9.zeepki.st/
[Info   :Zeepkist GTR] 19:38:30 Start processing HTTP request "POST" https://es-graphql-1q5xcqmja6dvh4ctc4t9.zeepki.st/
[Info   :Zeepkist GTR] 19:38:30 Sending HTTP request "POST" https://es-graphql-1q5xcqmja6dvh4ctc4t9.zeepki.st/
[Info   :Zeepkist GTR] 19:38:30 Received HTTP response headers after 58.8297ms - 200
[Info   :Zeepkist GTR] 19:38:30 End processing HTTP request after 59.0518ms - 200
[Info   :Zeepkist GTR] 19:38:30 End processing HTTP request after 63.3044ms - 200
[Info   :Zeepkist GTR] 19:38:31 Starting recorder
[Info   :Zeepkist Bingo] [BINGO] === PLAYER SPAWNED ===
[Info   :Zeepkist Bingo] [BINGO] IsInActiveSession: False
[Info   :Zeepkist Bingo] [BINGO] Not in active session, skipping timer reset
[Info   :Zeepkist GTR] 19:38:49 Loading personal best...
[Info   :Zeepkist GTR] 19:38:49 Start processing HTTP request "POST" https://es-graphql-1q5xcqmja6dvh4ctc4t9.zeepki.st/
[Info   :Zeepkist GTR] 19:38:49 Start processing HTTP request "POST" https://es-graphql-1q5xcqmja6dvh4ctc4t9.zeepki.st/
[Info   :Zeepkist GTR] 19:38:49 Sending HTTP request "POST" https://es-graphql-1q5xcqmja6dvh4ctc4t9.zeepki.st/
[Info   :Zeepkist GTR] 19:38:49 Stopping existing recorder if any
[Info   :Zeepkist GTR] 19:38:49 Creating new recorder
[Info   :Zeepkist GTR] 19:38:49 Received HTTP response headers after 70.8097ms - 200
[Info   :Zeepkist GTR] 19:38:49 End processing HTTP request after 71.0209ms - 200
[Info   :Zeepkist GTR] 19:38:49 End processing HTTP request after 74.4774ms - 200
[Info   :Zeepkist GTR] 19:38:51 Starting recorder
[Info   :Zeepkist Bingo] [BINGO] === PLAYER SPAWNED ===
[Info   :Zeepkist Bingo] [BINGO] IsInActiveSession: False
[Info   :Zeepkist Bingo] [BINGO] Not in active session, skipping timer reset
[Info   :Zeepkist GTR] 19:38:55 Loading personal best...
[Info   :Zeepkist GTR] 19:38:55 Start processing HTTP request "POST" https://es-graphql-1q5xcqmja6dvh4ctc4t9.zeepki.st/
[Info   :Zeepkist GTR] 19:38:55 Start processing HTTP request "POST" https://es-graphql-1q5xcqmja6dvh4ctc4t9.zeepki.st/
[Info   :Zeepkist GTR] 19:38:55 Sending HTTP request "POST" https://es-graphql-1q5xcqmja6dvh4ctc4t9.zeepki.st/
[Info   :Zeepkist GTR] 19:38:55 Stopping existing recorder if any
[Info   :Zeepkist GTR] 19:38:55 Creating new recorder
[Info   :Zeepkist GTR] 19:38:55 Received HTTP response headers after 75.3828ms - 200
[Info   :Zeepkist GTR] 19:38:55 End processing HTTP request after 75.6245ms - 200
[Info   :Zeepkist GTR] 19:38:55 End processing HTTP request after 87.3986ms - 200
[Info   :Zeepkist GTR] 19:38:56 Starting recorder
[Info   :Zeepkist GTR] 19:39:22 Stopping recorder
[Info   :Zeepkist GTR] 19:39:22 Collecting extra information
[Info   :Zeepkist GTR] 19:39:22 Resolved workshop ID "3678643373" from lobby 3678643373 and level 0
[Info   :Zeepkist GTR] 19:39:22 Processing ghost data
[Info   :Zeepkist GTR] 19:39:22 Creating stream
[Info   :Zeepkist GTR] 19:39:22 Writing to stream
[Info   :Zeepkist GTR] 19:39:22 Converting to base64
[Info   :Zeepkist GTR] 19:39:22 Creating resource
[Info   :Zeepkist GTR] 19:39:22 Start processing HTTP request "POST" https://es-backend-5eu0pg2dcfyp6u2v33lz.zeepki.st/record/submit
[Info   :Zeepkist GTR] 19:39:22 Start processing HTTP request "POST" https://es-backend-5eu0pg2dcfyp6u2v33lz.zeepki.st/record/submit
[Info   :Zeepkist GTR] 19:39:22 Sending HTTP request "POST" https://es-backend-5eu0pg2dcfyp6u2v33lz.zeepki.st/record/submit
[Info   :Zeepkist GTR] 19:39:23 Received HTTP response headers after 980.2155ms - 200
[Info   :Zeepkist GTR] 19:39:23 End processing HTTP request after 980.4321ms - 200
[Info   :Zeepkist GTR] 19:39:23 End processing HTTP request after 984.6366ms - 200
[Info   :Zeepkist Bingo] [BINGO] === PLAYER SPAWNED ===
[Info   :Zeepkist Bingo] [BINGO] IsInActiveSession: False
[Info   :Zeepkist Bingo] [BINGO] Not in active session, skipping timer reset
[Info   :Zeepkist GTR] 19:39:24 Loading personal best...
[Info   :Zeepkist GTR] 19:39:24 Start processing HTTP request "POST" https://es-graphql-1q5xcqmja6dvh4ctc4t9.zeepki.st/
[Info   :Zeepkist GTR] 19:39:24 Start processing HTTP request "POST" https://es-graphql-1q5xcqmja6dvh4ctc4t9.zeepki.st/
[Info   :Zeepkist GTR] 19:39:24 Sending HTTP request "POST" https://es-graphql-1q5xcqmja6dvh4ctc4t9.zeepki.st/
[Info   :Zeepkist GTR] 19:39:24 Stopping existing recorder if any
[Info   :Zeepkist GTR] 19:39:24 Creating new recorder
[Info   :Zeepkist GTR] 19:39:24 Received HTTP response headers after 60.0996ms - 200
[Info   :Zeepkist GTR] 19:39:24 End processing HTTP request after 60.3118ms - 200
[Info   :Zeepkist GTR] 19:39:24 End processing HTTP request after 67.4786ms - 200
[Info   :Zeepkist GTR] 19:39:24 Start processing HTTP request "GET" https://cdn.zeepki.st/ghosts/01M37NKJ0A71W6SMKP54MKFW63.bin
[Info   :Zeepkist GTR] 19:39:24 Sending HTTP request "GET" https://cdn.zeepki.st/ghosts/01M37NKJ0A71W6SMKP54MKFW63.bin
[Info   :Zeepkist GTR] 19:39:25 Received HTTP response headers after 720.5691ms - 200
[Info   :Zeepkist GTR] 19:39:25 End processing HTTP request after 720.8298ms - 200
[Info   :Zeepkist GTR] 19:39:26 Start processing HTTP request "POST" https://es-graphql-1q5xcqmja6dvh4ctc4t9.zeepki.st/
[Info   :Zeepkist GTR] 19:39:26 Start processing HTTP request "POST" https://es-graphql-1q5xcqmja6dvh4ctc4t9.zeepki.st/
[Info   :Zeepkist GTR] 19:39:26 Sending HTTP request "POST" https://es-graphql-1q5xcqmja6dvh4ctc4t9.zeepki.st/
[Info   :Zeepkist GTR] 19:39:26 Starting recorder
[Info   :Zeepkist GTR] 19:39:26 Received HTTP response headers after 63.0092ms - 200
[Info   :Zeepkist GTR] 19:39:26 End processing HTTP request after 63.223ms - 200
[Info   :Zeepkist GTR] 19:39:26 End processing HTTP request after 64.1103ms - 200
[Info   :Zeepkist Bingo] [BINGO] === PLAYER SPAWNED ===
[Info   :Zeepkist Bingo] [BINGO] IsInActiveSession: False
[Info   :Zeepkist Bingo] [BINGO] Not in active session, skipping timer reset
[Info   :Zeepkist GTR] 19:39:41 Loading personal best...
[Info   :Zeepkist GTR] 19:39:41 Start processing HTTP request "POST" https://es-graphql-1q5xcqmja6dvh4ctc4t9.zeepki.st/
[Info   :Zeepkist GTR] 19:39:41 Start processing HTTP request "POST" https://es-graphql-1q5xcqmja6dvh4ctc4t9.zeepki.st/
[Info   :Zeepkist GTR] 19:39:41 Sending HTTP request "POST" https://es-graphql-1q5xcqmja6dvh4ctc4t9.zeepki.st/
[Info   :Zeepkist GTR] 19:39:41 Stopping existing recorder if any
[Info   :Zeepkist GTR] 19:39:41 Creating new recorder
[Info   :Zeepkist GTR] 19:39:42 Received HTTP response headers after 241.3951ms - 200
[Info   :Zeepkist GTR] 19:39:42 End processing HTTP request after 241.6642ms - 200
[Info   :Zeepkist GTR] 19:39:42 End processing HTTP request after 255.1974ms - 200
[Info   :Zeepkist GTR] 19:39:43 Starting recorder
[Info   :Zeepkist GTR] 19:39:45 Start processing HTTP request "POST" https://es-graphql-1q5xcqmja6dvh4ctc4t9.zeepki.st/
[Info   :Zeepkist GTR] 19:39:45 Start processing HTTP request "POST" https://es-graphql-1q5xcqmja6dvh4ctc4t9.zeepki.st/
[Info   :Zeepkist GTR] 19:39:45 Sending HTTP request "POST" https://es-graphql-1q5xcqmja6dvh4ctc4t9.zeepki.st/
[Info   :Zeepkist GTR] 19:39:45 Received HTTP response headers after 63.5883ms - 200
[Info   :Zeepkist GTR] 19:39:45 End processing HTTP request after 63.8036ms - 200
[Info   :Zeepkist GTR] 19:39:45 End processing HTTP request after 70.0624ms - 200
[Info   :Zeepkist GTR] 19:40:08 Stopping recorder
[Info   :Zeepkist GTR] 19:40:08 Collecting extra information
[Info   :Zeepkist GTR] 19:40:08 Resolved workshop ID "3678643373" from lobby 3678643373 and level 0
[Info   :Zeepkist GTR] 19:40:08 Processing ghost data
[Info   :Zeepkist GTR] 19:40:08 Creating stream
[Info   :Zeepkist GTR] 19:40:08 Writing to stream
[Info   :Zeepkist GTR] 19:40:09 Converting to base64
[Info   :Zeepkist GTR] 19:40:09 Creating resource
[Info   :Zeepkist GTR] 19:40:09 Start processing HTTP request "POST" https://es-backend-5eu0pg2dcfyp6u2v33lz.zeepki.st/record/submit
[Info   :Zeepkist GTR] 19:40:09 Start processing HTTP request "POST" https://es-backend-5eu0pg2dcfyp6u2v33lz.zeepki.st/record/submit
[Info   :Zeepkist GTR] 19:40:09 Sending HTTP request "POST" https://es-backend-5eu0pg2dcfyp6u2v33lz.zeepki.st/record/submit
[Info   :Zeepkist GTR] 19:40:09 Received HTTP response headers after 435.3194ms - 200
[Info   :Zeepkist GTR] 19:40:09 End processing HTTP request after 435.5561ms - 200
[Info   :Zeepkist GTR] 19:40:09 End processing HTTP request after 437.8059ms - 200
[Info   :Zeepkist GTR] 19:40:13 Start processing HTTP request "POST" https://es-backend-5eu0pg2dcfyp6u2v33lz.zeepki.st/vote/submit
[Info   :Zeepkist GTR] 19:40:13 Start processing HTTP request "POST" https://es-backend-5eu0pg2dcfyp6u2v33lz.zeepki.st/vote/submit
[Info   :Zeepkist GTR] 19:40:13 Sending HTTP request "POST" https://es-backend-5eu0pg2dcfyp6u2v33lz.zeepki.st/vote/submit
[Info   :Zeepkist Bingo] [CHAT] Intercepted message: ++
[Info   :Zeepkist Bingo] [CHAT] Not relaying - no bingo session
[Info   :Zeepkist GTR] 19:40:13 Received HTTP response headers after 116.4107ms - 200
[Info   :Zeepkist GTR] 19:40:13 End processing HTTP request after 116.6292ms - 200
[Info   :Zeepkist GTR] 19:40:13 End processing HTTP request after 121.0787ms - 200
[Info   :Zeepkist GTR] 19:40:15 Discarding recorder
[Info   :Zeepkist Bingo] [BINGO] Level loaded
[Info   :Zeepkist GTR] 19:40:29 Start processing HTTP request "POST" https://es-backend-5eu0pg2dcfyp6u2v33lz.zeepki.st/level/request
[Info   :Zeepkist GTR] 19:40:29 Start processing HTTP request "POST" https://es-backend-5eu0pg2dcfyp6u2v33lz.zeepki.st/level/request
[Info   :Zeepkist GTR] 19:40:29 Sending HTTP request "POST" https://es-backend-5eu0pg2dcfyp6u2v33lz.zeepki.st/level/request
[Info   :Zeepkist GTR] 19:40:29 Start processing HTTP request "POST" https://es-graphql-1q5xcqmja6dvh4ctc4t9.zeepki.st/
[Info   :Zeepkist GTR] 19:40:29 Start processing HTTP request "POST" https://es-graphql-1q5xcqmja6dvh4ctc4t9.zeepki.st/
[Info   :Zeepkist GTR] 19:40:29 Sending HTTP request "POST" https://es-graphql-1q5xcqmja6dvh4ctc4t9.zeepki.st/
[Info   :Zeepkist GTR] 19:40:29 Start processing HTTP request "POST" https://es-graphql-1q5xcqmja6dvh4ctc4t9.zeepki.st/
[Warning:Zeepkist GTR] 19:40:29 Current-level record subscription failed
[Info   :Zeepkist GTR] 19:40:29 Start processing HTTP request "POST" https://es-graphql-1q5xcqmja6dvh4ctc4t9.zeepki.st/
[Info   :Zeepkist GTR] 19:40:29 Sending HTTP request "POST" https://es-graphql-1q5xcqmja6dvh4ctc4t9.zeepki.st/
[Info   :BetterSplits] getting gtr splits
[Info   :Zeepkist GTR] 19:40:29 Received HTTP response headers after 54.3894ms - 200
[Info   :Zeepkist GTR] 19:40:29 End processing HTTP request after 54.6347ms - 200
[Info   :Zeepkist GTR] 19:40:29 Received HTTP response headers after 61.2412ms - 200
[Info   :Zeepkist GTR] 19:40:29 End processing HTTP request after 61.4754ms - 200
[Info   :Zeepkist GTR] 19:40:29 End processing HTTP request after 67.0055ms - 200
[Info   :Zeepkist GTR] 19:40:29 End processing HTTP request after 67.6902ms - 200
[Info   :Zeepkist Bingo] [BINGO] === PLAYER SPAWNED ===
[Info   :Zeepkist Bingo] [BINGO] IsInActiveSession: False
[Info   :Zeepkist Bingo] [BINGO] Not in active session, skipping timer reset
[Info   :Zeepkist GTR] 19:40:29 Loading personal best...
[Info   :Zeepkist GTR] 19:40:29 Start processing HTTP request "POST" https://es-graphql-1q5xcqmja6dvh4ctc4t9.zeepki.st/
[Info   :Zeepkist GTR] 19:40:29 Start processing HTTP request "POST" https://es-graphql-1q5xcqmja6dvh4ctc4t9.zeepki.st/
[Info   :Zeepkist GTR] 19:40:29 Sending HTTP request "POST" https://es-graphql-1q5xcqmja6dvh4ctc4t9.zeepki.st/
[Info   :Zeepkist GTR] 19:40:29 Stopping existing recorder if any
[Info   :Zeepkist GTR] 19:40:29 Creating new recorder
[Info   :Zeepkist GTR] 19:40:29 Received HTTP response headers after 65.1986ms - 200
[Info   :Zeepkist GTR] 19:40:29 End processing HTTP request after 65.418ms - 200
[Info   :Zeepkist GTR] 19:40:29 End processing HTTP request after 71.0556ms - 200
[Info   :Zeepkist GTR] 19:40:30 Received HTTP response headers after 226.8791ms - 200
[Info   :Zeepkist GTR] 19:40:30 End processing HTTP request after 227.1077ms - 200
[Info   :Zeepkist GTR] 19:40:30 End processing HTTP request after 227.9647ms - 200
[Info   :BetterSplits] no record set
[Info   :Zeepkist GTR] 19:40:31 Starting recorder
[Info   :   Console] Download started for AppId: 1440670, FileId: 3604090832, Result: OK
[Info   :Zeepkist Bingo] [BINGO] === PLAYER SPAWNED ===
[Info   :Zeepkist Bingo] [BINGO] IsInActiveSession: False
[Info   :Zeepkist Bingo] [BINGO] Not in active session, skipping timer reset
[Info   :Zeepkist GTR] 19:40:35 Loading personal best...
[Info   :Zeepkist GTR] 19:40:35 Start processing HTTP request "POST" https://es-graphql-1q5xcqmja6dvh4ctc4t9.zeepki.st/
[Info   :Zeepkist GTR] 19:40:35 Start processing HTTP request "POST" https://es-graphql-1q5xcqmja6dvh4ctc4t9.zeepki.st/
[Info   :Zeepkist GTR] 19:40:35 Sending HTTP request "POST" https://es-graphql-1q5xcqmja6dvh4ctc4t9.zeepki.st/
[Info   :Zeepkist GTR] 19:40:35 Stopping existing recorder if any
[Info   :Zeepkist GTR] 19:40:35 Creating new recorder
[Info   :Zeepkist GTR] 19:40:36 Received HTTP response headers after 69.5512ms - 200
[Info   :Zeepkist GTR] 19:40:36 End processing HTTP request after 69.8204ms - 200
[Info   :Zeepkist GTR] 19:40:36 End processing HTTP request after 72.115ms - 200
[Info   :Zeepkist GTR] 19:40:37 Starting recorder
[Info   :Zeepkist GTR] 19:41:03 Stopping recorder
[Info   :Zeepkist GTR] 19:41:03 Collecting extra information
[Info   :Zeepkist GTR] 19:41:03 Resolved workshop ID "3604090832" from lobby 3604090832 and level 0
[Info   :Zeepkist GTR] 19:41:03 Processing ghost data
[Info   :Zeepkist GTR] 19:41:03 Creating stream
[Info   :Zeepkist GTR] 19:41:03 Writing to stream
[Info   :Zeepkist GTR] 19:41:03 Converting to base64
[Info   :Zeepkist GTR] 19:41:03 Creating resource
[Info   :Zeepkist GTR] 19:41:03 Start processing HTTP request "POST" https://es-backend-5eu0pg2dcfyp6u2v33lz.zeepki.st/record/submit
[Info   :Zeepkist GTR] 19:41:03 Start processing HTTP request "POST" https://es-backend-5eu0pg2dcfyp6u2v33lz.zeepki.st/record/submit
[Info   :Zeepkist GTR] 19:41:03 Sending HTTP request "POST" https://es-backend-5eu0pg2dcfyp6u2v33lz.zeepki.st/record/submit
[Info   :Zeepkist GTR] 19:41:03 Received HTTP response headers after 184.4703ms - 200
[Info   :Zeepkist GTR] 19:41:03 End processing HTTP request after 184.7004ms - 200
[Info   :Zeepkist GTR] 19:41:03 End processing HTTP request after 187.135ms - 200
[Info   :Zeepkist GTR] 19:41:08 Start processing HTTP request "POST" https://es-graphql-1q5xcqmja6dvh4ctc4t9.zeepki.st/
[Info   :Zeepkist GTR] 19:41:08 Start processing HTTP request "POST" https://es-graphql-1q5xcqmja6dvh4ctc4t9.zeepki.st/
[Info   :Zeepkist GTR] 19:41:08 Sending HTTP request "POST" https://es-graphql-1q5xcqmja6dvh4ctc4t9.zeepki.st/
[Info   :Zeepkist GTR] 19:41:08 Received HTTP response headers after 62.5033ms - 200
[Info   :Zeepkist GTR] 19:41:08 End processing HTTP request after 62.794ms - 200
[Info   :Zeepkist GTR] 19:41:08 End processing HTTP request after 64.4002ms - 200
[Info   :Zeepkist Bingo] [BINGO] === PLAYER SPAWNED ===
[Info   :Zeepkist Bingo] [BINGO] IsInActiveSession: False
[Info   :Zeepkist Bingo] [BINGO] Not in active session, skipping timer reset
[Info   :Zeepkist GTR] 19:41:20 Loading personal best...
[Info   :Zeepkist GTR] 19:41:20 Start processing HTTP request "POST" https://es-graphql-1q5xcqmja6dvh4ctc4t9.zeepki.st/
[Info   :Zeepkist GTR] 19:41:20 Start processing HTTP request "POST" https://es-graphql-1q5xcqmja6dvh4ctc4t9.zeepki.st/
[Info   :Zeepkist GTR] 19:41:20 Sending HTTP request "POST" https://es-graphql-1q5xcqmja6dvh4ctc4t9.zeepki.st/
[Info   :Zeepkist GTR] 19:41:20 Stopping existing recorder if any
[Info   :Zeepkist GTR] 19:41:20 Creating new recorder
[Info   :Zeepkist GTR] 19:41:20 Received HTTP response headers after 60.1326ms - 200
[Info   :Zeepkist GTR] 19:41:20 End processing HTTP request after 60.3634ms - 200
[Info   :Zeepkist GTR] 19:41:20 End processing HTTP request after 63.0975ms - 200
[Info   :Zeepkist GTR] 19:41:20 Start processing HTTP request "GET" https://cdn.zeepki.st/ghosts/01M37NPKYYYC7PP9C9ABFDSHEZ.bin
[Info   :Zeepkist GTR] 19:41:20 Sending HTTP request "GET" https://cdn.zeepki.st/ghosts/01M37NPKYYYC7PP9C9ABFDSHEZ.bin
[Info   :Zeepkist GTR] 19:41:21 Received HTTP response headers after 813.1172ms - 200
[Info   :Zeepkist GTR] 19:41:21 End processing HTTP request after 813.384ms - 200
[Info   :Zeepkist GTR] 19:41:22 Starting recorder
[Info   :Zeepkist GTR] 19:41:43 Stopping recorder
[Info   :Zeepkist GTR] 19:41:43 Collecting extra information
[Info   :Zeepkist GTR] 19:41:43 Resolved workshop ID "3604090832" from lobby 3604090832 and level 0
[Info   :Zeepkist GTR] 19:41:43 Processing ghost data
[Info   :Zeepkist GTR] 19:41:43 Creating stream
[Info   :Zeepkist GTR] 19:41:43 Writing to stream
[Info   :Zeepkist GTR] 19:41:43 Converting to base64
[Info   :Zeepkist GTR] 19:41:43 Creating resource
[Info   :Zeepkist GTR] 19:41:43 Start processing HTTP request "POST" https://es-backend-5eu0pg2dcfyp6u2v33lz.zeepki.st/record/submit
[Info   :Zeepkist GTR] 19:41:43 Start processing HTTP request "POST" https://es-backend-5eu0pg2dcfyp6u2v33lz.zeepki.st/record/submit
[Info   :Zeepkist GTR] 19:41:43 Sending HTTP request "POST" https://es-backend-5eu0pg2dcfyp6u2v33lz.zeepki.st/record/submit
[Info   :Zeepkist GTR] 19:41:43 Received HTTP response headers after 482.3933ms - 200
[Info   :Zeepkist GTR] 19:41:43 End processing HTTP request after 482.6259ms - 200
[Info   :Zeepkist GTR] 19:41:43 End processing HTTP request after 485.6059ms - 200
[Info   :Zeepkist Bingo] [BINGO] === PLAYER SPAWNED ===
[Info   :Zeepkist Bingo] [BINGO] IsInActiveSession: False
[Info   :Zeepkist Bingo] [BINGO] Not in active session, skipping timer reset
[Info   :Zeepkist GTR] 19:41:44 Loading personal best...
[Info   :Zeepkist GTR] 19:41:44 Start processing HTTP request "POST" https://es-graphql-1q5xcqmja6dvh4ctc4t9.zeepki.st/
[Info   :Zeepkist GTR] 19:41:44 Start processing HTTP request "POST" https://es-graphql-1q5xcqmja6dvh4ctc4t9.zeepki.st/
[Info   :Zeepkist GTR] 19:41:44 Sending HTTP request "POST" https://es-graphql-1q5xcqmja6dvh4ctc4t9.zeepki.st/
[Info   :Zeepkist GTR] 19:41:44 Stopping existing recorder if any
[Info   :Zeepkist GTR] 19:41:44 Creating new recorder
[Info   :Zeepkist GTR] 19:41:45 Received HTTP response headers after 227.8851ms - 200
[Info   :Zeepkist GTR] 19:41:45 End processing HTTP request after 228.109ms - 200
[Info   :Zeepkist GTR] 19:41:45 End processing HTTP request after 229.8997ms - 200
[Info   :Zeepkist GTR] 19:41:45 Start processing HTTP request "GET" https://cdn.zeepki.st/ghosts/01M37NQV9JMV5YKK8YMWQET5NY.bin
[Info   :Zeepkist GTR] 19:41:45 Sending HTTP request "GET" https://cdn.zeepki.st/ghosts/01M37NQV9JMV5YKK8YMWQET5NY.bin
[Info   :Zeepkist GTR] 19:41:45 Received HTTP response headers after 672.1734ms - 200
[Info   :Zeepkist GTR] 19:41:45 End processing HTTP request after 672.4479ms - 200
[Info   :Zeepkist GTR] 19:41:46 Starting recorder
[Info   :Zeepkist GTR] 19:41:48 Start processing HTTP request "POST" https://es-graphql-1q5xcqmja6dvh4ctc4t9.zeepki.st/
[Info   :Zeepkist GTR] 19:41:48 Start processing HTTP request "POST" https://es-graphql-1q5xcqmja6dvh4ctc4t9.zeepki.st/
[Info   :Zeepkist GTR] 19:41:48 Sending HTTP request "POST" https://es-graphql-1q5xcqmja6dvh4ctc4t9.zeepki.st/
[Info   :Zeepkist GTR] 19:41:48 Received HTTP response headers after 60.0009ms - 200
[Info   :Zeepkist GTR] 19:41:48 End processing HTTP request after 60.2364ms - 200
[Info   :Zeepkist GTR] 19:41:48 End processing HTTP request after 64.8705ms - 200
[Info   :Zeepkist Bingo] [BINGO] === PLAYER SPAWNED ===
[Info   :Zeepkist Bingo] [BINGO] IsInActiveSession: False
[Info   :Zeepkist Bingo] [BINGO] Not in active session, skipping timer reset
[Info   :Zeepkist GTR] 19:41:54 Loading personal best...
[Info   :Zeepkist GTR] 19:41:54 Start processing HTTP request "POST" https://es-graphql-1q5xcqmja6dvh4ctc4t9.zeepki.st/
[Info   :Zeepkist GTR] 19:41:54 Start processing HTTP request "POST" https://es-graphql-1q5xcqmja6dvh4ctc4t9.zeepki.st/
[Info   :Zeepkist GTR] 19:41:54 Sending HTTP request "POST" https://es-graphql-1q5xcqmja6dvh4ctc4t9.zeepki.st/
[Info   :Zeepkist GTR] 19:41:54 Stopping existing recorder if any
[Info   :Zeepkist GTR] 19:41:54 Creating new recorder
[Info   :Zeepkist GTR] 19:41:55 Received HTTP response headers after 810.7794ms - 200
[Info   :Zeepkist GTR] 19:41:55 End processing HTTP request after 810.9957ms - 200
[Info   :Zeepkist GTR] 19:41:55 End processing HTTP request after 817.9656ms - 200
[Info   :Zeepkist GTR] 19:41:56 Starting recorder
[Info   :Zeepkist Bingo] [BINGO] === PLAYER SPAWNED ===
[Info   :Zeepkist Bingo] [BINGO] IsInActiveSession: False
[Info   :Zeepkist Bingo] [BINGO] Not in active session, skipping timer reset
[Info   :Zeepkist GTR] 19:41:58 Loading personal best...
[Info   :Zeepkist GTR] 19:41:58 Start processing HTTP request "POST" https://es-graphql-1q5xcqmja6dvh4ctc4t9.zeepki.st/
[Info   :Zeepkist GTR] 19:41:58 Start processing HTTP request "POST" https://es-graphql-1q5xcqmja6dvh4ctc4t9.zeepki.st/
[Info   :Zeepkist GTR] 19:41:58 Sending HTTP request "POST" https://es-graphql-1q5xcqmja6dvh4ctc4t9.zeepki.st/
[Info   :Zeepkist GTR] 19:41:58 Stopping existing recorder if any
[Info   :Zeepkist GTR] 19:41:58 Creating new recorder
[Info   :Zeepkist GTR] 19:41:58 Received HTTP response headers after 65.8977ms - 200
[Info   :Zeepkist GTR] 19:41:58 End processing HTTP request after 66.1259ms - 200
[Info   :Zeepkist GTR] 19:41:58 End processing HTTP request after 68.4462ms - 200
[Info   :Zeepkist GTR] 19:42:00 Starting recorder
[Info   :Zeepkist Bingo] [BINGO] === PLAYER SPAWNED ===
[Info   :Zeepkist Bingo] [BINGO] IsInActiveSession: False
[Info   :Zeepkist Bingo] [BINGO] Not in active session, skipping timer reset
[Info   :Zeepkist GTR] 19:42:02 Loading personal best...
[Info   :Zeepkist GTR] 19:42:02 Start processing HTTP request "POST" https://es-graphql-1q5xcqmja6dvh4ctc4t9.zeepki.st/
[Info   :Zeepkist GTR] 19:42:02 Start processing HTTP request "POST" https://es-graphql-1q5xcqmja6dvh4ctc4t9.zeepki.st/
[Info   :Zeepkist GTR] 19:42:02 Sending HTTP request "POST" https://es-graphql-1q5xcqmja6dvh4ctc4t9.zeepki.st/
[Info   :Zeepkist GTR] 19:42:02 Stopping existing recorder if any
[Info   :Zeepkist GTR] 19:42:02 Creating new recorder
[Info   :Zeepkist GTR] 19:42:02 Received HTTP response headers after 60.4397ms - 200
[Info   :Zeepkist GTR] 19:42:02 End processing HTTP request after 60.6592ms - 200
[Info   :Zeepkist GTR] 19:42:02 End processing HTTP request after 68.4465ms - 200
[Info   :Zeepkist GTR] 19:42:04 Starting recorder
[Info   :Zeepkist Bingo] [BINGO] === PLAYER SPAWNED ===
[Info   :Zeepkist Bingo] [BINGO] IsInActiveSession: False
[Info   :Zeepkist Bingo] [BINGO] Not in active session, skipping timer reset
[Info   :Zeepkist GTR] 19:42:12 Loading personal best...
[Info   :Zeepkist GTR] 19:42:12 Start processing HTTP request "POST" https://es-graphql-1q5xcqmja6dvh4ctc4t9.zeepki.st/
[Info   :Zeepkist GTR] 19:42:12 Start processing HTTP request "POST" https://es-graphql-1q5xcqmja6dvh4ctc4t9.zeepki.st/
[Info   :Zeepkist GTR] 19:42:12 Sending HTTP request "POST" https://es-graphql-1q5xcqmja6dvh4ctc4t9.zeepki.st/
[Info   :Zeepkist GTR] 19:42:12 Stopping existing recorder if any
[Info   :Zeepkist GTR] 19:42:12 Creating new recorder
[Info   :Zeepkist GTR] 19:42:12 Received HTTP response headers after 80.4615ms - 200
[Info   :Zeepkist GTR] 19:42:12 End processing HTTP request after 80.674ms - 200
[Info   :Zeepkist GTR] 19:42:12 End processing HTTP request after 81.7518ms - 200
[Info   :Zeepkist GTR] 19:42:14 Starting recorder
[Info   :Zeepkist Bingo] [BINGO] === PLAYER SPAWNED ===
[Info   :Zeepkist Bingo] [BINGO] IsInActiveSession: False
[Info   :Zeepkist Bingo] [BINGO] Not in active session, skipping timer reset
[Info   :Zeepkist GTR] 19:42:17 Loading personal best...
[Info   :Zeepkist GTR] 19:42:17 Start processing HTTP request "POST" https://es-graphql-1q5xcqmja6dvh4ctc4t9.zeepki.st/
[Info   :Zeepkist GTR] 19:42:17 Start processing HTTP request "POST" https://es-graphql-1q5xcqmja6dvh4ctc4t9.zeepki.st/
[Info   :Zeepkist GTR] 19:42:17 Sending HTTP request "POST" https://es-graphql-1q5xcqmja6dvh4ctc4t9.zeepki.st/
[Info   :Zeepkist GTR] 19:42:17 Stopping existing recorder if any
[Info   :Zeepkist GTR] 19:42:17 Creating new recorder
[Info   :Zeepkist GTR] 19:42:17 Received HTTP response headers after 59.7213ms - 200
[Info   :Zeepkist GTR] 19:42:17 End processing HTTP request after 59.9333ms - 200
[Info   :Zeepkist GTR] 19:42:17 End processing HTTP request after 60.6068ms - 200
[Info   :Zeepkist GTR] 19:42:18 Starting recorder
[Info   :Zeepkist Bingo] [BINGO] === PLAYER SPAWNED ===
[Info   :Zeepkist Bingo] [BINGO] IsInActiveSession: False
[Info   :Zeepkist Bingo] [BINGO] Not in active session, skipping timer reset
[Info   :Zeepkist GTR] 19:42:20 Loading personal best...
[Info   :Zeepkist GTR] 19:42:20 Start processing HTTP request "POST" https://es-graphql-1q5xcqmja6dvh4ctc4t9.zeepki.st/
[Info   :Zeepkist GTR] 19:42:20 Start processing HTTP request "POST" https://es-graphql-1q5xcqmja6dvh4ctc4t9.zeepki.st/
[Info   :Zeepkist GTR] 19:42:20 Sending HTTP request "POST" https://es-graphql-1q5xcqmja6dvh4ctc4t9.zeepki.st/
[Info   :Zeepkist GTR] 19:42:20 Stopping existing recorder if any
[Info   :Zeepkist GTR] 19:42:20 Creating new recorder
[Info   :Zeepkist GTR] 19:42:20 Received HTTP response headers after 67.1541ms - 200
[Info   :Zeepkist GTR] 19:42:20 End processing HTTP request after 67.3588ms - 200
[Info   :Zeepkist GTR] 19:42:20 End processing HTTP request after 68.3639ms - 200
[Info   :Zeepkist GTR] 19:42:21 Starting recorder
[Info   :Zeepkist GTR] 19:42:43 Stopping recorder
[Info   :Zeepkist GTR] 19:42:43 Collecting extra information
[Info   :Zeepkist GTR] 19:42:43 Resolved workshop ID "3604090832" from lobby 3604090832 and level 0
[Info   :Zeepkist GTR] 19:42:43 Processing ghost data
[Info   :Zeepkist GTR] 19:42:43 Creating stream
[Info   :Zeepkist GTR] 19:42:43 Writing to stream
[Info   :Zeepkist GTR] 19:42:43 Converting to base64
[Info   :Zeepkist GTR] 19:42:43 Creating resource
[Info   :Zeepkist GTR] 19:42:43 Start processing HTTP request "POST" https://es-backend-5eu0pg2dcfyp6u2v33lz.zeepki.st/record/submit
[Info   :Zeepkist GTR] 19:42:43 Start processing HTTP request "POST" https://es-backend-5eu0pg2dcfyp6u2v33lz.zeepki.st/record/submit
[Info   :Zeepkist GTR] 19:42:43 Sending HTTP request "POST" https://es-backend-5eu0pg2dcfyp6u2v33lz.zeepki.st/record/submit
[Info   :Zeepkist GTR] 19:42:43 Received HTTP response headers after 163.3087ms - 200
[Info   :Zeepkist GTR] 19:42:43 End processing HTTP request after 163.6068ms - 200
[Info   :Zeepkist GTR] 19:42:43 End processing HTTP request after 166.3342ms - 200
[Info   :Zeepkist Bingo] [BINGO] === PLAYER SPAWNED ===
[Info   :Zeepkist Bingo] [BINGO] IsInActiveSession: False
[Info   :Zeepkist Bingo] [BINGO] Not in active session, skipping timer reset
[Info   :Zeepkist GTR] 19:42:44 Loading personal best...
[Info   :Zeepkist GTR] 19:42:44 Start processing HTTP request "POST" https://es-graphql-1q5xcqmja6dvh4ctc4t9.zeepki.st/
[Info   :Zeepkist GTR] 19:42:44 Start processing HTTP request "POST" https://es-graphql-1q5xcqmja6dvh4ctc4t9.zeepki.st/
[Info   :Zeepkist GTR] 19:42:44 Sending HTTP request "POST" https://es-graphql-1q5xcqmja6dvh4ctc4t9.zeepki.st/
[Info   :Zeepkist GTR] 19:42:44 Stopping existing recorder if any
[Info   :Zeepkist GTR] 19:42:44 Creating new recorder
[Info   :Zeepkist GTR] 19:42:44 Received HTTP response headers after 65.5254ms - 200
[Info   :Zeepkist GTR] 19:42:44 End processing HTTP request after 65.7505ms - 200
[Info   :Zeepkist GTR] 19:42:44 End processing HTTP request after 67.8252ms - 200
[Info   :Zeepkist GTR] 19:42:46 Starting recorder
[Info   :Zeepkist Bingo] [BINGO] === PLAYER SPAWNED ===
[Info   :Zeepkist Bingo] [BINGO] IsInActiveSession: False
[Info   :Zeepkist Bingo] [BINGO] Not in active session, skipping timer reset
[Info   :Zeepkist GTR] 19:42:48 Loading personal best...
[Info   :Zeepkist GTR] 19:42:48 Start processing HTTP request "POST" https://es-graphql-1q5xcqmja6dvh4ctc4t9.zeepki.st/
[Info   :Zeepkist GTR] 19:42:48 Start processing HTTP request "POST" https://es-graphql-1q5xcqmja6dvh4ctc4t9.zeepki.st/
[Info   :Zeepkist GTR] 19:42:48 Sending HTTP request "POST" https://es-graphql-1q5xcqmja6dvh4ctc4t9.zeepki.st/
[Info   :Zeepkist GTR] 19:42:48 Stopping existing recorder if any
[Info   :Zeepkist GTR] 19:42:48 Creating new recorder
[Info   :Zeepkist GTR] 19:42:48 Received HTTP response headers after 71.1408ms - 200
[Info   :Zeepkist GTR] 19:42:48 End processing HTTP request after 71.3601ms - 200
[Info   :Zeepkist GTR] 19:42:48 End processing HTTP request after 74.8301ms - 200
[Info   :Zeepkist GTR] 19:42:49 Starting recorder
[Info   :Zeepkist GTR] 19:43:10 Stopping recorder
[Info   :Zeepkist GTR] 19:43:10 Collecting extra information
[Info   :Zeepkist GTR] 19:43:10 Resolved workshop ID "3604090832" from lobby 3604090832 and level 0
[Info   :Zeepkist GTR] 19:43:10 Processing ghost data
[Info   :Zeepkist GTR] 19:43:10 Creating stream
[Info   :Zeepkist GTR] 19:43:10 Writing to stream
[Info   :Zeepkist GTR] 19:43:10 Converting to base64
[Info   :Zeepkist GTR] 19:43:10 Creating resource
[Info   :Zeepkist GTR] 19:43:10 Start processing HTTP request "POST" https://es-backend-5eu0pg2dcfyp6u2v33lz.zeepki.st/record/submit
[Info   :Zeepkist GTR] 19:43:10 Start processing HTTP request "POST" https://es-backend-5eu0pg2dcfyp6u2v33lz.zeepki.st/record/submit
[Info   :Zeepkist GTR] 19:43:10 Sending HTTP request "POST" https://es-backend-5eu0pg2dcfyp6u2v33lz.zeepki.st/record/submit
[Info   :Zeepkist GTR] 19:43:10 Received HTTP response headers after 145.3434ms - 200
[Info   :Zeepkist GTR] 19:43:10 End processing HTTP request after 145.5726ms - 200
[Info   :Zeepkist GTR] 19:43:10 End processing HTTP request after 151.4478ms - 200
[Info   :Zeepkist Bingo] [BINGO] === PLAYER SPAWNED ===
[Info   :Zeepkist Bingo] [BINGO] IsInActiveSession: False
[Info   :Zeepkist Bingo] [BINGO] Not in active session, skipping timer reset
[Info   :Zeepkist GTR] 19:43:13 Loading personal best...
[Info   :Zeepkist GTR] 19:43:13 Start processing HTTP request "POST" https://es-graphql-1q5xcqmja6dvh4ctc4t9.zeepki.st/
[Info   :Zeepkist GTR] 19:43:13 Start processing HTTP request "POST" https://es-graphql-1q5xcqmja6dvh4ctc4t9.zeepki.st/
[Info   :Zeepkist GTR] 19:43:13 Sending HTTP request "POST" https://es-graphql-1q5xcqmja6dvh4ctc4t9.zeepki.st/
[Info   :Zeepkist GTR] 19:43:13 Stopping existing recorder if any
[Info   :Zeepkist GTR] 19:43:13 Creating new recorder
[Info   :Zeepkist GTR] 19:43:13 Received HTTP response headers after 76.2635ms - 200
[Info   :Zeepkist GTR] 19:43:13 End processing HTTP request after 76.4946ms - 200
[Info   :Zeepkist GTR] 19:43:13 End processing HTTP request after 79.2069ms - 200
[Info   :Zeepkist GTR] 19:43:13 Start processing HTTP request "GET" https://cdn.zeepki.st/ghosts/01M37NTFRATZS8PK6HZX9Z23PC.bin
[Info   :Zeepkist GTR] 19:43:13 Sending HTTP request "GET" https://cdn.zeepki.st/ghosts/01M37NTFRATZS8PK6HZX9Z23PC.bin
[Info   :Zeepkist GTR] 19:43:14 Received HTTP response headers after 708.9224ms - 200
[Info   :Zeepkist GTR] 19:43:14 End processing HTTP request after 709.1831ms - 200
[Info   :Zeepkist GTR] 19:43:14 Start processing HTTP request "POST" https://es-graphql-1q5xcqmja6dvh4ctc4t9.zeepki.st/
[Info   :Zeepkist GTR] 19:43:14 Start processing HTTP request "POST" https://es-graphql-1q5xcqmja6dvh4ctc4t9.zeepki.st/
[Info   :Zeepkist GTR] 19:43:14 Sending HTTP request "POST" https://es-graphql-1q5xcqmja6dvh4ctc4t9.zeepki.st/
[Info   :Zeepkist GTR] 19:43:14 Received HTTP response headers after 54.8619ms - 200
[Info   :Zeepkist GTR] 19:43:14 End processing HTTP request after 55.0776ms - 200
[Info   :Zeepkist GTR] 19:43:14 End processing HTTP request after 56.1926ms - 200
[Info   :Zeepkist GTR] 19:43:14 Starting recorder
[Info   :Zeepkist Bingo] [BINGO] === PLAYER SPAWNED ===
[Info   :Zeepkist Bingo] [BINGO] IsInActiveSession: False
[Info   :Zeepkist Bingo] [BINGO] Not in active session, skipping timer reset
[Info   :Zeepkist GTR] 19:43:17 Loading personal best...
[Info   :Zeepkist GTR] 19:43:17 Start processing HTTP request "POST" https://es-graphql-1q5xcqmja6dvh4ctc4t9.zeepki.st/
[Info   :Zeepkist GTR] 19:43:17 Start processing HTTP request "POST" https://es-graphql-1q5xcqmja6dvh4ctc4t9.zeepki.st/
[Info   :Zeepkist GTR] 19:43:17 Sending HTTP request "POST" https://es-graphql-1q5xcqmja6dvh4ctc4t9.zeepki.st/
[Info   :Zeepkist GTR] 19:43:17 Stopping existing recorder if any
[Info   :Zeepkist GTR] 19:43:17 Creating new recorder
[Info   :Zeepkist GTR] 19:43:17 Received HTTP response headers after 70.4359ms - 200
[Info   :Zeepkist GTR] 19:43:17 End processing HTTP request after 70.6624ms - 200
[Info   :Zeepkist GTR] 19:43:17 End processing HTTP request after 74.1484ms - 200
[Info   :Zeepkist GTR] 19:43:18 Starting recorder
[Info   :Zeepkist Bingo] [BINGO] === PLAYER SPAWNED ===
[Info   :Zeepkist Bingo] [BINGO] IsInActiveSession: False
[Info   :Zeepkist Bingo] [BINGO] Not in active session, skipping timer reset
[Info   :Zeepkist GTR] 19:43:21 Loading personal best...
[Info   :Zeepkist GTR] 19:43:21 Start processing HTTP request "POST" https://es-graphql-1q5xcqmja6dvh4ctc4t9.zeepki.st/
[Info   :Zeepkist GTR] 19:43:21 Start processing HTTP request "POST" https://es-graphql-1q5xcqmja6dvh4ctc4t9.zeepki.st/
[Info   :Zeepkist GTR] 19:43:21 Sending HTTP request "POST" https://es-graphql-1q5xcqmja6dvh4ctc4t9.zeepki.st/
[Info   :Zeepkist GTR] 19:43:21 Stopping existing recorder if any
[Info   :Zeepkist GTR] 19:43:21 Creating new recorder
[Info   :Zeepkist GTR] 19:43:21 Received HTTP response headers after 57.8052ms - 200
[Info   :Zeepkist GTR] 19:43:21 End processing HTTP request after 58.0282ms - 200
[Info   :Zeepkist GTR] 19:43:21 End processing HTTP request after 60.1808ms - 200
[Info   :Zeepkist GTR] 19:43:23 Starting recorder
[Info   :Zeepkist GTR] 19:43:43 Stopping recorder
[Info   :Zeepkist GTR] 19:43:43 Collecting extra information
[Info   :Zeepkist GTR] 19:43:43 Resolved workshop ID "3604090832" from lobby 3604090832 and level 0
[Info   :Zeepkist GTR] 19:43:43 Processing ghost data
[Info   :Zeepkist GTR] 19:43:43 Creating stream
[Info   :Zeepkist GTR] 19:43:43 Writing to stream
[Info   :Zeepkist GTR] 19:43:43 Converting to base64
[Info   :Zeepkist GTR] 19:43:43 Creating resource
[Info   :Zeepkist GTR] 19:43:43 Start processing HTTP request "POST" https://es-backend-5eu0pg2dcfyp6u2v33lz.zeepki.st/record/submit
[Info   :Zeepkist GTR] 19:43:43 Start processing HTTP request "POST" https://es-backend-5eu0pg2dcfyp6u2v33lz.zeepki.st/record/submit
[Info   :Zeepkist GTR] 19:43:43 Sending HTTP request "POST" https://es-backend-5eu0pg2dcfyp6u2v33lz.zeepki.st/record/submit
[Info   :Zeepkist GTR] 19:43:44 Received HTTP response headers after 570.4171ms - 200
[Info   :Zeepkist GTR] 19:43:44 End processing HTTP request after 570.6379ms - 200
[Info   :Zeepkist GTR] 19:43:44 End processing HTTP request after 574.9443ms - 200
[Info   :Zeepkist Bingo] [BINGO] === PLAYER SPAWNED ===
[Info   :Zeepkist Bingo] [BINGO] IsInActiveSession: False
[Info   :Zeepkist Bingo] [BINGO] Not in active session, skipping timer reset
[Info   :Zeepkist GTR] 19:43:44 Loading personal best...
[Info   :Zeepkist GTR] 19:43:44 Start processing HTTP request "POST" https://es-graphql-1q5xcqmja6dvh4ctc4t9.zeepki.st/
[Info   :Zeepkist GTR] 19:43:44 Start processing HTTP request "POST" https://es-graphql-1q5xcqmja6dvh4ctc4t9.zeepki.st/
[Info   :Zeepkist GTR] 19:43:44 Sending HTTP request "POST" https://es-graphql-1q5xcqmja6dvh4ctc4t9.zeepki.st/
[Info   :Zeepkist GTR] 19:43:44 Stopping existing recorder if any
[Info   :Zeepkist GTR] 19:43:44 Creating new recorder
[Info   :Zeepkist GTR] 19:43:45 Received HTTP response headers after 291.8841ms - 200
[Info   :Zeepkist GTR] 19:43:45 End processing HTTP request after 292.1083ms - 200
[Info   :Zeepkist GTR] 19:43:45 End processing HTTP request after 295.2254ms - 200
[Info   :Zeepkist GTR] 19:43:46 Starting recorder
[Info   :Zeepkist GTR] 19:44:07 Stopping recorder
[Info   :Zeepkist GTR] 19:44:07 Collecting extra information
[Info   :Zeepkist GTR] 19:44:07 Resolved workshop ID "3604090832" from lobby 3604090832 and level 0
[Info   :Zeepkist GTR] 19:44:07 Processing ghost data
[Info   :Zeepkist GTR] 19:44:07 Creating stream
[Info   :Zeepkist GTR] 19:44:07 Writing to stream
[Info   :Zeepkist GTR] 19:44:07 Converting to base64
[Info   :Zeepkist GTR] 19:44:07 Creating resource
[Info   :Zeepkist GTR] 19:44:07 Start processing HTTP request "POST" https://es-backend-5eu0pg2dcfyp6u2v33lz.zeepki.st/record/submit
[Info   :Zeepkist GTR] 19:44:07 Start processing HTTP request "POST" https://es-backend-5eu0pg2dcfyp6u2v33lz.zeepki.st/record/submit
[Info   :Zeepkist GTR] 19:44:07 Sending HTTP request "POST" https://es-backend-5eu0pg2dcfyp6u2v33lz.zeepki.st/record/submit
[Info   :Zeepkist GTR] 19:44:07 Received HTTP response headers after 137.3144ms - 200
[Info   :Zeepkist GTR] 19:44:07 End processing HTTP request after 137.5624ms - 200
[Info   :Zeepkist GTR] 19:44:07 End processing HTTP request after 139.2877ms - 200
[Info   :Zeepkist Bingo] [BINGO] === PLAYER SPAWNED ===
[Info   :Zeepkist Bingo] [BINGO] IsInActiveSession: False
[Info   :Zeepkist Bingo] [BINGO] Not in active session, skipping timer reset
[Info   :Zeepkist GTR] 19:44:08 Loading personal best...
[Info   :Zeepkist GTR] 19:44:08 Start processing HTTP request "POST" https://es-graphql-1q5xcqmja6dvh4ctc4t9.zeepki.st/
[Info   :Zeepkist GTR] 19:44:08 Start processing HTTP request "POST" https://es-graphql-1q5xcqmja6dvh4ctc4t9.zeepki.st/
[Info   :Zeepkist GTR] 19:44:08 Sending HTTP request "POST" https://es-graphql-1q5xcqmja6dvh4ctc4t9.zeepki.st/
[Info   :Zeepkist GTR] 19:44:08 Stopping existing recorder if any
[Info   :Zeepkist GTR] 19:44:08 Creating new recorder
[Info   :Zeepkist GTR] 19:44:08 Received HTTP response headers after 64.8511ms - 200
[Info   :Zeepkist GTR] 19:44:08 End processing HTTP request after 65.0659ms - 200
[Info   :Zeepkist GTR] 19:44:08 End processing HTTP request after 71.3604ms - 200
[Info   :Zeepkist GTR] 19:44:08 Start processing HTTP request "GET" https://cdn.zeepki.st/ghosts/01M37NW78RMXPDGNGWKAJT8RCM.bin
[Info   :Zeepkist GTR] 19:44:08 Sending HTTP request "GET" https://cdn.zeepki.st/ghosts/01M37NW78RMXPDGNGWKAJT8RCM.bin
[Info   :Zeepkist GTR] 19:44:09 Received HTTP response headers after 755.1209ms - 200
[Info   :Zeepkist GTR] 19:44:09 End processing HTTP request after 755.3962ms - 200
[Info   :Zeepkist GTR] 19:44:10 Starting recorder
[Info   :Zeepkist GTR] 19:44:10 Start processing HTTP request "POST" https://es-graphql-1q5xcqmja6dvh4ctc4t9.zeepki.st/
[Info   :Zeepkist GTR] 19:44:10 Start processing HTTP request "POST" https://es-graphql-1q5xcqmja6dvh4ctc4t9.zeepki.st/
[Info   :Zeepkist GTR] 19:44:10 Sending HTTP request "POST" https://es-graphql-1q5xcqmja6dvh4ctc4t9.zeepki.st/
[Info   :Zeepkist GTR] 19:44:10 Received HTTP response headers after 53.1971ms - 200
[Info   :Zeepkist GTR] 19:44:10 End processing HTTP request after 53.4214ms - 200
[Info   :Zeepkist GTR] 19:44:10 End processing HTTP request after 57.1416ms - 200
[Info   :Zeepkist Bingo] [BINGO] === PLAYER SPAWNED ===
[Info   :Zeepkist Bingo] [BINGO] IsInActiveSession: False
[Info   :Zeepkist Bingo] [BINGO] Not in active session, skipping timer reset
[Info   :Zeepkist GTR] 19:44:12 Loading personal best...
[Info   :Zeepkist GTR] 19:44:12 Start processing HTTP request "POST" https://es-graphql-1q5xcqmja6dvh4ctc4t9.zeepki.st/
[Info   :Zeepkist GTR] 19:44:12 Start processing HTTP request "POST" https://es-graphql-1q5xcqmja6dvh4ctc4t9.zeepki.st/
[Info   :Zeepkist GTR] 19:44:12 Sending HTTP request "POST" https://es-graphql-1q5xcqmja6dvh4ctc4t9.zeepki.st/
[Info   :Zeepkist GTR] 19:44:12 Stopping existing recorder if any
[Info   :Zeepkist GTR] 19:44:12 Creating new recorder
[Info   :Zeepkist GTR] 19:44:12 Received HTTP response headers after 58.8295ms - 200
[Info   :Zeepkist GTR] 19:44:12 End processing HTTP request after 59.0472ms - 200
[Info   :Zeepkist GTR] 19:44:12 End processing HTTP request after 61.3023ms - 200
[Info   :Zeepkist GTR] 19:44:14 Starting recorder
[Info   :Zeepkist Bingo] [BINGO] === PLAYER SPAWNED ===
[Info   :Zeepkist Bingo] [BINGO] IsInActiveSession: False
[Info   :Zeepkist Bingo] [BINGO] Not in active session, skipping timer reset
[Info   :Zeepkist GTR] 19:44:17 Loading personal best...
[Info   :Zeepkist GTR] 19:44:17 Start processing HTTP request "POST" https://es-graphql-1q5xcqmja6dvh4ctc4t9.zeepki.st/
[Info   :Zeepkist GTR] 19:44:17 Start processing HTTP request "POST" https://es-graphql-1q5xcqmja6dvh4ctc4t9.zeepki.st/
[Info   :Zeepkist GTR] 19:44:17 Sending HTTP request "POST" https://es-graphql-1q5xcqmja6dvh4ctc4t9.zeepki.st/
[Info   :Zeepkist GTR] 19:44:17 Stopping existing recorder if any
[Info   :Zeepkist GTR] 19:44:17 Creating new recorder
[Info   :Zeepkist GTR] 19:44:17 Received HTTP response headers after 73.2445ms - 200
[Info   :Zeepkist GTR] 19:44:17 End processing HTTP request after 73.4561ms - 200
[Info   :Zeepkist GTR] 19:44:17 End processing HTTP request after 74.1262ms - 200
[Info   :Zeepkist GTR] 19:44:19 Starting recorder
[Info   :Zeepkist Bingo] [BINGO] === PLAYER SPAWNED ===
[Info   :Zeepkist Bingo] [BINGO] IsInActiveSession: False
[Info   :Zeepkist Bingo] [BINGO] Not in active session, skipping timer reset
[Info   :Zeepkist GTR] 19:44:21 Loading personal best...
[Info   :Zeepkist GTR] 19:44:21 Start processing HTTP request "POST" https://es-graphql-1q5xcqmja6dvh4ctc4t9.zeepki.st/
[Info   :Zeepkist GTR] 19:44:21 Start processing HTTP request "POST" https://es-graphql-1q5xcqmja6dvh4ctc4t9.zeepki.st/
[Info   :Zeepkist GTR] 19:44:21 Sending HTTP request "POST" https://es-graphql-1q5xcqmja6dvh4ctc4t9.zeepki.st/
[Info   :Zeepkist GTR] 19:44:21 Stopping existing recorder if any
[Info   :Zeepkist GTR] 19:44:21 Creating new recorder
[Info   :Zeepkist GTR] 19:44:21 Received HTTP response headers after 60.183ms - 200
[Info   :Zeepkist GTR] 19:44:21 End processing HTTP request after 60.3948ms - 200
[Info   :Zeepkist GTR] 19:44:21 End processing HTTP request after 60.8775ms - 200
[Info   :Zeepkist GTR] 19:44:22 Starting recorder
[Info   :Zeepkist Bingo] [BINGO] === PLAYER SPAWNED ===
[Info   :Zeepkist Bingo] [BINGO] IsInActiveSession: False
[Info   :Zeepkist Bingo] [BINGO] Not in active session, skipping timer reset
[Info   :Zeepkist GTR] 19:44:26 Loading personal best...
[Info   :Zeepkist GTR] 19:44:26 Start processing HTTP request "POST" https://es-graphql-1q5xcqmja6dvh4ctc4t9.zeepki.st/
[Info   :Zeepkist GTR] 19:44:26 Start processing HTTP request "POST" https://es-graphql-1q5xcqmja6dvh4ctc4t9.zeepki.st/
[Info   :Zeepkist GTR] 19:44:26 Sending HTTP request "POST" https://es-graphql-1q5xcqmja6dvh4ctc4t9.zeepki.st/
[Info   :Zeepkist GTR] 19:44:26 Stopping existing recorder if any
[Info   :Zeepkist GTR] 19:44:26 Creating new recorder
[Info   :Zeepkist GTR] 19:44:26 Received HTTP response headers after 65.6407ms - 200
[Info   :Zeepkist GTR] 19:44:26 End processing HTTP request after 65.8593ms - 200
[Info   :Zeepkist GTR] 19:44:26 End processing HTTP request after 67.789ms - 200
[Info   :Zeepkist GTR] 19:44:28 Starting recorder
[Info   :RoundLeaderboardTab] Drawing leaderboard -> forwarding to Instance.DrawTabLeaderboard()
[Info   :ChampionshipLeaderboardTab] Drawing leaderboard -> forwarding to Instance.DrawTabLeaderboard()
[Info   :ChampionshipLeaderboardTab] Drawing leaderboard -> forwarding to Instance.DrawTabLeaderboard()
[Warning:OnlineLeaderboardTab] GTR leaderboard subscription failed: System.OperationCanceledException: The operation was canceled.
  at System.Threading.Channels.AsyncOperation`1[TResult].GetResult (System.Int16 token) [0x00053] in <f4f5f2aafdc0427494a7ef43d0100ed5>:0 
  at StrawberryShake.Transport.WebSockets.SocketOperation+MessageStream+<GetAsyncEnumerator>d__3.MoveNext () [0x000e4] in <b27e0001a2144356900c2ddd47f51981>:0 
  at System.Threading.Tasks.Sources.ManualResetValueTaskSourceCore`1[TResult].GetResult (System.Int16 token) [0x0001f] in <7b69b526073240d78fc73ce5db967a72>:0 
  at StrawberryShake.Transport.WebSockets.SocketOperation+MessageStream+<GetAsyncEnumerator>d__3.System.Threading.Tasks.Sources.IValueTaskSource<System.Boolean>.GetResult (System.Int16 token) [0x00000] in <b27e0001a2144356900c2ddd47f51981>:0 
  at StrawberryShake.Transport.WebSockets.WebSocketConnection+ResponseStream+<GetAsyncEnumerator>d__3.MoveNext () [0x00415] in <b27e0001a2144356900c2ddd47f51981>:0 
  at StrawberryShake.Transport.WebSockets.WebSocketConnection+ResponseStream+<GetAsyncEnumerator>d__3.MoveNext () [0x004c1] in <b27e0001a2144356900c2ddd47f51981>:0 
  at StrawberryShake.Transport.WebSockets.WebSocketConnection+ResponseStream+<GetAsyncEnumerator>d__3.MoveNext () [0x00595] in <b27e0001a2144356900c2ddd47f51981>:0 
  at StrawberryShake.Transport.WebSockets.WebSocketConnection+ResponseStream+<GetAsyncEnumerator>d__3.MoveNext () [0x00665] in <b27e0001a2144356900c2ddd47f51981>:0 
  at System.Threading.Tasks.Sources.ManualResetValueTaskSourceCore`1[TResult].GetResult (System.Int16 token) [0x0001f] in <7b69b526073240d78fc73ce5db967a72>:0 
  at StrawberryShake.Transport.WebSockets.WebSocketConnection+ResponseStream+<GetAsyncEnumerator>d__3.System.Threading.Tasks.Sources.IValueTaskSource<System.Boolean>.GetResult (System.Int16 token) [0x00000] in <b27e0001a2144356900c2ddd47f51981>:0 
  at StrawberryShake.OperationExecutor`2+OperationExecutorObservable[TData,TResult].ExecuteAsync (System.IObserver`1[T] observer, StrawberryShake.ObserverSession session, StrawberryShake.IOperationResult`1[TResultData] lastEmittedResult) [0x001bd] in <477cd25efd574ed694e416a1db52b995>:0 
  at StrawberryShake.OperationExecutor`2+OperationExecutorObservable[TData,TResult].ExecuteAsync (System.IObserver`1[T] observer, StrawberryShake.ObserverSession session, StrawberryShake.IOperationResult`1[TResultData] lastEmittedResult) [0x0026e] in <477cd25efd574ed694e416a1db52b995>:0 
[Info   :Zeepkist Bingo] [BINGO] === PLAYER SPAWNED ===
[Info   :Zeepkist Bingo] [BINGO] IsInActiveSession: False
[Info   :Zeepkist Bingo] [BINGO] Not in active session, skipping timer reset
[Info   :Zeepkist GTR] 19:44:33 Loading personal best...
[Info   :Zeepkist GTR] 19:44:33 Start processing HTTP request "POST" https://es-graphql-1q5xcqmja6dvh4ctc4t9.zeepki.st/
[Info   :Zeepkist GTR] 19:44:33 Start processing HTTP request "POST" https://es-graphql-1q5xcqmja6dvh4ctc4t9.zeepki.st/
[Info   :Zeepkist GTR] 19:44:33 Sending HTTP request "POST" https://es-graphql-1q5xcqmja6dvh4ctc4t9.zeepki.st/
[Info   :Zeepkist GTR] 19:44:33 Stopping existing recorder if any
[Info   :Zeepkist GTR] 19:44:33 Creating new recorder
[Info   :Zeepkist GTR] 19:44:33 Received HTTP response headers after 59.3043ms - 200
[Info   :Zeepkist GTR] 19:44:33 End processing HTTP request after 59.5309ms - 200
[Info   :Zeepkist GTR] 19:44:33 End processing HTTP request after 61.1482ms - 200
[Info   :Zeepkist GTR] 19:44:35 Starting recorder
[Info   :Zeepkist Bingo] [BINGO] === PLAYER SPAWNED ===
[Info   :Zeepkist Bingo] [BINGO] IsInActiveSession: False
[Info   :Zeepkist Bingo] [BINGO] Not in active session, skipping timer reset
[Info   :Zeepkist GTR] 19:44:40 Loading personal best...
[Info   :Zeepkist GTR] 19:44:40 Start processing HTTP request "POST" https://es-graphql-1q5xcqmja6dvh4ctc4t9.zeepki.st/
[Info   :Zeepkist GTR] 19:44:40 Start processing HTTP request "POST" https://es-graphql-1q5xcqmja6dvh4ctc4t9.zeepki.st/
[Info   :Zeepkist GTR] 19:44:40 Sending HTTP request "POST" https://es-graphql-1q5xcqmja6dvh4ctc4t9.zeepki.st/
[Info   :Zeepkist GTR] 19:44:40 Stopping existing recorder if any
[Info   :Zeepkist GTR] 19:44:40 Creating new recorder
[Info   :Zeepkist GTR] 19:44:40 Received HTTP response headers after 68.5909ms - 200
[Info   :Zeepkist GTR] 19:44:40 End processing HTTP request after 68.8114ms - 200
[Info   :Zeepkist GTR] 19:44:40 End processing HTTP request after 74.8411ms - 200
[Info   :Zeepkist GTR] 19:44:42 Starting recorder
[Info   :Zeepkist Bingo] [BINGO] === PLAYER SPAWNED ===
[Info   :Zeepkist Bingo] [BINGO] IsInActiveSession: False
[Info   :Zeepkist Bingo] [BINGO] Not in active session, skipping timer reset
[Info   :Zeepkist GTR] 19:44:50 Loading personal best...
[Info   :Zeepkist GTR] 19:44:50 Start processing HTTP request "POST" https://es-graphql-1q5xcqmja6dvh4ctc4t9.zeepki.st/
[Info   :Zeepkist GTR] 19:44:50 Start processing HTTP request "POST" https://es-graphql-1q5xcqmja6dvh4ctc4t9.zeepki.st/
[Info   :Zeepkist GTR] 19:44:50 Sending HTTP request "POST" https://es-graphql-1q5xcqmja6dvh4ctc4t9.zeepki.st/
[Info   :Zeepkist GTR] 19:44:50 Stopping existing recorder if any
[Info   :Zeepkist GTR] 19:44:50 Creating new recorder
[Info   :Zeepkist GTR] 19:44:50 Received HTTP response headers after 62.5269ms - 200
[Info   :Zeepkist GTR] 19:44:50 End processing HTTP request after 62.7476ms - 200
[Info   :Zeepkist GTR] 19:44:50 End processing HTTP request after 67.9977ms - 200
[Info   :Zeepkist GTR] 19:44:52 Starting recorder
[Info   :Zeepkist Bingo] [BINGO] === PLAYER SPAWNED ===
[Info   :Zeepkist Bingo] [BINGO] IsInActiveSession: False
[Info   :Zeepkist Bingo] [BINGO] Not in active session, skipping timer reset
[Info   :Zeepkist GTR] 19:44:55 Loading personal best...
[Info   :Zeepkist GTR] 19:44:55 Start processing HTTP request "POST" https://es-graphql-1q5xcqmja6dvh4ctc4t9.zeepki.st/
[Info   :Zeepkist GTR] 19:44:55 Start processing HTTP request "POST" https://es-graphql-1q5xcqmja6dvh4ctc4t9.zeepki.st/
[Info   :Zeepkist GTR] 19:44:55 Sending HTTP request "POST" https://es-graphql-1q5xcqmja6dvh4ctc4t9.zeepki.st/
[Info   :Zeepkist GTR] 19:44:55 Stopping existing recorder if any
[Info   :Zeepkist GTR] 19:44:55 Creating new recorder
[Info   :Zeepkist GTR] 19:44:55 Received HTTP response headers after 62.2506ms - 200
[Info   :Zeepkist GTR] 19:44:55 End processing HTTP request after 62.4872ms - 200
[Info   :Zeepkist GTR] 19:44:55 End processing HTTP request after 68.0915ms - 200
[Info   :Zeepkist GTR] 19:44:57 Starting recorder
[Info   :Zeepkist GTR] 19:44:58 Start processing HTTP request "POST" https://es-graphql-1q5xcqmja6dvh4ctc4t9.zeepki.st/
[Info   :Zeepkist GTR] 19:44:58 Start processing HTTP request "POST" https://es-graphql-1q5xcqmja6dvh4ctc4t9.zeepki.st/
[Info   :Zeepkist GTR] 19:44:58 Sending HTTP request "POST" https://es-graphql-1q5xcqmja6dvh4ctc4t9.zeepki.st/
[Info   :Zeepkist GTR] 19:44:58 Received HTTP response headers after 57.5842ms - 200
[Info   :Zeepkist GTR] 19:44:58 End processing HTTP request after 57.8033ms - 200
[Info   :Zeepkist GTR] 19:44:58 End processing HTTP request after 64.4214ms - 200
[Info   :Zeepkist GTR] 19:45:18 Stopping recorder
[Info   :Zeepkist GTR] 19:45:18 Collecting extra information
[Info   :Zeepkist GTR] 19:45:18 Resolved workshop ID "3604090832" from lobby 3604090832 and level 0
[Info   :Zeepkist GTR] 19:45:18 Processing ghost data
[Info   :Zeepkist GTR] 19:45:18 Creating stream
[Info   :Zeepkist GTR] 19:45:18 Writing to stream
[Info   :Zeepkist GTR] 19:45:18 Converting to base64
[Info   :Zeepkist GTR] 19:45:18 Creating resource
[Info   :Zeepkist GTR] 19:45:18 Start processing HTTP request "POST" https://es-backend-5eu0pg2dcfyp6u2v33lz.zeepki.st/record/submit
[Info   :Zeepkist GTR] 19:45:18 Start processing HTTP request "POST" https://es-backend-5eu0pg2dcfyp6u2v33lz.zeepki.st/record/submit
[Info   :Zeepkist GTR] 19:45:18 Sending HTTP request "POST" https://es-backend-5eu0pg2dcfyp6u2v33lz.zeepki.st/record/submit
[Info   :Zeepkist GTR] 19:45:18 Received HTTP response headers after 157.6043ms - 200
[Info   :Zeepkist GTR] 19:45:18 End processing HTTP request after 157.8233ms - 200
[Info   :Zeepkist GTR] 19:45:18 End processing HTTP request after 159.1399ms - 200
[Info   :Zeepkist GTR] 19:45:18 Start processing HTTP request "POST" https://es-backend-5eu0pg2dcfyp6u2v33lz.zeepki.st/vote/submit
[Info   :Zeepkist GTR] 19:45:18 Start processing HTTP request "POST" https://es-backend-5eu0pg2dcfyp6u2v33lz.zeepki.st/vote/submit
[Info   :Zeepkist GTR] 19:45:18 Sending HTTP request "POST" https://es-backend-5eu0pg2dcfyp6u2v33lz.zeepki.st/vote/submit
[Info   :Zeepkist Bingo] [CHAT] Intercepted message: +
[Info   :Zeepkist Bingo] [CHAT] Not relaying - no bingo session
[Info   :Zeepkist GTR] 19:45:18 Received HTTP response headers after 73.7314ms - 200
[Info   :Zeepkist GTR] 19:45:18 End processing HTTP request after 73.9578ms - 200
[Info   :Zeepkist GTR] 19:45:18 End processing HTTP request after 76.1801ms - 200
[Info   :RoundLeaderboardTab] Drawing leaderboard -> forwarding to Instance.DrawTabLeaderboard()
[Info   :Zeepkist GTR] 19:45:28 Discarding recorder
[Info   :RoundLeaderboardTab] Drawing leaderboard -> forwarding to Instance.DrawTabLeaderboard()
[Info   :Zeepkist Bingo] [BINGO] Level loaded
[Info   :Zeepkist GTR] 19:45:43 Start processing HTTP request "POST" https://es-backend-5eu0pg2dcfyp6u2v33lz.zeepki.st/auth/refresh
[Info   :Zeepkist GTR] 19:45:43 Start processing HTTP request "POST" https://es-backend-5eu0pg2dcfyp6u2v33lz.zeepki.st/auth/refresh
[Info   :Zeepkist GTR] 19:45:43 Sending HTTP request "POST" https://es-backend-5eu0pg2dcfyp6u2v33lz.zeepki.st/auth/refresh
[Info   :Zeepkist GTR] 19:45:43 Start processing HTTP request "POST" https://es-graphql-1q5xcqmja6dvh4ctc4t9.zeepki.st/
[Info   :Zeepkist GTR] 19:45:43 Start processing HTTP request "POST" https://es-graphql-1q5xcqmja6dvh4ctc4t9.zeepki.st/
[Info   :Zeepkist GTR] 19:45:43 Sending HTTP request "POST" https://es-graphql-1q5xcqmja6dvh4ctc4t9.zeepki.st/
[Warning:Zeepkist GTR] 19:45:43 Current-level record subscription failed
[Info   :Zeepkist GTR] 19:45:43 Start processing HTTP request "POST" https://es-graphql-1q5xcqmja6dvh4ctc4t9.zeepki.st/
[Info   :Zeepkist GTR] 19:45:43 Start processing HTTP request "POST" https://es-graphql-1q5xcqmja6dvh4ctc4t9.zeepki.st/
[Info   :Zeepkist GTR] 19:45:43 Sending HTTP request "POST" https://es-graphql-1q5xcqmja6dvh4ctc4t9.zeepki.st/
[Info   :BetterSplits] getting gtr splits
[Info   :Zeepkist GTR] 19:45:43 Received HTTP response headers after 66.8354ms - 200
[Info   :Zeepkist GTR] 19:45:43 End processing HTTP request after 67.0646ms - 200
[Info   :Zeepkist GTR] 19:45:43 Received HTTP response headers after 74.5519ms - 200
[Info   :Zeepkist GTR] 19:45:43 End processing HTTP request after 74.7526ms - 200
[Info   :Zeepkist GTR] 19:45:43 End processing HTTP request after 121.6603ms - 200
[Info   :Zeepkist GTR] 19:45:43 End processing HTTP request after 123.6641ms - 200
[Info   :Zeepkist Bingo] [BINGO] === PLAYER SPAWNED ===
[Info   :Zeepkist Bingo] [BINGO] IsInActiveSession: False
[Info   :Zeepkist Bingo] [BINGO] Not in active session, skipping timer reset
[Info   :Zeepkist GTR] 19:45:43 Loading personal best...
[Info   :Zeepkist GTR] 19:45:43 Start processing HTTP request "POST" https://es-graphql-1q5xcqmja6dvh4ctc4t9.zeepki.st/
[Info   :Zeepkist GTR] 19:45:43 Start processing HTTP request "POST" https://es-graphql-1q5xcqmja6dvh4ctc4t9.zeepki.st/
[Info   :Zeepkist GTR] 19:45:43 Sending HTTP request "POST" https://es-graphql-1q5xcqmja6dvh4ctc4t9.zeepki.st/
[Info   :Zeepkist GTR] 19:45:43 Stopping existing recorder if any
[Info   :Zeepkist GTR] 19:45:43 Creating new recorder
[Info   :Zeepkist GTR] 19:45:43 Start processing HTTP request "POST" https://es-backend-5eu0pg2dcfyp6u2v33lz.zeepki.st/level/request
[Info   :Zeepkist GTR] 19:45:43 Start processing HTTP request "POST" https://es-backend-5eu0pg2dcfyp6u2v33lz.zeepki.st/level/request
[Info   :Zeepkist GTR] 19:45:43 Sending HTTP request "POST" https://es-backend-5eu0pg2dcfyp6u2v33lz.zeepki.st/level/request
[Info   :Zeepkist GTR] 19:45:43 Received HTTP response headers after 51.0662ms - 200
[Info   :Zeepkist GTR] 19:45:43 End processing HTTP request after 51.2831ms - 200
[Info   :Zeepkist GTR] 19:45:43 End processing HTTP request after 55.3092ms - 200
[Info   :Zeepkist GTR] 19:45:43 Received HTTP response headers after 79.0202ms - 200
[Info   :Zeepkist GTR] 19:45:43 End processing HTTP request after 79.2331ms - 200
[Info   :Zeepkist GTR] 19:45:43 End processing HTTP request after 84.3969ms - 200
[Info   :Zeepkist GTR] 19:45:43 Received HTTP response headers after 250.1151ms - 200
[Info   :Zeepkist GTR] 19:45:43 End processing HTTP request after 250.334ms - 200
[Info   :Zeepkist GTR] 19:45:43 End processing HTTP request after 254.4408ms - 200
[Info   :BetterSplits] got gtr splits
[Info   :Zeepkist GTR] 19:45:44 Starting recorder
[Info   :Zeepkist GTR] 19:46:08 Stopping recorder
[Info   :Zeepkist GTR] 19:46:08 Collecting extra information
[Info   :Zeepkist GTR] 19:46:08 Resolved workshop ID "3443058209" from lobby 3443058209 and level 0
[Info   :Zeepkist GTR] 19:46:08 Processing ghost data
[Info   :Zeepkist GTR] 19:46:08 Creating stream
[Info   :Zeepkist GTR] 19:46:08 Writing to stream
[Info   :Zeepkist GTR] 19:46:08 Converting to base64
[Info   :Zeepkist GTR] 19:46:08 Creating resource
[Info   :Zeepkist GTR] 19:46:08 Start processing HTTP request "POST" https://es-backend-5eu0pg2dcfyp6u2v33lz.zeepki.st/record/submit
[Info   :Zeepkist GTR] 19:46:08 Start processing HTTP request "POST" https://es-backend-5eu0pg2dcfyp6u2v33lz.zeepki.st/record/submit
[Info   :Zeepkist GTR] 19:46:08 Sending HTTP request "POST" https://es-backend-5eu0pg2dcfyp6u2v33lz.zeepki.st/record/submit
[Info   :Zeepkist GTR] 19:46:09 Received HTTP response headers after 458.4885ms - 200
[Info   :Zeepkist GTR] 19:46:09 End processing HTTP request after 458.7049ms - 200
[Info   :Zeepkist GTR] 19:46:09 End processing HTTP request after 464.4404ms - 200
[Info   :Zeepkist Bingo] [BINGO] === PLAYER SPAWNED ===
[Info   :Zeepkist Bingo] [BINGO] IsInActiveSession: False
[Info   :Zeepkist Bingo] [BINGO] Not in active session, skipping timer reset
[Info   :Zeepkist GTR] 19:46:09 Loading personal best...
[Info   :Zeepkist GTR] 19:46:09 Start processing HTTP request "POST" https://es-graphql-1q5xcqmja6dvh4ctc4t9.zeepki.st/
[Info   :Zeepkist GTR] 19:46:09 Start processing HTTP request "POST" https://es-graphql-1q5xcqmja6dvh4ctc4t9.zeepki.st/
[Info   :Zeepkist GTR] 19:46:09 Sending HTTP request "POST" https://es-graphql-1q5xcqmja6dvh4ctc4t9.zeepki.st/
[Info   :Zeepkist GTR] 19:46:09 Stopping existing recorder if any
[Info   :Zeepkist GTR] 19:46:09 Creating new recorder
[Info   :Zeepkist GTR] 19:46:10 Received HTTP response headers after 293.2675ms - 200
[Info   :Zeepkist GTR] 19:46:10 End processing HTTP request after 293.4808ms - 200
[Info   :Zeepkist GTR] 19:46:10 End processing HTTP request after 294.5831ms - 200
[Info   :Zeepkist GTR] 19:46:11 Starting recorder
[Info   :Zeepkist Bingo] [BINGO] === PLAYER SPAWNED ===
[Info   :Zeepkist Bingo] [BINGO] IsInActiveSession: False
[Info   :Zeepkist Bingo] [BINGO] Not in active session, skipping timer reset
[Info   :Zeepkist GTR] 19:46:17 Loading personal best...
[Info   :Zeepkist GTR] 19:46:17 Start processing HTTP request "POST" https://es-graphql-1q5xcqmja6dvh4ctc4t9.zeepki.st/
[Info   :Zeepkist GTR] 19:46:17 Start processing HTTP request "POST" https://es-graphql-1q5xcqmja6dvh4ctc4t9.zeepki.st/
[Info   :Zeepkist GTR] 19:46:17 Sending HTTP request "POST" https://es-graphql-1q5xcqmja6dvh4ctc4t9.zeepki.st/
[Info   :Zeepkist GTR] 19:46:17 Stopping existing recorder if any
[Info   :Zeepkist GTR] 19:46:17 Creating new recorder
[Info   :Zeepkist GTR] 19:46:17 Received HTTP response headers after 64.7188ms - 200
[Info   :Zeepkist GTR] 19:46:17 End processing HTTP request after 64.9596ms - 200
[Info   :Zeepkist GTR] 19:46:17 End processing HTTP request after 72.3975ms - 200
[Info   :Zeepkist GTR] 19:46:18 Starting recorder
[Info   :Zeepkist GTR] 19:46:42 Stopping recorder
[Info   :Zeepkist GTR] 19:46:42 Collecting extra information
[Info   :Zeepkist GTR] 19:46:42 Resolved workshop ID "3443058209" from lobby 3443058209 and level 0
[Info   :Zeepkist GTR] 19:46:42 Processing ghost data
[Info   :Zeepkist GTR] 19:46:42 Creating stream
[Info   :Zeepkist GTR] 19:46:42 Writing to stream
[Info   :Zeepkist GTR] 19:46:42 Converting to base64
[Info   :Zeepkist GTR] 19:46:42 Creating resource
[Info   :Zeepkist GTR] 19:46:42 Start processing HTTP request "POST" https://es-backend-5eu0pg2dcfyp6u2v33lz.zeepki.st/record/submit
[Info   :Zeepkist GTR] 19:46:42 Start processing HTTP request "POST" https://es-backend-5eu0pg2dcfyp6u2v33lz.zeepki.st/record/submit
[Info   :Zeepkist GTR] 19:46:42 Sending HTTP request "POST" https://es-backend-5eu0pg2dcfyp6u2v33lz.zeepki.st/record/submit
[Info   :Zeepkist GTR] 19:46:42 Received HTTP response headers after 141.9305ms - 200
[Info   :Zeepkist GTR] 19:46:42 End processing HTTP request after 142.1649ms - 200
[Info   :Zeepkist GTR] 19:46:42 End processing HTTP request after 144.5863ms - 200
[Info   :Zeepkist Bingo] [BINGO] === PLAYER SPAWNED ===
[Info   :Zeepkist Bingo] [BINGO] IsInActiveSession: False
[Info   :Zeepkist Bingo] [BINGO] Not in active session, skipping timer reset
[Info   :Zeepkist GTR] 19:46:43 Loading personal best...
[Info   :Zeepkist GTR] 19:46:43 Start processing HTTP request "POST" https://es-graphql-1q5xcqmja6dvh4ctc4t9.zeepki.st/
[Info   :Zeepkist GTR] 19:46:43 Start processing HTTP request "POST" https://es-graphql-1q5xcqmja6dvh4ctc4t9.zeepki.st/
[Info   :Zeepkist GTR] 19:46:43 Sending HTTP request "POST" https://es-graphql-1q5xcqmja6dvh4ctc4t9.zeepki.st/
[Info   :Zeepkist GTR] 19:46:43 Stopping existing recorder if any
[Info   :Zeepkist GTR] 19:46:43 Creating new recorder
[Info   :Zeepkist GTR] 19:46:43 Received HTTP response headers after 69.2749ms - 200
[Info   :Zeepkist GTR] 19:46:43 End processing HTTP request after 69.5653ms - 200
[Info   :Zeepkist GTR] 19:46:43 End processing HTTP request after 76.1859ms - 200
[Info   :Zeepkist GTR] 19:46:45 Starting recorder
[Info   :RoundLeaderboardTab] Drawing leaderboard -> forwarding to Instance.DrawTabLeaderboard()
[Info   :RoundLeaderboardTab] Drawing leaderboard -> forwarding to Instance.DrawTabLeaderboard()
[Info   :Zeepkist Bingo] [BINGO] === PLAYER SPAWNED ===
[Info   :Zeepkist Bingo] [BINGO] IsInActiveSession: False
[Info   :Zeepkist Bingo] [BINGO] Not in active session, skipping timer reset
[Info   :Zeepkist GTR] 19:46:55 Loading personal best...
[Info   :Zeepkist GTR] 19:46:55 Start processing HTTP request "POST" https://es-graphql-1q5xcqmja6dvh4ctc4t9.zeepki.st/
[Info   :Zeepkist GTR] 19:46:55 Start processing HTTP request "POST" https://es-graphql-1q5xcqmja6dvh4ctc4t9.zeepki.st/
[Info   :Zeepkist GTR] 19:46:55 Sending HTTP request "POST" https://es-graphql-1q5xcqmja6dvh4ctc4t9.zeepki.st/
[Info   :Zeepkist GTR] 19:46:55 Stopping existing recorder if any
[Info   :Zeepkist GTR] 19:46:55 Creating new recorder
[Info   :Zeepkist GTR] 19:46:55 Received HTTP response headers after 81.5331ms - 200
[Info   :Zeepkist GTR] 19:46:55 End processing HTTP request after 81.7626ms - 200
[Info   :Zeepkist GTR] 19:46:55 End processing HTTP request after 83.6691ms - 200
[Info   :Zeepkist GTR] 19:46:57 Starting recorder
[Info   :Zeepkist Bingo] [BINGO] === PLAYER SPAWNED ===
[Info   :Zeepkist Bingo] [BINGO] IsInActiveSession: False
[Info   :Zeepkist Bingo] [BINGO] Not in active session, skipping timer reset
[Info   :Zeepkist GTR] 19:47:13 Loading personal best...
[Info   :Zeepkist GTR] 19:47:13 Start processing HTTP request "POST" https://es-graphql-1q5xcqmja6dvh4ctc4t9.zeepki.st/
[Info   :Zeepkist GTR] 19:47:13 Start processing HTTP request "POST" https://es-graphql-1q5xcqmja6dvh4ctc4t9.zeepki.st/
[Info   :Zeepkist GTR] 19:47:13 Sending HTTP request "POST" https://es-graphql-1q5xcqmja6dvh4ctc4t9.zeepki.st/
[Info   :Zeepkist GTR] 19:47:13 Stopping existing recorder if any
[Info   :Zeepkist GTR] 19:47:13 Creating new recorder
[Info   :Zeepkist GTR] 19:47:13 Received HTTP response headers after 65.6048ms - 200
[Info   :Zeepkist GTR] 19:47:13 End processing HTTP request after 65.8223ms - 200
[Info   :Zeepkist GTR] 19:47:13 End processing HTTP request after 74.9345ms - 200
[Info   :Zeepkist GTR] 19:47:15 Starting recorder
[Info   :Zeepkist GTR] 19:47:38 Stopping recorder
[Info   :Zeepkist GTR] 19:47:38 Collecting extra information
[Info   :Zeepkist GTR] 19:47:38 Resolved workshop ID "3443058209" from lobby 3443058209 and level 0
[Info   :Zeepkist GTR] 19:47:38 Processing ghost data
[Info   :Zeepkist GTR] 19:47:38 Creating stream
[Info   :Zeepkist GTR] 19:47:38 Writing to stream
[Info   :Zeepkist GTR] 19:47:38 Converting to base64
[Info   :Zeepkist GTR] 19:47:38 Creating resource
[Info   :Zeepkist GTR] 19:47:38 Start processing HTTP request "POST" https://es-backend-5eu0pg2dcfyp6u2v33lz.zeepki.st/record/submit
[Info   :Zeepkist GTR] 19:47:38 Start processing HTTP request "POST" https://es-backend-5eu0pg2dcfyp6u2v33lz.zeepki.st/record/submit
[Info   :Zeepkist GTR] 19:47:38 Sending HTTP request "POST" https://es-backend-5eu0pg2dcfyp6u2v33lz.zeepki.st/record/submit
[Info   :Zeepkist GTR] 19:47:39 Received HTTP response headers after 179.6382ms - 200
[Info   :Zeepkist GTR] 19:47:39 End processing HTTP request after 179.8838ms - 200
[Info   :Zeepkist GTR] 19:47:39 End processing HTTP request after 186.583ms - 200
[Info   :Zeepkist Bingo] [BINGO] === PLAYER SPAWNED ===
[Info   :Zeepkist Bingo] [BINGO] IsInActiveSession: False
[Info   :Zeepkist Bingo] [BINGO] Not in active session, skipping timer reset
[Info   :Zeepkist GTR] 19:47:42 Loading personal best...
[Info   :Zeepkist GTR] 19:47:42 Start processing HTTP request "POST" https://es-graphql-1q5xcqmja6dvh4ctc4t9.zeepki.st/
[Info   :Zeepkist GTR] 19:47:42 Start processing HTTP request "POST" https://es-graphql-1q5xcqmja6dvh4ctc4t9.zeepki.st/
[Info   :Zeepkist GTR] 19:47:42 Sending HTTP request "POST" https://es-graphql-1q5xcqmja6dvh4ctc4t9.zeepki.st/
[Info   :Zeepkist GTR] 19:47:42 Stopping existing recorder if any
[Info   :Zeepkist GTR] 19:47:42 Creating new recorder
[Info   :Zeepkist GTR] 19:47:42 Received HTTP response headers after 61.0368ms - 200
[Info   :Zeepkist GTR] 19:47:42 End processing HTTP request after 61.2434ms - 200
[Info   :Zeepkist GTR] 19:47:42 End processing HTTP request after 62.4122ms - 200
[Info   :Zeepkist GTR] 19:47:42 Start processing HTTP request "GET" https://cdn.zeepki.st/ghosts/01M37P2P04KEC005VDHD04ZMA4.bin
[Info   :Zeepkist GTR] 19:47:42 Sending HTTP request "GET" https://cdn.zeepki.st/ghosts/01M37P2P04KEC005VDHD04ZMA4.bin
[Info   :Zeepkist GTR] 19:47:43 Received HTTP response headers after 863.6893ms - 200
[Info   :Zeepkist GTR] 19:47:43 End processing HTTP request after 863.9652ms - 200
[Info   :Zeepkist GTR] 19:47:43 Starting recorder
[Info   :Zeepkist GTR] 19:47:44 Start processing HTTP request "POST" https://es-graphql-1q5xcqmja6dvh4ctc4t9.zeepki.st/
[Info   :Zeepkist GTR] 19:47:44 Start processing HTTP request "POST" https://es-graphql-1q5xcqmja6dvh4ctc4t9.zeepki.st/
[Info   :Zeepkist GTR] 19:47:44 Sending HTTP request "POST" https://es-graphql-1q5xcqmja6dvh4ctc4t9.zeepki.st/
[Info   :Zeepkist GTR] 19:47:44 Received HTTP response headers after 82.0472ms - 200
[Info   :Zeepkist GTR] 19:47:44 End processing HTTP request after 82.2913ms - 200
[Info   :Zeepkist GTR] 19:47:44 End processing HTTP request after 87.309ms - 200
[Info   :Zeepkist GTR] 19:48:06 Stopping recorder
[Info   :Zeepkist GTR] 19:48:06 Collecting extra information
[Info   :Zeepkist GTR] 19:48:06 Resolved workshop ID "3443058209" from lobby 3443058209 and level 0
[Info   :Zeepkist GTR] 19:48:06 Processing ghost data
[Info   :Zeepkist GTR] 19:48:06 Creating stream
[Info   :Zeepkist GTR] 19:48:06 Writing to stream
[Info   :Zeepkist GTR] 19:48:07 Converting to base64
[Info   :Zeepkist GTR] 19:48:07 Creating resource
[Info   :Zeepkist GTR] 19:48:07 Start processing HTTP request "POST" https://es-backend-5eu0pg2dcfyp6u2v33lz.zeepki.st/record/submit
[Info   :Zeepkist GTR] 19:48:07 Start processing HTTP request "POST" https://es-backend-5eu0pg2dcfyp6u2v33lz.zeepki.st/record/submit
[Info   :Zeepkist GTR] 19:48:07 Sending HTTP request "POST" https://es-backend-5eu0pg2dcfyp6u2v33lz.zeepki.st/record/submit
[Info   :Zeepkist GTR] 19:48:07 Received HTTP response headers after 134.1099ms - 200
[Info   :Zeepkist GTR] 19:48:07 End processing HTTP request after 134.329ms - 200
[Info   :Zeepkist GTR] 19:48:07 End processing HTTP request after 137.5186ms - 200
[Info   :Zeepkist GTR] 19:48:10 Start processing HTTP request "POST" https://es-graphql-1q5xcqmja6dvh4ctc4t9.zeepki.st/
[Info   :Zeepkist GTR] 19:48:10 Start processing HTTP request "POST" https://es-graphql-1q5xcqmja6dvh4ctc4t9.zeepki.st/
[Info   :Zeepkist GTR] 19:48:10 Sending HTTP request "POST" https://es-graphql-1q5xcqmja6dvh4ctc4t9.zeepki.st/
[Info   :Zeepkist GTR] 19:48:10 Received HTTP response headers after 287.796ms - 200
[Info   :Zeepkist GTR] 19:48:10 End processing HTTP request after 288.0157ms - 200
[Info   :Zeepkist GTR] 19:48:10 End processing HTTP request after 292.8547ms - 200
[Info   :Zeepkist Bingo] [BINGO] === PLAYER SPAWNED ===
[Info   :Zeepkist Bingo] [BINGO] IsInActiveSession: False
[Info   :Zeepkist Bingo] [BINGO] Not in active session, skipping timer reset
[Info   :Zeepkist GTR] 19:48:11 Loading personal best...
[Info   :Zeepkist GTR] 19:48:11 Start processing HTTP request "POST" https://es-graphql-1q5xcqmja6dvh4ctc4t9.zeepki.st/
[Info   :Zeepkist GTR] 19:48:11 Start processing HTTP request "POST" https://es-graphql-1q5xcqmja6dvh4ctc4t9.zeepki.st/
[Info   :Zeepkist GTR] 19:48:11 Sending HTTP request "POST" https://es-graphql-1q5xcqmja6dvh4ctc4t9.zeepki.st/
[Info   :Zeepkist GTR] 19:48:11 Stopping existing recorder if any
[Info   :Zeepkist GTR] 19:48:11 Creating new recorder
[Info   :Zeepkist GTR] 19:48:11 Received HTTP response headers after 60.5116ms - 200
[Info   :Zeepkist GTR] 19:48:11 End processing HTTP request after 60.7428ms - 200
[Info   :Zeepkist GTR] 19:48:11 End processing HTTP request after 62.929ms - 200
[Info   :Zeepkist GTR] 19:48:11 Start processing HTTP request "GET" https://cdn.zeepki.st/ghosts/01M37P3HJ4M07PV4J8W8YPXAMV.bin
[Info   :Zeepkist GTR] 19:48:11 Sending HTTP request "GET" https://cdn.zeepki.st/ghosts/01M37P3HJ4M07PV4J8W8YPXAMV.bin
[Info   :Zeepkist GTR] 19:48:11 Received HTTP response headers after 734.3396ms - 200
[Info   :Zeepkist GTR] 19:48:11 End processing HTTP request after 734.6163ms - 200
[Info   :Zeepkist GTR] 19:48:12 Starting recorder
[Info   :Zeepkist Bingo] [BINGO] === PLAYER SPAWNED ===
[Info   :Zeepkist Bingo] [BINGO] IsInActiveSession: False
[Info   :Zeepkist Bingo] [BINGO] Not in active session, skipping timer reset
[Info   :Zeepkist GTR] 19:48:33 Loading personal best...
[Info   :Zeepkist GTR] 19:48:33 Start processing HTTP request "POST" https://es-graphql-1q5xcqmja6dvh4ctc4t9.zeepki.st/
[Info   :Zeepkist GTR] 19:48:33 Start processing HTTP request "POST" https://es-graphql-1q5xcqmja6dvh4ctc4t9.zeepki.st/
[Info   :Zeepkist GTR] 19:48:33 Sending HTTP request "POST" https://es-graphql-1q5xcqmja6dvh4ctc4t9.zeepki.st/
[Info   :Zeepkist GTR] 19:48:33 Stopping existing recorder if any
[Info   :Zeepkist GTR] 19:48:33 Creating new recorder
[Info   :Zeepkist GTR] 19:48:33 Received HTTP response headers after 65.5231ms - 200
[Info   :Zeepkist GTR] 19:48:33 End processing HTTP request after 65.7284ms - 200
[Info   :Zeepkist GTR] 19:48:33 End processing HTTP request after 66.5926ms - 200
[Info   :Zeepkist GTR] 19:48:35 Starting recorder
[Info   :Zeepkist GTR] 19:48:58 Stopping recorder
[Info   :Zeepkist GTR] 19:48:58 Collecting extra information
[Info   :Zeepkist GTR] 19:48:58 Resolved workshop ID "3443058209" from lobby 3443058209 and level 0
[Info   :Zeepkist GTR] 19:48:58 Processing ghost data
[Info   :Zeepkist GTR] 19:48:58 Creating stream
[Info   :Zeepkist GTR] 19:48:58 Writing to stream
[Info   :Zeepkist GTR] 19:48:58 Converting to base64
[Info   :Zeepkist GTR] 19:48:58 Creating resource
[Info   :Zeepkist GTR] 19:48:58 Start processing HTTP request "POST" https://es-backend-5eu0pg2dcfyp6u2v33lz.zeepki.st/record/submit
[Info   :Zeepkist GTR] 19:48:58 Start processing HTTP request "POST" https://es-backend-5eu0pg2dcfyp6u2v33lz.zeepki.st/record/submit
[Info   :Zeepkist GTR] 19:48:58 Sending HTTP request "POST" https://es-backend-5eu0pg2dcfyp6u2v33lz.zeepki.st/record/submit
[Info   :Zeepkist GTR] 19:48:58 Received HTTP response headers after 469.8669ms - 200
[Info   :Zeepkist GTR] 19:48:58 End processing HTTP request after 470.0821ms - 200
[Info   :Zeepkist GTR] 19:48:58 End processing HTTP request after 471.4121ms - 200
[Info   :Zeepkist Bingo] [BINGO] === PLAYER SPAWNED ===
[Info   :Zeepkist Bingo] [BINGO] IsInActiveSession: False
[Info   :Zeepkist Bingo] [BINGO] Not in active session, skipping timer reset
[Info   :Zeepkist GTR] 19:49:00 Loading personal best...
[Info   :Zeepkist GTR] 19:49:00 Start processing HTTP request "POST" https://es-graphql-1q5xcqmja6dvh4ctc4t9.zeepki.st/
[Info   :Zeepkist GTR] 19:49:00 Start processing HTTP request "POST" https://es-graphql-1q5xcqmja6dvh4ctc4t9.zeepki.st/
[Info   :Zeepkist GTR] 19:49:00 Sending HTTP request "POST" https://es-graphql-1q5xcqmja6dvh4ctc4t9.zeepki.st/
[Info   :Zeepkist GTR] 19:49:00 Stopping existing recorder if any
[Info   :Zeepkist GTR] 19:49:00 Creating new recorder
[Info   :Zeepkist GTR] 19:49:00 Received HTTP response headers after 63.9831ms - 200
[Info   :Zeepkist GTR] 19:49:00 End processing HTTP request after 64.199ms - 200
[Info   :Zeepkist GTR] 19:49:00 End processing HTTP request after 75.7538ms - 200
[Info   :Zeepkist GTR] 19:49:01 Starting recorder
[Info   :Zeepkist Bingo] [BINGO] === PLAYER SPAWNED ===
[Info   :Zeepkist Bingo] [BINGO] IsInActiveSession: False
[Info   :Zeepkist Bingo] [BINGO] Not in active session, skipping timer reset
[Info   :Zeepkist GTR] 19:49:06 Loading personal best...
[Info   :Zeepkist GTR] 19:49:06 Start processing HTTP request "POST" https://es-graphql-1q5xcqmja6dvh4ctc4t9.zeepki.st/
[Info   :Zeepkist GTR] 19:49:06 Start processing HTTP request "POST" https://es-graphql-1q5xcqmja6dvh4ctc4t9.zeepki.st/
[Info   :Zeepkist GTR] 19:49:06 Sending HTTP request "POST" https://es-graphql-1q5xcqmja6dvh4ctc4t9.zeepki.st/
[Info   :Zeepkist GTR] 19:49:06 Stopping existing recorder if any
[Info   :Zeepkist GTR] 19:49:06 Creating new recorder
[Info   :Zeepkist GTR] 19:49:07 Received HTTP response headers after 312.7136ms - 200
[Info   :Zeepkist GTR] 19:49:07 End processing HTTP request after 312.963ms - 200
[Info   :Zeepkist GTR] 19:49:07 End processing HTTP request after 317.6098ms - 200
[Info   :Zeepkist GTR] 19:49:08 Starting recorder
[Info   :Zeepkist Bingo] [BINGO] === PLAYER SPAWNED ===
[Info   :Zeepkist Bingo] [BINGO] IsInActiveSession: False
[Info   :Zeepkist Bingo] [BINGO] Not in active session, skipping timer reset
[Info   :Zeepkist GTR] 19:49:19 Loading personal best...
[Info   :Zeepkist GTR] 19:49:19 Start processing HTTP request "POST" https://es-graphql-1q5xcqmja6dvh4ctc4t9.zeepki.st/
[Info   :Zeepkist GTR] 19:49:19 Start processing HTTP request "POST" https://es-graphql-1q5xcqmja6dvh4ctc4t9.zeepki.st/
[Info   :Zeepkist GTR] 19:49:19 Sending HTTP request "POST" https://es-graphql-1q5xcqmja6dvh4ctc4t9.zeepki.st/
[Info   :Zeepkist GTR] 19:49:19 Stopping existing recorder if any
[Info   :Zeepkist GTR] 19:49:19 Creating new recorder
[Info   :Zeepkist GTR] 19:49:19 Received HTTP response headers after 103.564ms - 200
[Info   :Zeepkist GTR] 19:49:19 End processing HTTP request after 103.7858ms - 200
[Info   :Zeepkist GTR] 19:49:19 End processing HTTP request after 109.529ms - 200
[Info   :Zeepkist GTR] 19:49:20 Starting recorder
[Info   :Zeepkist GTR] 19:49:44 Stopping recorder
[Info   :Zeepkist GTR] 19:49:44 Collecting extra information
[Info   :Zeepkist GTR] 19:49:44 Resolved workshop ID "3443058209" from lobby 3443058209 and level 0
[Info   :Zeepkist GTR] 19:49:44 Processing ghost data
[Info   :Zeepkist GTR] 19:49:44 Creating stream
[Info   :Zeepkist GTR] 19:49:44 Writing to stream
[Info   :Zeepkist GTR] 19:49:44 Converting to base64
[Info   :Zeepkist GTR] 19:49:44 Creating resource
[Info   :Zeepkist GTR] 19:49:44 Start processing HTTP request "POST" https://es-backend-5eu0pg2dcfyp6u2v33lz.zeepki.st/record/submit
[Info   :Zeepkist GTR] 19:49:44 Start processing HTTP request "POST" https://es-backend-5eu0pg2dcfyp6u2v33lz.zeepki.st/record/submit
[Info   :Zeepkist GTR] 19:49:44 Sending HTTP request "POST" https://es-backend-5eu0pg2dcfyp6u2v33lz.zeepki.st/record/submit
[Info   :Zeepkist GTR] 19:49:44 Received HTTP response headers after 148.2004ms - 200
[Info   :Zeepkist GTR] 19:49:44 End processing HTTP request after 148.4218ms - 200
[Info   :Zeepkist GTR] 19:49:44 End processing HTTP request after 152.0118ms - 200
[Info   :Zeepkist Bingo] [BINGO] === PLAYER SPAWNED ===
[Info   :Zeepkist Bingo] [BINGO] IsInActiveSession: False
[Info   :Zeepkist Bingo] [BINGO] Not in active session, skipping timer reset
[Info   :Zeepkist GTR] 19:49:45 Loading personal best...
[Info   :Zeepkist GTR] 19:49:45 Start processing HTTP request "POST" https://es-graphql-1q5xcqmja6dvh4ctc4t9.zeepki.st/
[Info   :Zeepkist GTR] 19:49:45 Start processing HTTP request "POST" https://es-graphql-1q5xcqmja6dvh4ctc4t9.zeepki.st/
[Info   :Zeepkist GTR] 19:49:45 Sending HTTP request "POST" https://es-graphql-1q5xcqmja6dvh4ctc4t9.zeepki.st/
[Info   :Zeepkist GTR] 19:49:45 Stopping existing recorder if any
[Info   :Zeepkist GTR] 19:49:45 Creating new recorder
[Info   :Zeepkist GTR] 19:49:45 Received HTTP response headers after 68.3521ms - 200
[Info   :Zeepkist GTR] 19:49:45 End processing HTTP request after 68.5741ms - 200
[Info   :Zeepkist GTR] 19:49:45 End processing HTTP request after 73.9717ms - 200
[Info   :Zeepkist GTR] 19:49:46 Starting recorder
[Info   :Zeepkist Bingo] [BINGO] === PLAYER SPAWNED ===
[Info   :Zeepkist Bingo] [BINGO] IsInActiveSession: False
[Info   :Zeepkist Bingo] [BINGO] Not in active session, skipping timer reset
[Info   :Zeepkist GTR] 19:49:58 Loading personal best...
[Info   :Zeepkist GTR] 19:49:58 Start processing HTTP request "POST" https://es-graphql-1q5xcqmja6dvh4ctc4t9.zeepki.st/
[Info   :Zeepkist GTR] 19:49:58 Start processing HTTP request "POST" https://es-graphql-1q5xcqmja6dvh4ctc4t9.zeepki.st/
[Info   :Zeepkist GTR] 19:49:58 Sending HTTP request "POST" https://es-graphql-1q5xcqmja6dvh4ctc4t9.zeepki.st/
[Info   :Zeepkist GTR] 19:49:58 Stopping existing recorder if any
[Info   :Zeepkist GTR] 19:49:58 Creating new recorder
[Info   :Zeepkist GTR] 19:49:58 Received HTTP response headers after 67.8855ms - 200
[Info   :Zeepkist GTR] 19:49:58 End processing HTTP request after 68.107ms - 200
[Info   :Zeepkist GTR] 19:49:58 End processing HTTP request after 73.2021ms - 200
[Info   :Zeepkist GTR] 19:50:00 Starting recorder
[Info   :Zeepkist Bingo] [BINGO] === PLAYER SPAWNED ===
[Info   :Zeepkist Bingo] [BINGO] IsInActiveSession: False
[Info   :Zeepkist Bingo] [BINGO] Not in active session, skipping timer reset
[Info   :Zeepkist GTR] 19:50:07 Loading personal best...
[Info   :Zeepkist GTR] 19:50:07 Start processing HTTP request "POST" https://es-graphql-1q5xcqmja6dvh4ctc4t9.zeepki.st/
[Info   :Zeepkist GTR] 19:50:07 Start processing HTTP request "POST" https://es-graphql-1q5xcqmja6dvh4ctc4t9.zeepki.st/
[Info   :Zeepkist GTR] 19:50:07 Sending HTTP request "POST" https://es-graphql-1q5xcqmja6dvh4ctc4t9.zeepki.st/
[Info   :Zeepkist GTR] 19:50:07 Stopping existing recorder if any
[Info   :Zeepkist GTR] 19:50:07 Creating new recorder
[Info   :Zeepkist GTR] 19:50:07 Received HTTP response headers after 60.2392ms - 200
[Info   :Zeepkist GTR] 19:50:07 End processing HTTP request after 60.4537ms - 200
[Info   :Zeepkist GTR] 19:50:07 End processing HTTP request after 61.1167ms - 200
[Info   :Zeepkist GTR] 19:50:08 Starting recorder
[Info   :Zeepkist GTR] 19:50:11 Start processing HTTP request "POST" https://es-graphql-1q5xcqmja6dvh4ctc4t9.zeepki.st/
[Info   :Zeepkist GTR] 19:50:11 Start processing HTTP request "POST" https://es-graphql-1q5xcqmja6dvh4ctc4t9.zeepki.st/
[Info   :Zeepkist GTR] 19:50:11 Sending HTTP request "POST" https://es-graphql-1q5xcqmja6dvh4ctc4t9.zeepki.st/
[Info   :Zeepkist GTR] 19:50:11 Received HTTP response headers after 310.681ms - 200
[Info   :Zeepkist GTR] 19:50:11 End processing HTTP request after 310.9013ms - 200
[Info   :Zeepkist GTR] 19:50:11 End processing HTTP request after 317.5984ms - 200
[Info   :Zeepkist Bingo] [BINGO] === PLAYER SPAWNED ===
[Info   :Zeepkist Bingo] [BINGO] IsInActiveSession: False
[Info   :Zeepkist Bingo] [BINGO] Not in active session, skipping timer reset
[Info   :Zeepkist GTR] 19:50:30 Loading personal best...
[Info   :Zeepkist GTR] 19:50:30 Start processing HTTP request "POST" https://es-graphql-1q5xcqmja6dvh4ctc4t9.zeepki.st/
[Info   :Zeepkist GTR] 19:50:30 Start processing HTTP request "POST" https://es-graphql-1q5xcqmja6dvh4ctc4t9.zeepki.st/
[Info   :Zeepkist GTR] 19:50:30 Sending HTTP request "POST" https://es-graphql-1q5xcqmja6dvh4ctc4t9.zeepki.st/
[Info   :Zeepkist GTR] 19:50:30 Stopping existing recorder if any
[Info   :Zeepkist GTR] 19:50:30 Creating new recorder
[Info   :Zeepkist GTR] 19:50:30 Received HTTP response headers after 85.2293ms - 200
[Info   :Zeepkist GTR] 19:50:30 End processing HTTP request after 85.5493ms - 200
[Info   :Zeepkist GTR] 19:50:30 End processing HTTP request after 91.917ms - 200
[Info   :Zeepkist GTR] 19:50:32 Starting recorder
[Info   :Zeepkist GTR] 19:50:41 Discarding recorder
[Info   :RoundLeaderboardTab] Drawing leaderboard -> forwarding to Instance.DrawTabLeaderboard()
[Info   :Zeepkist Bingo] [BINGO] Level loaded
[Info   :Zeepkist GTR] 19:50:55 Start processing HTTP request "POST" https://es-backend-5eu0pg2dcfyp6u2v33lz.zeepki.st/level/request
[Info   :Zeepkist GTR] 19:50:55 Start processing HTTP request "POST" https://es-backend-5eu0pg2dcfyp6u2v33lz.zeepki.st/level/request
[Info   :Zeepkist GTR] 19:50:55 Sending HTTP request "POST" https://es-backend-5eu0pg2dcfyp6u2v33lz.zeepki.st/level/request
[Info   :Zeepkist GTR] 19:50:55 Start processing HTTP request "POST" https://es-graphql-1q5xcqmja6dvh4ctc4t9.zeepki.st/
[Info   :Zeepkist GTR] 19:50:55 Start processing HTTP request "POST" https://es-graphql-1q5xcqmja6dvh4ctc4t9.zeepki.st/
[Info   :Zeepkist GTR] 19:50:55 Sending HTTP request "POST" https://es-graphql-1q5xcqmja6dvh4ctc4t9.zeepki.st/
[Warning:Zeepkist GTR] 19:50:55 Current-level record subscription failed
[Info   :Zeepkist GTR] 19:50:55 Start processing HTTP request "POST" https://es-graphql-1q5xcqmja6dvh4ctc4t9.zeepki.st/
[Info   :Zeepkist GTR] 19:50:55 Start processing HTTP request "POST" https://es-graphql-1q5xcqmja6dvh4ctc4t9.zeepki.st/
[Info   :Zeepkist GTR] 19:50:55 Sending HTTP request "POST" https://es-graphql-1q5xcqmja6dvh4ctc4t9.zeepki.st/
[Info   :BetterSplits] getting gtr splits
[Info   :Zeepkist GTR] 19:50:55 Received HTTP response headers after 51.5101ms - 200
[Info   :Zeepkist GTR] 19:50:55 End processing HTTP request after 51.7212ms - 200
[Info   :Zeepkist GTR] 19:50:55 End processing HTTP request after 65.6738ms - 200
[Info   :Zeepkist Bingo] [BINGO] === PLAYER SPAWNED ===
[Info   :Zeepkist Bingo] [BINGO] IsInActiveSession: False
[Info   :Zeepkist Bingo] [BINGO] Not in active session, skipping timer reset
[Info   :Zeepkist GTR] 19:50:56 Loading personal best...
[Info   :Zeepkist GTR] 19:50:56 Start processing HTTP request "POST" https://es-graphql-1q5xcqmja6dvh4ctc4t9.zeepki.st/
[Info   :Zeepkist GTR] 19:50:56 Start processing HTTP request "POST" https://es-graphql-1q5xcqmja6dvh4ctc4t9.zeepki.st/
[Info   :Zeepkist GTR] 19:50:56 Sending HTTP request "POST" https://es-graphql-1q5xcqmja6dvh4ctc4t9.zeepki.st/
[Info   :Zeepkist GTR] 19:50:56 Stopping existing recorder if any
[Info   :Zeepkist GTR] 19:50:56 Creating new recorder
[Info   :Zeepkist GTR] 19:50:56 Received HTTP response headers after 69.3233ms - 200
[Info   :Zeepkist GTR] 19:50:56 End processing HTTP request after 69.5466ms - 200
[Info   :Zeepkist GTR] 19:50:56 End processing HTTP request after 71.7706ms - 200
[Info   :Zeepkist GTR] 19:50:56 Received HTTP response headers after 244.7357ms - 200
[Info   :Zeepkist GTR] 19:50:56 End processing HTTP request after 245.0132ms - 200
[Info   :Zeepkist GTR] 19:50:56 Received HTTP response headers after 244.0954ms - 200
[Info   :Zeepkist GTR] 19:50:56 End processing HTTP request after 244.2724ms - 200
[Info   :Zeepkist GTR] 19:50:56 End processing HTTP request after 247.582ms - 200
[Info   :Zeepkist GTR] 19:50:56 End processing HTTP request after 248.7714ms - 200
[Info   :BetterSplits] got gtr splits
[Info   :Zeepkist GTR] 19:50:57 Starting recorder
[Info   :Zeepkist Bingo] [BINGO] === PLAYER SPAWNED ===
[Info   :Zeepkist Bingo] [BINGO] IsInActiveSession: False
[Info   :Zeepkist Bingo] [BINGO] Not in active session, skipping timer reset
[Info   :Zeepkist GTR] 19:50:59 Loading personal best...
[Info   :Zeepkist GTR] 19:50:59 Start processing HTTP request "POST" https://es-graphql-1q5xcqmja6dvh4ctc4t9.zeepki.st/
[Info   :Zeepkist GTR] 19:50:59 Start processing HTTP request "POST" https://es-graphql-1q5xcqmja6dvh4ctc4t9.zeepki.st/
[Info   :Zeepkist GTR] 19:50:59 Sending HTTP request "POST" https://es-graphql-1q5xcqmja6dvh4ctc4t9.zeepki.st/
[Info   :Zeepkist GTR] 19:50:59 Stopping existing recorder if any
[Info   :Zeepkist GTR] 19:50:59 Creating new recorder
[Info   :Zeepkist GTR] 19:50:59 Received HTTP response headers after 70.5538ms - 200
[Info   :Zeepkist GTR] 19:50:59 End processing HTTP request after 70.773ms - 200
[Info   :Zeepkist GTR] 19:50:59 End processing HTTP request after 75.0519ms - 200
[Info   :Zeepkist GTR] 19:51:01 Starting recorder
[Info   :Zeepkist GTR] 19:51:26 Stopping recorder
[Info   :Zeepkist GTR] 19:51:26 Collecting extra information
[Info   :Zeepkist GTR] 19:51:26 Resolved workshop ID "3492196650" from lobby 3492196650 and level 0
[Info   :Zeepkist GTR] 19:51:26 Processing ghost data
[Info   :Zeepkist GTR] 19:51:26 Creating stream
[Info   :Zeepkist GTR] 19:51:26 Writing to stream
[Info   :Zeepkist GTR] 19:51:26 Converting to base64
[Info   :Zeepkist GTR] 19:51:26 Creating resource
[Info   :Zeepkist GTR] 19:51:26 Start processing HTTP request "POST" https://es-backend-5eu0pg2dcfyp6u2v33lz.zeepki.st/record/submit
[Info   :Zeepkist GTR] 19:51:26 Start processing HTTP request "POST" https://es-backend-5eu0pg2dcfyp6u2v33lz.zeepki.st/record/submit
[Info   :Zeepkist GTR] 19:51:26 Sending HTTP request "POST" https://es-backend-5eu0pg2dcfyp6u2v33lz.zeepki.st/record/submit
[Info   :Zeepkist GTR] 19:51:26 Received HTTP response headers after 235.2351ms - 200
[Info   :Zeepkist GTR] 19:51:26 End processing HTTP request after 235.4443ms - 200
[Info   :Zeepkist GTR] 19:51:26 End processing HTTP request after 235.9147ms - 200
[Info   :Zeepkist Bingo] [BINGO] === PLAYER SPAWNED ===
[Info   :Zeepkist Bingo] [BINGO] IsInActiveSession: False
[Info   :Zeepkist Bingo] [BINGO] Not in active session, skipping timer reset
[Info   :Zeepkist GTR] 19:51:27 Loading personal best...
[Info   :Zeepkist GTR] 19:51:27 Start processing HTTP request "POST" https://es-graphql-1q5xcqmja6dvh4ctc4t9.zeepki.st/
[Info   :Zeepkist GTR] 19:51:27 Start processing HTTP request "POST" https://es-graphql-1q5xcqmja6dvh4ctc4t9.zeepki.st/
[Info   :Zeepkist GTR] 19:51:27 Sending HTTP request "POST" https://es-graphql-1q5xcqmja6dvh4ctc4t9.zeepki.st/
[Info   :Zeepkist GTR] 19:51:27 Stopping existing recorder if any
[Info   :Zeepkist GTR] 19:51:27 Creating new recorder
[Info   :Zeepkist GTR] 19:51:27 Received HTTP response headers after 61.5376ms - 200
[Info   :Zeepkist GTR] 19:51:27 End processing HTTP request after 61.7617ms - 200
[Info   :Zeepkist GTR] 19:51:27 End processing HTTP request after 71.8863ms - 200
[Info   :Zeepkist GTR] 19:51:29 Starting recorder
[Info   :Zeepkist GTR] 19:51:54 Stopping recorder
[Info   :Zeepkist GTR] 19:51:54 Collecting extra information
[Info   :Zeepkist GTR] 19:51:54 Resolved workshop ID "3492196650" from lobby 3492196650 and level 0
[Info   :Zeepkist GTR] 19:51:54 Processing ghost data
[Info   :Zeepkist GTR] 19:51:54 Creating stream
[Info   :Zeepkist GTR] 19:51:54 Writing to stream
[Info   :Zeepkist GTR] 19:51:54 Converting to base64
[Info   :Zeepkist GTR] 19:51:54 Creating resource
[Info   :Zeepkist GTR] 19:51:54 Start processing HTTP request "POST" https://es-backend-5eu0pg2dcfyp6u2v33lz.zeepki.st/record/submit
[Info   :Zeepkist GTR] 19:51:54 Start processing HTTP request "POST" https://es-backend-5eu0pg2dcfyp6u2v33lz.zeepki.st/record/submit
[Info   :Zeepkist GTR] 19:51:54 Sending HTTP request "POST" https://es-backend-5eu0pg2dcfyp6u2v33lz.zeepki.st/record/submit
[Info   :Zeepkist GTR] 19:51:54 Received HTTP response headers after 153.2349ms - 200
[Info   :Zeepkist GTR] 19:51:54 End processing HTTP request after 153.4635ms - 200
[Info   :Zeepkist GTR] 19:51:54 End processing HTTP request after 158.9669ms - 200
[Info   :Zeepkist Bingo] [BINGO] === PLAYER SPAWNED ===
[Info   :Zeepkist Bingo] [BINGO] IsInActiveSession: False
[Info   :Zeepkist Bingo] [BINGO] Not in active session, skipping timer reset
[Info   :Zeepkist GTR] 19:51:55 Loading personal best...
[Info   :Zeepkist GTR] 19:51:55 Start processing HTTP request "POST" https://es-graphql-1q5xcqmja6dvh4ctc4t9.zeepki.st/
[Info   :Zeepkist GTR] 19:51:55 Start processing HTTP request "POST" https://es-graphql-1q5xcqmja6dvh4ctc4t9.zeepki.st/
[Info   :Zeepkist GTR] 19:51:55 Sending HTTP request "POST" https://es-graphql-1q5xcqmja6dvh4ctc4t9.zeepki.st/
[Info   :Zeepkist GTR] 19:51:55 Stopping existing recorder if any
[Info   :Zeepkist GTR] 19:51:55 Creating new recorder
[Info   :Zeepkist GTR] 19:51:55 Received HTTP response headers after 62.3415ms - 200
[Info   :Zeepkist GTR] 19:51:55 End processing HTTP request after 62.5757ms - 200
[Info   :Zeepkist GTR] 19:51:55 End processing HTTP request after 68.0506ms - 200
[Info   :Zeepkist GTR] 19:51:57 Starting recorder
[Info   :Zeepkist Bingo] [BINGO] === PLAYER SPAWNED ===
[Info   :Zeepkist Bingo] [BINGO] IsInActiveSession: False
[Info   :Zeepkist Bingo] [BINGO] Not in active session, skipping timer reset
[Info   :Zeepkist GTR] 19:52:04 Loading personal best...
[Info   :Zeepkist GTR] 19:52:04 Start processing HTTP request "POST" https://es-graphql-1q5xcqmja6dvh4ctc4t9.zeepki.st/
[Info   :Zeepkist GTR] 19:52:04 Start processing HTTP request "POST" https://es-graphql-1q5xcqmja6dvh4ctc4t9.zeepki.st/
[Info   :Zeepkist GTR] 19:52:04 Sending HTTP request "POST" https://es-graphql-1q5xcqmja6dvh4ctc4t9.zeepki.st/
[Info   :Zeepkist GTR] 19:52:04 Stopping existing recorder if any
[Info   :Zeepkist GTR] 19:52:04 Creating new recorder
[Info   :Zeepkist GTR] 19:52:04 Received HTTP response headers after 63.8919ms - 200
[Info   :Zeepkist GTR] 19:52:04 End processing HTTP request after 64.1028ms - 200
[Info   :Zeepkist GTR] 19:52:04 End processing HTTP request after 68.7809ms - 200
[Info   :Zeepkist GTR] 19:52:06 Starting recorder
[Info   :Zeepkist GTR] 19:52:30 Stopping recorder
[Info   :Zeepkist GTR] 19:52:30 Collecting extra information
[Info   :Zeepkist GTR] 19:52:30 Resolved workshop ID "3492196650" from lobby 3492196650 and level 0
[Info   :Zeepkist GTR] 19:52:30 Processing ghost data
[Info   :Zeepkist GTR] 19:52:30 Creating stream
[Info   :Zeepkist GTR] 19:52:30 Writing to stream
[Info   :Zeepkist GTR] 19:52:31 Converting to base64
[Info   :Zeepkist GTR] 19:52:31 Creating resource
[Info   :Zeepkist GTR] 19:52:31 Start processing HTTP request "POST" https://es-backend-5eu0pg2dcfyp6u2v33lz.zeepki.st/record/submit
[Info   :Zeepkist GTR] 19:52:31 Start processing HTTP request "POST" https://es-backend-5eu0pg2dcfyp6u2v33lz.zeepki.st/record/submit
[Info   :Zeepkist GTR] 19:52:31 Sending HTTP request "POST" https://es-backend-5eu0pg2dcfyp6u2v33lz.zeepki.st/record/submit
[Info   :Zeepkist GTR] 19:52:31 Received HTTP response headers after 459.2097ms - 200
[Info   :Zeepkist GTR] 19:52:31 End processing HTTP request after 459.4539ms - 200
[Info   :Zeepkist GTR] 19:52:31 End processing HTTP request after 460.45ms - 200
[Info   :Zeepkist Bingo] [BINGO] === PLAYER SPAWNED ===
[Info   :Zeepkist Bingo] [BINGO] IsInActiveSession: False
[Info   :Zeepkist Bingo] [BINGO] Not in active session, skipping timer reset
[Info   :Zeepkist GTR] 19:52:32 Loading personal best...
[Info   :Zeepkist GTR] 19:52:32 Start processing HTTP request "POST" https://es-graphql-1q5xcqmja6dvh4ctc4t9.zeepki.st/
[Info   :Zeepkist GTR] 19:52:32 Start processing HTTP request "POST" https://es-graphql-1q5xcqmja6dvh4ctc4t9.zeepki.st/
[Info   :Zeepkist GTR] 19:52:32 Sending HTTP request "POST" https://es-graphql-1q5xcqmja6dvh4ctc4t9.zeepki.st/
[Info   :Zeepkist GTR] 19:52:32 Stopping existing recorder if any
[Info   :Zeepkist GTR] 19:52:32 Creating new recorder
[Info   :Zeepkist GTR] 19:52:32 Received HTTP response headers after 222.8287ms - 200
[Info   :Zeepkist GTR] 19:52:32 End processing HTTP request after 223.0552ms - 200
[Info   :Zeepkist GTR] 19:52:32 End processing HTTP request after 226.8898ms - 200
[Info   :Zeepkist GTR] 19:52:33 Starting recorder
[Info   :Zeepkist GTR] 19:52:58 Stopping recorder
[Info   :Zeepkist GTR] 19:52:58 Collecting extra information
[Info   :Zeepkist GTR] 19:52:58 Resolved workshop ID "3492196650" from lobby 3492196650 and level 0
[Info   :Zeepkist GTR] 19:52:58 Processing ghost data
[Info   :Zeepkist GTR] 19:52:58 Creating stream
[Info   :Zeepkist GTR] 19:52:58 Writing to stream
[Info   :Zeepkist GTR] 19:52:58 Converting to base64
[Info   :Zeepkist GTR] 19:52:58 Creating resource
[Info   :Zeepkist GTR] 19:52:58 Start processing HTTP request "POST" https://es-backend-5eu0pg2dcfyp6u2v33lz.zeepki.st/record/submit
[Info   :Zeepkist GTR] 19:52:58 Start processing HTTP request "POST" https://es-backend-5eu0pg2dcfyp6u2v33lz.zeepki.st/record/submit
[Info   :Zeepkist GTR] 19:52:58 Sending HTTP request "POST" https://es-backend-5eu0pg2dcfyp6u2v33lz.zeepki.st/record/submit
[Info   :Zeepkist GTR] 19:52:58 Received HTTP response headers after 170.7965ms - 200
[Info   :Zeepkist GTR] 19:52:58 End processing HTTP request after 171.0321ms - 200
[Info   :Zeepkist GTR] 19:52:58 End processing HTTP request after 172.2514ms - 200
[Info   :Zeepkist Bingo] [BINGO] === PLAYER SPAWNED ===
[Info   :Zeepkist Bingo] [BINGO] IsInActiveSession: False
[Info   :Zeepkist Bingo] [BINGO] Not in active session, skipping timer reset
[Info   :Zeepkist GTR] 19:52:59 Loading personal best...
[Info   :Zeepkist GTR] 19:52:59 Start processing HTTP request "POST" https://es-graphql-1q5xcqmja6dvh4ctc4t9.zeepki.st/
[Info   :Zeepkist GTR] 19:52:59 Start processing HTTP request "POST" https://es-graphql-1q5xcqmja6dvh4ctc4t9.zeepki.st/
[Info   :Zeepkist GTR] 19:52:59 Sending HTTP request "POST" https://es-graphql-1q5xcqmja6dvh4ctc4t9.zeepki.st/
[Info   :Zeepkist GTR] 19:52:59 Stopping existing recorder if any
[Info   :Zeepkist GTR] 19:52:59 Creating new recorder
[Info   :Zeepkist GTR] 19:52:59 Received HTTP response headers after 66.0202ms - 200
[Info   :Zeepkist GTR] 19:52:59 End processing HTTP request after 66.2444ms - 200
[Info   :Zeepkist GTR] 19:52:59 End processing HTTP request after 74.3004ms - 200
[Info   :Zeepkist GTR] 19:53:01 Starting recorder
[Info   :Zeepkist Bingo] [BINGO] === PLAYER SPAWNED ===
[Info   :Zeepkist Bingo] [BINGO] IsInActiveSession: False
[Info   :Zeepkist Bingo] [BINGO] Not in active session, skipping timer reset
[Info   :Zeepkist GTR] 19:53:09 Loading personal best...
[Info   :Zeepkist GTR] 19:53:09 Start processing HTTP request "POST" https://es-graphql-1q5xcqmja6dvh4ctc4t9.zeepki.st/
[Info   :Zeepkist GTR] 19:53:09 Start processing HTTP request "POST" https://es-graphql-1q5xcqmja6dvh4ctc4t9.zeepki.st/
[Info   :Zeepkist GTR] 19:53:09 Sending HTTP request "POST" https://es-graphql-1q5xcqmja6dvh4ctc4t9.zeepki.st/
[Info   :Zeepkist GTR] 19:53:09 Stopping existing recorder if any
[Info   :Zeepkist GTR] 19:53:09 Creating new recorder
[Info   :Zeepkist GTR] 19:53:10 Received HTTP response headers after 56.1463ms - 200
[Info   :Zeepkist GTR] 19:53:10 End processing HTTP request after 56.3861ms - 200
[Info   :Zeepkist GTR] 19:53:10 End processing HTTP request after 61.4415ms - 200
[Info   :Zeepkist GTR] 19:53:11 Starting recorder
[Info   :Zeepkist Bingo] [BINGO] === PLAYER SPAWNED ===
[Info   :Zeepkist Bingo] [BINGO] IsInActiveSession: False
[Info   :Zeepkist Bingo] [BINGO] Not in active session, skipping timer reset
[Info   :Zeepkist GTR] 19:53:18 Loading personal best...
[Info   :Zeepkist GTR] 19:53:18 Start processing HTTP request "POST" https://es-graphql-1q5xcqmja6dvh4ctc4t9.zeepki.st/
[Info   :Zeepkist GTR] 19:53:18 Start processing HTTP request "POST" https://es-graphql-1q5xcqmja6dvh4ctc4t9.zeepki.st/
[Info   :Zeepkist GTR] 19:53:18 Sending HTTP request "POST" https://es-graphql-1q5xcqmja6dvh4ctc4t9.zeepki.st/
[Info   :Zeepkist GTR] 19:53:18 Stopping existing recorder if any
[Info   :Zeepkist GTR] 19:53:18 Creating new recorder
[Info   :Zeepkist GTR] 19:53:18 Received HTTP response headers after 68.6007ms - 200
[Info   :Zeepkist GTR] 19:53:18 End processing HTTP request after 68.8284ms - 200
[Info   :Zeepkist GTR] 19:53:18 End processing HTTP request after 73.6722ms - 200
[Info   :Zeepkist GTR] 19:53:19 Starting recorder
[Info   :Zeepkist GTR] 19:53:44 Stopping recorder
[Info   :Zeepkist GTR] 19:53:44 Collecting extra information
[Info   :Zeepkist GTR] 19:53:44 Resolved workshop ID "3492196650" from lobby 3492196650 and level 0
[Info   :Zeepkist GTR] 19:53:44 Processing ghost data
[Info   :Zeepkist GTR] 19:53:44 Creating stream
[Info   :Zeepkist GTR] 19:53:44 Writing to stream
[Info   :Zeepkist GTR] 19:53:44 Converting to base64
[Info   :Zeepkist GTR] 19:53:44 Creating resource
[Info   :Zeepkist GTR] 19:53:44 Start processing HTTP request "POST" https://es-backend-5eu0pg2dcfyp6u2v33lz.zeepki.st/record/submit
[Info   :Zeepkist GTR] 19:53:44 Start processing HTTP request "POST" https://es-backend-5eu0pg2dcfyp6u2v33lz.zeepki.st/record/submit
[Info   :Zeepkist GTR] 19:53:44 Sending HTTP request "POST" https://es-backend-5eu0pg2dcfyp6u2v33lz.zeepki.st/record/submit
[Info   :Zeepkist GTR] 19:53:44 Received HTTP response headers after 156.8162ms - 200
[Info   :Zeepkist GTR] 19:53:44 End processing HTTP request after 157.0445ms - 200
[Info   :Zeepkist GTR] 19:53:44 End processing HTTP request after 159.0052ms - 200
[Info   :Zeepkist Bingo] [BINGO] === PLAYER SPAWNED ===
[Info   :Zeepkist Bingo] [BINGO] IsInActiveSession: False
[Info   :Zeepkist Bingo] [BINGO] Not in active session, skipping timer reset
[Info   :Zeepkist GTR] 19:53:45 Loading personal best...
[Info   :Zeepkist GTR] 19:53:45 Start processing HTTP request "POST" https://es-graphql-1q5xcqmja6dvh4ctc4t9.zeepki.st/
[Info   :Zeepkist GTR] 19:53:45 Start processing HTTP request "POST" https://es-graphql-1q5xcqmja6dvh4ctc4t9.zeepki.st/
[Info   :Zeepkist GTR] 19:53:45 Sending HTTP request "POST" https://es-graphql-1q5xcqmja6dvh4ctc4t9.zeepki.st/
[Info   :Zeepkist GTR] 19:53:45 Stopping existing recorder if any
[Info   :Zeepkist GTR] 19:53:45 Creating new recorder
[Info   :Zeepkist GTR] 19:53:45 Received HTTP response headers after 63.5828ms - 200
[Info   :Zeepkist GTR] 19:53:45 End processing HTTP request after 63.7917ms - 200
[Info   :Zeepkist GTR] 19:53:45 End processing HTTP request after 64.6389ms - 200
[Info   :Zeepkist GTR] 19:53:46 Starting recorder
[Info   :Zeepkist Bingo] [BINGO] === PLAYER SPAWNED ===
[Info   :Zeepkist Bingo] [BINGO] IsInActiveSession: False
[Info   :Zeepkist Bingo] [BINGO] Not in active session, skipping timer reset
[Info   :Zeepkist GTR] 19:53:52 Loading personal best...
[Info   :Zeepkist GTR] 19:53:52 Start processing HTTP request "POST" https://es-graphql-1q5xcqmja6dvh4ctc4t9.zeepki.st/
[Info   :Zeepkist GTR] 19:53:52 Start processing HTTP request "POST" https://es-graphql-1q5xcqmja6dvh4ctc4t9.zeepki.st/
[Info   :Zeepkist GTR] 19:53:52 Sending HTTP request "POST" https://es-graphql-1q5xcqmja6dvh4ctc4t9.zeepki.st/
[Info   :Zeepkist GTR] 19:53:52 Stopping existing recorder if any
[Info   :Zeepkist GTR] 19:53:52 Creating new recorder
[Info   :Zeepkist GTR] 19:53:52 Received HTTP response headers after 66.3146ms - 200
[Info   :Zeepkist GTR] 19:53:52 End processing HTTP request after 66.5244ms - 200
[Info   :Zeepkist GTR] 19:53:52 End processing HTTP request after 74.1819ms - 200
[Info   :Zeepkist GTR] 19:53:54 Starting recorder
[Info   :Zeepkist Bingo] [BINGO] === PLAYER SPAWNED ===
[Info   :Zeepkist Bingo] [BINGO] IsInActiveSession: False
[Info   :Zeepkist Bingo] [BINGO] Not in active session, skipping timer reset
[Info   :Zeepkist GTR] 19:53:59 Loading personal best...
[Info   :Zeepkist GTR] 19:53:59 Start processing HTTP request "POST" https://es-graphql-1q5xcqmja6dvh4ctc4t9.zeepki.st/
[Info   :Zeepkist GTR] 19:53:59 Start processing HTTP request "POST" https://es-graphql-1q5xcqmja6dvh4ctc4t9.zeepki.st/
[Info   :Zeepkist GTR] 19:53:59 Sending HTTP request "POST" https://es-graphql-1q5xcqmja6dvh4ctc4t9.zeepki.st/
[Info   :Zeepkist GTR] 19:53:59 Stopping existing recorder if any
[Info   :Zeepkist GTR] 19:53:59 Creating new recorder
[Info   :Zeepkist GTR] 19:53:59 Received HTTP response headers after 56.5079ms - 200
[Info   :Zeepkist GTR] 19:53:59 End processing HTTP request after 56.7229ms - 200
[Info   :Zeepkist GTR] 19:53:59 End processing HTTP request after 67.1181ms - 200
[Info   :Zeepkist GTR] 19:54:00 Starting recorder
[Info   :Zeepkist Bingo] [BINGO] === PLAYER SPAWNED ===
[Info   :Zeepkist Bingo] [BINGO] IsInActiveSession: False
[Info   :Zeepkist Bingo] [BINGO] Not in active session, skipping timer reset
[Info   :Zeepkist GTR] 19:54:23 Loading personal best...
[Info   :Zeepkist GTR] 19:54:23 Start processing HTTP request "POST" https://es-graphql-1q5xcqmja6dvh4ctc4t9.zeepki.st/
[Info   :Zeepkist GTR] 19:54:23 Start processing HTTP request "POST" https://es-graphql-1q5xcqmja6dvh4ctc4t9.zeepki.st/
[Info   :Zeepkist GTR] 19:54:23 Sending HTTP request "POST" https://es-graphql-1q5xcqmja6dvh4ctc4t9.zeepki.st/
[Info   :Zeepkist GTR] 19:54:23 Stopping existing recorder if any
[Info   :Zeepkist GTR] 19:54:23 Creating new recorder
[Info   :Zeepkist GTR] 19:54:23 Received HTTP response headers after 61.5693ms - 200
[Info   :Zeepkist GTR] 19:54:23 End processing HTTP request after 61.7807ms - 200
[Info   :Zeepkist GTR] 19:54:23 End processing HTTP request after 62.7906ms - 200
[Info   :Zeepkist GTR] 19:54:25 Starting recorder
[Info   :Zeepkist Bingo] [BINGO] === PLAYER SPAWNED ===
[Info   :Zeepkist Bingo] [BINGO] IsInActiveSession: False
[Info   :Zeepkist Bingo] [BINGO] Not in active session, skipping timer reset
[Info   :Zeepkist GTR] 19:54:32 Loading personal best...
[Info   :Zeepkist GTR] 19:54:32 Start processing HTTP request "POST" https://es-graphql-1q5xcqmja6dvh4ctc4t9.zeepki.st/
[Info   :Zeepkist GTR] 19:54:32 Start processing HTTP request "POST" https://es-graphql-1q5xcqmja6dvh4ctc4t9.zeepki.st/
[Info   :Zeepkist GTR] 19:54:32 Sending HTTP request "POST" https://es-graphql-1q5xcqmja6dvh4ctc4t9.zeepki.st/
[Info   :Zeepkist GTR] 19:54:32 Stopping existing recorder if any
[Info   :Zeepkist GTR] 19:54:32 Creating new recorder
[Info   :Zeepkist GTR] 19:54:32 Received HTTP response headers after 243.7362ms - 200
[Info   :Zeepkist GTR] 19:54:32 End processing HTTP request after 243.9584ms - 200
[Info   :Zeepkist GTR] 19:54:32 End processing HTTP request after 246.81ms - 200
[Info   :Zeepkist GTR] 19:54:34 Starting recorder
[Info   :Zeepkist Bingo] [BINGO] === PLAYER SPAWNED ===
[Info   :Zeepkist Bingo] [BINGO] IsInActiveSession: False
[Info   :Zeepkist Bingo] [BINGO] Not in active session, skipping timer reset
[Info   :Zeepkist GTR] 19:54:52 Loading personal best...
[Info   :Zeepkist GTR] 19:54:52 Start processing HTTP request "POST" https://es-graphql-1q5xcqmja6dvh4ctc4t9.zeepki.st/
[Info   :Zeepkist GTR] 19:54:52 Start processing HTTP request "POST" https://es-graphql-1q5xcqmja6dvh4ctc4t9.zeepki.st/
[Info   :Zeepkist GTR] 19:54:52 Sending HTTP request "POST" https://es-graphql-1q5xcqmja6dvh4ctc4t9.zeepki.st/
[Info   :Zeepkist GTR] 19:54:52 Stopping existing recorder if any
[Info   :Zeepkist GTR] 19:54:52 Creating new recorder
[Info   :Zeepkist GTR] 19:54:52 Received HTTP response headers after 64.1632ms - 200
[Info   :Zeepkist GTR] 19:54:52 End processing HTTP request after 64.3805ms - 200
[Info   :Zeepkist GTR] 19:54:52 End processing HTTP request after 68.3182ms - 200
[Info   :Zeepkist GTR] 19:54:54 Starting recorder
[Info   :Zeepkist GTR] 19:55:18 Stopping recorder
[Info   :Zeepkist GTR] 19:55:18 Collecting extra information
[Info   :Zeepkist GTR] 19:55:18 Resolved workshop ID "3492196650" from lobby 3492196650 and level 0
[Info   :Zeepkist GTR] 19:55:18 Processing ghost data
[Info   :Zeepkist GTR] 19:55:18 Creating stream
[Info   :Zeepkist GTR] 19:55:18 Writing to stream
[Info   :Zeepkist GTR] 19:55:18 Converting to base64
[Info   :Zeepkist GTR] 19:55:18 Creating resource
[Info   :Zeepkist GTR] 19:55:18 Start processing HTTP request "POST" https://es-backend-5eu0pg2dcfyp6u2v33lz.zeepki.st/record/submit
[Info   :Zeepkist GTR] 19:55:18 Start processing HTTP request "POST" https://es-backend-5eu0pg2dcfyp6u2v33lz.zeepki.st/record/submit
[Info   :Zeepkist GTR] 19:55:18 Sending HTTP request "POST" https://es-backend-5eu0pg2dcfyp6u2v33lz.zeepki.st/record/submit
[Info   :Zeepkist GTR] 19:55:19 Received HTTP response headers after 465.1949ms - 200
[Info   :Zeepkist GTR] 19:55:19 End processing HTTP request after 465.4276ms - 200
[Info   :Zeepkist GTR] 19:55:19 End processing HTTP request after 470.5592ms - 200
[Info   :Zeepkist Bingo] [BINGO] === PLAYER SPAWNED ===
[Info   :Zeepkist Bingo] [BINGO] IsInActiveSession: False
[Info   :Zeepkist Bingo] [BINGO] Not in active session, skipping timer reset
[Info   :Zeepkist GTR] 19:55:20 Loading personal best...
[Info   :Zeepkist GTR] 19:55:20 Start processing HTTP request "POST" https://es-graphql-1q5xcqmja6dvh4ctc4t9.zeepki.st/
[Info   :Zeepkist GTR] 19:55:20 Start processing HTTP request "POST" https://es-graphql-1q5xcqmja6dvh4ctc4t9.zeepki.st/
[Info   :Zeepkist GTR] 19:55:20 Sending HTTP request "POST" https://es-graphql-1q5xcqmja6dvh4ctc4t9.zeepki.st/
[Info   :Zeepkist GTR] 19:55:20 Stopping existing recorder if any
[Info   :Zeepkist GTR] 19:55:20 Creating new recorder
[Info   :Zeepkist GTR] 19:55:20 Received HTTP response headers after 513.2492ms - 200
[Info   :Zeepkist GTR] 19:55:20 End processing HTTP request after 513.5162ms - 200
[Info   :Zeepkist GTR] 19:55:20 End processing HTTP request after 518.0859ms - 200
[Info   :Zeepkist GTR] 19:55:20 Start processing HTTP request "GET" https://cdn.zeepki.st/ghosts/01M37PGQGSBTM3XH7X4C01G0T0.bin
[Info   :Zeepkist GTR] 19:55:20 Sending HTTP request "GET" https://cdn.zeepki.st/ghosts/01M37PGQGSBTM3XH7X4C01G0T0.bin
[Info   :Zeepkist GTR] 19:55:20 Start processing HTTP request "POST" https://es-graphql-1q5xcqmja6dvh4ctc4t9.zeepki.st/
[Info   :Zeepkist GTR] 19:55:20 Start processing HTTP request "POST" https://es-graphql-1q5xcqmja6dvh4ctc4t9.zeepki.st/
[Info   :Zeepkist GTR] 19:55:20 Sending HTTP request "POST" https://es-graphql-1q5xcqmja6dvh4ctc4t9.zeepki.st/
[Info   :Zeepkist GTR] 19:55:21 Received HTTP response headers after 95.6794ms - 200
[Info   :Zeepkist GTR] 19:55:21 End processing HTTP request after 95.9413ms - 200
[Info   :Zeepkist GTR] 19:55:21 End processing HTTP request after 100.4405ms - 200
[Info   :Zeepkist GTR] 19:55:21 Received HTTP response headers after 768.0952ms - 200
[Info   :Zeepkist GTR] 19:55:21 End processing HTTP request after 768.3578ms - 200
[Info   :Zeepkist GTR] 19:55:21 Starting recorder
[Info   :Zeepkist GTR] 19:55:24 Start processing HTTP request "POST" https://es-graphql-1q5xcqmja6dvh4ctc4t9.zeepki.st/
[Info   :Zeepkist GTR] 19:55:24 Start processing HTTP request "POST" https://es-graphql-1q5xcqmja6dvh4ctc4t9.zeepki.st/
[Info   :Zeepkist GTR] 19:55:24 Sending HTTP request "POST" https://es-graphql-1q5xcqmja6dvh4ctc4t9.zeepki.st/
[Info   :Zeepkist GTR] 19:55:24 Received HTTP response headers after 91.3239ms - 200
[Info   :Zeepkist GTR] 19:55:24 End processing HTTP request after 91.5402ms - 200
[Info   :Zeepkist GTR] 19:55:24 End processing HTTP request after 98.4606ms - 200
[Info   :Zeepkist GTR] 19:55:46 Stopping recorder
[Info   :Zeepkist GTR] 19:55:46 Collecting extra information
[Info   :Zeepkist GTR] 19:55:46 Resolved workshop ID "3492196650" from lobby 3492196650 and level 0
[Info   :Zeepkist GTR] 19:55:46 Processing ghost data
[Info   :Zeepkist GTR] 19:55:46 Creating stream
[Info   :Zeepkist GTR] 19:55:46 Writing to stream
[Info   :Zeepkist GTR] 19:55:46 Converting to base64
[Info   :Zeepkist GTR] 19:55:46 Creating resource
[Info   :Zeepkist GTR] 19:55:46 Start processing HTTP request "POST" https://es-backend-5eu0pg2dcfyp6u2v33lz.zeepki.st/record/submit
[Info   :Zeepkist GTR] 19:55:46 Start processing HTTP request "POST" https://es-backend-5eu0pg2dcfyp6u2v33lz.zeepki.st/record/submit
[Info   :Zeepkist GTR] 19:55:46 Sending HTTP request "POST" https://es-backend-5eu0pg2dcfyp6u2v33lz.zeepki.st/record/submit
[Info   :Zeepkist GTR] 19:55:46 Received HTTP response headers after 205.4775ms - 200
[Info   :Zeepkist GTR] 19:55:46 End processing HTTP request after 205.7271ms - 200
[Info   :Zeepkist GTR] 19:55:46 End processing HTTP request after 207.8231ms - 200
[Info   :Zeepkist GTR] 19:55:54 Discarding recorder
[Info   :RoundLeaderboardTab] Drawing leaderboard -> forwarding to Instance.DrawTabLeaderboard()
[Info   :Zeepkist Bingo] [BINGO] Level loaded
[Info   :Zeepkist GTR] 19:56:09 Start processing HTTP request "POST" https://es-backend-5eu0pg2dcfyp6u2v33lz.zeepki.st/level/request
[Info   :Zeepkist GTR] 19:56:09 Start processing HTTP request "POST" https://es-backend-5eu0pg2dcfyp6u2v33lz.zeepki.st/level/request
[Info   :Zeepkist GTR] 19:56:09 Sending HTTP request "POST" https://es-backend-5eu0pg2dcfyp6u2v33lz.zeepki.st/level/request
[Info   :Zeepkist GTR] 19:56:09 Start processing HTTP request "POST" https://es-graphql-1q5xcqmja6dvh4ctc4t9.zeepki.st/
[Info   :Zeepkist GTR] 19:56:09 Start processing HTTP request "POST" https://es-graphql-1q5xcqmja6dvh4ctc4t9.zeepki.st/
[Info   :Zeepkist GTR] 19:56:09 Sending HTTP request "POST" https://es-graphql-1q5xcqmja6dvh4ctc4t9.zeepki.st/
[Warning:Zeepkist GTR] 19:56:09 Current-level record subscription failed
[Info   :Zeepkist GTR] 19:56:09 Start processing HTTP request "POST" https://es-graphql-1q5xcqmja6dvh4ctc4t9.zeepki.st/
[Info   :Zeepkist GTR] 19:56:09 Start processing HTTP request "POST" https://es-graphql-1q5xcqmja6dvh4ctc4t9.zeepki.st/
[Info   :Zeepkist GTR] 19:56:09 Sending HTTP request "POST" https://es-graphql-1q5xcqmja6dvh4ctc4t9.zeepki.st/
[Info   :BetterSplits] getting gtr splits
[Info   :Zeepkist GTR] 19:56:09 Received HTTP response headers after 51.6485ms - 200
[Info   :Zeepkist GTR] 19:56:09 End processing HTTP request after 51.8519ms - 200
[Info   :Zeepkist GTR] 19:56:09 End processing HTTP request after 80.5405ms - 200
[Info   :Zeepkist GTR] 19:56:09 Received HTTP response headers after 93.6541ms - 200
[Info   :Zeepkist GTR] 19:56:09 End processing HTTP request after 93.87ms - 200
[Info   :Zeepkist Bingo] [BINGO] === PLAYER SPAWNED ===
[Info   :Zeepkist Bingo] [BINGO] IsInActiveSession: False
[Info   :Zeepkist Bingo] [BINGO] Not in active session, skipping timer reset
[Info   :Zeepkist GTR] 19:56:09 Loading personal best...
[Info   :Zeepkist GTR] 19:56:09 Start processing HTTP request "POST" https://es-graphql-1q5xcqmja6dvh4ctc4t9.zeepki.st/
[Info   :Zeepkist GTR] 19:56:09 Start processing HTTP request "POST" https://es-graphql-1q5xcqmja6dvh4ctc4t9.zeepki.st/
[Info   :Zeepkist GTR] 19:56:09 Sending HTTP request "POST" https://es-graphql-1q5xcqmja6dvh4ctc4t9.zeepki.st/
[Info   :Zeepkist GTR] 19:56:09 Stopping existing recorder if any
[Info   :Zeepkist GTR] 19:56:09 Creating new recorder
[Info   :Zeepkist GTR] 19:56:09 End processing HTTP request after 124.0933ms - 200
[Info   :Zeepkist GTR] 19:56:09 Received HTTP response headers after 87.204ms - 200
[Info   :Zeepkist GTR] 19:56:09 End processing HTTP request after 87.4249ms - 200
[Info   :Zeepkist GTR] 19:56:09 End processing HTTP request after 93.0829ms - 200
[Info   :Zeepkist GTR] 19:56:09 Received HTTP response headers after 293.7939ms - 200
[Info   :Zeepkist GTR] 19:56:09 End processing HTTP request after 294.1267ms - 200
[Info   :Zeepkist GTR] 19:56:09 End processing HTTP request after 299.5364ms - 200
[Info   :BetterSplits] got gtr splits
[Info   :Zeepkist GTR] 19:56:10 Starting recorder
[Info   :Zeepkist GTR] 19:56:31 Stopping recorder
[Info   :Zeepkist GTR] 19:56:31 Collecting extra information
[Info   :Zeepkist GTR] 19:56:31 Resolved workshop ID "3706411299" from lobby 3706411299 and level 0
[Info   :Zeepkist GTR] 19:56:31 Processing ghost data
[Info   :Zeepkist GTR] 19:56:31 Creating stream
[Info   :Zeepkist GTR] 19:56:31 Writing to stream
[Info   :Zeepkist GTR] 19:56:31 Converting to base64
[Info   :Zeepkist GTR] 19:56:31 Creating resource
[Info   :Zeepkist GTR] 19:56:31 Start processing HTTP request "POST" https://es-backend-5eu0pg2dcfyp6u2v33lz.zeepki.st/record/submit
[Info   :Zeepkist GTR] 19:56:31 Start processing HTTP request "POST" https://es-backend-5eu0pg2dcfyp6u2v33lz.zeepki.st/record/submit
[Info   :Zeepkist GTR] 19:56:31 Sending HTTP request "POST" https://es-backend-5eu0pg2dcfyp6u2v33lz.zeepki.st/record/submit
[Info   :Zeepkist GTR] 19:56:31 Received HTTP response headers after 157.3324ms - 200
[Info   :Zeepkist GTR] 19:56:31 End processing HTTP request after 157.5502ms - 200
[Info   :Zeepkist GTR] 19:56:31 End processing HTTP request after 158.0832ms - 200
[Info   :Zeepkist Bingo] [BINGO] === PLAYER SPAWNED ===
[Info   :Zeepkist Bingo] [BINGO] IsInActiveSession: False
[Info   :Zeepkist Bingo] [BINGO] Not in active session, skipping timer reset
[Info   :Zeepkist GTR] 19:56:33 Loading personal best...
[Info   :Zeepkist GTR] 19:56:33 Start processing HTTP request "POST" https://es-graphql-1q5xcqmja6dvh4ctc4t9.zeepki.st/
[Info   :Zeepkist GTR] 19:56:33 Start processing HTTP request "POST" https://es-graphql-1q5xcqmja6dvh4ctc4t9.zeepki.st/
[Info   :Zeepkist GTR] 19:56:33 Sending HTTP request "POST" https://es-graphql-1q5xcqmja6dvh4ctc4t9.zeepki.st/
[Info   :Zeepkist GTR] 19:56:33 Stopping existing recorder if any
[Info   :Zeepkist GTR] 19:56:33 Creating new recorder
[Info   :Zeepkist GTR] 19:56:33 Received HTTP response headers after 353.2199ms - 200
[Info   :Zeepkist GTR] 19:56:33 End processing HTTP request after 353.4405ms - 200
[Info   :Zeepkist GTR] 19:56:33 End processing HTTP request after 359.3598ms - 200
[Info   :Zeepkist GTR] 19:56:35 Starting recorder
[Info   :Zeepkist GTR] 19:56:55 Stopping recorder
[Info   :Zeepkist GTR] 19:56:55 Collecting extra information
[Info   :Zeepkist GTR] 19:56:55 Resolved workshop ID "3706411299" from lobby 3706411299 and level 0
[Info   :Zeepkist GTR] 19:56:55 Processing ghost data
[Info   :Zeepkist GTR] 19:56:55 Creating stream
[Info   :Zeepkist GTR] 19:56:55 Writing to stream
[Info   :Zeepkist GTR] 19:56:55 Converting to base64
[Info   :Zeepkist GTR] 19:56:55 Creating resource
[Info   :Zeepkist GTR] 19:56:55 Start processing HTTP request "POST" https://es-backend-5eu0pg2dcfyp6u2v33lz.zeepki.st/record/submit
[Info   :Zeepkist GTR] 19:56:55 Start processing HTTP request "POST" https://es-backend-5eu0pg2dcfyp6u2v33lz.zeepki.st/record/submit
[Info   :Zeepkist GTR] 19:56:55 Sending HTTP request "POST" https://es-backend-5eu0pg2dcfyp6u2v33lz.zeepki.st/record/submit
[Info   :Zeepkist GTR] 19:56:55 Received HTTP response headers after 435.774ms - 200
[Info   :Zeepkist GTR] 19:56:55 End processing HTTP request after 436.0139ms - 200
[Info   :Zeepkist GTR] 19:56:55 End processing HTTP request after 441.7222ms - 200
[Info   :Zeepkist GTR] 19:56:56 Start processing HTTP request "POST" https://es-graphql-1q5xcqmja6dvh4ctc4t9.zeepki.st/
[Info   :Zeepkist GTR] 19:56:56 Start processing HTTP request "POST" https://es-graphql-1q5xcqmja6dvh4ctc4t9.zeepki.st/
[Info   :Zeepkist GTR] 19:56:56 Sending HTTP request "POST" https://es-graphql-1q5xcqmja6dvh4ctc4t9.zeepki.st/
[Info   :Zeepkist GTR] 19:56:56 Received HTTP response headers after 81.6612ms - 200
[Info   :Zeepkist GTR] 19:56:56 End processing HTTP request after 81.8946ms - 200
[Info   :Zeepkist GTR] 19:56:56 End processing HTTP request after 85.4515ms - 200
[Info   :Zeepkist Bingo] [BINGO] === PLAYER SPAWNED ===
[Info   :Zeepkist Bingo] [BINGO] IsInActiveSession: False
[Info   :Zeepkist Bingo] [BINGO] Not in active session, skipping timer reset
[Info   :Zeepkist GTR] 19:56:58 Loading personal best...
[Info   :Zeepkist GTR] 19:56:58 Start processing HTTP request "POST" https://es-graphql-1q5xcqmja6dvh4ctc4t9.zeepki.st/
[Info   :Zeepkist GTR] 19:56:58 Start processing HTTP request "POST" https://es-graphql-1q5xcqmja6dvh4ctc4t9.zeepki.st/
[Info   :Zeepkist GTR] 19:56:58 Sending HTTP request "POST" https://es-graphql-1q5xcqmja6dvh4ctc4t9.zeepki.st/
[Info   :Zeepkist GTR] 19:56:58 Stopping existing recorder if any
[Info   :Zeepkist GTR] 19:56:58 Creating new recorder
[Info   :Zeepkist GTR] 19:56:59 Received HTTP response headers after 67.6771ms - 200
[Info   :Zeepkist GTR] 19:56:59 End processing HTTP request after 67.9035ms - 200
[Info   :Zeepkist GTR] 19:56:59 End processing HTTP request after 69.7364ms - 200
[Info   :Zeepkist GTR] 19:56:59 Start processing HTTP request "GET" https://cdn.zeepki.st/ghosts/01M37PKNQSA7VJY3BFAB84V2BM.bin
[Info   :Zeepkist GTR] 19:56:59 Sending HTTP request "GET" https://cdn.zeepki.st/ghosts/01M37PKNQSA7VJY3BFAB84V2BM.bin
[Info   :Zeepkist GTR] 19:56:59 Received HTTP response headers after 747.5967ms - 200
[Info   :Zeepkist GTR] 19:56:59 End processing HTTP request after 747.8645ms - 200
[Info   :Zeepkist GTR] 19:57:00 Starting recorder
[Info   :Zeepkist GTR] 19:57:21 Stopping recorder
[Info   :Zeepkist GTR] 19:57:21 Collecting extra information
[Info   :Zeepkist GTR] 19:57:21 Resolved workshop ID "3706411299" from lobby 3706411299 and level 0
[Info   :Zeepkist GTR] 19:57:21 Processing ghost data
[Info   :Zeepkist GTR] 19:57:21 Creating stream
[Info   :Zeepkist GTR] 19:57:21 Writing to stream
[Info   :Zeepkist GTR] 19:57:21 Converting to base64
[Info   :Zeepkist GTR] 19:57:21 Creating resource
[Info   :Zeepkist GTR] 19:57:21 Start processing HTTP request "POST" https://es-backend-5eu0pg2dcfyp6u2v33lz.zeepki.st/record/submit
[Info   :Zeepkist GTR] 19:57:21 Start processing HTTP request "POST" https://es-backend-5eu0pg2dcfyp6u2v33lz.zeepki.st/record/submit
[Info   :Zeepkist GTR] 19:57:21 Sending HTTP request "POST" https://es-backend-5eu0pg2dcfyp6u2v33lz.zeepki.st/record/submit
[Info   :Zeepkist GTR] 19:57:21 Received HTTP response headers after 179.738ms - 200
[Info   :Zeepkist GTR] 19:57:21 End processing HTTP request after 179.9622ms - 200
[Info   :Zeepkist GTR] 19:57:21 End processing HTTP request after 182.9693ms - 200
[Info   :Zeepkist Bingo] [BINGO] === PLAYER SPAWNED ===
[Info   :Zeepkist Bingo] [BINGO] IsInActiveSession: False
[Info   :Zeepkist Bingo] [BINGO] Not in active session, skipping timer reset
[Info   :Zeepkist GTR] 19:57:22 Loading personal best...
[Info   :Zeepkist GTR] 19:57:22 Start processing HTTP request "POST" https://es-graphql-1q5xcqmja6dvh4ctc4t9.zeepki.st/
[Info   :Zeepkist GTR] 19:57:22 Start processing HTTP request "POST" https://es-graphql-1q5xcqmja6dvh4ctc4t9.zeepki.st/
[Info   :Zeepkist GTR] 19:57:22 Sending HTTP request "POST" https://es-graphql-1q5xcqmja6dvh4ctc4t9.zeepki.st/
[Info   :Zeepkist GTR] 19:57:22 Stopping existing recorder if any
[Info   :Zeepkist GTR] 19:57:22 Creating new recorder
[Info   :Zeepkist GTR] 19:57:22 Received HTTP response headers after 81.8307ms - 200
[Info   :Zeepkist GTR] 19:57:22 End processing HTTP request after 82.0628ms - 200
[Info   :Zeepkist GTR] 19:57:22 End processing HTTP request after 84.5137ms - 200
[Info   :Zeepkist GTR] 19:57:24 Starting recorder
[Info   :Zeepkist Bingo] [BINGO] === PLAYER SPAWNED ===
[Info   :Zeepkist Bingo] [BINGO] IsInActiveSession: False
[Info   :Zeepkist Bingo] [BINGO] Not in active session, skipping timer reset
[Info   :Zeepkist GTR] 19:57:30 Loading personal best...
[Info   :Zeepkist GTR] 19:57:30 Start processing HTTP request "POST" https://es-graphql-1q5xcqmja6dvh4ctc4t9.zeepki.st/
[Info   :Zeepkist GTR] 19:57:30 Start processing HTTP request "POST" https://es-graphql-1q5xcqmja6dvh4ctc4t9.zeepki.st/
[Info   :Zeepkist GTR] 19:57:30 Sending HTTP request "POST" https://es-graphql-1q5xcqmja6dvh4ctc4t9.zeepki.st/
[Info   :Zeepkist GTR] 19:57:30 Stopping existing recorder if any
[Info   :Zeepkist GTR] 19:57:30 Creating new recorder
[Info   :Zeepkist GTR] 19:57:30 Received HTTP response headers after 71.7409ms - 200
[Info   :Zeepkist GTR] 19:57:30 End processing HTTP request after 71.9613ms - 200
[Info   :Zeepkist GTR] 19:57:31 End processing HTTP request after 81.744ms - 200
[Info   :Zeepkist GTR] 19:57:32 Starting recorder
[Info   :Zeepkist GTR] 19:57:52 Stopping recorder
[Info   :Zeepkist GTR] 19:57:52 Collecting extra information
[Info   :Zeepkist GTR] 19:57:52 Resolved workshop ID "3706411299" from lobby 3706411299 and level 0
[Info   :Zeepkist GTR] 19:57:52 Processing ghost data
[Info   :Zeepkist GTR] 19:57:52 Creating stream
[Info   :Zeepkist GTR] 19:57:52 Writing to stream
[Info   :Zeepkist GTR] 19:57:52 Converting to base64
[Info   :Zeepkist GTR] 19:57:52 Creating resource
[Info   :Zeepkist GTR] 19:57:52 Start processing HTTP request "POST" https://es-backend-5eu0pg2dcfyp6u2v33lz.zeepki.st/record/submit
[Info   :Zeepkist GTR] 19:57:52 Start processing HTTP request "POST" https://es-backend-5eu0pg2dcfyp6u2v33lz.zeepki.st/record/submit
[Info   :Zeepkist GTR] 19:57:52 Sending HTTP request "POST" https://es-backend-5eu0pg2dcfyp6u2v33lz.zeepki.st/record/submit
[Info   :Zeepkist GTR] 19:57:53 Received HTTP response headers after 858.316ms - 200
[Info   :Zeepkist GTR] 19:57:53 End processing HTTP request after 858.5412ms - 200
[Info   :Zeepkist GTR] 19:57:53 End processing HTTP request after 860.3212ms - 200
[Info   :Zeepkist Bingo] [BINGO] === PLAYER SPAWNED ===
[Info   :Zeepkist Bingo] [BINGO] IsInActiveSession: False
[Info   :Zeepkist Bingo] [BINGO] Not in active session, skipping timer reset
[Info   :Zeepkist GTR] 19:57:56 Loading personal best...
[Info   :Zeepkist GTR] 19:57:56 Start processing HTTP request "POST" https://es-graphql-1q5xcqmja6dvh4ctc4t9.zeepki.st/
[Info   :Zeepkist GTR] 19:57:56 Start processing HTTP request "POST" https://es-graphql-1q5xcqmja6dvh4ctc4t9.zeepki.st/
[Info   :Zeepkist GTR] 19:57:56 Sending HTTP request "POST" https://es-graphql-1q5xcqmja6dvh4ctc4t9.zeepki.st/
[Info   :Zeepkist GTR] 19:57:56 Stopping existing recorder if any
[Info   :Zeepkist GTR] 19:57:56 Creating new recorder
[Info   :Zeepkist GTR] 19:57:56 Received HTTP response headers after 67.8061ms - 200
[Info   :Zeepkist GTR] 19:57:56 End processing HTTP request after 68.0418ms - 200
[Info   :Zeepkist GTR] 19:57:56 End processing HTTP request after 73.1541ms - 200
[Info   :Zeepkist GTR] 19:57:58 Starting recorder
[Info   :Zeepkist GTR] 19:58:18 Stopping recorder
[Info   :Zeepkist GTR] 19:58:18 Collecting extra information
[Info   :Zeepkist GTR] 19:58:18 Resolved workshop ID "3706411299" from lobby 3706411299 and level 0
[Info   :Zeepkist GTR] 19:58:18 Processing ghost data
[Info   :Zeepkist GTR] 19:58:18 Creating stream
[Info   :Zeepkist GTR] 19:58:18 Writing to stream
[Info   :Zeepkist GTR] 19:58:18 Converting to base64
[Info   :Zeepkist GTR] 19:58:18 Creating resource
[Info   :Zeepkist GTR] 19:58:18 Start processing HTTP request "POST" https://es-backend-5eu0pg2dcfyp6u2v33lz.zeepki.st/record/submit
[Info   :Zeepkist GTR] 19:58:18 Start processing HTTP request "POST" https://es-backend-5eu0pg2dcfyp6u2v33lz.zeepki.st/record/submit
[Info   :Zeepkist GTR] 19:58:18 Sending HTTP request "POST" https://es-backend-5eu0pg2dcfyp6u2v33lz.zeepki.st/record/submit
[Info   :Zeepkist GTR] 19:58:18 Received HTTP response headers after 157.3608ms - 200
[Info   :Zeepkist GTR] 19:58:18 End processing HTTP request after 157.582ms - 200
[Info   :Zeepkist GTR] 19:58:18 End processing HTTP request after 158.1503ms - 200
[Info   :Zeepkist Bingo] [BINGO] === PLAYER SPAWNED ===
[Info   :Zeepkist Bingo] [BINGO] IsInActiveSession: False
[Info   :Zeepkist Bingo] [BINGO] Not in active session, skipping timer reset
[Info   :Zeepkist GTR] 19:58:19 Loading personal best...
[Info   :Zeepkist GTR] 19:58:19 Start processing HTTP request "POST" https://es-graphql-1q5xcqmja6dvh4ctc4t9.zeepki.st/
[Info   :Zeepkist GTR] 19:58:19 Start processing HTTP request "POST" https://es-graphql-1q5xcqmja6dvh4ctc4t9.zeepki.st/
[Info   :Zeepkist GTR] 19:58:19 Sending HTTP request "POST" https://es-graphql-1q5xcqmja6dvh4ctc4t9.zeepki.st/
[Info   :Zeepkist GTR] 19:58:19 Stopping existing recorder if any
[Info   :Zeepkist GTR] 19:58:19 Creating new recorder
[Info   :Zeepkist GTR] 19:58:19 Received HTTP response headers after 67.1116ms - 200
[Info   :Zeepkist GTR] 19:58:19 End processing HTTP request after 67.3305ms - 200
[Info   :Zeepkist GTR] 19:58:19 End processing HTTP request after 73.9414ms - 200
[Info   :Zeepkist GTR] 19:58:21 Starting recorder
[Info   :Zeepkist Bingo] [BINGO] === PLAYER SPAWNED ===
[Info   :Zeepkist Bingo] [BINGO] IsInActiveSession: False
[Info   :Zeepkist Bingo] [BINGO] Not in active session, skipping timer reset
[Info   :Zeepkist GTR] 19:58:27 Loading personal best...
[Info   :Zeepkist GTR] 19:58:27 Start processing HTTP request "POST" https://es-graphql-1q5xcqmja6dvh4ctc4t9.zeepki.st/
[Info   :Zeepkist GTR] 19:58:27 Start processing HTTP request "POST" https://es-graphql-1q5xcqmja6dvh4ctc4t9.zeepki.st/
[Info   :Zeepkist GTR] 19:58:27 Sending HTTP request "POST" https://es-graphql-1q5xcqmja6dvh4ctc4t9.zeepki.st/
[Info   :Zeepkist GTR] 19:58:27 Stopping existing recorder if any
[Info   :Zeepkist GTR] 19:58:27 Creating new recorder
[Info   :Zeepkist GTR] 19:58:27 Received HTTP response headers after 72.1359ms - 200
[Info   :Zeepkist GTR] 19:58:27 End processing HTTP request after 72.3854ms - 200
[Info   :Zeepkist GTR] 19:58:27 End processing HTTP request after 79.2054ms - 200
[Info   :Zeepkist GTR] 19:58:29 Starting recorder
[Info   :Zeepkist Bingo] [BINGO] === PLAYER SPAWNED ===
[Info   :Zeepkist Bingo] [BINGO] IsInActiveSession: False
[Info   :Zeepkist Bingo] [BINGO] Not in active session, skipping timer reset
[Info   :Zeepkist GTR] 19:58:34 Loading personal best...
[Info   :Zeepkist GTR] 19:58:34 Start processing HTTP request "POST" https://es-graphql-1q5xcqmja6dvh4ctc4t9.zeepki.st/
[Info   :Zeepkist GTR] 19:58:34 Start processing HTTP request "POST" https://es-graphql-1q5xcqmja6dvh4ctc4t9.zeepki.st/
[Info   :Zeepkist GTR] 19:58:34 Sending HTTP request "POST" https://es-graphql-1q5xcqmja6dvh4ctc4t9.zeepki.st/
[Info   :Zeepkist GTR] 19:58:34 Stopping existing recorder if any
[Info   :Zeepkist GTR] 19:58:34 Creating new recorder
[Info   :Zeepkist GTR] 19:58:34 Received HTTP response headers after 223.2343ms - 200
[Info   :Zeepkist GTR] 19:58:34 End processing HTTP request after 223.4728ms - 200
[Info   :Zeepkist GTR] 19:58:34 End processing HTTP request after 234.6195ms - 200
[Info   :Zeepkist GTR] 19:58:36 Starting recorder
[Info   :Zeepkist GTR] 19:58:56 Stopping recorder
[Info   :Zeepkist GTR] 19:58:56 Collecting extra information
[Info   :Zeepkist GTR] 19:58:56 Resolved workshop ID "3706411299" from lobby 3706411299 and level 0
[Info   :Zeepkist GTR] 19:58:56 Processing ghost data
[Info   :Zeepkist GTR] 19:58:56 Creating stream
[Info   :Zeepkist GTR] 19:58:56 Writing to stream
[Info   :Zeepkist GTR] 19:58:56 Converting to base64
[Info   :Zeepkist GTR] 19:58:56 Creating resource
[Info   :Zeepkist GTR] 19:58:56 Start processing HTTP request "POST" https://es-backend-5eu0pg2dcfyp6u2v33lz.zeepki.st/record/submit
[Info   :Zeepkist GTR] 19:58:56 Start processing HTTP request "POST" https://es-backend-5eu0pg2dcfyp6u2v33lz.zeepki.st/record/submit
[Info   :Zeepkist GTR] 19:58:56 Sending HTTP request "POST" https://es-backend-5eu0pg2dcfyp6u2v33lz.zeepki.st/record/submit
[Info   :Zeepkist GTR] 19:58:56 Received HTTP response headers after 390.5117ms - 200
[Info   :Zeepkist GTR] 19:58:56 End processing HTTP request after 390.7522ms - 200
[Info   :Zeepkist GTR] 19:58:56 End processing HTTP request after 395.3919ms - 200
[Info   :Zeepkist Bingo] [BINGO] === PLAYER SPAWNED ===
[Info   :Zeepkist Bingo] [BINGO] IsInActiveSession: False
[Info   :Zeepkist Bingo] [BINGO] Not in active session, skipping timer reset
[Info   :Zeepkist GTR] 19:58:57 Loading personal best...
[Info   :Zeepkist GTR] 19:58:57 Start processing HTTP request "POST" https://es-graphql-1q5xcqmja6dvh4ctc4t9.zeepki.st/
[Info   :Zeepkist GTR] 19:58:57 Start processing HTTP request "POST" https://es-graphql-1q5xcqmja6dvh4ctc4t9.zeepki.st/
[Info   :Zeepkist GTR] 19:58:57 Sending HTTP request "POST" https://es-graphql-1q5xcqmja6dvh4ctc4t9.zeepki.st/
[Info   :Zeepkist GTR] 19:58:57 Stopping existing recorder if any
[Info   :Zeepkist GTR] 19:58:57 Creating new recorder
[Info   :Zeepkist GTR] 19:58:58 Received HTTP response headers after 70.7029ms - 200
[Info   :Zeepkist GTR] 19:58:58 End processing HTTP request after 70.926ms - 200
[Info   :Zeepkist GTR] 19:58:58 End processing HTTP request after 74.4545ms - 200
[Info   :Zeepkist GTR] 19:58:59 Starting recorder
[Info   :Zeepkist GTR] 19:59:20 Stopping recorder
[Info   :Zeepkist GTR] 19:59:20 Collecting extra information
[Info   :Zeepkist GTR] 19:59:20 Resolved workshop ID "3706411299" from lobby 3706411299 and level 0
[Info   :Zeepkist GTR] 19:59:20 Processing ghost data
[Info   :Zeepkist GTR] 19:59:20 Creating stream
[Info   :Zeepkist GTR] 19:59:20 Writing to stream
[Info   :Zeepkist GTR] 19:59:20 Converting to base64
[Info   :Zeepkist GTR] 19:59:20 Creating resource
[Info   :Zeepkist GTR] 19:59:20 Start processing HTTP request "POST" https://es-backend-5eu0pg2dcfyp6u2v33lz.zeepki.st/record/submit
[Info   :Zeepkist GTR] 19:59:20 Start processing HTTP request "POST" https://es-backend-5eu0pg2dcfyp6u2v33lz.zeepki.st/record/submit
[Info   :Zeepkist GTR] 19:59:20 Sending HTTP request "POST" https://es-backend-5eu0pg2dcfyp6u2v33lz.zeepki.st/record/submit
[Info   :Zeepkist GTR] 19:59:20 Received HTTP response headers after 150.1875ms - 200
[Info   :Zeepkist GTR] 19:59:20 End processing HTTP request after 150.4013ms - 200
[Info   :Zeepkist GTR] 19:59:20 End processing HTTP request after 152.1526ms - 200
[Info   :Zeepkist Bingo] [BINGO] === PLAYER SPAWNED ===
[Info   :Zeepkist Bingo] [BINGO] IsInActiveSession: False
[Info   :Zeepkist Bingo] [BINGO] Not in active session, skipping timer reset
[Info   :Zeepkist GTR] 19:59:22 Loading personal best...
[Info   :Zeepkist GTR] 19:59:22 Start processing HTTP request "POST" https://es-graphql-1q5xcqmja6dvh4ctc4t9.zeepki.st/
[Info   :Zeepkist GTR] 19:59:22 Start processing HTTP request "POST" https://es-graphql-1q5xcqmja6dvh4ctc4t9.zeepki.st/
[Info   :Zeepkist GTR] 19:59:22 Sending HTTP request "POST" https://es-graphql-1q5xcqmja6dvh4ctc4t9.zeepki.st/
[Info   :Zeepkist GTR] 19:59:22 Stopping existing recorder if any
[Info   :Zeepkist GTR] 19:59:22 Creating new recorder
[Info   :Zeepkist GTR] 19:59:22 Received HTTP response headers after 80.7829ms - 200
[Info   :Zeepkist GTR] 19:59:22 End processing HTTP request after 81.0329ms - 200
[Info   :Zeepkist GTR] 19:59:22 End processing HTTP request after 84.1813ms - 200
[Info   :Zeepkist GTR] 19:59:24 Starting recorder
[Info   :Zeepkist Bingo] [BINGO] === PLAYER SPAWNED ===
[Info   :Zeepkist Bingo] [BINGO] IsInActiveSession: False
[Info   :Zeepkist Bingo] [BINGO] Not in active session, skipping timer reset
[Info   :Zeepkist GTR] 19:59:44 Loading personal best...
[Info   :Zeepkist GTR] 19:59:44 Start processing HTTP request "POST" https://es-graphql-1q5xcqmja6dvh4ctc4t9.zeepki.st/
[Info   :Zeepkist GTR] 19:59:44 Start processing HTTP request "POST" https://es-graphql-1q5xcqmja6dvh4ctc4t9.zeepki.st/
[Info   :Zeepkist GTR] 19:59:44 Sending HTTP request "POST" https://es-graphql-1q5xcqmja6dvh4ctc4t9.zeepki.st/
[Info   :Zeepkist GTR] 19:59:44 Stopping existing recorder if any
[Info   :Zeepkist GTR] 19:59:44 Creating new recorder
[Info   :Zeepkist GTR] 19:59:44 Received HTTP response headers after 61.2854ms - 200
[Info   :Zeepkist GTR] 19:59:44 End processing HTTP request after 61.5018ms - 200
[Info   :Zeepkist GTR] 19:59:44 End processing HTTP request after 63.5253ms - 200
[Info   :Zeepkist GTR] 19:59:46 Starting recorder
[Info   :Zeepkist GTR] 20:00:06 Stopping recorder
[Info   :Zeepkist GTR] 20:00:06 Collecting extra information
[Info   :Zeepkist GTR] 20:00:06 Resolved workshop ID "3706411299" from lobby 3706411299 and level 0
[Info   :Zeepkist GTR] 20:00:06 Processing ghost data
[Info   :Zeepkist GTR] 20:00:06 Creating stream
[Info   :Zeepkist GTR] 20:00:06 Writing to stream
[Info   :Zeepkist GTR] 20:00:06 Converting to base64
[Info   :Zeepkist GTR] 20:00:06 Creating resource
[Info   :Zeepkist GTR] 20:00:06 Start processing HTTP request "POST" https://es-backend-5eu0pg2dcfyp6u2v33lz.zeepki.st/record/submit
[Info   :Zeepkist GTR] 20:00:06 Start processing HTTP request "POST" https://es-backend-5eu0pg2dcfyp6u2v33lz.zeepki.st/record/submit
[Info   :Zeepkist GTR] 20:00:06 Sending HTTP request "POST" https://es-backend-5eu0pg2dcfyp6u2v33lz.zeepki.st/record/submit
[Info   :Zeepkist GTR] 20:00:06 Received HTTP response headers after 231.6403ms - 200
[Info   :Zeepkist GTR] 20:00:06 End processing HTTP request after 231.8522ms - 200
[Info   :Zeepkist GTR] 20:00:06 End processing HTTP request after 233.0429ms - 200
[Info   :Zeepkist Bingo] [BINGO] === PLAYER SPAWNED ===
[Info   :Zeepkist Bingo] [BINGO] IsInActiveSession: False
[Info   :Zeepkist Bingo] [BINGO] Not in active session, skipping timer reset
[Info   :Zeepkist GTR] 20:00:07 Loading personal best...
[Info   :Zeepkist GTR] 20:00:07 Start processing HTTP request "POST" https://es-graphql-1q5xcqmja6dvh4ctc4t9.zeepki.st/
[Info   :Zeepkist GTR] 20:00:07 Start processing HTTP request "POST" https://es-graphql-1q5xcqmja6dvh4ctc4t9.zeepki.st/
[Info   :Zeepkist GTR] 20:00:07 Sending HTTP request "POST" https://es-graphql-1q5xcqmja6dvh4ctc4t9.zeepki.st/
[Info   :Zeepkist GTR] 20:00:07 Stopping existing recorder if any
[Info   :Zeepkist GTR] 20:00:07 Creating new recorder
[Info   :Zeepkist GTR] 20:00:07 Received HTTP response headers after 67.2419ms - 200
[Info   :Zeepkist GTR] 20:00:07 End processing HTTP request after 67.4896ms - 200
[Info   :Zeepkist GTR] 20:00:07 End processing HTTP request after 74.1467ms - 200
[Info   :Zeepkist GTR] 20:00:09 Starting recorder
[Info   :Zeepkist Bingo] [BINGO] === PLAYER SPAWNED ===
[Info   :Zeepkist Bingo] [BINGO] IsInActiveSession: False
[Info   :Zeepkist Bingo] [BINGO] Not in active session, skipping timer reset
[Info   :Zeepkist GTR] 20:00:23 Loading personal best...
[Info   :Zeepkist GTR] 20:00:23 Start processing HTTP request "POST" https://es-graphql-1q5xcqmja6dvh4ctc4t9.zeepki.st/
[Info   :Zeepkist GTR] 20:00:23 Start processing HTTP request "POST" https://es-graphql-1q5xcqmja6dvh4ctc4t9.zeepki.st/
[Info   :Zeepkist GTR] 20:00:23 Sending HTTP request "POST" https://es-graphql-1q5xcqmja6dvh4ctc4t9.zeepki.st/
[Info   :Zeepkist GTR] 20:00:23 Stopping existing recorder if any
[Info   :Zeepkist GTR] 20:00:23 Creating new recorder
[Info   :Zeepkist GTR] 20:00:23 Received HTTP response headers after 81.0418ms - 200
[Info   :Zeepkist GTR] 20:00:23 End processing HTTP request after 81.2633ms - 200
[Info   :Zeepkist GTR] 20:00:23 End processing HTTP request after 88.2284ms - 200
[Info   :Zeepkist GTR] 20:00:24 Starting recorder
[Info   :Zeepkist GTR] 20:00:37 Start processing HTTP request "POST" https://es-graphql-1q5xcqmja6dvh4ctc4t9.zeepki.st/
[Info   :Zeepkist GTR] 20:00:37 Start processing HTTP request "POST" https://es-graphql-1q5xcqmja6dvh4ctc4t9.zeepki.st/
[Info   :Zeepkist GTR] 20:00:37 Sending HTTP request "POST" https://es-graphql-1q5xcqmja6dvh4ctc4t9.zeepki.st/
[Info   :Zeepkist GTR] 20:00:37 Received HTTP response headers after 261.2734ms - 200
[Info   :Zeepkist GTR] 20:00:37 End processing HTTP request after 261.5117ms - 200
[Info   :Zeepkist GTR] 20:00:37 End processing HTTP request after 265.0395ms - 200
[Info   :Zeepkist GTR] 20:00:44 Stopping recorder
[Info   :Zeepkist GTR] 20:00:44 Collecting extra information
[Info   :Zeepkist GTR] 20:00:44 Resolved workshop ID "3706411299" from lobby 3706411299 and level 0
[Info   :Zeepkist GTR] 20:00:44 Processing ghost data
[Info   :Zeepkist GTR] 20:00:44 Creating stream
[Info   :Zeepkist GTR] 20:00:44 Writing to stream
[Info   :Zeepkist GTR] 20:00:45 Converting to base64
[Info   :Zeepkist GTR] 20:00:45 Creating resource
[Info   :Zeepkist GTR] 20:00:45 Start processing HTTP request "POST" https://es-backend-5eu0pg2dcfyp6u2v33lz.zeepki.st/auth/refresh
[Info   :Zeepkist GTR] 20:00:45 Start processing HTTP request "POST" https://es-backend-5eu0pg2dcfyp6u2v33lz.zeepki.st/auth/refresh
[Info   :Zeepkist GTR] 20:00:45 Sending HTTP request "POST" https://es-backend-5eu0pg2dcfyp6u2v33lz.zeepki.st/auth/refresh
[Info   :Zeepkist GTR] 20:00:45 Received HTTP response headers after 227.8756ms - 200
[Info   :Zeepkist GTR] 20:00:45 End processing HTTP request after 228.0951ms - 200
[Info   :Zeepkist GTR] 20:00:45 End processing HTTP request after 229.6976ms - 200
[Info   :Zeepkist GTR] 20:00:45 Start processing HTTP request "POST" https://es-backend-5eu0pg2dcfyp6u2v33lz.zeepki.st/record/submit
[Info   :Zeepkist GTR] 20:00:45 Start processing HTTP request "POST" https://es-backend-5eu0pg2dcfyp6u2v33lz.zeepki.st/record/submit
[Info   :Zeepkist GTR] 20:00:45 Sending HTTP request "POST" https://es-backend-5eu0pg2dcfyp6u2v33lz.zeepki.st/record/submit
[Info   :Zeepkist GTR] 20:00:45 Received HTTP response headers after 190.1482ms - 200
[Info   :Zeepkist GTR] 20:00:45 End processing HTTP request after 190.3687ms - 200
[Info   :Zeepkist GTR] 20:00:45 End processing HTTP request after 193.1808ms - 200
[Info   :Zeepkist GTR] 20:01:07 Discarding recorder
[Info   :Zeepkist Bingo] [BINGO] Level loaded
[Info   :Zeepkist GTR] 20:01:22 Start processing HTTP request "POST" https://es-backend-5eu0pg2dcfyp6u2v33lz.zeepki.st/level/request
[Info   :Zeepkist GTR] 20:01:22 Start processing HTTP request "POST" https://es-backend-5eu0pg2dcfyp6u2v33lz.zeepki.st/level/request
[Info   :Zeepkist GTR] 20:01:22 Sending HTTP request "POST" https://es-backend-5eu0pg2dcfyp6u2v33lz.zeepki.st/level/request
[Info   :Zeepkist GTR] 20:01:22 Start processing HTTP request "POST" https://es-graphql-1q5xcqmja6dvh4ctc4t9.zeepki.st/
[Info   :Zeepkist GTR] 20:01:22 Start processing HTTP request "POST" https://es-graphql-1q5xcqmja6dvh4ctc4t9.zeepki.st/
[Info   :Zeepkist GTR] 20:01:22 Sending HTTP request "POST" https://es-graphql-1q5xcqmja6dvh4ctc4t9.zeepki.st/
[Warning:Zeepkist GTR] 20:01:22 Current-level record subscription failed
[Info   :Zeepkist GTR] 20:01:22 Start processing HTTP request "POST" https://es-graphql-1q5xcqmja6dvh4ctc4t9.zeepki.st/
[Info   :Zeepkist GTR] 20:01:22 Start processing HTTP request "POST" https://es-graphql-1q5xcqmja6dvh4ctc4t9.zeepki.st/
[Info   :Zeepkist GTR] 20:01:22 Sending HTTP request "POST" https://es-graphql-1q5xcqmja6dvh4ctc4t9.zeepki.st/
[Info   :BetterSplits] getting gtr splits
[Info   :Zeepkist GTR] 20:01:22 Received HTTP response headers after 62.9275ms - 200
[Info   :Zeepkist GTR] 20:01:22 End processing HTTP request after 63.1658ms - 200
[Info   :Zeepkist GTR] 20:01:22 Received HTTP response headers after 66.0273ms - 200
[Info   :Zeepkist GTR] 20:01:22 End processing HTTP request after 66.2016ms - 200
[Info   :Zeepkist GTR] 20:01:22 End processing HTTP request after 73.9864ms - 200
[Info   :Zeepkist GTR] 20:01:22 End processing HTTP request after 73.4075ms - 200
[Info   :Zeepkist Bingo] [BINGO] === PLAYER SPAWNED ===
[Info   :Zeepkist Bingo] [BINGO] IsInActiveSession: False
[Info   :Zeepkist Bingo] [BINGO] Not in active session, skipping timer reset
[Info   :Zeepkist GTR] 20:01:22 Loading personal best...
[Info   :Zeepkist GTR] 20:01:22 Start processing HTTP request "POST" https://es-graphql-1q5xcqmja6dvh4ctc4t9.zeepki.st/
[Info   :Zeepkist GTR] 20:01:22 Start processing HTTP request "POST" https://es-graphql-1q5xcqmja6dvh4ctc4t9.zeepki.st/
[Info   :Zeepkist GTR] 20:01:22 Sending HTTP request "POST" https://es-graphql-1q5xcqmja6dvh4ctc4t9.zeepki.st/
[Info   :Zeepkist GTR] 20:01:22 Stopping existing recorder if any
[Info   :Zeepkist GTR] 20:01:22 Creating new recorder
[Warning:Zeepkist GTR] 20:01:22 Unable to resolve current level GraphQL ID
[Info   :Zeepkist GTR] 20:01:22 Received HTTP response headers after 73.0142ms - 200
[Info   :Zeepkist GTR] 20:01:22 End processing HTTP request after 73.2504ms - 200
[Info   :Zeepkist GTR] 20:01:22 End processing HTTP request after 75.5915ms - 200
[Info   :Zeepkist GTR] 20:01:22 Received HTTP response headers after 270.5629ms - 200
[Info   :Zeepkist GTR] 20:01:22 End processing HTTP request after 270.8075ms - 200
[Info   :BetterSplits] no record set
[Info   :Zeepkist GTR] 20:01:22 End processing HTTP request after 274.2013ms - 200
[Info   :Zeepkist GTR] 20:01:23 Starting recorder
[Info   :   Console] Download started for AppId: 1440670, FileId: 3806261665, Result: OK
[Info   :Zeepkist Bingo] [BINGO] === PLAYER SPAWNED ===
[Info   :Zeepkist Bingo] [BINGO] IsInActiveSession: False
[Info   :Zeepkist Bingo] [BINGO] Not in active session, skipping timer reset
[Info   :Zeepkist GTR] 20:01:33 Loading personal best...
[Info   :Zeepkist GTR] 20:01:33 Start processing HTTP request "POST" https://es-graphql-1q5xcqmja6dvh4ctc4t9.zeepki.st/
[Info   :Zeepkist GTR] 20:01:33 Start processing HTTP request "POST" https://es-graphql-1q5xcqmja6dvh4ctc4t9.zeepki.st/
[Info   :Zeepkist GTR] 20:01:33 Sending HTTP request "POST" https://es-graphql-1q5xcqmja6dvh4ctc4t9.zeepki.st/
[Info   :Zeepkist GTR] 20:01:33 Start processing HTTP request "POST" https://es-graphql-1q5xcqmja6dvh4ctc4t9.zeepki.st/
[Info   :Zeepkist GTR] 20:01:33 Start processing HTTP request "POST" https://es-graphql-1q5xcqmja6dvh4ctc4t9.zeepki.st/
[Info   :Zeepkist GTR] 20:01:33 Sending HTTP request "POST" https://es-graphql-1q5xcqmja6dvh4ctc4t9.zeepki.st/
[Info   :Zeepkist GTR] 20:01:33 Stopping existing recorder if any
[Info   :Zeepkist GTR] 20:01:33 Creating new recorder
[Info   :Zeepkist GTR] 20:01:33 Received HTTP response headers after 54.5311ms - 200
[Info   :Zeepkist GTR] 20:01:33 End processing HTTP request after 54.7374ms - 200
[Info   :Zeepkist GTR] 20:01:33 End processing HTTP request after 55.6248ms - 200
[Info   :Zeepkist GTR] 20:01:33 Received HTTP response headers after 58.4996ms - 200
[Info   :Zeepkist GTR] 20:01:33 End processing HTTP request after 58.7013ms - 200
[Info   :Zeepkist GTR] 20:01:33 End processing HTTP request after 67.8635ms - 200
[Info   :Zeepkist GTR] 20:01:35 Starting recorder
[Info   :Zeepkist Bingo] [BINGO] === PLAYER SPAWNED ===
[Info   :Zeepkist Bingo] [BINGO] IsInActiveSession: False
[Info   :Zeepkist Bingo] [BINGO] Not in active session, skipping timer reset
[Info   :Zeepkist GTR] 20:01:39 Loading personal best...
[Info   :Zeepkist GTR] 20:01:39 Start processing HTTP request "POST" https://es-graphql-1q5xcqmja6dvh4ctc4t9.zeepki.st/
[Info   :Zeepkist GTR] 20:01:39 Start processing HTTP request "POST" https://es-graphql-1q5xcqmja6dvh4ctc4t9.zeepki.st/
[Info   :Zeepkist GTR] 20:01:39 Sending HTTP request "POST" https://es-graphql-1q5xcqmja6dvh4ctc4t9.zeepki.st/
[Info   :Zeepkist GTR] 20:01:39 Stopping existing recorder if any
[Info   :Zeepkist GTR] 20:01:39 Creating new recorder
[Info   :Zeepkist GTR] 20:01:39 Received HTTP response headers after 59.3431ms - 200
[Info   :Zeepkist GTR] 20:01:39 End processing HTTP request after 59.5745ms - 200
[Info   :Zeepkist GTR] 20:01:39 End processing HTTP request after 66.7631ms - 200
[Info   :Zeepkist GTR] 20:01:41 Starting recorder
[Info   :Zeepkist Bingo] [BINGO] === PLAYER SPAWNED ===
[Info   :Zeepkist Bingo] [BINGO] IsInActiveSession: False
[Info   :Zeepkist Bingo] [BINGO] Not in active session, skipping timer reset
[Info   :Zeepkist GTR] 20:01:51 Loading personal best...
[Info   :Zeepkist GTR] 20:01:51 Start processing HTTP request "POST" https://es-graphql-1q5xcqmja6dvh4ctc4t9.zeepki.st/
[Info   :Zeepkist GTR] 20:01:51 Start processing HTTP request "POST" https://es-graphql-1q5xcqmja6dvh4ctc4t9.zeepki.st/
[Info   :Zeepkist GTR] 20:01:51 Sending HTTP request "POST" https://es-graphql-1q5xcqmja6dvh4ctc4t9.zeepki.st/
[Info   :Zeepkist GTR] 20:01:51 Stopping existing recorder if any
[Info   :Zeepkist GTR] 20:01:51 Creating new recorder
[Info   :Zeepkist GTR] 20:01:51 Received HTTP response headers after 59.1948ms - 200
[Info   :Zeepkist GTR] 20:01:51 End processing HTTP request after 59.419ms - 200
[Info   :Zeepkist GTR] 20:01:51 End processing HTTP request after 69.1211ms - 200
[Info   :Zeepkist GTR] 20:01:52 Starting recorder
[Info   :Zeepkist GTR] 20:02:16 Stopping recorder
[Info   :Zeepkist GTR] 20:02:16 Collecting extra information
[Info   :Zeepkist GTR] 20:02:16 Resolved workshop ID "3806261665" from lobby 3806261665 and level 0
[Info   :Zeepkist GTR] 20:02:16 Processing ghost data
[Info   :Zeepkist GTR] 20:02:16 Creating stream
[Info   :Zeepkist GTR] 20:02:16 Writing to stream
[Info   :Zeepkist GTR] 20:02:16 Converting to base64
[Info   :Zeepkist GTR] 20:02:16 Creating resource
[Info   :Zeepkist GTR] 20:02:16 Start processing HTTP request "POST" https://es-backend-5eu0pg2dcfyp6u2v33lz.zeepki.st/record/submit
[Info   :Zeepkist GTR] 20:02:16 Start processing HTTP request "POST" https://es-backend-5eu0pg2dcfyp6u2v33lz.zeepki.st/record/submit
[Info   :Zeepkist GTR] 20:02:16 Sending HTTP request "POST" https://es-backend-5eu0pg2dcfyp6u2v33lz.zeepki.st/record/submit
[Info   :Zeepkist GTR] 20:02:17 Received HTTP response headers after 195.8533ms - 200
[Info   :Zeepkist GTR] 20:02:17 End processing HTTP request after 196.0741ms - 200
[Info   :Zeepkist GTR] 20:02:17 End processing HTTP request after 199.305ms - 200
[Info   :Zeepkist Bingo] [BINGO] === PLAYER SPAWNED ===
[Info   :Zeepkist Bingo] [BINGO] IsInActiveSession: False
[Info   :Zeepkist Bingo] [BINGO] Not in active session, skipping timer reset
[Info   :Zeepkist GTR] 20:02:17 Loading personal best...
[Info   :Zeepkist GTR] 20:02:17 Start processing HTTP request "POST" https://es-graphql-1q5xcqmja6dvh4ctc4t9.zeepki.st/
[Info   :Zeepkist GTR] 20:02:17 Start processing HTTP request "POST" https://es-graphql-1q5xcqmja6dvh4ctc4t9.zeepki.st/
[Info   :Zeepkist GTR] 20:02:17 Sending HTTP request "POST" https://es-graphql-1q5xcqmja6dvh4ctc4t9.zeepki.st/
[Info   :Zeepkist GTR] 20:02:17 Stopping existing recorder if any
[Info   :Zeepkist GTR] 20:02:17 Creating new recorder
[Info   :Zeepkist GTR] 20:02:18 Received HTTP response headers after 59.1044ms - 200
[Info   :Zeepkist GTR] 20:02:18 End processing HTTP request after 59.3308ms - 200
[Info   :Zeepkist GTR] 20:02:18 End processing HTTP request after 64.0944ms - 200
[Info   :Zeepkist GTR] 20:02:18 Start processing HTTP request "GET" https://cdn.zeepki.st/ghosts/01M37PXFEJK3PEE6C3JW5HSF77.bin
[Info   :Zeepkist GTR] 20:02:18 Sending HTTP request "GET" https://cdn.zeepki.st/ghosts/01M37PXFEJK3PEE6C3JW5HSF77.bin
[Info   :Zeepkist GTR] 20:02:18 Received HTTP response headers after 860.8669ms - 200
[Info   :Zeepkist GTR] 20:02:18 End processing HTTP request after 861.1307ms - 200
[Info   :Zeepkist GTR] 20:02:19 Start processing HTTP request "POST" https://es-graphql-1q5xcqmja6dvh4ctc4t9.zeepki.st/
[Info   :Zeepkist GTR] 20:02:19 Start processing HTTP request "POST" https://es-graphql-1q5xcqmja6dvh4ctc4t9.zeepki.st/
[Info   :Zeepkist GTR] 20:02:19 Sending HTTP request "POST" https://es-graphql-1q5xcqmja6dvh4ctc4t9.zeepki.st/
[Info   :Zeepkist GTR] 20:02:19 Received HTTP response headers after 76.2254ms - 200
[Info   :Zeepkist GTR] 20:02:19 End processing HTTP request after 76.4481ms - 200
[Info   :Zeepkist GTR] 20:02:19 End processing HTTP request after 86.4106ms - 200
[Info   :Zeepkist GTR] 20:02:19 Starting recorder
[Info   :Zeepkist Bingo] [BINGO] === PLAYER SPAWNED ===
[Info   :Zeepkist Bingo] [BINGO] IsInActiveSession: False
[Info   :Zeepkist Bingo] [BINGO] Not in active session, skipping timer reset
[Info   :Zeepkist GTR] 20:02:23 Loading personal best...
[Info   :Zeepkist GTR] 20:02:23 Start processing HTTP request "POST" https://es-graphql-1q5xcqmja6dvh4ctc4t9.zeepki.st/
[Info   :Zeepkist GTR] 20:02:23 Start processing HTTP request "POST" https://es-graphql-1q5xcqmja6dvh4ctc4t9.zeepki.st/
[Info   :Zeepkist GTR] 20:02:23 Sending HTTP request "POST" https://es-graphql-1q5xcqmja6dvh4ctc4t9.zeepki.st/
[Info   :Zeepkist GTR] 20:02:23 Stopping existing recorder if any
[Info   :Zeepkist GTR] 20:02:23 Creating new recorder
[Info   :Zeepkist GTR] 20:02:23 Received HTTP response headers after 66.1032ms - 200
[Info   :Zeepkist GTR] 20:02:23 End processing HTTP request after 66.3762ms - 200
[Info   :Zeepkist GTR] 20:02:23 End processing HTTP request after 74.7132ms - 200
[Info   :Zeepkist GTR] 20:02:25 Starting recorder
[Info   :Zeepkist Bingo] [BINGO] === PLAYER SPAWNED ===
[Info   :Zeepkist Bingo] [BINGO] IsInActiveSession: False
[Info   :Zeepkist Bingo] [BINGO] Not in active session, skipping timer reset
[Info   :Zeepkist GTR] 20:02:29 Loading personal best...
[Info   :Zeepkist GTR] 20:02:29 Start processing HTTP request "POST" https://es-graphql-1q5xcqmja6dvh4ctc4t9.zeepki.st/
[Info   :Zeepkist GTR] 20:02:29 Start processing HTTP request "POST" https://es-graphql-1q5xcqmja6dvh4ctc4t9.zeepki.st/
[Info   :Zeepkist GTR] 20:02:29 Sending HTTP request "POST" https://es-graphql-1q5xcqmja6dvh4ctc4t9.zeepki.st/
[Info   :Zeepkist GTR] 20:02:29 Stopping existing recorder if any
[Info   :Zeepkist GTR] 20:02:29 Creating new recorder
[Info   :Zeepkist GTR] 20:02:29 Received HTTP response headers after 63.3147ms - 200
[Info   :Zeepkist GTR] 20:02:29 End processing HTTP request after 63.6293ms - 200
[Info   :Zeepkist GTR] 20:02:29 End processing HTTP request after 72.7354ms - 200
[Info   :Zeepkist GTR] 20:02:30 Starting recorder
[Info   :Zeepkist Bingo] [BINGO] === PLAYER SPAWNED ===
[Info   :Zeepkist Bingo] [BINGO] IsInActiveSession: False
[Info   :Zeepkist Bingo] [BINGO] Not in active session, skipping timer reset
[Info   :Zeepkist GTR] 20:02:34 Loading personal best...
[Info   :Zeepkist GTR] 20:02:34 Start processing HTTP request "POST" https://es-graphql-1q5xcqmja6dvh4ctc4t9.zeepki.st/
[Info   :Zeepkist GTR] 20:02:34 Start processing HTTP request "POST" https://es-graphql-1q5xcqmja6dvh4ctc4t9.zeepki.st/
[Info   :Zeepkist GTR] 20:02:34 Sending HTTP request "POST" https://es-graphql-1q5xcqmja6dvh4ctc4t9.zeepki.st/
[Info   :Zeepkist GTR] 20:02:34 Stopping existing recorder if any
[Info   :Zeepkist GTR] 20:02:34 Creating new recorder
[Info   :Zeepkist GTR] 20:02:34 Received HTTP response headers after 66.5708ms - 200
[Info   :Zeepkist GTR] 20:02:34 End processing HTTP request after 66.8454ms - 200
[Info   :Zeepkist GTR] 20:02:34 End processing HTTP request after 67.7957ms - 200
[Info   :Zeepkist GTR] 20:02:36 Starting recorder
[Info   :Zeepkist GTR] 20:03:02 Stopping recorder
[Info   :Zeepkist GTR] 20:03:02 Collecting extra information
[Info   :Zeepkist GTR] 20:03:02 Resolved workshop ID "3806261665" from lobby 3806261665 and level 0
[Info   :Zeepkist GTR] 20:03:02 Processing ghost data
[Info   :Zeepkist GTR] 20:03:02 Creating stream
[Info   :Zeepkist GTR] 20:03:02 Writing to stream
[Info   :Zeepkist GTR] 20:03:03 Converting to base64
[Info   :Zeepkist GTR] 20:03:03 Creating resource
[Info   :Zeepkist GTR] 20:03:03 Start processing HTTP request "POST" https://es-backend-5eu0pg2dcfyp6u2v33lz.zeepki.st/record/submit
[Info   :Zeepkist GTR] 20:03:03 Start processing HTTP request "POST" https://es-backend-5eu0pg2dcfyp6u2v33lz.zeepki.st/record/submit
[Info   :Zeepkist GTR] 20:03:03 Sending HTTP request "POST" https://es-backend-5eu0pg2dcfyp6u2v33lz.zeepki.st/record/submit
[Info   :Zeepkist GTR] 20:03:03 Received HTTP response headers after 567.1414ms - 200
[Info   :Zeepkist GTR] 20:03:03 End processing HTTP request after 567.3795ms - 200
[Info   :Zeepkist GTR] 20:03:03 End processing HTTP request after 569.7951ms - 200
[Info   :Zeepkist Bingo] [BINGO] === PLAYER SPAWNED ===
[Info   :Zeepkist Bingo] [BINGO] IsInActiveSession: False
[Info   :Zeepkist Bingo] [BINGO] Not in active session, skipping timer reset
[Info   :Zeepkist GTR] 20:03:04 Loading personal best...
[Info   :Zeepkist GTR] 20:03:04 Start processing HTTP request "POST" https://es-graphql-1q5xcqmja6dvh4ctc4t9.zeepki.st/
[Info   :Zeepkist GTR] 20:03:04 Start processing HTTP request "POST" https://es-graphql-1q5xcqmja6dvh4ctc4t9.zeepki.st/
[Info   :Zeepkist GTR] 20:03:04 Sending HTTP request "POST" https://es-graphql-1q5xcqmja6dvh4ctc4t9.zeepki.st/
[Info   :Zeepkist GTR] 20:03:04 Stopping existing recorder if any
[Info   :Zeepkist GTR] 20:03:04 Creating new recorder
[Info   :Zeepkist GTR] 20:03:04 Received HTTP response headers after 270.8404ms - 200
[Info   :Zeepkist GTR] 20:03:04 End processing HTTP request after 271.076ms - 200
[Info   :Zeepkist GTR] 20:03:04 End processing HTTP request after 276.6671ms - 200
[Info   :Zeepkist GTR] 20:03:05 Starting recorder
[Info   :Zeepkist Bingo] [BINGO] === PLAYER SPAWNED ===
[Info   :Zeepkist Bingo] [BINGO] IsInActiveSession: False
[Info   :Zeepkist Bingo] [BINGO] Not in active session, skipping timer reset
[Info   :Zeepkist GTR] 20:03:15 Loading personal best...
[Info   :Zeepkist GTR] 20:03:15 Start processing HTTP request "POST" https://es-graphql-1q5xcqmja6dvh4ctc4t9.zeepki.st/
[Info   :Zeepkist GTR] 20:03:15 Start processing HTTP request "POST" https://es-graphql-1q5xcqmja6dvh4ctc4t9.zeepki.st/
[Info   :Zeepkist GTR] 20:03:15 Sending HTTP request "POST" https://es-graphql-1q5xcqmja6dvh4ctc4t9.zeepki.st/
[Info   :Zeepkist GTR] 20:03:15 Stopping existing recorder if any
[Info   :Zeepkist GTR] 20:03:15 Creating new recorder
[Info   :Zeepkist GTR] 20:03:15 Received HTTP response headers after 58.9223ms - 200
[Info   :Zeepkist GTR] 20:03:15 End processing HTTP request after 59.1494ms - 200
[Info   :Zeepkist GTR] 20:03:16 End processing HTTP request after 69.2403ms - 200
[Info   :Zeepkist GTR] 20:03:17 Starting recorder
[Info   :Zeepkist Bingo] [BINGO] === PLAYER SPAWNED ===
[Info   :Zeepkist Bingo] [BINGO] IsInActiveSession: False
[Info   :Zeepkist Bingo] [BINGO] Not in active session, skipping timer reset
[Info   :Zeepkist GTR] 20:03:28 Loading personal best...
[Info   :Zeepkist GTR] 20:03:28 Start processing HTTP request "POST" https://es-graphql-1q5xcqmja6dvh4ctc4t9.zeepki.st/
[Info   :Zeepkist GTR] 20:03:28 Start processing HTTP request "POST" https://es-graphql-1q5xcqmja6dvh4ctc4t9.zeepki.st/
[Info   :Zeepkist GTR] 20:03:28 Sending HTTP request "POST" https://es-graphql-1q5xcqmja6dvh4ctc4t9.zeepki.st/
[Info   :Zeepkist GTR] 20:03:28 Stopping existing recorder if any
[Info   :Zeepkist GTR] 20:03:28 Creating new recorder
[Info   :Zeepkist GTR] 20:03:28 Received HTTP response headers after 70.2654ms - 200
[Info   :Zeepkist GTR] 20:03:28 End processing HTTP request after 70.5348ms - 200
[Info   :Zeepkist GTR] 20:03:28 End processing HTTP request after 72.1803ms - 200
[Info   :Zeepkist GTR] 20:03:30 Starting recorder
[Info   :Zeepkist Bingo] [CHAT] Intercepted message: im dnfing this when its time to push XD 100%
[Info   :Zeepkist Bingo] [CHAT] Not relaying - no bingo session
[Info   :Zeepkist Bingo] [BINGO] === PLAYER SPAWNED ===
[Info   :Zeepkist Bingo] [BINGO] IsInActiveSession: False
[Info   :Zeepkist Bingo] [BINGO] Not in active session, skipping timer reset
[Info   :Zeepkist GTR] 20:03:50 Loading personal best...
[Info   :Zeepkist GTR] 20:03:50 Start processing HTTP request "POST" https://es-graphql-1q5xcqmja6dvh4ctc4t9.zeepki.st/
[Info   :Zeepkist GTR] 20:03:50 Start processing HTTP request "POST" https://es-graphql-1q5xcqmja6dvh4ctc4t9.zeepki.st/
[Info   :Zeepkist GTR] 20:03:50 Sending HTTP request "POST" https://es-graphql-1q5xcqmja6dvh4ctc4t9.zeepki.st/
[Info   :Zeepkist GTR] 20:03:50 Stopping existing recorder if any
[Info   :Zeepkist GTR] 20:03:50 Creating new recorder
[Info   :Zeepkist GTR] 20:03:50 Received HTTP response headers after 68.1123ms - 200
[Info   :Zeepkist GTR] 20:03:50 End processing HTTP request after 68.3227ms - 200
[Info   :Zeepkist GTR] 20:03:50 End processing HTTP request after 69.8128ms - 200
[Info   :Zeepkist GTR] 20:03:52 Starting recorder
[Info   :Zeepkist Bingo] [BINGO] === PLAYER SPAWNED ===
[Info   :Zeepkist Bingo] [BINGO] IsInActiveSession: False
[Info   :Zeepkist Bingo] [BINGO] Not in active session, skipping timer reset
[Info   :Zeepkist GTR] 20:03:55 Loading personal best...
[Info   :Zeepkist GTR] 20:03:55 Start processing HTTP request "POST" https://es-graphql-1q5xcqmja6dvh4ctc4t9.zeepki.st/
[Info   :Zeepkist GTR] 20:03:55 Start processing HTTP request "POST" https://es-graphql-1q5xcqmja6dvh4ctc4t9.zeepki.st/
[Info   :Zeepkist GTR] 20:03:55 Sending HTTP request "POST" https://es-graphql-1q5xcqmja6dvh4ctc4t9.zeepki.st/
[Info   :Zeepkist GTR] 20:03:55 Stopping existing recorder if any
[Info   :Zeepkist GTR] 20:03:55 Creating new recorder
[Info   :Zeepkist GTR] 20:03:55 Received HTTP response headers after 62.6278ms - 200
[Info   :Zeepkist GTR] 20:03:55 End processing HTTP request after 62.8466ms - 200
[Info   :Zeepkist GTR] 20:03:55 End processing HTTP request after 66.1724ms - 200
[Info   :Zeepkist GTR] 20:03:57 Starting recorder
[Info   :Zeepkist Bingo] [BINGO] === PLAYER SPAWNED ===
[Info   :Zeepkist Bingo] [BINGO] IsInActiveSession: False
[Info   :Zeepkist Bingo] [BINGO] Not in active session, skipping timer reset
[Info   :Zeepkist GTR] 20:04:07 Loading personal best...
[Info   :Zeepkist GTR] 20:04:07 Start processing HTTP request "POST" https://es-graphql-1q5xcqmja6dvh4ctc4t9.zeepki.st/
[Info   :Zeepkist GTR] 20:04:07 Start processing HTTP request "POST" https://es-graphql-1q5xcqmja6dvh4ctc4t9.zeepki.st/
[Info   :Zeepkist GTR] 20:04:07 Sending HTTP request "POST" https://es-graphql-1q5xcqmja6dvh4ctc4t9.zeepki.st/
[Info   :Zeepkist GTR] 20:04:07 Stopping existing recorder if any
[Info   :Zeepkist GTR] 20:04:07 Creating new recorder
[Info   :Zeepkist GTR] 20:04:07 Received HTTP response headers after 68.8258ms - 200
[Info   :Zeepkist GTR] 20:04:07 End processing HTTP request after 69.051ms - 200
[Info   :Zeepkist GTR] 20:04:07 End processing HTTP request after 73.1832ms - 200
[Info   :Zeepkist GTR] 20:04:09 Starting recorder
[Info   :Zeepkist GTR] 20:04:33 Stopping recorder
[Info   :Zeepkist GTR] 20:04:33 Collecting extra information
[Info   :Zeepkist GTR] 20:04:33 Resolved workshop ID "3806261665" from lobby 3806261665 and level 0
[Info   :Zeepkist GTR] 20:04:33 Processing ghost data
[Info   :Zeepkist GTR] 20:04:33 Creating stream
[Info   :Zeepkist GTR] 20:04:33 Writing to stream
[Info   :Zeepkist GTR] 20:04:33 Converting to base64
[Info   :Zeepkist GTR] 20:04:33 Creating resource
[Info   :Zeepkist GTR] 20:04:33 Start processing HTTP request "POST" https://es-backend-5eu0pg2dcfyp6u2v33lz.zeepki.st/record/submit
[Info   :Zeepkist GTR] 20:04:33 Start processing HTTP request "POST" https://es-backend-5eu0pg2dcfyp6u2v33lz.zeepki.st/record/submit
[Info   :Zeepkist GTR] 20:04:33 Sending HTTP request "POST" https://es-backend-5eu0pg2dcfyp6u2v33lz.zeepki.st/record/submit
[Info   :Zeepkist GTR] 20:04:34 Received HTTP response headers after 162.5033ms - 200
[Info   :Zeepkist GTR] 20:04:34 End processing HTTP request after 162.7387ms - 200
[Info   :Zeepkist GTR] 20:04:34 End processing HTTP request after 173.6647ms - 200
[Info   :Zeepkist Bingo] [BINGO] === PLAYER SPAWNED ===
[Info   :Zeepkist Bingo] [BINGO] IsInActiveSession: False
[Info   :Zeepkist Bingo] [BINGO] Not in active session, skipping timer reset
[Info   :Zeepkist GTR] 20:04:34 Loading personal best...
[Info   :Zeepkist GTR] 20:04:34 Start processing HTTP request "POST" https://es-graphql-1q5xcqmja6dvh4ctc4t9.zeepki.st/
[Info   :Zeepkist GTR] 20:04:34 Start processing HTTP request "POST" https://es-graphql-1q5xcqmja6dvh4ctc4t9.zeepki.st/
[Info   :Zeepkist GTR] 20:04:34 Sending HTTP request "POST" https://es-graphql-1q5xcqmja6dvh4ctc4t9.zeepki.st/
[Info   :Zeepkist GTR] 20:04:34 Stopping existing recorder if any
[Info   :Zeepkist GTR] 20:04:34 Creating new recorder
[Info   :Zeepkist GTR] 20:04:34 Received HTTP response headers after 60.0927ms - 200
[Info   :Zeepkist GTR] 20:04:34 End processing HTTP request after 60.3166ms - 200
[Info   :Zeepkist GTR] 20:04:34 End processing HTTP request after 63.8412ms - 200
[Info   :Zeepkist GTR] 20:04:36 Starting recorder
[Info   :Zeepkist GTR] 20:05:00 Stopping recorder
[Info   :Zeepkist GTR] 20:05:00 Collecting extra information
[Info   :Zeepkist GTR] 20:05:00 Resolved workshop ID "3806261665" from lobby 3806261665 and level 0
[Info   :Zeepkist GTR] 20:05:00 Processing ghost data
[Info   :Zeepkist GTR] 20:05:00 Creating stream
[Info   :Zeepkist GTR] 20:05:00 Writing to stream
[Info   :Zeepkist GTR] 20:05:00 Converting to base64
[Info   :Zeepkist GTR] 20:05:00 Creating resource
[Info   :Zeepkist GTR] 20:05:00 Start processing HTTP request "POST" https://es-backend-5eu0pg2dcfyp6u2v33lz.zeepki.st/record/submit
[Info   :Zeepkist GTR] 20:05:00 Start processing HTTP request "POST" https://es-backend-5eu0pg2dcfyp6u2v33lz.zeepki.st/record/submit
[Info   :Zeepkist GTR] 20:05:00 Sending HTTP request "POST" https://es-backend-5eu0pg2dcfyp6u2v33lz.zeepki.st/record/submit
[Info   :Zeepkist GTR] 20:05:00 Received HTTP response headers after 144.1468ms - 200
[Info   :Zeepkist GTR] 20:05:00 End processing HTTP request after 144.3841ms - 200
[Info   :Zeepkist GTR] 20:05:00 End processing HTTP request after 145.3988ms - 200
[Info   :Zeepkist Bingo] [BINGO] === PLAYER SPAWNED ===
[Info   :Zeepkist Bingo] [BINGO] IsInActiveSession: False
[Info   :Zeepkist Bingo] [BINGO] Not in active session, skipping timer reset
[Info   :Zeepkist GTR] 20:05:07 Loading personal best...
[Info   :Zeepkist GTR] 20:05:07 Start processing HTTP request "POST" https://es-graphql-1q5xcqmja6dvh4ctc4t9.zeepki.st/
[Info   :Zeepkist GTR] 20:05:07 Start processing HTTP request "POST" https://es-graphql-1q5xcqmja6dvh4ctc4t9.zeepki.st/
[Info   :Zeepkist GTR] 20:05:07 Sending HTTP request "POST" https://es-graphql-1q5xcqmja6dvh4ctc4t9.zeepki.st/
[Info   :Zeepkist GTR] 20:05:07 Stopping existing recorder if any
[Info   :Zeepkist GTR] 20:05:07 Creating new recorder
[Info   :Zeepkist GTR] 20:05:07 Received HTTP response headers after 241.2562ms - 200
[Info   :Zeepkist GTR] 20:05:07 End processing HTTP request after 241.4826ms - 200
[Info   :Zeepkist GTR] 20:05:07 End processing HTTP request after 247.1582ms - 200
[Info   :Zeepkist GTR] 20:05:09 Starting recorder
[Info   :Zeepkist Bingo] [BINGO] === PLAYER SPAWNED ===
[Info   :Zeepkist Bingo] [BINGO] IsInActiveSession: False
[Info   :Zeepkist Bingo] [BINGO] Not in active session, skipping timer reset
[Info   :Zeepkist GTR] 20:05:19 Loading personal best...
[Info   :Zeepkist GTR] 20:05:19 Start processing HTTP request "POST" https://es-graphql-1q5xcqmja6dvh4ctc4t9.zeepki.st/
[Info   :Zeepkist GTR] 20:05:19 Start processing HTTP request "POST" https://es-graphql-1q5xcqmja6dvh4ctc4t9.zeepki.st/
[Info   :Zeepkist GTR] 20:05:19 Sending HTTP request "POST" https://es-graphql-1q5xcqmja6dvh4ctc4t9.zeepki.st/
[Info   :Zeepkist GTR] 20:05:19 Stopping existing recorder if any
[Info   :Zeepkist GTR] 20:05:19 Creating new recorder
[Info   :Zeepkist GTR] 20:05:19 Received HTTP response headers after 65.7094ms - 200
[Info   :Zeepkist GTR] 20:05:19 End processing HTTP request after 65.935ms - 200
[Info   :Zeepkist GTR] 20:05:19 End processing HTTP request after 67.9723ms - 200
[Info   :Zeepkist GTR] 20:05:20 Starting recorder
[Info   :Zeepkist Bingo] [BINGO] === PLAYER SPAWNED ===
[Info   :Zeepkist Bingo] [BINGO] IsInActiveSession: False
[Info   :Zeepkist Bingo] [BINGO] Not in active session, skipping timer reset
[Info   :Zeepkist GTR] 20:05:44 Loading personal best...
[Info   :Zeepkist GTR] 20:05:44 Start processing HTTP request "POST" https://es-graphql-1q5xcqmja6dvh4ctc4t9.zeepki.st/
[Info   :Zeepkist GTR] 20:05:44 Start processing HTTP request "POST" https://es-graphql-1q5xcqmja6dvh4ctc4t9.zeepki.st/
[Info   :Zeepkist GTR] 20:05:44 Sending HTTP request "POST" https://es-graphql-1q5xcqmja6dvh4ctc4t9.zeepki.st/
[Info   :Zeepkist GTR] 20:05:44 Stopping existing recorder if any
[Info   :Zeepkist GTR] 20:05:44 Creating new recorder
[Info   :Zeepkist GTR] 20:05:44 Received HTTP response headers after 75.7804ms - 200
[Info   :Zeepkist GTR] 20:05:44 End processing HTTP request after 76.0111ms - 200
[Info   :Zeepkist GTR] 20:05:44 End processing HTTP request after 78.7628ms - 200
[Info   :Zeepkist GTR] 20:05:45 Starting recorder
[Info   :Zeepkist GTR] 20:05:50 Start processing HTTP request "POST" https://es-graphql-1q5xcqmja6dvh4ctc4t9.zeepki.st/
[Info   :Zeepkist GTR] 20:05:50 Start processing HTTP request "POST" https://es-graphql-1q5xcqmja6dvh4ctc4t9.zeepki.st/
[Info   :Zeepkist GTR] 20:05:50 Sending HTTP request "POST" https://es-graphql-1q5xcqmja6dvh4ctc4t9.zeepki.st/
[Info   :Zeepkist GTR] 20:05:50 Received HTTP response headers after 90.707ms - 200
[Info   :Zeepkist GTR] 20:05:50 End processing HTTP request after 90.925ms - 200
[Info   :Zeepkist GTR] 20:05:50 End processing HTTP request after 92.1228ms - 200
[Info   :Zeepkist Bingo] [BINGO] === PLAYER SPAWNED ===
[Info   :Zeepkist Bingo] [BINGO] IsInActiveSession: False
[Info   :Zeepkist Bingo] [BINGO] Not in active session, skipping timer reset
[Info   :Zeepkist GTR] 20:05:59 Loading personal best...
[Info   :Zeepkist GTR] 20:05:59 Start processing HTTP request "POST" https://es-graphql-1q5xcqmja6dvh4ctc4t9.zeepki.st/
[Info   :Zeepkist GTR] 20:05:59 Start processing HTTP request "POST" https://es-graphql-1q5xcqmja6dvh4ctc4t9.zeepki.st/
[Info   :Zeepkist GTR] 20:05:59 Sending HTTP request "POST" https://es-graphql-1q5xcqmja6dvh4ctc4t9.zeepki.st/
[Info   :Zeepkist GTR] 20:05:59 Stopping existing recorder if any
[Info   :Zeepkist GTR] 20:05:59 Creating new recorder
[Info   :Zeepkist GTR] 20:05:59 Received HTTP response headers after 59.7268ms - 200
[Info   :Zeepkist GTR] 20:05:59 End processing HTTP request after 59.9583ms - 200
[Info   :Zeepkist GTR] 20:05:59 End processing HTTP request after 66.3498ms - 200
[Info   :Zeepkist GTR] 20:06:01 Starting recorder
[Info   :Zeepkist GTR] 20:06:20 Discarding recorder
[Info   :Zeepkist Bingo] [BINGO] Level loaded
[Info   :Zeepkist GTR] 20:06:35 Start processing HTTP request "POST" https://es-backend-5eu0pg2dcfyp6u2v33lz.zeepki.st/level/request
[Info   :Zeepkist GTR] 20:06:35 Start processing HTTP request "POST" https://es-backend-5eu0pg2dcfyp6u2v33lz.zeepki.st/level/request
[Info   :Zeepkist GTR] 20:06:35 Sending HTTP request "POST" https://es-backend-5eu0pg2dcfyp6u2v33lz.zeepki.st/level/request
[Info   :Zeepkist GTR] 20:06:35 Start processing HTTP request "POST" https://es-graphql-1q5xcqmja6dvh4ctc4t9.zeepki.st/
[Info   :Zeepkist GTR] 20:06:35 Start processing HTTP request "POST" https://es-graphql-1q5xcqmja6dvh4ctc4t9.zeepki.st/
[Info   :Zeepkist GTR] 20:06:35 Sending HTTP request "POST" https://es-graphql-1q5xcqmja6dvh4ctc4t9.zeepki.st/
[Warning:Zeepkist GTR] 20:06:35 Current-level record subscription failed
[Info   :Zeepkist GTR] 20:06:35 Start processing HTTP request "POST" https://es-graphql-1q5xcqmja6dvh4ctc4t9.zeepki.st/
[Info   :Zeepkist GTR] 20:06:35 Start processing HTTP request "POST" https://es-graphql-1q5xcqmja6dvh4ctc4t9.zeepki.st/
[Info   :Zeepkist GTR] 20:06:35 Sending HTTP request "POST" https://es-graphql-1q5xcqmja6dvh4ctc4t9.zeepki.st/
[Info   :BetterSplits] getting gtr splits
[Info   :Zeepkist GTR] 20:06:35 Received HTTP response headers after 81.1853ms - 200
[Info   :Zeepkist GTR] 20:06:35 End processing HTTP request after 81.5853ms - 200
[Info   :Zeepkist GTR] 20:06:35 End processing HTTP request after 94.8223ms - 200
[Info   :Zeepkist Bingo] [BINGO] === PLAYER SPAWNED ===
[Info   :Zeepkist Bingo] [BINGO] IsInActiveSession: False
[Info   :Zeepkist Bingo] [BINGO] Not in active session, skipping timer reset
[Info   :Zeepkist GTR] 20:06:35 Loading personal best...
[Info   :Zeepkist GTR] 20:06:35 Start processing HTTP request "POST" https://es-graphql-1q5xcqmja6dvh4ctc4t9.zeepki.st/
[Info   :Zeepkist GTR] 20:06:35 Start processing HTTP request "POST" https://es-graphql-1q5xcqmja6dvh4ctc4t9.zeepki.st/
[Info   :Zeepkist GTR] 20:06:35 Sending HTTP request "POST" https://es-graphql-1q5xcqmja6dvh4ctc4t9.zeepki.st/
[Info   :Zeepkist GTR] 20:06:35 Stopping existing recorder if any
[Info   :Zeepkist GTR] 20:06:35 Creating new recorder
[Warning:Zeepkist GTR] 20:06:35 Unable to resolve current level GraphQL ID
[Info   :Zeepkist GTR] 20:06:35 Received HTTP response headers after 64.6185ms - 200
[Info   :Zeepkist GTR] 20:06:35 End processing HTTP request after 64.8508ms - 200
[Info   :Zeepkist GTR] 20:06:35 End processing HTTP request after 72.1925ms - 200
[Info   :Zeepkist GTR] 20:06:35 Received HTTP response headers after 265.1635ms - 200
[Info   :Zeepkist GTR] 20:06:35 End processing HTTP request after 265.4217ms - 200
[Info   :Zeepkist GTR] 20:06:35 Received HTTP response headers after 271.5888ms - 200
[Info   :Zeepkist GTR] 20:06:35 End processing HTTP request after 271.8978ms - 200
[Info   :Zeepkist GTR] 20:06:35 End processing HTTP request after 271.801ms - 200
[Info   :Zeepkist GTR] 20:06:35 End processing HTTP request after 274.2488ms - 200
[Info   :BetterSplits] no record set
[Info   :Zeepkist GTR] 20:06:36 Starting recorder
[Info   :   Console] Download started for AppId: 1440670, FileId: 3802490538, Result: OK
[Info   :Zeepkist Bingo] [BINGO] === PLAYER SPAWNED ===
[Info   :Zeepkist Bingo] [BINGO] IsInActiveSession: False
[Info   :Zeepkist Bingo] [BINGO] Not in active session, skipping timer reset
[Info   :Zeepkist GTR] 20:06:41 Loading personal best...
[Info   :Zeepkist GTR] 20:06:41 Start processing HTTP request "POST" https://es-graphql-1q5xcqmja6dvh4ctc4t9.zeepki.st/
[Info   :Zeepkist GTR] 20:06:41 Start processing HTTP request "POST" https://es-graphql-1q5xcqmja6dvh4ctc4t9.zeepki.st/
[Info   :Zeepkist GTR] 20:06:41 Sending HTTP request "POST" https://es-graphql-1q5xcqmja6dvh4ctc4t9.zeepki.st/
[Info   :Zeepkist GTR] 20:06:41 Start processing HTTP request "POST" https://es-graphql-1q5xcqmja6dvh4ctc4t9.zeepki.st/
[Info   :Zeepkist GTR] 20:06:41 Start processing HTTP request "POST" https://es-graphql-1q5xcqmja6dvh4ctc4t9.zeepki.st/
[Info   :Zeepkist GTR] 20:06:41 Sending HTTP request "POST" https://es-graphql-1q5xcqmja6dvh4ctc4t9.zeepki.st/
[Info   :Zeepkist GTR] 20:06:41 Stopping existing recorder if any
[Info   :Zeepkist GTR] 20:06:41 Creating new recorder
[Info   :Zeepkist GTR] 20:06:41 Received HTTP response headers after 70.4803ms - 200
[Info   :Zeepkist GTR] 20:06:41 End processing HTTP request after 70.7118ms - 200
[Info   :Zeepkist GTR] 20:06:41 End processing HTTP request after 74.0873ms - 200
[Info   :Zeepkist GTR] 20:06:41 Received HTTP response headers after 79.3861ms - 200
[Info   :Zeepkist GTR] 20:06:41 End processing HTTP request after 79.6172ms - 200
[Info   :Zeepkist GTR] 20:06:41 End processing HTTP request after 84.962ms - 200
[Warning:Zeepkist GTR] 20:06:41 Unable to resolve current level GraphQL ID
[Info   :Zeepkist GTR] 20:06:43 Starting recorder
[Info   :Zeepkist GTR] 20:07:09 Stopping recorder
[Info   :Zeepkist GTR] 20:07:09 Collecting extra information
[Info   :Zeepkist GTR] 20:07:09 Resolved workshop ID "3802490538" from lobby 3802490538 and level 0
[Info   :Zeepkist GTR] 20:07:09 Discarding any % record
[Info   :Zeepkist Bingo] [BINGO] === PLAYER SPAWNED ===
[Info   :Zeepkist Bingo] [BINGO] IsInActiveSession: False
[Info   :Zeepkist Bingo] [BINGO] Not in active session, skipping timer reset
[Info   :Zeepkist GTR] 20:07:10 Loading personal best...
[Info   :Zeepkist GTR] 20:07:10 Start processing HTTP request "POST" https://es-graphql-1q5xcqmja6dvh4ctc4t9.zeepki.st/
[Info   :Zeepkist GTR] 20:07:10 Start processing HTTP request "POST" https://es-graphql-1q5xcqmja6dvh4ctc4t9.zeepki.st/
[Info   :Zeepkist GTR] 20:07:10 Sending HTTP request "POST" https://es-graphql-1q5xcqmja6dvh4ctc4t9.zeepki.st/
[Info   :Zeepkist GTR] 20:07:10 Start processing HTTP request "POST" https://es-graphql-1q5xcqmja6dvh4ctc4t9.zeepki.st/
[Info   :Zeepkist GTR] 20:07:10 Start processing HTTP request "POST" https://es-graphql-1q5xcqmja6dvh4ctc4t9.zeepki.st/
[Info   :Zeepkist GTR] 20:07:10 Sending HTTP request "POST" https://es-graphql-1q5xcqmja6dvh4ctc4t9.zeepki.st/
[Info   :Zeepkist GTR] 20:07:10 Stopping existing recorder if any
[Info   :Zeepkist GTR] 20:07:10 Creating new recorder
[Info   :Zeepkist GTR] 20:07:10 Received HTTP response headers after 489.8199ms - 200
[Info   :Zeepkist GTR] 20:07:10 End processing HTTP request after 490.0304ms - 200
[Info   :Zeepkist GTR] 20:07:10 End processing HTTP request after 491.5454ms - 200
[Info   :Zeepkist GTR] 20:07:10 Received HTTP response headers after 495.9489ms - 200
[Info   :Zeepkist GTR] 20:07:10 End processing HTTP request after 496.1814ms - 200
[Info   :Zeepkist GTR] 20:07:10 End processing HTTP request after 499.6279ms - 200
[Info   :Zeepkist GTR] 20:07:12 Starting recorder
[Info   :Zeepkist GTR] 20:07:35 Stopping recorder
[Info   :Zeepkist GTR] 20:07:35 Collecting extra information
[Info   :Zeepkist GTR] 20:07:35 Resolved workshop ID "3802490538" from lobby 3802490538 and level 0
[Info   :Zeepkist GTR] 20:07:35 Processing ghost data
[Info   :Zeepkist GTR] 20:07:35 Creating stream
[Info   :Zeepkist GTR] 20:07:35 Writing to stream
[Info   :Zeepkist GTR] 20:07:36 Converting to base64
[Info   :Zeepkist GTR] 20:07:36 Creating resource
[Info   :Zeepkist GTR] 20:07:36 Start processing HTTP request "POST" https://es-backend-5eu0pg2dcfyp6u2v33lz.zeepki.st/record/submit
[Info   :Zeepkist GTR] 20:07:36 Start processing HTTP request "POST" https://es-backend-5eu0pg2dcfyp6u2v33lz.zeepki.st/record/submit
[Info   :Zeepkist GTR] 20:07:36 Sending HTTP request "POST" https://es-backend-5eu0pg2dcfyp6u2v33lz.zeepki.st/record/submit
[Info   :Zeepkist GTR] 20:07:36 Received HTTP response headers after 450.7061ms - 200
[Info   :Zeepkist GTR] 20:07:36 End processing HTTP request after 450.93ms - 200
[Info   :Zeepkist GTR] 20:07:36 End processing HTTP request after 451.386ms - 200
[Info   :Zeepkist GTR] 20:07:37 Start processing HTTP request "POST" https://es-graphql-1q5xcqmja6dvh4ctc4t9.zeepki.st/
[Info   :Zeepkist GTR] 20:07:37 Start processing HTTP request "POST" https://es-graphql-1q5xcqmja6dvh4ctc4t9.zeepki.st/
[Info   :Zeepkist GTR] 20:07:37 Sending HTTP request "POST" https://es-graphql-1q5xcqmja6dvh4ctc4t9.zeepki.st/
[Info   :Zeepkist GTR] 20:07:37 Received HTTP response headers after 60.3785ms - 200
[Info   :Zeepkist GTR] 20:07:37 End processing HTTP request after 60.6046ms - 200
[Info   :Zeepkist GTR] 20:07:37 End processing HTTP request after 64.4465ms - 200
[Info   :Zeepkist Bingo] [BINGO] === PLAYER SPAWNED ===
[Info   :Zeepkist Bingo] [BINGO] IsInActiveSession: False
[Info   :Zeepkist Bingo] [BINGO] Not in active session, skipping timer reset
[Info   :Zeepkist GTR] 20:07:37 Loading personal best...
[Info   :Zeepkist GTR] 20:07:37 Start processing HTTP request "POST" https://es-graphql-1q5xcqmja6dvh4ctc4t9.zeepki.st/
[Info   :Zeepkist GTR] 20:07:37 Start processing HTTP request "POST" https://es-graphql-1q5xcqmja6dvh4ctc4t9.zeepki.st/
[Info   :Zeepkist GTR] 20:07:37 Sending HTTP request "POST" https://es-graphql-1q5xcqmja6dvh4ctc4t9.zeepki.st/
[Info   :Zeepkist GTR] 20:07:37 Stopping existing recorder if any
[Info   :Zeepkist GTR] 20:07:37 Creating new recorder
[Info   :Zeepkist GTR] 20:07:37 Received HTTP response headers after 84.5063ms - 200
[Info   :Zeepkist GTR] 20:07:37 End processing HTTP request after 84.771ms - 200
[Info   :Zeepkist GTR] 20:07:37 End processing HTTP request after 87.004ms - 200
[Info   :Zeepkist GTR] 20:07:37 Start processing HTTP request "GET" https://cdn.zeepki.st/ghosts/01M37Q77D5MGSRHMWYT5YJPJB2.bin
[Info   :Zeepkist GTR] 20:07:37 Sending HTTP request "GET" https://cdn.zeepki.st/ghosts/01M37Q77D5MGSRHMWYT5YJPJB2.bin
[Info   :Zeepkist GTR] 20:07:38 Received HTTP response headers after 812.4554ms - 200
[Info   :Zeepkist GTR] 20:07:38 End processing HTTP request after 812.7093ms - 200
[Info   :Zeepkist GTR] 20:07:39 Starting recorder
[Info   :Zeepkist Bingo] [BINGO] === PLAYER SPAWNED ===
[Info   :Zeepkist Bingo] [BINGO] IsInActiveSession: False
[Info   :Zeepkist Bingo] [BINGO] Not in active session, skipping timer reset
[Info   :Zeepkist GTR] 20:07:45 Loading personal best...
[Info   :Zeepkist GTR] 20:07:45 Start processing HTTP request "POST" https://es-graphql-1q5xcqmja6dvh4ctc4t9.zeepki.st/
[Info   :Zeepkist GTR] 20:07:45 Start processing HTTP request "POST" https://es-graphql-1q5xcqmja6dvh4ctc4t9.zeepki.st/
[Info   :Zeepkist GTR] 20:07:45 Sending HTTP request "POST" https://es-graphql-1q5xcqmja6dvh4ctc4t9.zeepki.st/
[Info   :Zeepkist GTR] 20:07:45 Stopping existing recorder if any
[Info   :Zeepkist GTR] 20:07:45 Creating new recorder
[Info   :Zeepkist GTR] 20:07:45 Received HTTP response headers after 72.109ms - 200
[Info   :Zeepkist GTR] 20:07:45 End processing HTTP request after 72.3238ms - 200
[Info   :Zeepkist GTR] 20:07:45 End processing HTTP request after 73.5105ms - 200
[Info   :Zeepkist GTR] 20:07:47 Starting recorder
[Info   :Zeepkist Bingo] [BINGO] === PLAYER SPAWNED ===
[Info   :Zeepkist Bingo] [BINGO] IsInActiveSession: False
[Info   :Zeepkist Bingo] [BINGO] Not in active session, skipping timer reset
[Info   :Zeepkist GTR] 20:07:52 Loading personal best...
[Info   :Zeepkist GTR] 20:07:52 Start processing HTTP request "POST" https://es-graphql-1q5xcqmja6dvh4ctc4t9.zeepki.st/
[Info   :Zeepkist GTR] 20:07:52 Start processing HTTP request "POST" https://es-graphql-1q5xcqmja6dvh4ctc4t9.zeepki.st/
[Info   :Zeepkist GTR] 20:07:52 Sending HTTP request "POST" https://es-graphql-1q5xcqmja6dvh4ctc4t9.zeepki.st/
[Info   :Zeepkist GTR] 20:07:52 Stopping existing recorder if any
[Info   :Zeepkist GTR] 20:07:52 Creating new recorder
[Info   :Zeepkist GTR] 20:07:52 Received HTTP response headers after 72.5183ms - 200
[Info   :Zeepkist GTR] 20:07:52 End processing HTTP request after 72.7484ms - 200
[Info   :Zeepkist GTR] 20:07:52 End processing HTTP request after 75.4621ms - 200
[Info   :Zeepkist GTR] 20:07:53 Starting recorder
[Info   :Zeepkist Bingo] [BINGO] === PLAYER SPAWNED ===
[Info   :Zeepkist Bingo] [BINGO] IsInActiveSession: False
[Info   :Zeepkist Bingo] [BINGO] Not in active session, skipping timer reset
[Info   :Zeepkist GTR] 20:08:01 Loading personal best...
[Info   :Zeepkist GTR] 20:08:01 Start processing HTTP request "POST" https://es-graphql-1q5xcqmja6dvh4ctc4t9.zeepki.st/
[Info   :Zeepkist GTR] 20:08:01 Start processing HTTP request "POST" https://es-graphql-1q5xcqmja6dvh4ctc4t9.zeepki.st/
[Info   :Zeepkist GTR] 20:08:01 Sending HTTP request "POST" https://es-graphql-1q5xcqmja6dvh4ctc4t9.zeepki.st/
[Info   :Zeepkist GTR] 20:08:01 Stopping existing recorder if any
[Info   :Zeepkist GTR] 20:08:01 Creating new recorder
[Info   :Zeepkist GTR] 20:08:01 Received HTTP response headers after 66.6421ms - 200
[Info   :Zeepkist GTR] 20:08:01 End processing HTTP request after 66.8504ms - 200
[Info   :Zeepkist GTR] 20:08:01 End processing HTTP request after 67.3512ms - 200
[Info   :Zeepkist GTR] 20:08:03 Starting recorder
[Info   :Zeepkist GTR] 20:08:25 Stopping recorder
[Info   :Zeepkist GTR] 20:08:25 Collecting extra information
[Info   :Zeepkist GTR] 20:08:25 Resolved workshop ID "3802490538" from lobby 3802490538 and level 0
[Info   :Zeepkist GTR] 20:08:25 Processing ghost data
[Info   :Zeepkist GTR] 20:08:25 Creating stream
[Info   :Zeepkist GTR] 20:08:25 Writing to stream
[Info   :Zeepkist GTR] 20:08:25 Converting to base64
[Info   :Zeepkist GTR] 20:08:25 Creating resource
[Info   :Zeepkist GTR] 20:08:25 Start processing HTTP request "POST" https://es-backend-5eu0pg2dcfyp6u2v33lz.zeepki.st/record/submit
[Info   :Zeepkist GTR] 20:08:25 Start processing HTTP request "POST" https://es-backend-5eu0pg2dcfyp6u2v33lz.zeepki.st/record/submit
[Info   :Zeepkist GTR] 20:08:25 Sending HTTP request "POST" https://es-backend-5eu0pg2dcfyp6u2v33lz.zeepki.st/record/submit
[Info   :Zeepkist GTR] 20:08:26 Received HTTP response headers after 835.8738ms - 200
[Info   :Zeepkist GTR] 20:08:26 End processing HTTP request after 836.1291ms - 200
[Info   :Zeepkist GTR] 20:08:26 End processing HTTP request after 840.3512ms - 200
[Info   :Zeepkist Bingo] [BINGO] === PLAYER SPAWNED ===
[Info   :Zeepkist Bingo] [BINGO] IsInActiveSession: False
[Info   :Zeepkist Bingo] [BINGO] Not in active session, skipping timer reset
[Info   :Zeepkist GTR] 20:08:27 Loading personal best...
[Info   :Zeepkist GTR] 20:08:27 Start processing HTTP request "POST" https://es-graphql-1q5xcqmja6dvh4ctc4t9.zeepki.st/
[Info   :Zeepkist GTR] 20:08:27 Start processing HTTP request "POST" https://es-graphql-1q5xcqmja6dvh4ctc4t9.zeepki.st/
[Info   :Zeepkist GTR] 20:08:27 Sending HTTP request "POST" https://es-graphql-1q5xcqmja6dvh4ctc4t9.zeepki.st/
[Info   :Zeepkist GTR] 20:08:27 Stopping existing recorder if any
[Info   :Zeepkist GTR] 20:08:27 Creating new recorder
[Info   :Zeepkist GTR] 20:08:27 Received HTTP response headers after 64.0415ms - 200
[Info   :Zeepkist GTR] 20:08:27 End processing HTTP request after 64.2643ms - 200
[Info   :Zeepkist GTR] 20:08:27 End processing HTTP request after 67.1453ms - 200
[Info   :Zeepkist GTR] 20:08:27 Start processing HTTP request "GET" https://cdn.zeepki.st/ghosts/01M37Q8R0F7WSC27DKB1P0BXGF.bin
[Info   :Zeepkist GTR] 20:08:27 Sending HTTP request "GET" https://cdn.zeepki.st/ghosts/01M37Q8R0F7WSC27DKB1P0BXGF.bin
[Info   :Zeepkist GTR] 20:08:27 Received HTTP response headers after 754.2511ms - 200
[Info   :Zeepkist GTR] 20:08:27 End processing HTTP request after 754.572ms - 200
[Info   :Zeepkist GTR] 20:08:28 Starting recorder
[Info   :Zeepkist GTR] 20:08:29 Start processing HTTP request "POST" https://es-graphql-1q5xcqmja6dvh4ctc4t9.zeepki.st/
[Info   :Zeepkist GTR] 20:08:29 Start processing HTTP request "POST" https://es-graphql-1q5xcqmja6dvh4ctc4t9.zeepki.st/
[Info   :Zeepkist GTR] 20:08:29 Sending HTTP request "POST" https://es-graphql-1q5xcqmja6dvh4ctc4t9.zeepki.st/
[Info   :Zeepkist GTR] 20:08:29 Received HTTP response headers after 52.4366ms - 200
[Info   :Zeepkist GTR] 20:08:29 End processing HTTP request after 52.6533ms - 200
[Info   :Zeepkist GTR] 20:08:29 End processing HTTP request after 61.5538ms - 200
[Info   :Zeepkist GTR] 20:08:51 Stopping recorder
[Info   :Zeepkist GTR] 20:08:51 Collecting extra information
[Info   :Zeepkist GTR] 20:08:51 Resolved workshop ID "3802490538" from lobby 3802490538 and level 0
[Info   :Zeepkist GTR] 20:08:51 Processing ghost data
[Info   :Zeepkist GTR] 20:08:51 Creating stream
[Info   :Zeepkist GTR] 20:08:51 Writing to stream
[Info   :Zeepkist GTR] 20:08:51 Converting to base64
[Info   :Zeepkist GTR] 20:08:51 Creating resource
[Info   :Zeepkist GTR] 20:08:51 Start processing HTTP request "POST" https://es-backend-5eu0pg2dcfyp6u2v33lz.zeepki.st/record/submit
[Info   :Zeepkist GTR] 20:08:51 Start processing HTTP request "POST" https://es-backend-5eu0pg2dcfyp6u2v33lz.zeepki.st/record/submit
[Info   :Zeepkist GTR] 20:08:51 Sending HTTP request "POST" https://es-backend-5eu0pg2dcfyp6u2v33lz.zeepki.st/record/submit
[Info   :Zeepkist GTR] 20:08:51 Received HTTP response headers after 220.8363ms - 200
[Info   :Zeepkist GTR] 20:08:51 End processing HTTP request after 221.0615ms - 200
[Info   :Zeepkist GTR] 20:08:51 End processing HTTP request after 226.119ms - 200
[Info   :Zeepkist Bingo] [BINGO] === PLAYER SPAWNED ===
[Info   :Zeepkist Bingo] [BINGO] IsInActiveSession: False
[Info   :Zeepkist Bingo] [BINGO] Not in active session, skipping timer reset
[Info   :Zeepkist GTR] 20:08:52 Loading personal best...
[Info   :Zeepkist GTR] 20:08:52 Start processing HTTP request "POST" https://es-graphql-1q5xcqmja6dvh4ctc4t9.zeepki.st/
[Info   :Zeepkist GTR] 20:08:52 Start processing HTTP request "POST" https://es-graphql-1q5xcqmja6dvh4ctc4t9.zeepki.st/
[Info   :Zeepkist GTR] 20:08:52 Sending HTTP request "POST" https://es-graphql-1q5xcqmja6dvh4ctc4t9.zeepki.st/
[Info   :Zeepkist GTR] 20:08:52 Stopping existing recorder if any
[Info   :Zeepkist GTR] 20:08:52 Creating new recorder
[Info   :Zeepkist GTR] 20:08:53 Received HTTP response headers after 536.0104ms - 200
[Info   :Zeepkist GTR] 20:08:53 End processing HTTP request after 536.2397ms - 200
[Info   :Zeepkist GTR] 20:08:53 End processing HTTP request after 540.9366ms - 200
[Info   :Zeepkist GTR] 20:08:54 Starting recorder
[Info   :Zeepkist Bingo] [BINGO] === PLAYER SPAWNED ===
[Info   :Zeepkist Bingo] [BINGO] IsInActiveSession: False
[Info   :Zeepkist Bingo] [BINGO] Not in active session, skipping timer reset
[Info   :Zeepkist GTR] 20:08:59 Loading personal best...
[Info   :Zeepkist GTR] 20:08:59 Start processing HTTP request "POST" https://es-graphql-1q5xcqmja6dvh4ctc4t9.zeepki.st/
[Info   :Zeepkist GTR] 20:08:59 Start processing HTTP request "POST" https://es-graphql-1q5xcqmja6dvh4ctc4t9.zeepki.st/
[Info   :Zeepkist GTR] 20:08:59 Sending HTTP request "POST" https://es-graphql-1q5xcqmja6dvh4ctc4t9.zeepki.st/
[Info   :Zeepkist GTR] 20:08:59 Stopping existing recorder if any
[Info   :Zeepkist GTR] 20:08:59 Creating new recorder
[Info   :Zeepkist GTR] 20:08:59 Received HTTP response headers after 109.0874ms - 200
[Info   :Zeepkist GTR] 20:08:59 End processing HTTP request after 109.3287ms - 200
[Info   :Zeepkist GTR] 20:08:59 End processing HTTP request after 110.7325ms - 200
[Info   :Zeepkist GTR] 20:09:01 Starting recorder
[Info   :Zeepkist Bingo] [BINGO] === PLAYER SPAWNED ===
[Info   :Zeepkist Bingo] [BINGO] IsInActiveSession: False
[Info   :Zeepkist Bingo] [BINGO] Not in active session, skipping timer reset
[Info   :Zeepkist GTR] 20:09:08 Loading personal best...
[Info   :Zeepkist GTR] 20:09:08 Start processing HTTP request "POST" https://es-graphql-1q5xcqmja6dvh4ctc4t9.zeepki.st/
[Info   :Zeepkist GTR] 20:09:08 Start processing HTTP request "POST" https://es-graphql-1q5xcqmja6dvh4ctc4t9.zeepki.st/
[Info   :Zeepkist GTR] 20:09:08 Sending HTTP request "POST" https://es-graphql-1q5xcqmja6dvh4ctc4t9.zeepki.st/
[Info   :Zeepkist GTR] 20:09:08 Stopping existing recorder if any
[Info   :Zeepkist GTR] 20:09:08 Creating new recorder
[Info   :Zeepkist GTR] 20:09:08 Received HTTP response headers after 68.1207ms - 200
[Info   :Zeepkist GTR] 20:09:08 End processing HTTP request after 68.3684ms - 200
[Info   :Zeepkist GTR] 20:09:08 End processing HTTP request after 74.253ms - 200
[Info   :Zeepkist GTR] 20:09:10 Starting recorder
[Info   :Zeepkist GTR] 20:09:32 Stopping recorder
[Info   :Zeepkist GTR] 20:09:32 Collecting extra information
[Info   :Zeepkist GTR] 20:09:32 Resolved workshop ID "3802490538" from lobby 3802490538 and level 0
[Info   :Zeepkist GTR] 20:09:32 Processing ghost data
[Info   :Zeepkist GTR] 20:09:32 Creating stream
[Info   :Zeepkist GTR] 20:09:32 Writing to stream
[Info   :Zeepkist GTR] 20:09:32 Converting to base64
[Info   :Zeepkist GTR] 20:09:32 Creating resource
[Info   :Zeepkist GTR] 20:09:32 Start processing HTTP request "POST" https://es-backend-5eu0pg2dcfyp6u2v33lz.zeepki.st/record/submit
[Info   :Zeepkist GTR] 20:09:32 Start processing HTTP request "POST" https://es-backend-5eu0pg2dcfyp6u2v33lz.zeepki.st/record/submit
[Info   :Zeepkist GTR] 20:09:32 Sending HTTP request "POST" https://es-backend-5eu0pg2dcfyp6u2v33lz.zeepki.st/record/submit
[Info   :Zeepkist GTR] 20:09:33 Received HTTP response headers after 434.8705ms - 200
[Info   :Zeepkist GTR] 20:09:33 End processing HTTP request after 435.111ms - 200
[Info   :Zeepkist GTR] 20:09:33 End processing HTTP request after 437.5796ms - 200
[Info   :Zeepkist Bingo] [BINGO] === PLAYER SPAWNED ===
[Info   :Zeepkist Bingo] [BINGO] IsInActiveSession: False
[Info   :Zeepkist Bingo] [BINGO] Not in active session, skipping timer reset
[Info   :Zeepkist GTR] 20:09:35 Loading personal best...
[Info   :Zeepkist GTR] 20:09:35 Start processing HTTP request "POST" https://es-graphql-1q5xcqmja6dvh4ctc4t9.zeepki.st/
[Info   :Zeepkist GTR] 20:09:35 Start processing HTTP request "POST" https://es-graphql-1q5xcqmja6dvh4ctc4t9.zeepki.st/
[Info   :Zeepkist GTR] 20:09:35 Sending HTTP request "POST" https://es-graphql-1q5xcqmja6dvh4ctc4t9.zeepki.st/
[Info   :Zeepkist GTR] 20:09:35 Stopping existing recorder if any
[Info   :Zeepkist GTR] 20:09:35 Creating new recorder
[Info   :Zeepkist GTR] 20:09:36 Received HTTP response headers after 258.5567ms - 200
[Info   :Zeepkist GTR] 20:09:36 End processing HTTP request after 258.7783ms - 200
[Info   :Zeepkist GTR] 20:09:36 End processing HTTP request after 269.009ms - 200
[Info   :Zeepkist GTR] 20:09:37 Starting recorder
[Info   :Zeepkist Bingo] [BINGO] === PLAYER SPAWNED ===
[Info   :Zeepkist Bingo] [BINGO] IsInActiveSession: False
[Info   :Zeepkist Bingo] [BINGO] Not in active session, skipping timer reset
[Info   :Zeepkist GTR] 20:09:43 Loading personal best...
[Info   :Zeepkist GTR] 20:09:43 Start processing HTTP request "POST" https://es-graphql-1q5xcqmja6dvh4ctc4t9.zeepki.st/
[Info   :Zeepkist GTR] 20:09:43 Start processing HTTP request "POST" https://es-graphql-1q5xcqmja6dvh4ctc4t9.zeepki.st/
[Info   :Zeepkist GTR] 20:09:43 Sending HTTP request "POST" https://es-graphql-1q5xcqmja6dvh4ctc4t9.zeepki.st/
[Info   :Zeepkist GTR] 20:09:43 Stopping existing recorder if any
[Info   :Zeepkist GTR] 20:09:43 Creating new recorder
[Info   :Zeepkist GTR] 20:09:43 Received HTTP response headers after 58.4306ms - 200
[Info   :Zeepkist GTR] 20:09:43 End processing HTTP request after 58.6531ms - 200
[Info   :Zeepkist GTR] 20:09:43 End processing HTTP request after 67.2569ms - 200
[Info   :Zeepkist GTR] 20:09:45 Starting recorder
[Info   :Zeepkist GTR] 20:10:07 Stopping recorder
[Info   :Zeepkist GTR] 20:10:07 Collecting extra information
[Info   :Zeepkist GTR] 20:10:07 Resolved workshop ID "3802490538" from lobby 3802490538 and level 0
[Info   :Zeepkist GTR] 20:10:07 Processing ghost data
[Info   :Zeepkist GTR] 20:10:07 Creating stream
[Info   :Zeepkist GTR] 20:10:07 Writing to stream
[Info   :Zeepkist GTR] 20:10:07 Converting to base64
[Info   :Zeepkist GTR] 20:10:07 Creating resource
[Info   :Zeepkist GTR] 20:10:07 Start processing HTTP request "POST" https://es-backend-5eu0pg2dcfyp6u2v33lz.zeepki.st/record/submit
[Info   :Zeepkist GTR] 20:10:07 Start processing HTTP request "POST" https://es-backend-5eu0pg2dcfyp6u2v33lz.zeepki.st/record/submit
[Info   :Zeepkist GTR] 20:10:07 Sending HTTP request "POST" https://es-backend-5eu0pg2dcfyp6u2v33lz.zeepki.st/record/submit
[Info   :Zeepkist GTR] 20:10:07 Received HTTP response headers after 164.397ms - 200
[Info   :Zeepkist GTR] 20:10:07 End processing HTTP request after 164.6116ms - 200
[Info   :Zeepkist GTR] 20:10:07 End processing HTTP request after 165.9529ms - 200
[Info   :Zeepkist GTR] 20:10:09 Start processing HTTP request "POST" https://es-graphql-1q5xcqmja6dvh4ctc4t9.zeepki.st/
[Info   :Zeepkist GTR] 20:10:09 Start processing HTTP request "POST" https://es-graphql-1q5xcqmja6dvh4ctc4t9.zeepki.st/
[Info   :Zeepkist GTR] 20:10:09 Sending HTTP request "POST" https://es-graphql-1q5xcqmja6dvh4ctc4t9.zeepki.st/
[Info   :Zeepkist GTR] 20:10:09 Received HTTP response headers after 61.7827ms - 200
[Info   :Zeepkist GTR] 20:10:09 End processing HTTP request after 62.004ms - 200
[Info   :Zeepkist GTR] 20:10:09 End processing HTTP request after 63.8499ms - 200
[Info   :Zeepkist Bingo] [BINGO] === PLAYER SPAWNED ===
[Info   :Zeepkist Bingo] [BINGO] IsInActiveSession: False
[Info   :Zeepkist Bingo] [BINGO] Not in active session, skipping timer reset
[Info   :Zeepkist GTR] 20:10:09 Loading personal best...
[Info   :Zeepkist GTR] 20:10:09 Start processing HTTP request "POST" https://es-graphql-1q5xcqmja6dvh4ctc4t9.zeepki.st/
[Info   :Zeepkist GTR] 20:10:09 Start processing HTTP request "POST" https://es-graphql-1q5xcqmja6dvh4ctc4t9.zeepki.st/
[Info   :Zeepkist GTR] 20:10:09 Sending HTTP request "POST" https://es-graphql-1q5xcqmja6dvh4ctc4t9.zeepki.st/
[Info   :Zeepkist GTR] 20:10:09 Stopping existing recorder if any
[Info   :Zeepkist GTR] 20:10:09 Creating new recorder
[Info   :Zeepkist GTR] 20:10:09 Received HTTP response headers after 58.8399ms - 200
[Info   :Zeepkist GTR] 20:10:09 End processing HTTP request after 59.1177ms - 200
[Info   :Zeepkist GTR] 20:10:09 End processing HTTP request after 60.9762ms - 200
[Info   :Zeepkist GTR] 20:10:09 Start processing HTTP request "GET" https://cdn.zeepki.st/ghosts/01M37QBVA7GRC7RXMVFB92Y8F9.bin
[Info   :Zeepkist GTR] 20:10:09 Sending HTTP request "GET" https://cdn.zeepki.st/ghosts/01M37QBVA7GRC7RXMVFB92Y8F9.bin
[Info   :Zeepkist GTR] 20:10:10 Received HTTP response headers after 790.2827ms - 200
[Info   :Zeepkist GTR] 20:10:10 End processing HTTP request after 790.5807ms - 200
[Info   :Zeepkist GTR] 20:10:11 Starting recorder
[Info   :Zeepkist GTR] 20:10:33 Stopping recorder
[Info   :Zeepkist GTR] 20:10:33 Collecting extra information
[Info   :Zeepkist GTR] 20:10:33 Resolved workshop ID "3802490538" from lobby 3802490538 and level 0
[Info   :Zeepkist GTR] 20:10:33 Processing ghost data
[Info   :Zeepkist GTR] 20:10:33 Creating stream
[Info   :Zeepkist GTR] 20:10:33 Writing to stream
[Info   :Zeepkist GTR] 20:10:34 Converting to base64
[Info   :Zeepkist GTR] 20:10:34 Creating resource
[Info   :Zeepkist GTR] 20:10:34 Start processing HTTP request "POST" https://es-backend-5eu0pg2dcfyp6u2v33lz.zeepki.st/record/submit
[Info   :Zeepkist GTR] 20:10:34 Start processing HTTP request "POST" https://es-backend-5eu0pg2dcfyp6u2v33lz.zeepki.st/record/submit
[Info   :Zeepkist GTR] 20:10:34 Sending HTTP request "POST" https://es-backend-5eu0pg2dcfyp6u2v33lz.zeepki.st/record/submit
[Info   :Zeepkist GTR] 20:10:34 Received HTTP response headers after 145.3961ms - 200
[Info   :Zeepkist GTR] 20:10:34 End processing HTTP request after 145.6148ms - 200
[Info   :Zeepkist GTR] 20:10:34 End processing HTTP request after 151.3809ms - 200
[Info   :Zeepkist Bingo] [BINGO] === PLAYER SPAWNED ===
[Info   :Zeepkist Bingo] [BINGO] IsInActiveSession: False
[Info   :Zeepkist Bingo] [BINGO] Not in active session, skipping timer reset
[Info   :Zeepkist GTR] 20:10:35 Loading personal best...
[Info   :Zeepkist GTR] 20:10:35 Start processing HTTP request "POST" https://es-graphql-1q5xcqmja6dvh4ctc4t9.zeepki.st/
[Info   :Zeepkist GTR] 20:10:35 Start processing HTTP request "POST" https://es-graphql-1q5xcqmja6dvh4ctc4t9.zeepki.st/
[Info   :Zeepkist GTR] 20:10:35 Sending HTTP request "POST" https://es-graphql-1q5xcqmja6dvh4ctc4t9.zeepki.st/
[Info   :Zeepkist GTR] 20:10:35 Stopping existing recorder if any
[Info   :Zeepkist GTR] 20:10:35 Creating new recorder
[Info   :Zeepkist GTR] 20:10:35 Received HTTP response headers after 61.5151ms - 200
[Info   :Zeepkist GTR] 20:10:35 End processing HTTP request after 61.7327ms - 200
[Info   :Zeepkist GTR] 20:10:35 End processing HTTP request after 69.3727ms - 200
[Info   :Zeepkist GTR] 20:10:36 Starting recorder
[Info   :Zeepkist GTR] 20:10:59 Stopping recorder
[Info   :Zeepkist GTR] 20:10:59 Collecting extra information
[Info   :Zeepkist GTR] 20:10:59 Resolved workshop ID "3802490538" from lobby 3802490538 and level 0
[Info   :Zeepkist GTR] 20:10:59 Processing ghost data
[Info   :Zeepkist GTR] 20:10:59 Creating stream
[Info   :Zeepkist GTR] 20:10:59 Writing to stream
[Info   :Zeepkist GTR] 20:10:59 Converting to base64
[Info   :Zeepkist GTR] 20:10:59 Creating resource
[Info   :Zeepkist GTR] 20:10:59 Start processing HTTP request "POST" https://es-backend-5eu0pg2dcfyp6u2v33lz.zeepki.st/record/submit
[Info   :Zeepkist GTR] 20:10:59 Start processing HTTP request "POST" https://es-backend-5eu0pg2dcfyp6u2v33lz.zeepki.st/record/submit
[Info   :Zeepkist GTR] 20:10:59 Sending HTTP request "POST" https://es-backend-5eu0pg2dcfyp6u2v33lz.zeepki.st/record/submit
[Info   :Zeepkist GTR] 20:10:59 Received HTTP response headers after 165.1214ms - 200
[Info   :Zeepkist GTR] 20:10:59 End processing HTTP request after 165.3482ms - 200
[Info   :Zeepkist GTR] 20:10:59 End processing HTTP request after 170.983ms - 200
[Info   :Zeepkist Bingo] [BINGO] === PLAYER SPAWNED ===
[Info   :Zeepkist Bingo] [BINGO] IsInActiveSession: False
[Info   :Zeepkist Bingo] [BINGO] Not in active session, skipping timer reset
[Info   :Zeepkist GTR] 20:11:00 Loading personal best...
[Info   :Zeepkist GTR] 20:11:00 Start processing HTTP request "POST" https://es-graphql-1q5xcqmja6dvh4ctc4t9.zeepki.st/
[Info   :Zeepkist GTR] 20:11:00 Start processing HTTP request "POST" https://es-graphql-1q5xcqmja6dvh4ctc4t9.zeepki.st/
[Info   :Zeepkist GTR] 20:11:00 Sending HTTP request "POST" https://es-graphql-1q5xcqmja6dvh4ctc4t9.zeepki.st/
[Info   :Zeepkist GTR] 20:11:00 Stopping existing recorder if any
[Info   :Zeepkist GTR] 20:11:00 Creating new recorder
[Info   :Zeepkist GTR] 20:11:01 Received HTTP response headers after 64.7451ms - 200
[Info   :Zeepkist GTR] 20:11:01 End processing HTTP request after 64.9643ms - 200
[Info   :Zeepkist GTR] 20:11:01 End processing HTTP request after 69.1634ms - 200
[Info   :Zeepkist GTR] 20:11:02 Starting recorder
[Info   :Zeepkist GTR] 20:11:03 Start processing HTTP request "POST" https://es-graphql-1q5xcqmja6dvh4ctc4t9.zeepki.st/
[Info   :Zeepkist GTR] 20:11:03 Start processing HTTP request "POST" https://es-graphql-1q5xcqmja6dvh4ctc4t9.zeepki.st/
[Info   :Zeepkist GTR] 20:11:03 Sending HTTP request "POST" https://es-graphql-1q5xcqmja6dvh4ctc4t9.zeepki.st/
[Info   :Zeepkist GTR] 20:11:03 Received HTTP response headers after 74.7372ms - 200
[Info   :Zeepkist GTR] 20:11:03 End processing HTTP request after 74.9638ms - 200
[Info   :Zeepkist GTR] 20:11:03 End processing HTTP request after 80.7046ms - 200
[Info   :Zeepkist Bingo] [BINGO] === PLAYER SPAWNED ===
[Info   :Zeepkist Bingo] [BINGO] IsInActiveSession: False
[Info   :Zeepkist Bingo] [BINGO] Not in active session, skipping timer reset
[Info   :Zeepkist GTR] 20:11:07 Loading personal best...
[Info   :Zeepkist GTR] 20:11:07 Start processing HTTP request "POST" https://es-graphql-1q5xcqmja6dvh4ctc4t9.zeepki.st/
[Info   :Zeepkist GTR] 20:11:07 Start processing HTTP request "POST" https://es-graphql-1q5xcqmja6dvh4ctc4t9.zeepki.st/
[Info   :Zeepkist GTR] 20:11:07 Sending HTTP request "POST" https://es-graphql-1q5xcqmja6dvh4ctc4t9.zeepki.st/
[Info   :Zeepkist GTR] 20:11:07 Stopping existing recorder if any
[Info   :Zeepkist GTR] 20:11:07 Creating new recorder
[Info   :Zeepkist GTR] 20:11:07 Received HTTP response headers after 59.3211ms - 200
[Info   :Zeepkist GTR] 20:11:07 End processing HTTP request after 59.5506ms - 200
[Info   :Zeepkist GTR] 20:11:07 End processing HTTP request after 68.7211ms - 200
[Info   :Zeepkist GTR] 20:11:09 Starting recorder
[Info   :Zeepkist GTR] 20:11:09 Start processing HTTP request "POST" https://es-backend-5eu0pg2dcfyp6u2v33lz.zeepki.st/vote/submit
[Info   :Zeepkist GTR] 20:11:09 Start processing HTTP request "POST" https://es-backend-5eu0pg2dcfyp6u2v33lz.zeepki.st/vote/submit
[Info   :Zeepkist GTR] 20:11:09 Sending HTTP request "POST" https://es-backend-5eu0pg2dcfyp6u2v33lz.zeepki.st/vote/submit
[Info   :Zeepkist Bingo] [CHAT] Intercepted message: ++
[Info   :Zeepkist Bingo] [CHAT] Not relaying - no bingo session
[Info   :Zeepkist GTR] 20:11:09 Received HTTP response headers after 118.2897ms - 200
[Info   :Zeepkist GTR] 20:11:09 End processing HTTP request after 118.5244ms - 200
[Info   :Zeepkist GTR] 20:11:09 End processing HTTP request after 122.5701ms - 200
[Info   :COTDTracker] Starting cup with exclude list: 
[Info   :Zeepkist GTR] 20:11:33 Discarding recorder
[Info   :COTDTracker] Doing eliminations with leaderboard:
[Info   :COTDTracker] Player justMaki: Time: 21,69967
[Info   :COTDTracker] Player ZOMAN: Time: 21,71237
[Info   :COTDTracker] Player Warsnac: Time: 21,7497
[Info   :COTDTracker] Player Jake: Time: 21,77549
[Info   :COTDTracker] Player [KURK] Quickracer10: Time: 21,78123
[Info   :COTDTracker] Player [SLOW]Zeus: Time: 22,0218
[Info   :COTDTracker] Player RoundNzt: Time: 22,05137
[Info   :COTDTracker] Player Minkus: Time: 22,09847
[Info   :COTDTracker] Player [CSC]IronDragon111000: Time: 22,10691
[Info   :COTDTracker] Player tatari_lover2008: Time: 22,10975
[Info   :COTDTracker] Player Mμ: Time: 22,13766
[Info   :COTDTracker] Player Lexer: Time: 22,13837
[Info   :COTDTracker] Player aizpun: Time: 22,16198
[Info   :COTDTracker] Player [CSC] PlusMicron: Time: 22,20509
[Info   :COTDTracker] Player Victor: Time: 22,32264
[Info   :COTDTracker] Player M4DSCOTSM4N: Time: 22,47131
[Info   :COTDTracker] Player Gimpel: Time: 22,57646
[Info   :COTDTracker] Player Akane: Time: 22,58816
[Info   :COTDTracker] Player gilgool: Time: 22,62133
[Info   :COTDTracker] Player [MMM]Kreeeeee: Time: 22,67724
[Info   :COTDTracker] Player [CSC]K410K3N: Time: 22,67771
[Info   :COTDTracker] Player icRS: Time: 22,69829
[Info   :COTDTracker] Player M4rv: Time: 22,78154
[Info   :COTDTracker] Player Noxitu: Time: 22,82227
[Info   :COTDTracker] Player LKat: Time: 22,89249
[Info   :COTDTracker] Player DeiRex: Time: 22,94419
[Info   :COTDTracker] Player Matic_D: Time: 22,98499
[Info   :COTDTracker] Player timesprout: Time: 23,20633
[Info   :COTDTracker] Player [CCC]Shinikage221: Time: 24,24013
[Info   :COTDTracker] Player Robgamer: Time: 27,83481
[Info   :COTDTracker] Player [RABI]Yksdjcj: Time: 28,13339
[Info   :COTDTracker] Player Waaksaam: Time: DNF
[Info   :COTDTracker] Player [CSC] variableferret: Time: DNF
[Info   :Zeepkist Bingo] [BINGO] Level loaded
[Info   :Zeepkist GTR] 20:11:48 Start processing HTTP request "POST" https://es-backend-5eu0pg2dcfyp6u2v33lz.zeepki.st/level/request
[Info   :Zeepkist GTR] 20:11:48 Start processing HTTP request "POST" https://es-backend-5eu0pg2dcfyp6u2v33lz.zeepki.st/level/request
[Info   :Zeepkist GTR] 20:11:48 Sending HTTP request "POST" https://es-backend-5eu0pg2dcfyp6u2v33lz.zeepki.st/level/request
[Info   :Zeepkist GTR] 20:11:48 Start processing HTTP request "POST" https://es-graphql-1q5xcqmja6dvh4ctc4t9.zeepki.st/
[Info   :Zeepkist GTR] 20:11:48 Start processing HTTP request "POST" https://es-graphql-1q5xcqmja6dvh4ctc4t9.zeepki.st/
[Info   :Zeepkist GTR] 20:11:48 Sending HTTP request "POST" https://es-graphql-1q5xcqmja6dvh4ctc4t9.zeepki.st/
[Info   :Zeepkist GTR] 20:11:48 Start processing HTTP request "POST" https://es-graphql-1q5xcqmja6dvh4ctc4t9.zeepki.st/
[Warning:Zeepkist GTR] 20:11:48 Current-level record subscription failed
[Info   :Zeepkist GTR] 20:11:48 Start processing HTTP request "POST" https://es-graphql-1q5xcqmja6dvh4ctc4t9.zeepki.st/
[Info   :Zeepkist GTR] 20:11:48 Sending HTTP request "POST" https://es-graphql-1q5xcqmja6dvh4ctc4t9.zeepki.st/
[Info   :BetterSplits] getting gtr splits
[Info   :Zeepkist Bingo] [BINGO] === PLAYER SPAWNED ===
[Info   :Zeepkist Bingo] [BINGO] IsInActiveSession: False
[Info   :Zeepkist Bingo] [BINGO] Not in active session, skipping timer reset
[Info   :Zeepkist GTR] 20:11:48 Loading personal best...
[Info   :Zeepkist GTR] 20:11:48 Start processing HTTP request "POST" https://es-graphql-1q5xcqmja6dvh4ctc4t9.zeepki.st/
[Info   :Zeepkist GTR] 20:11:48 Start processing HTTP request "POST" https://es-graphql-1q5xcqmja6dvh4ctc4t9.zeepki.st/
[Info   :Zeepkist GTR] 20:11:48 Sending HTTP request "POST" https://es-graphql-1q5xcqmja6dvh4ctc4t9.zeepki.st/
[Info   :Zeepkist GTR] 20:11:48 Stopping existing recorder if any
[Info   :Zeepkist GTR] 20:11:48 Creating new recorder
[Info   :Zeepkist GTR] 20:11:48 Received HTTP response headers after 234.3059ms - 200
[Info   :Zeepkist GTR] 20:11:48 End processing HTTP request after 234.5366ms - 200
[Info   :Zeepkist GTR] 20:11:48 End processing HTTP request after 237.1452ms - 200
[Info   :Zeepkist GTR] 20:11:48 Received HTTP response headers after 239.5325ms - 200
[Info   :Zeepkist GTR] 20:11:48 End processing HTTP request after 239.7278ms - 200
[Info   :Zeepkist GTR] 20:11:48 End processing HTTP request after 245.2995ms - 200
[Info   :Zeepkist GTR] 20:11:48 Received HTTP response headers after 245.2429ms - 200
[Info   :Zeepkist GTR] 20:11:48 End processing HTTP request after 245.4318ms - 200
[Info   :Zeepkist GTR] 20:11:48 End processing HTTP request after 251.2938ms - 200
[Info   :BetterSplits] got gtr splits
[Info   :Zeepkist GTR] 20:11:48 Received HTTP response headers after 193.4107ms - 200
[Info   :Zeepkist GTR] 20:11:48 End processing HTTP request after 193.6302ms - 200
[Info   :Zeepkist GTR] 20:11:48 End processing HTTP request after 195.6198ms - 200
[Info   :Zeepkist GTR] 20:11:49 Starting recorder
[Info   :Zeepkist GTR] 20:12:14 Stopping recorder
[Info   :Zeepkist GTR] 20:12:14 Collecting extra information
[Info   :Zeepkist GTR] 20:12:14 Resolved workshop ID "3806261665" from lobby 3806261665 and level 0
[Info   :Zeepkist GTR] 20:12:14 Processing ghost data
[Info   :Zeepkist GTR] 20:12:14 Creating stream
[Info   :Zeepkist GTR] 20:12:14 Writing to stream
[Info   :Zeepkist GTR] 20:12:14 Converting to base64
[Info   :Zeepkist GTR] 20:12:14 Creating resource
[Info   :Zeepkist GTR] 20:12:14 Start processing HTTP request "POST" https://es-backend-5eu0pg2dcfyp6u2v33lz.zeepki.st/record/submit
[Info   :Zeepkist GTR] 20:12:14 Start processing HTTP request "POST" https://es-backend-5eu0pg2dcfyp6u2v33lz.zeepki.st/record/submit
[Info   :Zeepkist GTR] 20:12:14 Sending HTTP request "POST" https://es-backend-5eu0pg2dcfyp6u2v33lz.zeepki.st/record/submit
[Info   :Zeepkist GTR] 20:12:14 Received HTTP response headers after 252.692ms - 200
[Info   :Zeepkist GTR] 20:12:14 End processing HTTP request after 252.9327ms - 200
[Info   :Zeepkist GTR] 20:12:14 End processing HTTP request after 256.6871ms - 200
[Info   :Zeepkist Bingo] [BINGO] === PLAYER SPAWNED ===
[Info   :Zeepkist Bingo] [BINGO] IsInActiveSession: False
[Info   :Zeepkist Bingo] [BINGO] Not in active session, skipping timer reset
[Info   :Zeepkist GTR] 20:12:15 Loading personal best...
[Info   :Zeepkist GTR] 20:12:15 Start processing HTTP request "POST" https://es-graphql-1q5xcqmja6dvh4ctc4t9.zeepki.st/
[Info   :Zeepkist GTR] 20:12:15 Start processing HTTP request "POST" https://es-graphql-1q5xcqmja6dvh4ctc4t9.zeepki.st/
[Info   :Zeepkist GTR] 20:12:15 Sending HTTP request "POST" https://es-graphql-1q5xcqmja6dvh4ctc4t9.zeepki.st/
[Info   :Zeepkist GTR] 20:12:15 Stopping existing recorder if any
[Info   :Zeepkist GTR] 20:12:15 Creating new recorder
[Info   :Zeepkist GTR] 20:12:15 Received HTTP response headers after 60.1239ms - 200
[Info   :Zeepkist GTR] 20:12:15 End processing HTTP request after 60.3591ms - 200
[Info   :Zeepkist GTR] 20:12:15 End processing HTTP request after 67.7103ms - 200
[Info   :Zeepkist GTR] 20:12:17 Starting recorder
[Info   :Zeepkist GTR] 20:12:28 Start processing HTTP request "POST" https://es-graphql-1q5xcqmja6dvh4ctc4t9.zeepki.st/
[Info   :Zeepkist GTR] 20:12:28 Start processing HTTP request "POST" https://es-graphql-1q5xcqmja6dvh4ctc4t9.zeepki.st/
[Info   :Zeepkist GTR] 20:12:28 Sending HTTP request "POST" https://es-graphql-1q5xcqmja6dvh4ctc4t9.zeepki.st/
[Info   :Zeepkist GTR] 20:12:28 Received HTTP response headers after 88.3388ms - 200
[Info   :Zeepkist GTR] 20:12:28 End processing HTTP request after 88.562ms - 200
[Info   :Zeepkist GTR] 20:12:28 End processing HTTP request after 95.2672ms - 200
[Info   :Zeepkist Bingo] [BINGO] === PLAYER SPAWNED ===
[Info   :Zeepkist Bingo] [BINGO] IsInActiveSession: False
[Info   :Zeepkist Bingo] [BINGO] Not in active session, skipping timer reset
[Info   :Zeepkist GTR] 20:12:34 Loading personal best...
[Info   :Zeepkist GTR] 20:12:34 Start processing HTTP request "POST" https://es-graphql-1q5xcqmja6dvh4ctc4t9.zeepki.st/
[Info   :Zeepkist GTR] 20:12:34 Start processing HTTP request "POST" https://es-graphql-1q5xcqmja6dvh4ctc4t9.zeepki.st/
[Info   :Zeepkist GTR] 20:12:34 Sending HTTP request "POST" https://es-graphql-1q5xcqmja6dvh4ctc4t9.zeepki.st/
[Info   :Zeepkist GTR] 20:12:34 Stopping existing recorder if any
[Info   :Zeepkist GTR] 20:12:34 Creating new recorder
[Info   :Zeepkist GTR] 20:12:34 Received HTTP response headers after 60.8414ms - 200
[Info   :Zeepkist GTR] 20:12:34 End processing HTTP request after 61.074ms - 200
[Info   :Zeepkist GTR] 20:12:34 End processing HTTP request after 62.4907ms - 200
[Info   :Zeepkist GTR] 20:12:36 Starting recorder
[Info   :Zeepkist Bingo] [BINGO] === PLAYER SPAWNED ===
[Info   :Zeepkist Bingo] [BINGO] IsInActiveSession: False
[Info   :Zeepkist Bingo] [BINGO] Not in active session, skipping timer reset
[Info   :Zeepkist GTR] 20:12:45 Loading personal best...
[Info   :Zeepkist GTR] 20:12:45 Start processing HTTP request "POST" https://es-graphql-1q5xcqmja6dvh4ctc4t9.zeepki.st/
[Info   :Zeepkist GTR] 20:12:45 Start processing HTTP request "POST" https://es-graphql-1q5xcqmja6dvh4ctc4t9.zeepki.st/
[Info   :Zeepkist GTR] 20:12:45 Sending HTTP request "POST" https://es-graphql-1q5xcqmja6dvh4ctc4t9.zeepki.st/
[Info   :Zeepkist GTR] 20:12:45 Stopping existing recorder if any
[Info   :Zeepkist GTR] 20:12:45 Creating new recorder
[Info   :Zeepkist GTR] 20:12:45 Received HTTP response headers after 79.4409ms - 200
[Info   :Zeepkist GTR] 20:12:45 End processing HTTP request after 79.6837ms - 200
[Info   :Zeepkist GTR] 20:12:45 End processing HTTP request after 84.5981ms - 200
[Info   :Zeepkist GTR] 20:12:47 Starting recorder
[Info   :Zeepkist Bingo] [BINGO] === PLAYER SPAWNED ===
[Info   :Zeepkist Bingo] [BINGO] IsInActiveSession: False
[Info   :Zeepkist Bingo] [BINGO] Not in active session, skipping timer reset
[Info   :Zeepkist GTR] 20:12:51 Loading personal best...
[Info   :Zeepkist GTR] 20:12:51 Start processing HTTP request "POST" https://es-graphql-1q5xcqmja6dvh4ctc4t9.zeepki.st/
[Info   :Zeepkist GTR] 20:12:51 Start processing HTTP request "POST" https://es-graphql-1q5xcqmja6dvh4ctc4t9.zeepki.st/
[Info   :Zeepkist GTR] 20:12:51 Sending HTTP request "POST" https://es-graphql-1q5xcqmja6dvh4ctc4t9.zeepki.st/
[Info   :Zeepkist GTR] 20:12:51 Stopping existing recorder if any
[Info   :Zeepkist GTR] 20:12:51 Creating new recorder
[Info   :Zeepkist GTR] 20:12:51 Received HTTP response headers after 65.0056ms - 200
[Info   :Zeepkist GTR] 20:12:51 End processing HTTP request after 65.2623ms - 200
[Info   :Zeepkist GTR] 20:12:51 End processing HTTP request after 68.4074ms - 200
[Info   :Zeepkist GTR] 20:12:52 Starting recorder
[Info   :Zeepkist Bingo] [BINGO] === PLAYER SPAWNED ===
[Info   :Zeepkist Bingo] [BINGO] IsInActiveSession: False
[Info   :Zeepkist Bingo] [BINGO] Not in active session, skipping timer reset
[Info   :Zeepkist GTR] 20:12:55 Loading personal best...
[Info   :Zeepkist GTR] 20:12:55 Start processing HTTP request "POST" https://es-graphql-1q5xcqmja6dvh4ctc4t9.zeepki.st/
[Info   :Zeepkist GTR] 20:12:55 Start processing HTTP request "POST" https://es-graphql-1q5xcqmja6dvh4ctc4t9.zeepki.st/
[Info   :Zeepkist GTR] 20:12:55 Sending HTTP request "POST" https://es-graphql-1q5xcqmja6dvh4ctc4t9.zeepki.st/
[Info   :Zeepkist GTR] 20:12:55 Stopping existing recorder if any
[Info   :Zeepkist GTR] 20:12:55 Creating new recorder
[Info   :Zeepkist GTR] 20:12:55 Received HTTP response headers after 71.3134ms - 200
[Info   :Zeepkist GTR] 20:12:55 End processing HTTP request after 71.5654ms - 200
[Info   :Zeepkist GTR] 20:12:55 End processing HTTP request after 73.3066ms - 200
[Info   :Zeepkist GTR] 20:12:56 Starting recorder
[Info   :Zeepkist GTR] 20:12:58 Discarding recorder
[Info   :COTDTracker] Running update tab leaderboard function
[Info   :COTDTracker] Running update tab leaderboard function
[Info   :COTDTracker] Doing eliminations with leaderboard:
[Info   :COTDTracker] Player ZOMAN: Time: 23,18184
[Info   :COTDTracker] Player RoundNzt: Time: 23,36314
[Info   :COTDTracker] Player Lexer: Time: 23,40481
[Info   :COTDTracker] Player [KURK] Quickracer10: Time: 23,47198
[Info   :COTDTracker] Player Gimpel: Time: 23,56021
[Info   :COTDTracker] Player Mμ: Time: 23,59269
[Info   :COTDTracker] Player Minkus: Time: 23,64155
[Info   :COTDTracker] Player tatari_lover2008: Time: 23,73765
[Info   :COTDTracker] Player Warsnac: Time: 23,80088
[Info   :COTDTracker] Player icRS: Time: 23,85554
[Info   :COTDTracker] Player gilgool: Time: 23,91444
[Info   :COTDTracker] Player DeiRex: Time: 23,96788
[Info   :COTDTracker] Player Jake: Time: 24,00204
[Info   :COTDTracker] Player M4rv: Time: 24,04142
[Info   :COTDTracker] Player timesprout: Time: 24,08773
[Info   :COTDTracker] Player [CSC] PlusMicron: Time: 24,13381
[Info   :COTDTracker] Player Matic_D: Time: 24,16352
[Info   :COTDTracker] Player [SLOW]Zeus: Time: 24,245
[Info   :COTDTracker] Player aizpun: Time: 24,5058
[Info   :COTDTracker] Player [CSC]IronDragon111000: Time: 24,5574
[Info   :COTDTracker] Player [CSC]K410K3N: Time: 24,57889
[Info   :COTDTracker] Player Victor: Time: 24,74615
[Info   :COTDTracker] Player [MMM]Kreeeeee: Time: 24,96499
[Info   :COTDTracker] Player Akane: Time: 25,21046
[Info   :COTDTracker] Player [CCC]Shinikage221: Time: 25,31779
[Info   :COTDTracker] Player Robgamer: Time: 25,61294
[Info   :COTDTracker] Player M4DSCOTSM4N: Time: 25,62361
[Info   :COTDTracker] Player justMaki: Time: DNF
[Info   :COTDTracker] Player Noxitu: Time: DNF
[Info   :COTDTracker] Player LKat: Time: DNF
[Info   :COTDTracker] Player [RABI]Yksdjcj: Time: DNF
[Info   :COTDTracker] Player Waaksaam: Time: DNF
[Info   :COTDTracker] Player [CSC] variableferret: Time: DNF
[Info   :COTDTracker] Eliminating DNF: [CSC] variableferret
[Info   :COTDTracker] Eliminating DNF: Waaksaam
[Info   :COTDTracker] Eliminating DNF: [RABI]Yksdjcj
[Info   :COTDTracker] Eliminating DNF: LKat
[Info   :COTDTracker] Eliminating DNF: Noxitu
[Info   :COTDTracker] Eliminating DNF: justMaki
[Info   :COTDTracker] Eliminated 6 DNF players
[Info   :COTDTracker] Eliminating 6 players: 
[Info   :COTDTracker] [CSC] variableferret
[Info   :COTDTracker] Waaksaam
[Info   :COTDTracker] [RABI]Yksdjcj
[Info   :COTDTracker] LKat
[Info   :COTDTracker] Noxitu
[Info   :COTDTracker] justMaki
[Info   :COTDTracker] Running update tab leaderboard function
[Info   :Zeepkist Bingo] [BINGO] Level loaded
[Info   :Zeepkist GTR] 20:13:12 Start processing HTTP request "POST" https://es-backend-5eu0pg2dcfyp6u2v33lz.zeepki.st/level/request
[Info   :Zeepkist GTR] 20:13:12 Start processing HTTP request "POST" https://es-backend-5eu0pg2dcfyp6u2v33lz.zeepki.st/level/request
[Info   :Zeepkist GTR] 20:13:12 Sending HTTP request "POST" https://es-backend-5eu0pg2dcfyp6u2v33lz.zeepki.st/level/request
[Info   :Zeepkist GTR] 20:13:12 Start processing HTTP request "POST" https://es-graphql-1q5xcqmja6dvh4ctc4t9.zeepki.st/
[Info   :Zeepkist GTR] 20:13:12 Start processing HTTP request "POST" https://es-graphql-1q5xcqmja6dvh4ctc4t9.zeepki.st/
[Info   :Zeepkist GTR] 20:13:12 Sending HTTP request "POST" https://es-graphql-1q5xcqmja6dvh4ctc4t9.zeepki.st/
[Warning:Zeepkist GTR] 20:13:12 Current-level record subscription failed
[Info   :Zeepkist GTR] 20:13:12 Start processing HTTP request "POST" https://es-graphql-1q5xcqmja6dvh4ctc4t9.zeepki.st/
[Info   :Zeepkist GTR] 20:13:12 Start processing HTTP request "POST" https://es-graphql-1q5xcqmja6dvh4ctc4t9.zeepki.st/
[Info   :Zeepkist GTR] 20:13:12 Sending HTTP request "POST" https://es-graphql-1q5xcqmja6dvh4ctc4t9.zeepki.st/
[Info   :BetterSplits] getting gtr splits
[Info   :Zeepkist GTR] 20:13:13 Received HTTP response headers after 72.5488ms - 200
[Info   :Zeepkist GTR] 20:13:13 End processing HTTP request after 72.7907ms - 200
[Info   :Zeepkist GTR] 20:13:13 Received HTTP response headers after 77.1633ms - 200
[Info   :Zeepkist GTR] 20:13:13 End processing HTTP request after 77.3815ms - 200
[Info   :Zeepkist GTR] 20:13:13 Received HTTP response headers after 79.0198ms - 200
[Info   :Zeepkist GTR] 20:13:13 End processing HTTP request after 79.2552ms - 200
[Info   :Zeepkist GTR] 20:13:13 End processing HTTP request after 85.4112ms - 200
[Info   :Zeepkist GTR] 20:13:13 End processing HTTP request after 86.7899ms - 200
[Info   :Zeepkist GTR] 20:13:13 End processing HTTP request after 84.0488ms - 200
[Info   :Zeepkist Bingo] [BINGO] === PLAYER SPAWNED ===
[Info   :Zeepkist Bingo] [BINGO] IsInActiveSession: False
[Info   :Zeepkist Bingo] [BINGO] Not in active session, skipping timer reset
[Info   :Zeepkist GTR] 20:13:13 Loading personal best...
[Info   :Zeepkist GTR] 20:13:13 Start processing HTTP request "POST" https://es-graphql-1q5xcqmja6dvh4ctc4t9.zeepki.st/
[Info   :Zeepkist GTR] 20:13:13 Start processing HTTP request "POST" https://es-graphql-1q5xcqmja6dvh4ctc4t9.zeepki.st/
[Info   :Zeepkist GTR] 20:13:13 Sending HTTP request "POST" https://es-graphql-1q5xcqmja6dvh4ctc4t9.zeepki.st/
[Info   :Zeepkist GTR] 20:13:13 Stopping existing recorder if any
[Info   :Zeepkist GTR] 20:13:13 Creating new recorder
[Info   :BetterSplits] got gtr splits
[Info   :Zeepkist GTR] 20:13:13 Received HTTP response headers after 65.3632ms - 200
[Info   :Zeepkist GTR] 20:13:13 End processing HTTP request after 65.5842ms - 200
[Info   :Zeepkist GTR] 20:13:13 End processing HTTP request after 67.1929ms - 200
[Info   :Zeepkist GTR] 20:13:14 Starting recorder
[Info   :TopOutTournament] Ending Top->Out in state Inactive
[Info   :Zeepkist GTR] 20:13:37 Stopping recorder
[Info   :Zeepkist GTR] 20:13:37 Collecting extra information
[Info   :Zeepkist GTR] 20:13:37 Resolved workshop ID "3802490538" from lobby 3802490538 and level 0
[Info   :Zeepkist GTR] 20:13:37 Processing ghost data
[Info   :Zeepkist GTR] 20:13:37 Creating stream
[Info   :Zeepkist GTR] 20:13:37 Writing to stream
[Info   :Zeepkist GTR] 20:13:37 Converting to base64
[Info   :Zeepkist GTR] 20:13:37 Creating resource
[Info   :Zeepkist GTR] 20:13:37 Start processing HTTP request "POST" https://es-backend-5eu0pg2dcfyp6u2v33lz.zeepki.st/record/submit
[Info   :Zeepkist GTR] 20:13:37 Start processing HTTP request "POST" https://es-backend-5eu0pg2dcfyp6u2v33lz.zeepki.st/record/submit
[Info   :Zeepkist GTR] 20:13:37 Sending HTTP request "POST" https://es-backend-5eu0pg2dcfyp6u2v33lz.zeepki.st/record/submit
[Info   :Zeepkist GTR] 20:13:37 Received HTTP response headers after 153.2059ms - 200
[Info   :Zeepkist GTR] 20:13:37 End processing HTTP request after 153.4273ms - 200
[Info   :Zeepkist GTR] 20:13:37 End processing HTTP request after 157.9789ms - 200
[Info   :Zeepkist Bingo] [BINGO] === PLAYER SPAWNED ===
[Info   :Zeepkist Bingo] [BINGO] IsInActiveSession: False
[Info   :Zeepkist Bingo] [BINGO] Not in active session, skipping timer reset
[Info   :Zeepkist GTR] 20:13:39 Loading personal best...
[Info   :Zeepkist GTR] 20:13:39 Start processing HTTP request "POST" https://es-graphql-1q5xcqmja6dvh4ctc4t9.zeepki.st/
[Info   :Zeepkist GTR] 20:13:39 Start processing HTTP request "POST" https://es-graphql-1q5xcqmja6dvh4ctc4t9.zeepki.st/
[Info   :Zeepkist GTR] 20:13:39 Sending HTTP request "POST" https://es-graphql-1q5xcqmja6dvh4ctc4t9.zeepki.st/
[Info   :Zeepkist GTR] 20:13:39 Stopping existing recorder if any
[Info   :Zeepkist GTR] 20:13:39 Creating new recorder
[Info   :Zeepkist GTR] 20:13:39 Received HTTP response headers after 60.6845ms - 200
[Info   :Zeepkist GTR] 20:13:39 End processing HTTP request after 60.8958ms - 200
[Info   :Zeepkist GTR] 20:13:39 End processing HTTP request after 61.365ms - 200
[Info   :Zeepkist GTR] 20:13:39 Start processing HTTP request "GET" https://cdn.zeepki.st/ghosts/01M37QJ84Z5PS0H5HNGF6DRW6Y.bin
[Info   :Zeepkist GTR] 20:13:39 Sending HTTP request "GET" https://cdn.zeepki.st/ghosts/01M37QJ84Z5PS0H5HNGF6DRW6Y.bin
[Info   :Zeepkist GTR] 20:13:40 Received HTTP response headers after 872.9378ms - 200
[Info   :Zeepkist GTR] 20:13:40 End processing HTTP request after 873.2126ms - 200
[Info   :Zeepkist GTR] 20:13:40 Starting recorder
[Info   :Zeepkist GTR] 20:13:41 Start processing HTTP request "POST" https://es-graphql-1q5xcqmja6dvh4ctc4t9.zeepki.st/
[Info   :Zeepkist GTR] 20:13:41 Start processing HTTP request "POST" https://es-graphql-1q5xcqmja6dvh4ctc4t9.zeepki.st/
[Info   :Zeepkist GTR] 20:13:41 Sending HTTP request "POST" https://es-graphql-1q5xcqmja6dvh4ctc4t9.zeepki.st/
[Info   :Zeepkist GTR] 20:13:41 Received HTTP response headers after 85.1705ms - 200
[Info   :Zeepkist GTR] 20:13:41 End processing HTTP request after 85.3814ms - 200
[Info   :Zeepkist GTR] 20:13:41 End processing HTTP request after 92.3421ms - 200
[Info   :Zeepkist Bingo] [BINGO] === PLAYER SPAWNED ===
[Info   :Zeepkist Bingo] [BINGO] IsInActiveSession: False
[Info   :Zeepkist Bingo] [BINGO] Not in active session, skipping timer reset
[Info   :Zeepkist GTR] 20:13:49 Loading personal best...
[Info   :Zeepkist GTR] 20:13:49 Start processing HTTP request "POST" https://es-graphql-1q5xcqmja6dvh4ctc4t9.zeepki.st/
[Info   :Zeepkist GTR] 20:13:49 Start processing HTTP request "POST" https://es-graphql-1q5xcqmja6dvh4ctc4t9.zeepki.st/
[Info   :Zeepkist GTR] 20:13:49 Sending HTTP request "POST" https://es-graphql-1q5xcqmja6dvh4ctc4t9.zeepki.st/
[Info   :Zeepkist GTR] 20:13:49 Stopping existing recorder if any
[Info   :Zeepkist GTR] 20:13:49 Creating new recorder
[Info   :Zeepkist GTR] 20:13:50 Received HTTP response headers after 347.3478ms - 200
[Info   :Zeepkist GTR] 20:13:50 End processing HTTP request after 347.5656ms - 200
[Info   :Zeepkist GTR] 20:13:50 End processing HTTP request after 355.7879ms - 200
[Info   :Zeepkist GTR] 20:13:51 Start processing HTTP request "POST" https://es-graphql-1q5xcqmja6dvh4ctc4t9.zeepki.st/
[Info   :Zeepkist GTR] 20:13:51 Start processing HTTP request "POST" https://es-graphql-1q5xcqmja6dvh4ctc4t9.zeepki.st/
[Info   :Zeepkist GTR] 20:13:51 Sending HTTP request "POST" https://es-graphql-1q5xcqmja6dvh4ctc4t9.zeepki.st/
[Info   :Zeepkist GTR] 20:13:51 Received HTTP response headers after 118.2444ms - 200
[Info   :Zeepkist GTR] 20:13:51 End processing HTTP request after 118.4734ms - 200
[Info   :Zeepkist GTR] 20:13:51 End processing HTTP request after 120.8912ms - 200
[Info   :Zeepkist GTR] 20:13:51 Starting recorder
[Info   :Zeepkist GTR] 20:14:13 Stopping recorder
[Info   :Zeepkist GTR] 20:14:13 Collecting extra information
[Info   :Zeepkist GTR] 20:14:13 Resolved workshop ID "3802490538" from lobby 3802490538 and level 0
[Info   :Zeepkist GTR] 20:14:13 Processing ghost data
[Info   :Zeepkist GTR] 20:14:13 Creating stream
[Info   :Zeepkist GTR] 20:14:13 Writing to stream
[Info   :Zeepkist GTR] 20:14:13 Converting to base64
[Info   :Zeepkist GTR] 20:14:13 Creating resource
[Info   :Zeepkist GTR] 20:14:13 Start processing HTTP request "POST" https://es-backend-5eu0pg2dcfyp6u2v33lz.zeepki.st/record/submit
[Info   :Zeepkist GTR] 20:14:13 Start processing HTTP request "POST" https://es-backend-5eu0pg2dcfyp6u2v33lz.zeepki.st/record/submit
[Info   :Zeepkist GTR] 20:14:13 Sending HTTP request "POST" https://es-backend-5eu0pg2dcfyp6u2v33lz.zeepki.st/record/submit
[Info   :Zeepkist GTR] 20:14:14 Received HTTP response headers after 437.9097ms - 200
[Info   :Zeepkist GTR] 20:14:14 End processing HTTP request after 438.1494ms - 200
[Info   :Zeepkist GTR] 20:14:14 End processing HTTP request after 442.1878ms - 200
[Info   :Zeepkist GTR] 20:14:21 Discarding recorder
[Info   :COTDTracker] Running update tab leaderboard function
[Info   :COTDTracker] Running update tab leaderboard function
[Info   :COTDTracker] Doing eliminations with leaderboard:
[Info   :COTDTracker] Player ZOMAN: Time: 21,5885
[Info   :COTDTracker] Player [CSC]IronDragon111000: Time: 21,68081
[Info   :COTDTracker] Player Jake: Time: 21,73215
[Info   :COTDTracker] Player [KURK] Quickracer10: Time: 21,83608
[Info   :COTDTracker] Player Lexer: Time: 21,91563
[Info   :COTDTracker] Player Mμ: Time: 21,93289
[Info   :COTDTracker] Player RoundNzt: Time: 21,98091
[Info   :COTDTracker] Player tatari_lover2008: Time: 22,02293
[Info   :COTDTracker] Player Minkus: Time: 22,10077
[Info   :COTDTracker] Player M4rv: Time: 22,13222
[Info   :COTDTracker] Player aizpun: Time: 22,15133
[Info   :COTDTracker] Player [CSC] PlusMicron: Time: 22,18843
[Info   :COTDTracker] Player Gimpel: Time: 22,19776
[Info   :COTDTracker] Player [SLOW]Zeus: Time: 22,21395
[Info   :COTDTracker] Player Warsnac: Time: 22,3365
[Info   :COTDTracker] Player gilgool: Time: 22,37819
[Info   :COTDTracker] Player icRS: Time: 22,65546
[Info   :COTDTracker] Player M4DSCOTSM4N: Time: 22,81147
[Info   :COTDTracker] Player Matic_D: Time: 22,826
[Info   :COTDTracker] Player [MMM]Kreeeeee: Time: 22,99303
[Info   :COTDTracker] Player DeiRex: Time: 23,00164
[Info   :COTDTracker] Player timesprout: Time: 23,02538
[Info   :COTDTracker] Player [CSC]K410K3N: Time: 23,23535
[Info   :COTDTracker] Player Victor: Time: 23,68189
[Info   :COTDTracker] Player [CCC]Shinikage221: Time: 24,82342
[Info   :COTDTracker] Player Robgamer: Time: 25,34013
[Info   :COTDTracker] Player Akane: Time: 26,68279
[Info   :COTDTracker] Eliminated 0 DNF players
[Info   :COTDTracker] Eliminating on time: Akane
[Info   :COTDTracker] Eliminating on time: Robgamer
[Info   :COTDTracker] Eliminating on time: [CCC]Shinikage221
[Info   :COTDTracker] Eliminating on time: Victor
[Info   :COTDTracker] Eliminating 4 players: 
[Info   :COTDTracker] Akane
[Info   :COTDTracker] Robgamer
[Info   :COTDTracker] [CCC]Shinikage221
[Info   :COTDTracker] Victor
[Info   :Zeepkist Bingo] [BINGO] Level loaded
[Info   :Zeepkist GTR] 20:14:35 Start processing HTTP request "POST" https://es-backend-5eu0pg2dcfyp6u2v33lz.zeepki.st/level/request
[Info   :Zeepkist GTR] 20:14:35 Start processing HTTP request "POST" https://es-backend-5eu0pg2dcfyp6u2v33lz.zeepki.st/level/request
[Info   :Zeepkist GTR] 20:14:35 Sending HTTP request "POST" https://es-backend-5eu0pg2dcfyp6u2v33lz.zeepki.st/level/request
[Info   :Zeepkist GTR] 20:14:35 Start processing HTTP request "POST" https://es-graphql-1q5xcqmja6dvh4ctc4t9.zeepki.st/
[Info   :Zeepkist GTR] 20:14:35 Start processing HTTP request "POST" https://es-graphql-1q5xcqmja6dvh4ctc4t9.zeepki.st/
[Info   :Zeepkist GTR] 20:14:35 Sending HTTP request "POST" https://es-graphql-1q5xcqmja6dvh4ctc4t9.zeepki.st/
[Warning:Zeepkist GTR] 20:14:35 Current-level record subscription failed
[Info   :Zeepkist GTR] 20:14:35 Start processing HTTP request "POST" https://es-graphql-1q5xcqmja6dvh4ctc4t9.zeepki.st/
[Info   :Zeepkist GTR] 20:14:35 Start processing HTTP request "POST" https://es-graphql-1q5xcqmja6dvh4ctc4t9.zeepki.st/
[Info   :Zeepkist GTR] 20:14:35 Sending HTTP request "POST" https://es-graphql-1q5xcqmja6dvh4ctc4t9.zeepki.st/
[Info   :BetterSplits] getting gtr splits
[Info   :Zeepkist GTR] 20:14:35 Received HTTP response headers after 81.0365ms - 200
[Info   :Zeepkist GTR] 20:14:35 End processing HTTP request after 81.2465ms - 200
[Info   :Zeepkist Bingo] [BINGO] === PLAYER SPAWNED ===
[Info   :Zeepkist Bingo] [BINGO] IsInActiveSession: False
[Info   :Zeepkist Bingo] [BINGO] Not in active session, skipping timer reset
[Info   :Zeepkist GTR] 20:14:35 Loading personal best...
[Info   :Zeepkist GTR] 20:14:35 Start processing HTTP request "POST" https://es-graphql-1q5xcqmja6dvh4ctc4t9.zeepki.st/
[Info   :Zeepkist GTR] 20:14:35 Start processing HTTP request "POST" https://es-graphql-1q5xcqmja6dvh4ctc4t9.zeepki.st/
[Info   :Zeepkist GTR] 20:14:35 Received HTTP response headers after 96.2686ms - 200
[Info   :Zeepkist GTR] 20:14:35 Sending HTTP request "POST" https://es-graphql-1q5xcqmja6dvh4ctc4t9.zeepki.st/
[Info   :Zeepkist GTR] 20:14:35 End processing HTTP request after 96.4672ms - 200
[Info   :Zeepkist GTR] 20:14:35 Stopping existing recorder if any
[Info   :Zeepkist GTR] 20:14:35 Creating new recorder
[Info   :Zeepkist GTR] 20:14:36 End processing HTTP request after 110.3284ms - 200
[Info   :Zeepkist GTR] 20:14:36 End processing HTTP request after 110.8945ms - 200
[Info   :BetterSplits] got gtr splits
[Info   :Zeepkist GTR] 20:14:36 Received HTTP response headers after 72.5742ms - 200
[Info   :Zeepkist GTR] 20:14:36 End processing HTTP request after 72.8608ms - 200
[Info   :Zeepkist GTR] 20:14:36 End processing HTTP request after 78.3737ms - 200
[Info   :Zeepkist GTR] 20:14:36 Received HTTP response headers after 267.6965ms - 200
[Info   :Zeepkist GTR] 20:14:36 End processing HTTP request after 267.96ms - 200
[Info   :Zeepkist GTR] 20:14:36 End processing HTTP request after 271.564ms - 200
[Info   :Zeepkist GTR] 20:14:37 Starting recorder
[Info   :Zeepkist Bingo] [BINGO] === PLAYER SPAWNED ===
[Info   :Zeepkist Bingo] [BINGO] IsInActiveSession: False
[Info   :Zeepkist Bingo] [BINGO] Not in active session, skipping timer reset
[Info   :Zeepkist GTR] 20:14:56 Loading personal best...
[Info   :Zeepkist GTR] 20:14:56 Start processing HTTP request "POST" https://es-graphql-1q5xcqmja6dvh4ctc4t9.zeepki.st/
[Info   :Zeepkist GTR] 20:14:56 Start processing HTTP request "POST" https://es-graphql-1q5xcqmja6dvh4ctc4t9.zeepki.st/
[Info   :Zeepkist GTR] 20:14:56 Sending HTTP request "POST" https://es-graphql-1q5xcqmja6dvh4ctc4t9.zeepki.st/
[Info   :Zeepkist GTR] 20:14:56 Stopping existing recorder if any
[Info   :Zeepkist GTR] 20:14:56 Creating new recorder
[Info   :Zeepkist GTR] 20:14:56 Received HTTP response headers after 65.253ms - 200
[Info   :Zeepkist GTR] 20:14:56 End processing HTTP request after 65.4719ms - 200
[Info   :Zeepkist GTR] 20:14:56 End processing HTTP request after 76.0993ms - 200
[Info   :Zeepkist GTR] 20:14:57 Starting recorder
[Info   :Zeepkist GTR] 20:15:14 Start processing HTTP request "POST" https://es-graphql-1q5xcqmja6dvh4ctc4t9.zeepki.st/
[Info   :Zeepkist GTR] 20:15:14 Start processing HTTP request "POST" https://es-graphql-1q5xcqmja6dvh4ctc4t9.zeepki.st/
[Info   :Zeepkist GTR] 20:15:14 Sending HTTP request "POST" https://es-graphql-1q5xcqmja6dvh4ctc4t9.zeepki.st/
[Info   :Zeepkist GTR] 20:15:14 Received HTTP response headers after 89.3743ms - 200
[Info   :Zeepkist GTR] 20:15:14 End processing HTTP request after 89.5837ms - 200
[Info   :Zeepkist GTR] 20:15:14 End processing HTTP request after 91.0689ms - 200
[Info   :Zeepkist GTR] 20:15:21 Stopping recorder
[Info   :Zeepkist GTR] 20:15:21 Collecting extra information
[Info   :Zeepkist GTR] 20:15:21 Resolved workshop ID "3806261665" from lobby 3806261665 and level 0
[Info   :Zeepkist GTR] 20:15:21 Processing ghost data
[Info   :Zeepkist GTR] 20:15:21 Creating stream
[Info   :Zeepkist GTR] 20:15:21 Writing to stream
[Info   :Zeepkist GTR] 20:15:21 Converting to base64
[Info   :Zeepkist GTR] 20:15:21 Creating resource
[Info   :Zeepkist GTR] 20:15:21 Start processing HTTP request "POST" https://es-backend-5eu0pg2dcfyp6u2v33lz.zeepki.st/auth/refresh
[Info   :Zeepkist GTR] 20:15:21 Start processing HTTP request "POST" https://es-backend-5eu0pg2dcfyp6u2v33lz.zeepki.st/auth/refresh
[Info   :Zeepkist GTR] 20:15:21 Sending HTTP request "POST" https://es-backend-5eu0pg2dcfyp6u2v33lz.zeepki.st/auth/refresh
[Info   :Zeepkist GTR] 20:15:22 Received HTTP response headers after 104.9645ms - 200
[Info   :Zeepkist GTR] 20:15:22 End processing HTTP request after 105.1871ms - 200
[Info   :Zeepkist GTR] 20:15:22 End processing HTTP request after 110.8733ms - 200
[Info   :Zeepkist GTR] 20:15:22 Start processing HTTP request "POST" https://es-backend-5eu0pg2dcfyp6u2v33lz.zeepki.st/record/submit
[Info   :Zeepkist GTR] 20:15:22 Start processing HTTP request "POST" https://es-backend-5eu0pg2dcfyp6u2v33lz.zeepki.st/record/submit
[Info   :Zeepkist GTR] 20:15:22 Sending HTTP request "POST" https://es-backend-5eu0pg2dcfyp6u2v33lz.zeepki.st/record/submit
[Info   :Zeepkist GTR] 20:15:22 Received HTTP response headers after 205.4853ms - 200
[Info   :Zeepkist GTR] 20:15:22 End processing HTTP request after 205.6967ms - 200
[Info   :Zeepkist GTR] 20:15:22 End processing HTTP request after 206.0421ms - 200
[Info   :Zeepkist Bingo] [BINGO] === PLAYER SPAWNED ===
[Info   :Zeepkist Bingo] [BINGO] IsInActiveSession: False
[Info   :Zeepkist Bingo] [BINGO] Not in active session, skipping timer reset
[Info   :Zeepkist GTR] 20:15:22 Loading personal best...
[Info   :Zeepkist GTR] 20:15:22 Start processing HTTP request "POST" https://es-graphql-1q5xcqmja6dvh4ctc4t9.zeepki.st/
[Info   :Zeepkist GTR] 20:15:22 Start processing HTTP request "POST" https://es-graphql-1q5xcqmja6dvh4ctc4t9.zeepki.st/
[Info   :Zeepkist GTR] 20:15:22 Sending HTTP request "POST" https://es-graphql-1q5xcqmja6dvh4ctc4t9.zeepki.st/
[Info   :Zeepkist GTR] 20:15:22 Stopping existing recorder if any
[Info   :Zeepkist GTR] 20:15:22 Creating new recorder
[Info   :Zeepkist GTR] 20:15:22 Received HTTP response headers after 81.0763ms - 200
[Info   :Zeepkist GTR] 20:15:22 End processing HTTP request after 81.2997ms - 200
[Info   :Zeepkist GTR] 20:15:22 End processing HTTP request after 87.8633ms - 200
[Info   :Zeepkist GTR] 20:15:23 Start processing HTTP request "GET" https://cdn.zeepki.st/ghosts/01M37QNE87X25QDPNNV194E409.bin
[Info   :Zeepkist GTR] 20:15:23 Sending HTTP request "GET" https://cdn.zeepki.st/ghosts/01M37QNE87X25QDPNNV194E409.bin
[Info   :Zeepkist GTR] 20:15:23 Received HTTP response headers after 781.8314ms - 200
[Info   :Zeepkist GTR] 20:15:23 End processing HTTP request after 782.0892ms - 200
[Info   :Zeepkist GTR] 20:15:24 Starting recorder
[Info   :COTDTracker] Running update tab leaderboard function
[Info   :Zeepkist GTR] 20:15:29 Start processing HTTP request "POST" https://es-graphql-1q5xcqmja6dvh4ctc4t9.zeepki.st/
[Info   :Zeepkist GTR] 20:15:29 Start processing HTTP request "POST" https://es-graphql-1q5xcqmja6dvh4ctc4t9.zeepki.st/
[Info   :Zeepkist GTR] 20:15:29 Sending HTTP request "POST" https://es-graphql-1q5xcqmja6dvh4ctc4t9.zeepki.st/
[Info   :Zeepkist GTR] 20:15:29 Received HTTP response headers after 53.558ms - 200
[Info   :Zeepkist GTR] 20:15:29 End processing HTTP request after 53.7805ms - 200
[Info   :Zeepkist GTR] 20:15:29 End processing HTTP request after 63.0161ms - 200
[Info   :COTDTracker] Running update tab leaderboard function
[Info   :COTDTracker] Running update tab leaderboard function
[Info   :COTDTracker] Running update tab leaderboard function
[Info   :COTDTracker] Running update tab leaderboard function
[Info   :COTDTracker] Running update tab leaderboard function
[Info   :Zeepkist GTR] 20:15:44 Discarding recorder
[Info   :COTDTracker] Doing eliminations with leaderboard:
[Info   :COTDTracker] Player ZOMAN: Time: 23,14804
[Info   :COTDTracker] Player RoundNzt: Time: 23,25494
[Info   :COTDTracker] Player tatari_lover2008: Time: 23,40835
[Info   :COTDTracker] Player Lexer: Time: 23,46564
[Info   :COTDTracker] Player DeiRex: Time: 23,56779
[Info   :COTDTracker] Player Warsnac: Time: 23,57452
[Info   :COTDTracker] Player icRS: Time: 23,6899
[Info   :COTDTracker] Player Gimpel: Time: 23,69715
[Info   :COTDTracker] Player Jake: Time: 23,70454
[Info   :COTDTracker] Player Minkus: Time: 23,72244
[Info   :COTDTracker] Player M4rv: Time: 23,73165
[Info   :COTDTracker] Player [KURK] Quickracer10: Time: 23,73639
[Info   :COTDTracker] Player Mμ: Time: 23,754
[Info   :COTDTracker] Player aizpun: Time: 23,7759
[Info   :COTDTracker] Player [CSC]IronDragon111000: Time: 23,83682
[Info   :COTDTracker] Player Matic_D: Time: 23,93281
[Info   :COTDTracker] Player gilgool: Time: 24,21157
[Info   :COTDTracker] Player [CSC]K410K3N: Time: 24,37377
[Info   :COTDTracker] Player M4DSCOTSM4N: Time: 24,57577
[Info   :COTDTracker] Player [SLOW]Zeus: Time: 24,96456
[Info   :COTDTracker] Player [MMM]Kreeeeee: Time: 25,09428
[Info   :COTDTracker] Player timesprout: Time: 25,14788
[Info   :COTDTracker] Player [CSC] PlusMicron: Time: DNF
[Info   :COTDTracker] Eliminating DNF: [CSC] PlusMicron
[Info   :COTDTracker] Eliminated 1 DNF players
[Info   :COTDTracker] Eliminating on time: timesprout
[Info   :COTDTracker] Eliminating on time: [MMM]Kreeeeee
[Info   :COTDTracker] Eliminating on time: [SLOW]Zeus
[Info   :COTDTracker] Eliminating 4 players: 
[Info   :COTDTracker] [CSC] PlusMicron
[Info   :COTDTracker] timesprout
[Info   :COTDTracker] [MMM]Kreeeeee
[Info   :COTDTracker] [SLOW]Zeus
[Info   :COTDTracker] Running update tab leaderboard function
[Info   :COTDTracker] Running update tab leaderboard function
[Info   :Zeepkist Bingo] [BINGO] Level loaded
[Info   :Zeepkist GTR] 20:15:58 Start processing HTTP request "POST" https://es-backend-5eu0pg2dcfyp6u2v33lz.zeepki.st/level/request
[Info   :Zeepkist GTR] 20:15:58 Start processing HTTP request "POST" https://es-backend-5eu0pg2dcfyp6u2v33lz.zeepki.st/level/request
[Info   :Zeepkist GTR] 20:15:58 Sending HTTP request "POST" https://es-backend-5eu0pg2dcfyp6u2v33lz.zeepki.st/level/request
[Info   :Zeepkist GTR] 20:15:58 Start processing HTTP request "POST" https://es-graphql-1q5xcqmja6dvh4ctc4t9.zeepki.st/
[Info   :Zeepkist GTR] 20:15:58 Start processing HTTP request "POST" https://es-graphql-1q5xcqmja6dvh4ctc4t9.zeepki.st/
[Info   :Zeepkist GTR] 20:15:58 Sending HTTP request "POST" https://es-graphql-1q5xcqmja6dvh4ctc4t9.zeepki.st/
[Warning:Zeepkist GTR] 20:15:58 Current-level record subscription failed
[Info   :Zeepkist GTR] 20:15:58 Start processing HTTP request "POST" https://es-graphql-1q5xcqmja6dvh4ctc4t9.zeepki.st/
[Info   :Zeepkist GTR] 20:15:58 Start processing HTTP request "POST" https://es-graphql-1q5xcqmja6dvh4ctc4t9.zeepki.st/
[Info   :Zeepkist GTR] 20:15:58 Sending HTTP request "POST" https://es-graphql-1q5xcqmja6dvh4ctc4t9.zeepki.st/
[Info   :BetterSplits] getting gtr splits
[Info   :Zeepkist Bingo] [BINGO] === PLAYER SPAWNED ===
[Info   :Zeepkist Bingo] [BINGO] IsInActiveSession: False
[Info   :Zeepkist Bingo] [BINGO] Not in active session, skipping timer reset
[Info   :Zeepkist GTR] 20:15:59 Loading personal best...
[Info   :Zeepkist GTR] 20:15:59 Start processing HTTP request "POST" https://es-graphql-1q5xcqmja6dvh4ctc4t9.zeepki.st/
[Info   :Zeepkist GTR] 20:15:59 Start processing HTTP request "POST" https://es-graphql-1q5xcqmja6dvh4ctc4t9.zeepki.st/
[Info   :Zeepkist GTR] 20:15:59 Sending HTTP request "POST" https://es-graphql-1q5xcqmja6dvh4ctc4t9.zeepki.st/
[Info   :Zeepkist GTR] 20:15:59 Stopping existing recorder if any
[Info   :Zeepkist GTR] 20:15:59 Creating new recorder
[Info   :BetterSplits] got gtr splits
[Info   :Zeepkist GTR] 20:15:59 Received HTTP response headers after 248.527ms - 200
[Info   :Zeepkist GTR] 20:15:59 End processing HTTP request after 248.7755ms - 200
[Info   :Zeepkist GTR] 20:15:59 End processing HTTP request after 252.6566ms - 200
[Info   :Zeepkist GTR] 20:15:59 Received HTTP response headers after 279.026ms - 200
[Info   :Zeepkist GTR] 20:15:59 End processing HTTP request after 279.2825ms - 200
[Info   :Zeepkist GTR] 20:15:59 End processing HTTP request after 284.7281ms - 200
[Info   :Zeepkist GTR] 20:15:59 Received HTTP response headers after 310.5576ms - 200
[Info   :Zeepkist GTR] 20:15:59 End processing HTTP request after 311.1394ms - 200
[Info   :Zeepkist GTR] 20:15:59 End processing HTTP request after 314.4521ms - 200
[Info   :Zeepkist GTR] 20:15:59 Received HTTP response headers after 265.4422ms - 200
[Info   :Zeepkist GTR] 20:15:59 End processing HTTP request after 265.7009ms - 200
[Info   :Zeepkist GTR] 20:15:59 End processing HTTP request after 271.5316ms - 200
[Info   :Zeepkist GTR] 20:16:00 Starting recorder
[Info   :Zeepkist GTR] 20:16:23 Stopping recorder
[Info   :Zeepkist GTR] 20:16:23 Collecting extra information
[Info   :Zeepkist GTR] 20:16:23 Resolved workshop ID "3802490538" from lobby 3802490538 and level 0
[Info   :Zeepkist GTR] 20:16:23 Processing ghost data
[Info   :Zeepkist GTR] 20:16:23 Creating stream
[Info   :Zeepkist GTR] 20:16:23 Writing to stream
[Info   :Zeepkist GTR] 20:16:23 Converting to base64
[Info   :Zeepkist GTR] 20:16:23 Creating resource
[Info   :Zeepkist GTR] 20:16:23 Start processing HTTP request "POST" https://es-backend-5eu0pg2dcfyp6u2v33lz.zeepki.st/record/submit
[Info   :Zeepkist GTR] 20:16:23 Start processing HTTP request "POST" https://es-backend-5eu0pg2dcfyp6u2v33lz.zeepki.st/record/submit
[Info   :Zeepkist GTR] 20:16:23 Sending HTTP request "POST" https://es-backend-5eu0pg2dcfyp6u2v33lz.zeepki.st/record/submit
[Info   :Zeepkist GTR] 20:16:23 Received HTTP response headers after 183.2668ms - 200
[Info   :Zeepkist GTR] 20:16:23 End processing HTTP request after 183.4981ms - 200
[Info   :Zeepkist GTR] 20:16:23 End processing HTTP request after 186.7533ms - 200
[Info   :Zeepkist Bingo] [BINGO] === PLAYER SPAWNED ===
[Info   :Zeepkist Bingo] [BINGO] IsInActiveSession: False
[Info   :Zeepkist Bingo] [BINGO] Not in active session, skipping timer reset
[Info   :Zeepkist GTR] 20:16:24 Loading personal best...
[Info   :Zeepkist GTR] 20:16:24 Start processing HTTP request "POST" https://es-graphql-1q5xcqmja6dvh4ctc4t9.zeepki.st/
[Info   :Zeepkist GTR] 20:16:24 Start processing HTTP request "POST" https://es-graphql-1q5xcqmja6dvh4ctc4t9.zeepki.st/
[Info   :Zeepkist GTR] 20:16:24 Sending HTTP request "POST" https://es-graphql-1q5xcqmja6dvh4ctc4t9.zeepki.st/
[Info   :Zeepkist GTR] 20:16:24 Stopping existing recorder if any
[Info   :Zeepkist GTR] 20:16:24 Creating new recorder
[Info   :Zeepkist GTR] 20:16:24 Received HTTP response headers after 79.7002ms - 200
[Info   :Zeepkist GTR] 20:16:24 End processing HTTP request after 79.9279ms - 200
[Info   :Zeepkist GTR] 20:16:24 End processing HTTP request after 81.57ms - 200
[Info   :Zeepkist GTR] 20:16:26 Starting recorder
[Info   :Zeepkist GTR] 20:16:37 Start processing HTTP request "POST" https://es-graphql-1q5xcqmja6dvh4ctc4t9.zeepki.st/
[Info   :Zeepkist GTR] 20:16:37 Start processing HTTP request "POST" https://es-graphql-1q5xcqmja6dvh4ctc4t9.zeepki.st/
[Info   :Zeepkist GTR] 20:16:37 Sending HTTP request "POST" https://es-graphql-1q5xcqmja6dvh4ctc4t9.zeepki.st/
[Info   :Zeepkist GTR] 20:16:37 Received HTTP response headers after 92.9821ms - 200
[Info   :Zeepkist GTR] 20:16:37 End processing HTTP request after 93.2023ms - 200
[Info   :Zeepkist GTR] 20:16:37 End processing HTTP request after 97.7177ms - 200
[Info   :Zeepkist GTR] 20:16:48 Stopping recorder
[Info   :Zeepkist GTR] 20:16:48 Collecting extra information
[Info   :Zeepkist GTR] 20:16:48 Resolved workshop ID "3802490538" from lobby 3802490538 and level 0
[Info   :Zeepkist GTR] 20:16:48 Processing ghost data
[Info   :Zeepkist GTR] 20:16:48 Creating stream
[Info   :Zeepkist GTR] 20:16:48 Writing to stream
[Info   :Zeepkist GTR] 20:16:48 Converting to base64
[Info   :Zeepkist GTR] 20:16:48 Creating resource
[Info   :Zeepkist GTR] 20:16:48 Start processing HTTP request "POST" https://es-backend-5eu0pg2dcfyp6u2v33lz.zeepki.st/record/submit
[Info   :Zeepkist GTR] 20:16:48 Start processing HTTP request "POST" https://es-backend-5eu0pg2dcfyp6u2v33lz.zeepki.st/record/submit
[Info   :Zeepkist GTR] 20:16:48 Sending HTTP request "POST" https://es-backend-5eu0pg2dcfyp6u2v33lz.zeepki.st/record/submit
[Info   :Zeepkist GTR] 20:16:48 Received HTTP response headers after 160.4595ms - 200
[Info   :Zeepkist GTR] 20:16:48 End processing HTTP request after 160.6805ms - 200
[Info   :Zeepkist GTR] 20:16:48 End processing HTTP request after 166.0581ms - 200
[Info   :Zeepkist Bingo] [BINGO] === PLAYER SPAWNED ===
[Info   :Zeepkist Bingo] [BINGO] IsInActiveSession: False
[Info   :Zeepkist Bingo] [BINGO] Not in active session, skipping timer reset
[Info   :Zeepkist GTR] 20:16:50 Loading personal best...
[Info   :Zeepkist GTR] 20:16:50 Start processing HTTP request "POST" https://es-graphql-1q5xcqmja6dvh4ctc4t9.zeepki.st/
[Info   :Zeepkist GTR] 20:16:50 Start processing HTTP request "POST" https://es-graphql-1q5xcqmja6dvh4ctc4t9.zeepki.st/
[Info   :Zeepkist GTR] 20:16:50 Sending HTTP request "POST" https://es-graphql-1q5xcqmja6dvh4ctc4t9.zeepki.st/
[Info   :Zeepkist GTR] 20:16:50 Stopping existing recorder if any
[Info   :Zeepkist GTR] 20:16:50 Creating new recorder
[Info   :Zeepkist GTR] 20:16:50 Received HTTP response headers after 73.6456ms - 200
[Info   :Zeepkist GTR] 20:16:50 End processing HTTP request after 73.8579ms - 200
[Info   :Zeepkist GTR] 20:16:50 End processing HTTP request after 85.7895ms - 200
[Info   :Zeepkist GTR] 20:16:51 Starting recorder
[Info   :Zeepkist GTR] 20:17:07 Discarding recorder
[Info   :COTDTracker] Doing eliminations with leaderboard:
[Info   :COTDTracker] Player ZOMAN: Time: 21,47839
[Info   :COTDTracker] Player Mμ: Time: 21,64482
[Info   :COTDTracker] Player Jake: Time: 21,68508
[Info   :COTDTracker] Player Warsnac: Time: 21,82801
[Info   :COTDTracker] Player RoundNzt: Time: 21,91305
[Info   :COTDTracker] Player [CSC]IronDragon111000: Time: 21,95455
[Info   :COTDTracker] Player Lexer: Time: 22,00585
[Info   :COTDTracker] Player tatari_lover2008: Time: 22,09454
[Info   :COTDTracker] Player aizpun: Time: 22,24574
[Info   :COTDTracker] Player M4rv: Time: 22,26451
[Info   :COTDTracker] Player Gimpel: Time: 22,35715
[Info   :COTDTracker] Player icRS: Time: 22,38464
[Info   :COTDTracker] Player Minkus: Time: 22,38547
[Info   :COTDTracker] Player gilgool: Time: 22,42049
[Info   :COTDTracker] Player M4DSCOTSM4N: Time: 22,58199
[Info   :COTDTracker] Player [CSC]K410K3N: Time: 22,66952
[Info   :COTDTracker] Player Matic_D: Time: 22,93448
[Info   :COTDTracker] Player [KURK] Quickracer10: Time: 23,05108
[Info   :COTDTracker] Player DeiRex: Time: 23,23253
[Info   :COTDTracker] Eliminated 0 DNF players
[Info   :COTDTracker] Eliminating on time: DeiRex
[Info   :COTDTracker] Eliminating on time: [KURK] Quickracer10
[Info   :COTDTracker] Eliminating on time: Matic_D
[Info   :COTDTracker] Eliminating on time: [CSC]K410K3N
[Info   :COTDTracker] Eliminating 4 players: 
[Info   :COTDTracker] DeiRex
[Info   :COTDTracker] [KURK] Quickracer10
[Info   :COTDTracker] Matic_D
[Info   :COTDTracker] [CSC]K410K3N
[Info   :COTDTracker] Running update tab leaderboard function
[Info   :COTDTracker] Running update tab leaderboard function
[Info   :COTDTracker] Running update tab leaderboard function
[Info   :Zeepkist Bingo] [BINGO] Level loaded
[Info   :Zeepkist GTR] 20:17:21 Start processing HTTP request "POST" https://es-backend-5eu0pg2dcfyp6u2v33lz.zeepki.st/level/request
[Info   :Zeepkist GTR] 20:17:21 Start processing HTTP request "POST" https://es-backend-5eu0pg2dcfyp6u2v33lz.zeepki.st/level/request
[Info   :Zeepkist GTR] 20:17:21 Sending HTTP request "POST" https://es-backend-5eu0pg2dcfyp6u2v33lz.zeepki.st/level/request
[Info   :Zeepkist GTR] 20:17:21 Start processing HTTP request "POST" https://es-graphql-1q5xcqmja6dvh4ctc4t9.zeepki.st/
[Info   :Zeepkist GTR] 20:17:21 Start processing HTTP request "POST" https://es-graphql-1q5xcqmja6dvh4ctc4t9.zeepki.st/
[Info   :Zeepkist GTR] 20:17:21 Sending HTTP request "POST" https://es-graphql-1q5xcqmja6dvh4ctc4t9.zeepki.st/
[Warning:Zeepkist GTR] 20:17:21 Current-level record subscription failed
[Info   :Zeepkist GTR] 20:17:21 Start processing HTTP request "POST" https://es-graphql-1q5xcqmja6dvh4ctc4t9.zeepki.st/
[Info   :Zeepkist GTR] 20:17:21 Start processing HTTP request "POST" https://es-graphql-1q5xcqmja6dvh4ctc4t9.zeepki.st/
[Info   :Zeepkist GTR] 20:17:21 Sending HTTP request "POST" https://es-graphql-1q5xcqmja6dvh4ctc4t9.zeepki.st/
[Info   :BetterSplits] getting gtr splits
[Info   :Zeepkist GTR] 20:17:21 Received HTTP response headers after 58.3261ms - 200
[Info   :Zeepkist GTR] 20:17:21 End processing HTTP request after 58.5382ms - 200
[Info   :Zeepkist GTR] 20:17:21 End processing HTTP request after 67.7757ms - 200
[Info   :Zeepkist GTR] 20:17:21 Received HTTP response headers after 75.0988ms - 200
[Info   :Zeepkist GTR] 20:17:21 Received HTTP response headers after 74.6299ms - 200
[Info   :Zeepkist GTR] 20:17:21 End processing HTTP request after 75.3147ms - 200
[Info   :Zeepkist GTR] 20:17:21 End processing HTTP request after 74.8158ms - 200
[Info   :Zeepkist Bingo] [BINGO] === PLAYER SPAWNED ===
[Info   :Zeepkist Bingo] [BINGO] IsInActiveSession: False
[Info   :Zeepkist Bingo] [BINGO] Not in active session, skipping timer reset
[Info   :Zeepkist GTR] 20:17:21 Loading personal best...
[Info   :Zeepkist GTR] 20:17:21 Start processing HTTP request "POST" https://es-graphql-1q5xcqmja6dvh4ctc4t9.zeepki.st/
[Info   :Zeepkist GTR] 20:17:21 Start processing HTTP request "POST" https://es-graphql-1q5xcqmja6dvh4ctc4t9.zeepki.st/
[Info   :Zeepkist GTR] 20:17:21 Sending HTTP request "POST" https://es-graphql-1q5xcqmja6dvh4ctc4t9.zeepki.st/
[Info   :Zeepkist GTR] 20:17:21 Stopping existing recorder if any
[Info   :Zeepkist GTR] 20:17:21 Creating new recorder
[Info   :Zeepkist GTR] 20:17:21 End processing HTTP request after 112.8782ms - 200
[Info   :Zeepkist GTR] 20:17:21 End processing HTTP request after 112.384ms - 200
[Info   :Zeepkist GTR] 20:17:22 Received HTTP response headers after 115.0719ms - 200
[Info   :Zeepkist GTR] 20:17:22 End processing HTTP request after 115.2869ms - 200
[Info   :BetterSplits] got gtr splits
[Info   :Zeepkist GTR] 20:17:22 End processing HTTP request after 116.0545ms - 200
[Info   :Zeepkist GTR] 20:17:23 Starting recorder
[Info   :Zeepkist Bingo] [BINGO] === PLAYER SPAWNED ===
[Info   :Zeepkist Bingo] [BINGO] IsInActiveSession: False
[Info   :Zeepkist Bingo] [BINGO] Not in active session, skipping timer reset
[Info   :Zeepkist GTR] 20:17:26 Loading personal best...
[Info   :Zeepkist GTR] 20:17:26 Start processing HTTP request "POST" https://es-graphql-1q5xcqmja6dvh4ctc4t9.zeepki.st/
[Info   :Zeepkist GTR] 20:17:26 Start processing HTTP request "POST" https://es-graphql-1q5xcqmja6dvh4ctc4t9.zeepki.st/
[Info   :Zeepkist GTR] 20:17:26 Sending HTTP request "POST" https://es-graphql-1q5xcqmja6dvh4ctc4t9.zeepki.st/
[Info   :Zeepkist GTR] 20:17:26 Stopping existing recorder if any
[Info   :Zeepkist GTR] 20:17:26 Creating new recorder
[Info   :Zeepkist GTR] 20:17:26 Received HTTP response headers after 60.3349ms - 200
[Info   :Zeepkist GTR] 20:17:26 End processing HTTP request after 60.5497ms - 200
[Info   :Zeepkist GTR] 20:17:26 End processing HTTP request after 61.6849ms - 200
[Info   :Zeepkist GTR] 20:17:28 Starting recorder
[Info   :Zeepkist Bingo] [BINGO] === PLAYER SPAWNED ===
[Info   :Zeepkist Bingo] [BINGO] IsInActiveSession: False
[Info   :Zeepkist Bingo] [BINGO] Not in active session, skipping timer reset
[Info   :Zeepkist GTR] 20:17:38 Loading personal best...
[Info   :Zeepkist GTR] 20:17:38 Start processing HTTP request "POST" https://es-graphql-1q5xcqmja6dvh4ctc4t9.zeepki.st/
[Info   :Zeepkist GTR] 20:17:38 Start processing HTTP request "POST" https://es-graphql-1q5xcqmja6dvh4ctc4t9.zeepki.st/
[Info   :Zeepkist GTR] 20:17:38 Sending HTTP request "POST" https://es-graphql-1q5xcqmja6dvh4ctc4t9.zeepki.st/
[Info   :Zeepkist GTR] 20:17:38 Stopping existing recorder if any
[Info   :Zeepkist GTR] 20:17:38 Creating new recorder
[Info   :Zeepkist GTR] 20:17:38 Received HTTP response headers after 62.0159ms - 200
[Info   :Zeepkist GTR] 20:17:38 End processing HTTP request after 62.2326ms - 200
[Info   :Zeepkist GTR] 20:17:38 End processing HTTP request after 73.1094ms - 200
[Info   :Zeepkist GTR] 20:17:40 Starting recorder
[Info   :Zeepkist Bingo] [BINGO] === PLAYER SPAWNED ===
[Info   :Zeepkist Bingo] [BINGO] IsInActiveSession: False
[Info   :Zeepkist Bingo] [BINGO] Not in active session, skipping timer reset
[Info   :Zeepkist GTR] 20:17:43 Loading personal best...
[Info   :Zeepkist GTR] 20:17:43 Start processing HTTP request "POST" https://es-graphql-1q5xcqmja6dvh4ctc4t9.zeepki.st/
[Info   :Zeepkist GTR] 20:17:43 Start processing HTTP request "POST" https://es-graphql-1q5xcqmja6dvh4ctc4t9.zeepki.st/
[Info   :Zeepkist GTR] 20:17:43 Sending HTTP request "POST" https://es-graphql-1q5xcqmja6dvh4ctc4t9.zeepki.st/
[Info   :Zeepkist GTR] 20:17:43 Stopping existing recorder if any
[Info   :Zeepkist GTR] 20:17:43 Creating new recorder
[Info   :Zeepkist GTR] 20:17:43 Received HTTP response headers after 64.3769ms - 200
[Info   :Zeepkist GTR] 20:17:43 End processing HTTP request after 64.5975ms - 200
[Info   :Zeepkist GTR] 20:17:43 End processing HTTP request after 69.5433ms - 200
[Info   :Zeepkist GTR] 20:17:45 Starting recorder
[Info   :Zeepkist Bingo] [BINGO] === PLAYER SPAWNED ===
[Info   :Zeepkist Bingo] [BINGO] IsInActiveSession: False
[Info   :Zeepkist Bingo] [BINGO] Not in active session, skipping timer reset
[Info   :Zeepkist GTR] 20:17:48 Loading personal best...
[Info   :Zeepkist GTR] 20:17:48 Start processing HTTP request "POST" https://es-graphql-1q5xcqmja6dvh4ctc4t9.zeepki.st/
[Info   :Zeepkist GTR] 20:17:48 Start processing HTTP request "POST" https://es-graphql-1q5xcqmja6dvh4ctc4t9.zeepki.st/
[Info   :Zeepkist GTR] 20:17:48 Sending HTTP request "POST" https://es-graphql-1q5xcqmja6dvh4ctc4t9.zeepki.st/
[Info   :Zeepkist GTR] 20:17:48 Stopping existing recorder if any
[Info   :Zeepkist GTR] 20:17:48 Creating new recorder
[Info   :Zeepkist GTR] 20:17:48 Received HTTP response headers after 74.8937ms - 200
[Info   :Zeepkist GTR] 20:17:48 End processing HTTP request after 75.1292ms - 200
[Info   :Zeepkist GTR] 20:17:48 End processing HTTP request after 75.6668ms - 200
[Info   :Zeepkist GTR] 20:17:50 Starting recorder
[Info   :Zeepkist Bingo] [BINGO] === PLAYER SPAWNED ===
[Info   :Zeepkist Bingo] [BINGO] IsInActiveSession: False
[Info   :Zeepkist Bingo] [BINGO] Not in active session, skipping timer reset
[Info   :Zeepkist GTR] 20:18:00 Loading personal best...
[Info   :Zeepkist GTR] 20:18:00 Start processing HTTP request "POST" https://es-graphql-1q5xcqmja6dvh4ctc4t9.zeepki.st/
[Info   :Zeepkist GTR] 20:18:00 Start processing HTTP request "POST" https://es-graphql-1q5xcqmja6dvh4ctc4t9.zeepki.st/
[Info   :Zeepkist GTR] 20:18:00 Sending HTTP request "POST" https://es-graphql-1q5xcqmja6dvh4ctc4t9.zeepki.st/
[Info   :Zeepkist GTR] 20:18:00 Stopping existing recorder if any
[Info   :Zeepkist GTR] 20:18:00 Creating new recorder
[Info   :Zeepkist GTR] 20:18:00 Start processing HTTP request "POST" https://es-graphql-1q5xcqmja6dvh4ctc4t9.zeepki.st/
[Info   :Zeepkist GTR] 20:18:00 Start processing HTTP request "POST" https://es-graphql-1q5xcqmja6dvh4ctc4t9.zeepki.st/
[Info   :Zeepkist GTR] 20:18:00 Sending HTTP request "POST" https://es-graphql-1q5xcqmja6dvh4ctc4t9.zeepki.st/
[Info   :Zeepkist GTR] 20:18:00 Received HTTP response headers after 254.788ms - 200
[Info   :Zeepkist GTR] 20:18:00 End processing HTTP request after 255.009ms - 200
[Info   :Zeepkist GTR] 20:18:00 End processing HTTP request after 265.976ms - 200
[Info   :Zeepkist GTR] 20:18:00 Received HTTP response headers after 232.5952ms - 200
[Info   :Zeepkist GTR] 20:18:00 End processing HTTP request after 232.849ms - 200
[Info   :Zeepkist GTR] 20:18:00 End processing HTTP request after 237.0342ms - 200
[Info   :Zeepkist GTR] 20:18:02 Starting recorder
[Info   :Zeepkist GTR] 20:18:26 Stopping recorder
[Info   :Zeepkist GTR] 20:18:26 Collecting extra information
[Info   :Zeepkist GTR] 20:18:26 Resolved workshop ID "3806261665" from lobby 3806261665 and level 0
[Info   :Zeepkist GTR] 20:18:26 Processing ghost data
[Info   :Zeepkist GTR] 20:18:26 Creating stream
[Info   :Zeepkist GTR] 20:18:26 Writing to stream
[Info   :Zeepkist GTR] 20:18:26 Converting to base64
[Info   :Zeepkist GTR] 20:18:26 Creating resource
[Info   :Zeepkist GTR] 20:18:26 Start processing HTTP request "POST" https://es-backend-5eu0pg2dcfyp6u2v33lz.zeepki.st/record/submit
[Info   :Zeepkist GTR] 20:18:26 Start processing HTTP request "POST" https://es-backend-5eu0pg2dcfyp6u2v33lz.zeepki.st/record/submit
[Info   :Zeepkist GTR] 20:18:26 Sending HTTP request "POST" https://es-backend-5eu0pg2dcfyp6u2v33lz.zeepki.st/record/submit
[Info   :Zeepkist GTR] 20:18:27 Received HTTP response headers after 445.8858ms - 200
[Info   :Zeepkist GTR] 20:18:27 End processing HTTP request after 446.1191ms - 200
[Info   :Zeepkist GTR] 20:18:27 End processing HTTP request after 450.63ms - 200
[Info   :Zeepkist GTR] 20:18:30 Discarding recorder
[Info   :Zeepkist Bingo] [CHAT] Intercepted message: i clipped :(
[Info   :Zeepkist Bingo] [CHAT] Not relaying - no bingo session
[Info   :COTDTracker] Doing eliminations with leaderboard:
[Info   :COTDTracker] Player Lexer: Time: 23,14447
[Info   :COTDTracker] Player RoundNzt: Time: 23,35758
[Info   :COTDTracker] Player ZOMAN: Time: 23,37663
[Info   :COTDTracker] Player Minkus: Time: 23,47409
[Info   :COTDTracker] Player icRS: Time: 23,49834
[Info   :COTDTracker] Player Jake: Time: 23,5002
[Info   :COTDTracker] Player M4rv: Time: 23,56499
[Info   :COTDTracker] Player [CSC]IronDragon111000: Time: 23,62688
[Info   :COTDTracker] Player gilgool: Time: 23,63688
[Info   :COTDTracker] Player Gimpel: Time: 23,66897
[Info   :COTDTracker] Player tatari_lover2008: Time: 23,74542
[Info   :COTDTracker] Player Warsnac: Time: 23,9632
[Info   :COTDTracker] Player M4DSCOTSM4N: Time: 24,43963
[Info   :COTDTracker] Player aizpun: Time: 24,53849
[Info   :COTDTracker] Player Mμ: Time: DNF
[Info   :COTDTracker] Eliminating DNF: Mμ
[Info   :COTDTracker] Eliminated 1 DNF players
[Info   :COTDTracker] Eliminating on time: aizpun
[Info   :COTDTracker] Eliminating on time: M4DSCOTSM4N
[Info   :COTDTracker] Eliminating 3 players: 
[Info   :COTDTracker] Mμ
[Info   :COTDTracker] aizpun
[Info   :COTDTracker] M4DSCOTSM4N
[Info   :Zeepkist Bingo] [BINGO] Level loaded
[Info   :Zeepkist GTR] 20:18:44 Start processing HTTP request "POST" https://es-backend-5eu0pg2dcfyp6u2v33lz.zeepki.st/level/request
[Info   :Zeepkist GTR] 20:18:44 Start processing HTTP request "POST" https://es-backend-5eu0pg2dcfyp6u2v33lz.zeepki.st/level/request
[Info   :Zeepkist GTR] 20:18:44 Sending HTTP request "POST" https://es-backend-5eu0pg2dcfyp6u2v33lz.zeepki.st/level/request
[Info   :Zeepkist GTR] 20:18:44 Start processing HTTP request "POST" https://es-graphql-1q5xcqmja6dvh4ctc4t9.zeepki.st/
[Info   :Zeepkist GTR] 20:18:44 Start processing HTTP request "POST" https://es-graphql-1q5xcqmja6dvh4ctc4t9.zeepki.st/
[Info   :Zeepkist GTR] 20:18:44 Sending HTTP request "POST" https://es-graphql-1q5xcqmja6dvh4ctc4t9.zeepki.st/
[Warning:Zeepkist GTR] 20:18:44 Current-level record subscription failed
[Info   :Zeepkist GTR] 20:18:44 Start processing HTTP request "POST" https://es-graphql-1q5xcqmja6dvh4ctc4t9.zeepki.st/
[Info   :Zeepkist GTR] 20:18:44 Start processing HTTP request "POST" https://es-graphql-1q5xcqmja6dvh4ctc4t9.zeepki.st/
[Info   :Zeepkist GTR] 20:18:44 Sending HTTP request "POST" https://es-graphql-1q5xcqmja6dvh4ctc4t9.zeepki.st/
[Info   :BetterSplits] getting gtr splits
[Info   :Zeepkist GTR] 20:18:45 Received HTTP response headers after 61.4641ms - 200
[Info   :Zeepkist GTR] 20:18:45 End processing HTTP request after 61.686ms - 200
[Info   :Zeepkist GTR] 20:18:45 Received HTTP response headers after 71.6727ms - 200
[Info   :Zeepkist GTR] 20:18:45 End processing HTTP request after 71.8733ms - 200
[Info   :Zeepkist GTR] 20:18:45 End processing HTTP request after 80.4104ms - 200
[Info   :Zeepkist GTR] 20:18:45 End processing HTTP request after 79.2638ms - 200
[Info   :Zeepkist GTR] 20:18:45 Received HTTP response headers after 86.8684ms - 200
[Info   :Zeepkist GTR] 20:18:45 End processing HTTP request after 87.0842ms - 200
[Info   :Zeepkist Bingo] [BINGO] === PLAYER SPAWNED ===
[Info   :Zeepkist Bingo] [BINGO] IsInActiveSession: False
[Info   :Zeepkist Bingo] [BINGO] Not in active session, skipping timer reset
[Info   :Zeepkist GTR] 20:18:45 Loading personal best...
[Info   :Zeepkist GTR] 20:18:45 Start processing HTTP request "POST" https://es-graphql-1q5xcqmja6dvh4ctc4t9.zeepki.st/
[Info   :Zeepkist GTR] 20:18:45 Start processing HTTP request "POST" https://es-graphql-1q5xcqmja6dvh4ctc4t9.zeepki.st/
[Info   :Zeepkist GTR] 20:18:45 Sending HTTP request "POST" https://es-graphql-1q5xcqmja6dvh4ctc4t9.zeepki.st/
[Info   :Zeepkist GTR] 20:18:45 Stopping existing recorder if any
[Info   :Zeepkist GTR] 20:18:45 Creating new recorder
[Info   :Zeepkist GTR] 20:18:45 End processing HTTP request after 130.1889ms - 200
[Info   :BetterSplits] got gtr splits
[Info   :Zeepkist GTR] 20:18:45 Received HTTP response headers after 57.7489ms - 200
[Info   :Zeepkist GTR] 20:18:45 End processing HTTP request after 58.0215ms - 200
[Info   :Zeepkist GTR] 20:18:45 End processing HTTP request after 64.1506ms - 200
[Info   :Zeepkist GTR] 20:18:46 Starting recorder
[Info   :COTDTracker] Running update tab leaderboard function
[Info   :COTDTracker] Running update tab leaderboard function
[Info   :COTDTracker] Running update tab leaderboard function
[Info   :Tournament Casting UI] [mouselook] freeze ON (mouse sensitivity 0 -> 0)
[Info   :Zeepkist GTR] 20:19:24 Start processing HTTP request "POST" https://es-graphql-1q5xcqmja6dvh4ctc4t9.zeepki.st/
[Info   :Zeepkist GTR] 20:19:24 Start processing HTTP request "POST" https://es-graphql-1q5xcqmja6dvh4ctc4t9.zeepki.st/
[Info   :Zeepkist GTR] 20:19:24 Sending HTTP request "POST" https://es-graphql-1q5xcqmja6dvh4ctc4t9.zeepki.st/
[Info   :Zeepkist GTR] 20:19:24 Received HTTP response headers after 56.3159ms - 200
[Info   :Zeepkist GTR] 20:19:24 End processing HTTP request after 56.5368ms - 200
[Info   :Zeepkist GTR] 20:19:24 End processing HTTP request after 57.709ms - 200
[Info   :Tournament Casting UI] [wr] fetch start for hash 4A12E4ED9489C09296BC98FC14D791140384B4E8-3
[Info   :Tournament Casting UI] [wr] 4A12E4ED9489C09296BC98FC14D791140384B4E8-3 -> ZOMAN 0:21.478
[Info   :Tournament Casting UI] [compare cam] following RoundNzt
[Info   :Tournament Casting UI] [compare cam] compare cam button visible
[Info   :Zeepkist GTR] 20:19:53 Discarding recorder
[Info   :Tournament Casting UI] [mouselook] freeze OFF (restored 0)
[Info   :COTDTracker] Doing eliminations with leaderboard:
[Info   :COTDTracker] Player ZOMAN: Time: 21,64971
[Info   :COTDTracker] Player RoundNzt: Time: 21,66237
[Info   :COTDTracker] Player Jake: Time: 21,7627
[Info   :COTDTracker] Player tatari_lover2008: Time: 21,80253
[Info   :COTDTracker] Player Minkus: Time: 21,83939
[Info   :COTDTracker] Player Warsnac: Time: 21,84101
[Info   :COTDTracker] Player gilgool: Time: 21,99966
[Info   :COTDTracker] Player Lexer: Time: 22,13875
[Info   :COTDTracker] Player Gimpel: Time: 22,14853
[Info   :COTDTracker] Player [CSC]IronDragon111000: Time: 22,20305
[Info   :COTDTracker] Player icRS: Time: 22,21241
[Info   :COTDTracker] Player M4rv: Time: 22,24097
[Info   :COTDTracker] Eliminated 0 DNF players
[Info   :COTDTracker] Eliminating on time: M4rv
[Info   :COTDTracker] Eliminating on time: icRS
[Info   :COTDTracker] Eliminating 2 players: 
[Info   :COTDTracker] M4rv
[Info   :COTDTracker] icRS
[Info   :Zeepkist Bingo] [BINGO] Level loaded
[Info   :Zeepkist GTR] 20:20:07 Start processing HTTP request "POST" https://es-backend-5eu0pg2dcfyp6u2v33lz.zeepki.st/level/request
[Info   :Zeepkist GTR] 20:20:07 Start processing HTTP request "POST" https://es-backend-5eu0pg2dcfyp6u2v33lz.zeepki.st/level/request
[Info   :Zeepkist GTR] 20:20:07 Sending HTTP request "POST" https://es-backend-5eu0pg2dcfyp6u2v33lz.zeepki.st/level/request
[Info   :Zeepkist GTR] 20:20:07 Start processing HTTP request "POST" https://es-graphql-1q5xcqmja6dvh4ctc4t9.zeepki.st/
[Warning:Zeepkist GTR] 20:20:07 Current-level record subscription failed
[Info   :Zeepkist GTR] 20:20:07 Start processing HTTP request "POST" https://es-graphql-1q5xcqmja6dvh4ctc4t9.zeepki.st/
[Info   :Zeepkist GTR] 20:20:07 Sending HTTP request "POST" https://es-graphql-1q5xcqmja6dvh4ctc4t9.zeepki.st/
[Info   :Zeepkist GTR] 20:20:07 Start processing HTTP request "POST" https://es-graphql-1q5xcqmja6dvh4ctc4t9.zeepki.st/
[Info   :Zeepkist GTR] 20:20:07 Start processing HTTP request "POST" https://es-graphql-1q5xcqmja6dvh4ctc4t9.zeepki.st/
[Info   :Zeepkist GTR] 20:20:07 Sending HTTP request "POST" https://es-graphql-1q5xcqmja6dvh4ctc4t9.zeepki.st/
[Info   :BetterSplits] getting gtr splits
[Info   :Zeepkist Bingo] [BINGO] === PLAYER SPAWNED ===
[Info   :Zeepkist Bingo] [BINGO] IsInActiveSession: False
[Info   :Zeepkist Bingo] [BINGO] Not in active session, skipping timer reset
[Info   :Zeepkist GTR] 20:20:08 Loading personal best...
[Info   :Zeepkist GTR] 20:20:08 Start processing HTTP request "POST" https://es-graphql-1q5xcqmja6dvh4ctc4t9.zeepki.st/
[Info   :Zeepkist GTR] 20:20:08 Start processing HTTP request "POST" https://es-graphql-1q5xcqmja6dvh4ctc4t9.zeepki.st/
[Info   :Zeepkist GTR] 20:20:08 Sending HTTP request "POST" https://es-graphql-1q5xcqmja6dvh4ctc4t9.zeepki.st/
[Info   :Zeepkist GTR] 20:20:08 Stopping existing recorder if any
[Info   :Zeepkist GTR] 20:20:08 Creating new recorder
[Info   :BetterSplits] got gtr splits
[Info   :Zeepkist GTR] 20:20:08 Received HTTP response headers after 271.9413ms - 200
[Info   :Zeepkist GTR] 20:20:08 Received HTTP response headers after 270.3464ms - 200
[Info   :Zeepkist GTR] 20:20:08 Received HTTP response headers after 270.9579ms - 200
[Info   :Zeepkist GTR] 20:20:08 End processing HTTP request after 270.5722ms - 200
[Info   :Zeepkist GTR] 20:20:08 End processing HTTP request after 272.2251ms - 200
[Info   :Zeepkist GTR] 20:20:08 End processing HTTP request after 271.154ms - 200
[Info   :Zeepkist GTR] 20:20:08 End processing HTTP request after 276.5335ms - 200
[Info   :Zeepkist GTR] 20:20:08 End processing HTTP request after 278.2835ms - 200
[Info   :Zeepkist GTR] 20:20:08 End processing HTTP request after 277.1095ms - 200
[Info   :Zeepkist GTR] 20:20:08 Received HTTP response headers after 209.8667ms - 200
[Info   :Zeepkist GTR] 20:20:08 End processing HTTP request after 210.1255ms - 200
[Info   :Zeepkist GTR] 20:20:08 End processing HTTP request after 213.1731ms - 200
[Info   :Zeepkist GTR] 20:20:09 Starting recorder
[Info   :Tournament Casting UI] [mouselook] freeze ON (mouse sensitivity 0 -> 0)
[Info   :Tournament Casting UI] [wr] fetch start for hash 6648D8608E24A99CDB96454FAFE965C5B8D920C5-3
[Info   :Tournament Casting UI] [wr] 6648D8608E24A99CDB96454FAFE965C5B8D920C5-3 -> ZOMAN 0:23.097
[Info   :Tournament Casting UI] [compare cam] following Lexer
[Info   :Tournament Casting UI] [compare cam] VS cam destroyed
[Info   :Tournament Casting UI] [compare cam] following Sterben
[Info   :Zeepkist GTR] 20:20:46 Start processing HTTP request "POST" https://es-graphql-1q5xcqmja6dvh4ctc4t9.zeepki.st/
[Info   :Zeepkist GTR] 20:20:46 Start processing HTTP request "POST" https://es-graphql-1q5xcqmja6dvh4ctc4t9.zeepki.st/
[Info   :Zeepkist GTR] 20:20:46 Sending HTTP request "POST" https://es-graphql-1q5xcqmja6dvh4ctc4t9.zeepki.st/
[Info   :Zeepkist GTR] 20:20:46 Received HTTP response headers after 106.7524ms - 200
[Info   :Zeepkist GTR] 20:20:46 End processing HTTP request after 107.0237ms - 200
[Info   :Zeepkist GTR] 20:20:46 End processing HTTP request after 111.3666ms - 200
[Info   :Tournament Casting UI] [compare cam] following JakeAdjacent
[Info   :Zeepkist GTR] 20:21:16 Discarding recorder
[Info   :Tournament Casting UI] [mouselook] freeze OFF (restored 0)
[Info   :COTDTracker] Doing eliminations with leaderboard:
[Info   :COTDTracker] Player RoundNzt: Time: 23,20529
[Info   :COTDTracker] Player gilgool: Time: 23,49708
[Info   :COTDTracker] Player Lexer: Time: 23,5074
[Info   :COTDTracker] Player Gimpel: Time: 23,55129
[Info   :COTDTracker] Player Jake: Time: 23,61042
[Info   :COTDTracker] Player Warsnac: Time: 23,70113
[Info   :COTDTracker] Player [CSC]IronDragon111000: Time: 23,92006
[Info   :COTDTracker] Player Minkus: Time: 23,95136
[Info   :COTDTracker] Player ZOMAN: Time: 23,96578
[Info   :COTDTracker] Player tatari_lover2008: Time: DNF
[Info   :COTDTracker] Eliminating DNF: tatari_lover2008
[Info   :COTDTracker] Eliminated 1 DNF players
[Info   :COTDTracker] Eliminating on time: ZOMAN
[Info   :COTDTracker] Eliminating 2 players: 
[Info   :COTDTracker] tatari_lover2008
[Info   :COTDTracker] ZOMAN
[Info   :Zeepkist Bingo] [CHAT] Intercepted message: oops xD
[Info   :Zeepkist Bingo] [CHAT] Not relaying - no bingo session
[Info   :COTDTracker] Running update tab leaderboard function
[Info   :Zeepkist Bingo] [BINGO] Level loaded
[Info   :Zeepkist GTR] 20:21:31 Start processing HTTP request "POST" https://es-backend-5eu0pg2dcfyp6u2v33lz.zeepki.st/level/request
[Info   :Zeepkist GTR] 20:21:31 Start processing HTTP request "POST" https://es-backend-5eu0pg2dcfyp6u2v33lz.zeepki.st/level/request
[Info   :Zeepkist GTR] 20:21:31 Sending HTTP request "POST" https://es-backend-5eu0pg2dcfyp6u2v33lz.zeepki.st/level/request
[Warning:Zeepkist GTR] 20:21:31 Current-level record subscription failed
[Info   :Zeepkist GTR] 20:21:31 Start processing HTTP request "POST" https://es-graphql-1q5xcqmja6dvh4ctc4t9.zeepki.st/
[Info   :Zeepkist GTR] 20:21:31 Start processing HTTP request "POST" https://es-graphql-1q5xcqmja6dvh4ctc4t9.zeepki.st/
[Info   :Zeepkist GTR] 20:21:31 Sending HTTP request "POST" https://es-graphql-1q5xcqmja6dvh4ctc4t9.zeepki.st/
[Info   :Zeepkist GTR] 20:21:31 Start processing HTTP request "POST" https://es-graphql-1q5xcqmja6dvh4ctc4t9.zeepki.st/
[Info   :Zeepkist GTR] 20:21:31 Start processing HTTP request "POST" https://es-graphql-1q5xcqmja6dvh4ctc4t9.zeepki.st/
[Info   :Zeepkist GTR] 20:21:31 Sending HTTP request "POST" https://es-graphql-1q5xcqmja6dvh4ctc4t9.zeepki.st/
[Info   :Zeepkist GTR] 20:21:31 Received HTTP response headers after 52.496ms - 200
[Info   :Zeepkist GTR] 20:21:31 End processing HTTP request after 52.8817ms - 200
[Info   :Zeepkist GTR] 20:21:31 Received HTTP response headers after 57.5111ms - 200
[Info   :Zeepkist GTR] 20:21:31 End processing HTTP request after 57.8879ms - 200
[Info   :BetterSplits] getting gtr splits
[Info   :Zeepkist GTR] 20:21:31 Received HTTP response headers after 74.1354ms - 200
[Info   :Zeepkist GTR] 20:21:31 End processing HTTP request after 74.4475ms - 200
[Info   :Zeepkist GTR] 20:21:31 End processing HTTP request after 102.5721ms - 200
[Info   :Zeepkist GTR] 20:21:31 End processing HTTP request after 101.6138ms - 200
[Info   :Zeepkist GTR] 20:21:31 End processing HTTP request after 104.7717ms - 200
[Info   :Zeepkist Bingo] [BINGO] === PLAYER SPAWNED ===
[Info   :Zeepkist Bingo] [BINGO] IsInActiveSession: False
[Info   :Zeepkist Bingo] [BINGO] Not in active session, skipping timer reset
[Info   :Zeepkist GTR] 20:21:31 Loading personal best...
[Info   :Zeepkist GTR] 20:21:31 Start processing HTTP request "POST" https://es-graphql-1q5xcqmja6dvh4ctc4t9.zeepki.st/
[Info   :Zeepkist GTR] 20:21:31 Start processing HTTP request "POST" https://es-graphql-1q5xcqmja6dvh4ctc4t9.zeepki.st/
[Info   :Zeepkist GTR] 20:21:31 Sending HTTP request "POST" https://es-graphql-1q5xcqmja6dvh4ctc4t9.zeepki.st/
[Info   :Zeepkist GTR] 20:21:31 Stopping existing recorder if any
[Info   :Zeepkist GTR] 20:21:31 Creating new recorder
[Info   :BetterSplits] got gtr splits
[Info   :Zeepkist GTR] 20:21:31 Received HTTP response headers after 74.7903ms - 200
[Info   :Zeepkist GTR] 20:21:31 End processing HTTP request after 75.0236ms - 200
[Info   :Zeepkist GTR] 20:21:31 End processing HTTP request after 80.8183ms - 200
[Info   :Zeepkist GTR] 20:21:32 Starting recorder
[Info   :Tournament Casting UI] [mouselook] freeze ON (mouse sensitivity 0 -> 0)
[Info   :Tournament Casting UI] [wr] fetch start for hash 4A12E4ED9489C09296BC98FC14D791140384B4E8-3
[Info   :Tournament Casting UI] [wr] 4A12E4ED9489C09296BC98FC14D791140384B4E8-3 -> ZOMAN 0:21.478
[Info   :Zeepkist GTR] 20:22:09 Start processing HTTP request "POST" https://es-graphql-1q5xcqmja6dvh4ctc4t9.zeepki.st/
[Info   :Zeepkist GTR] 20:22:09 Start processing HTTP request "POST" https://es-graphql-1q5xcqmja6dvh4ctc4t9.zeepki.st/
[Info   :Zeepkist GTR] 20:22:09 Sending HTTP request "POST" https://es-graphql-1q5xcqmja6dvh4ctc4t9.zeepki.st/
[Info   :Zeepkist GTR] 20:22:09 Received HTTP response headers after 236.4166ms - 200
[Info   :Zeepkist GTR] 20:22:09 End processing HTTP request after 236.6242ms - 200
[Info   :Zeepkist GTR] 20:22:09 End processing HTTP request after 243.9338ms - 200
[Info   :Tournament Casting UI] [compare cam] following Gimpel
[Info   :Zeepkist GTR] 20:22:39 Discarding recorder
[Info   :Tournament Casting UI] [mouselook] freeze OFF (restored 0)
[Info   :COTDTracker] Doing eliminations with leaderboard:
[Info   :COTDTracker] Player Jake: Time: 21,52491
[Info   :COTDTracker] Player Warsnac: Time: 21,57116
[Info   :COTDTracker] Player Minkus: Time: 21,66832
[Info   :COTDTracker] Player RoundNzt: Time: 21,70277
[Info   :COTDTracker] Player [CSC]IronDragon111000: Time: 21,82804
[Info   :COTDTracker] Player gilgool: Time: 21,96672
[Info   :COTDTracker] Player Gimpel: Time: 22,07469
[Info   :COTDTracker] Player Lexer: Time: 22,12671
[Info   :COTDTracker] Eliminated 0 DNF players
[Info   :COTDTracker] Eliminating on time: Lexer
[Info   :COTDTracker] Eliminating on time: Gimpel
[Info   :COTDTracker] Eliminating 2 players: 
[Info   :COTDTracker] Lexer
[Info   :COTDTracker] Gimpel
[Info   :COTDTracker] Running update tab leaderboard function
[Info   :Zeepkist Bingo] [BINGO] Level loaded
[Info   :Zeepkist GTR] 20:22:53 Start processing HTTP request "POST" https://es-backend-5eu0pg2dcfyp6u2v33lz.zeepki.st/level/request
[Info   :Zeepkist GTR] 20:22:53 Start processing HTTP request "POST" https://es-backend-5eu0pg2dcfyp6u2v33lz.zeepki.st/level/request
[Info   :Zeepkist GTR] 20:22:53 Sending HTTP request "POST" https://es-backend-5eu0pg2dcfyp6u2v33lz.zeepki.st/level/request
[Info   :Zeepkist GTR] 20:22:53 Start processing HTTP request "POST" https://es-graphql-1q5xcqmja6dvh4ctc4t9.zeepki.st/
[Info   :Zeepkist GTR] 20:22:53 Start processing HTTP request "POST" https://es-graphql-1q5xcqmja6dvh4ctc4t9.zeepki.st/
[Info   :Zeepkist GTR] 20:22:53 Sending HTTP request "POST" https://es-graphql-1q5xcqmja6dvh4ctc4t9.zeepki.st/
[Warning:Zeepkist GTR] 20:22:53 Current-level record subscription failed
[Info   :Zeepkist GTR] 20:22:53 Start processing HTTP request "POST" https://es-graphql-1q5xcqmja6dvh4ctc4t9.zeepki.st/
[Info   :Zeepkist GTR] 20:22:53 Start processing HTTP request "POST" https://es-graphql-1q5xcqmja6dvh4ctc4t9.zeepki.st/
[Info   :Zeepkist GTR] 20:22:53 Sending HTTP request "POST" https://es-graphql-1q5xcqmja6dvh4ctc4t9.zeepki.st/
[Info   :BetterSplits] getting gtr splits
[Info   :Zeepkist GTR] 20:22:53 Received HTTP response headers after 69.6066ms - 200
[Info   :Zeepkist GTR] 20:22:53 End processing HTTP request after 69.8636ms - 200
[Info   :Zeepkist GTR] 20:22:53 End processing HTTP request after 80.402ms - 200
[Info   :Zeepkist Bingo] [BINGO] === PLAYER SPAWNED ===
[Info   :Zeepkist Bingo] [BINGO] IsInActiveSession: False
[Info   :Zeepkist Bingo] [BINGO] Not in active session, skipping timer reset
[Info   :Zeepkist GTR] 20:22:54 Loading personal best...
[Info   :Zeepkist GTR] 20:22:54 Start processing HTTP request "POST" https://es-graphql-1q5xcqmja6dvh4ctc4t9.zeepki.st/
[Info   :Zeepkist GTR] 20:22:54 Start processing HTTP request "POST" https://es-graphql-1q5xcqmja6dvh4ctc4t9.zeepki.st/
[Info   :Zeepkist GTR] 20:22:54 Sending HTTP request "POST" https://es-graphql-1q5xcqmja6dvh4ctc4t9.zeepki.st/
[Info   :Zeepkist GTR] 20:22:54 Stopping existing recorder if any
[Info   :Zeepkist GTR] 20:22:54 Creating new recorder
[Info   :BetterSplits] got gtr splits
[Info   :Zeepkist GTR] 20:22:54 Received HTTP response headers after 70.1684ms - 200
[Info   :Zeepkist GTR] 20:22:54 End processing HTTP request after 70.407ms - 200
[Info   :Zeepkist GTR] 20:22:54 End processing HTTP request after 77.2807ms - 200
[Info   :Zeepkist GTR] 20:22:54 Received HTTP response headers after 236.5698ms - 200
[Info   :Zeepkist GTR] 20:22:54 End processing HTTP request after 236.9069ms - 200
[Info   :Zeepkist GTR] 20:22:54 Received HTTP response headers after 241.2341ms - 200
[Info   :Zeepkist GTR] 20:22:54 End processing HTTP request after 241.5049ms - 200
[Info   :Zeepkist GTR] 20:22:54 End processing HTTP request after 244.684ms - 200
[Info   :Zeepkist GTR] 20:22:54 End processing HTTP request after 252.3308ms - 200
[Info   :Zeepkist GTR] 20:22:55 Starting recorder
[Info   :Tournament Casting UI] [mouselook] freeze ON (mouse sensitivity 0 -> 0)
[Info   :Tournament Casting UI] [wr] fetch start for hash 6648D8608E24A99CDB96454FAFE965C5B8D920C5-3
[Info   :Tournament Casting UI] [wr] 6648D8608E24A99CDB96454FAFE965C5B8D920C5-3 -> ZOMAN 0:23.097
[Info   :Tournament Casting UI] [compare cam] following Minkus
[Info   :Zeepkist GTR] 20:23:32 Start processing HTTP request "POST" https://es-graphql-1q5xcqmja6dvh4ctc4t9.zeepki.st/
[Info   :Zeepkist GTR] 20:23:32 Start processing HTTP request "POST" https://es-graphql-1q5xcqmja6dvh4ctc4t9.zeepki.st/
[Info   :Zeepkist GTR] 20:23:32 Sending HTTP request "POST" https://es-graphql-1q5xcqmja6dvh4ctc4t9.zeepki.st/
[Info   :Zeepkist GTR] 20:23:32 Received HTTP response headers after 83.409ms - 200
[Info   :Zeepkist GTR] 20:23:32 End processing HTTP request after 83.649ms - 200
[Info   :Zeepkist GTR] 20:23:32 End processing HTTP request after 84.7834ms - 200
[Info   :Zeepkist GTR] 20:24:02 Discarding recorder
[Info   :Tournament Casting UI] [mouselook] freeze OFF (restored 0)
[Info   :COTDTracker] Doing eliminations with leaderboard:
[Info   :COTDTracker] Player Jake: Time: 23,41193
[Info   :COTDTracker] Player Warsnac: Time: 23,46891
[Info   :COTDTracker] Player RoundNzt: Time: 23,51557
[Info   :COTDTracker] Player gilgool: Time: 23,7032
[Info   :COTDTracker] Player [CSC]IronDragon111000: Time: 23,80011
[Info   :COTDTracker] Player Minkus: Time: 23,83384
[Info   :COTDTracker] Eliminated 0 DNF players
[Info   :COTDTracker] Eliminating on time: Minkus
[Info   :COTDTracker] Eliminating 1 players: 
[Info   :COTDTracker] Minkus
[Info   :COTDTracker] Running update tab leaderboard function
[Info   :COTDTracker] Running update tab leaderboard function
[Info   :Zeepkist Bingo] [BINGO] Level loaded
[Info   :Zeepkist GTR] 20:24:17 Start processing HTTP request "POST" https://es-backend-5eu0pg2dcfyp6u2v33lz.zeepki.st/level/request
[Info   :Zeepkist GTR] 20:24:17 Start processing HTTP request "POST" https://es-backend-5eu0pg2dcfyp6u2v33lz.zeepki.st/level/request
[Info   :Zeepkist GTR] 20:24:17 Sending HTTP request "POST" https://es-backend-5eu0pg2dcfyp6u2v33lz.zeepki.st/level/request
[Info   :Zeepkist GTR] 20:24:17 Start processing HTTP request "POST" https://es-graphql-1q5xcqmja6dvh4ctc4t9.zeepki.st/
[Info   :Zeepkist GTR] 20:24:17 Start processing HTTP request "POST" https://es-graphql-1q5xcqmja6dvh4ctc4t9.zeepki.st/
[Info   :Zeepkist GTR] 20:24:17 Sending HTTP request "POST" https://es-graphql-1q5xcqmja6dvh4ctc4t9.zeepki.st/
[Info   :Zeepkist GTR] 20:24:17 Start processing HTTP request "POST" https://es-graphql-1q5xcqmja6dvh4ctc4t9.zeepki.st/
[Warning:Zeepkist GTR] 20:24:17 Current-level record subscription failed
[Info   :Zeepkist GTR] 20:24:17 Start processing HTTP request "POST" https://es-graphql-1q5xcqmja6dvh4ctc4t9.zeepki.st/
[Info   :Zeepkist GTR] 20:24:17 Sending HTTP request "POST" https://es-graphql-1q5xcqmja6dvh4ctc4t9.zeepki.st/
[Info   :BetterSplits] getting gtr splits
[Info   :Zeepkist Bingo] [BINGO] === PLAYER SPAWNED ===
[Info   :Zeepkist Bingo] [BINGO] IsInActiveSession: False
[Info   :Zeepkist Bingo] [BINGO] Not in active session, skipping timer reset
[Info   :Zeepkist GTR] 20:24:17 Loading personal best...
[Info   :Zeepkist GTR] 20:24:17 Start processing HTTP request "POST" https://es-graphql-1q5xcqmja6dvh4ctc4t9.zeepki.st/
[Info   :Zeepkist GTR] 20:24:17 Start processing HTTP request "POST" https://es-graphql-1q5xcqmja6dvh4ctc4t9.zeepki.st/
[Info   :Zeepkist GTR] 20:24:17 Sending HTTP request "POST" https://es-graphql-1q5xcqmja6dvh4ctc4t9.zeepki.st/
[Info   :Zeepkist GTR] 20:24:17 Stopping existing recorder if any
[Info   :Zeepkist GTR] 20:24:17 Creating new recorder
[Info   :BetterSplits] got gtr splits
[Info   :Zeepkist GTR] 20:24:17 Received HTTP response headers after 231.0488ms - 200
[Info   :Zeepkist GTR] 20:24:17 End processing HTTP request after 231.2751ms - 200
[Info   :Zeepkist GTR] 20:24:17 End processing HTTP request after 235.3618ms - 200
[Info   :Zeepkist GTR] 20:24:17 Received HTTP response headers after 274.9385ms - 200
[Info   :Zeepkist GTR] 20:24:17 End processing HTTP request after 275.1673ms - 200
[Info   :Zeepkist GTR] 20:24:17 End processing HTTP request after 276.4488ms - 200
[Info   :Zeepkist GTR] 20:24:17 Received HTTP response headers after 341.2619ms - 200
[Info   :Zeepkist GTR] 20:24:17 End processing HTTP request after 341.4842ms - 200
[Info   :Zeepkist GTR] 20:24:17 End processing HTTP request after 352.6724ms - 200
[Info   :Zeepkist GTR] 20:24:17 Received HTTP response headers after 249.4612ms - 200
[Info   :Zeepkist GTR] 20:24:17 End processing HTTP request after 249.7257ms - 200
[Info   :Zeepkist GTR] 20:24:17 End processing HTTP request after 254.0977ms - 200
[Info   :COTDTracker] Running update tab leaderboard function
[Info   :Zeepkist GTR] 20:24:18 Starting recorder
[Info   :Tournament Casting UI] [mouselook] freeze ON (mouse sensitivity 0 -> 0)
[Info   :Tournament Casting UI] [wr] fetch start for hash 4A12E4ED9489C09296BC98FC14D791140384B4E8-3
[Info   :Tournament Casting UI] [wr] 4A12E4ED9489C09296BC98FC14D791140384B4E8-3 -> ZOMAN 0:21.478
[Info   :Tournament Casting UI] [compare cam] following IronDragon111000
[Info   :Zeepkist GTR] 20:24:55 Start processing HTTP request "POST" https://es-graphql-1q5xcqmja6dvh4ctc4t9.zeepki.st/
[Info   :Zeepkist GTR] 20:24:55 Start processing HTTP request "POST" https://es-graphql-1q5xcqmja6dvh4ctc4t9.zeepki.st/
[Info   :Zeepkist GTR] 20:24:55 Sending HTTP request "POST" https://es-graphql-1q5xcqmja6dvh4ctc4t9.zeepki.st/
[Info   :Zeepkist GTR] 20:24:55 Received HTTP response headers after 63.0186ms - 200
[Info   :Zeepkist GTR] 20:24:55 End processing HTTP request after 63.3048ms - 200
[Info   :Zeepkist GTR] 20:24:55 End processing HTTP request after 63.988ms - 200
[Info   :Zeepkist GTR] 20:25:25 Discarding recorder
[Info   :Tournament Casting UI] [mouselook] freeze OFF (restored 0)
[Info   :COTDTracker] Doing eliminations with leaderboard:
[Info   :COTDTracker] Player Jake: Time: 21,46851
[Info   :COTDTracker] Player RoundNzt: Time: 21,69197
[Info   :COTDTracker] Player [CSC]IronDragon111000: Time: 21,77389
[Info   :COTDTracker] Player Warsnac: Time: 21,87609
[Info   :COTDTracker] Player gilgool: Time: DNF
[Info   :COTDTracker] Eliminating DNF: gilgool
[Info   :COTDTracker] Eliminated 1 DNF players
[Info   :COTDTracker] Eliminating 1 players: 
[Info   :COTDTracker] gilgool
[Info   :Zeepkist Bingo] [BINGO] Level loaded
[Info   :Zeepkist GTR] 20:25:39 Start processing HTTP request "POST" https://es-backend-5eu0pg2dcfyp6u2v33lz.zeepki.st/level/request
[Info   :Zeepkist GTR] 20:25:39 Start processing HTTP request "POST" https://es-backend-5eu0pg2dcfyp6u2v33lz.zeepki.st/level/request
[Info   :Zeepkist GTR] 20:25:39 Sending HTTP request "POST" https://es-backend-5eu0pg2dcfyp6u2v33lz.zeepki.st/level/request
[Info   :Zeepkist GTR] 20:25:39 Start processing HTTP request "POST" https://es-graphql-1q5xcqmja6dvh4ctc4t9.zeepki.st/
[Info   :Zeepkist GTR] 20:25:39 Start processing HTTP request "POST" https://es-graphql-1q5xcqmja6dvh4ctc4t9.zeepki.st/
[Info   :Zeepkist GTR] 20:25:39 Sending HTTP request "POST" https://es-graphql-1q5xcqmja6dvh4ctc4t9.zeepki.st/
[Warning:Zeepkist GTR] 20:25:39 Current-level record subscription failed
[Info   :Zeepkist GTR] 20:25:39 Start processing HTTP request "POST" https://es-graphql-1q5xcqmja6dvh4ctc4t9.zeepki.st/
[Info   :Zeepkist GTR] 20:25:39 Start processing HTTP request "POST" https://es-graphql-1q5xcqmja6dvh4ctc4t9.zeepki.st/
[Info   :Zeepkist GTR] 20:25:39 Sending HTTP request "POST" https://es-graphql-1q5xcqmja6dvh4ctc4t9.zeepki.st/
[Info   :BetterSplits] getting gtr splits
[Info   :Zeepkist GTR] 20:25:40 Received HTTP response headers after 53.5094ms - 200
[Info   :Zeepkist GTR] 20:25:40 End processing HTTP request after 53.7346ms - 200
[Info   :Zeepkist GTR] 20:25:40 Received HTTP response headers after 71.9827ms - 200
[Info   :Zeepkist GTR] 20:25:40 End processing HTTP request after 72.1976ms - 200
[Info   :Zeepkist GTR] 20:25:40 End processing HTTP request after 73.6935ms - 200
[Info   :Zeepkist GTR] 20:25:40 Received HTTP response headers after 72.8864ms - 200
[Info   :Zeepkist GTR] 20:25:40 End processing HTTP request after 74.2981ms - 200
[Info   :Zeepkist GTR] 20:25:40 End processing HTTP request after 73.1569ms - 200
[Info   :Zeepkist GTR] 20:25:40 End processing HTTP request after 90.1234ms - 200
[Info   :Zeepkist Bingo] [BINGO] === PLAYER SPAWNED ===
[Info   :Zeepkist Bingo] [BINGO] IsInActiveSession: False
[Info   :Zeepkist Bingo] [BINGO] Not in active session, skipping timer reset
[Info   :Zeepkist GTR] 20:25:40 Loading personal best...
[Info   :Zeepkist GTR] 20:25:40 Start processing HTTP request "POST" https://es-graphql-1q5xcqmja6dvh4ctc4t9.zeepki.st/
[Info   :Zeepkist GTR] 20:25:40 Start processing HTTP request "POST" https://es-graphql-1q5xcqmja6dvh4ctc4t9.zeepki.st/
[Info   :Zeepkist GTR] 20:25:40 Sending HTTP request "POST" https://es-graphql-1q5xcqmja6dvh4ctc4t9.zeepki.st/
[Info   :Zeepkist GTR] 20:25:40 Stopping existing recorder if any
[Info   :Zeepkist GTR] 20:25:40 Creating new recorder
[Info   :BetterSplits] got gtr splits
[Info   :Zeepkist GTR] 20:25:40 Received HTTP response headers after 89.4878ms - 200
[Info   :Zeepkist GTR] 20:25:40 End processing HTTP request after 89.8902ms - 200
[Info   :Zeepkist GTR] 20:25:40 End processing HTTP request after 94.3553ms - 200
[Info   :Zeepkist GTR] 20:25:41 Starting recorder
[Info   :Tournament Casting UI] [mouselook] freeze ON (mouse sensitivity 0 -> 0)
[Info   :Tournament Casting UI] [wr] fetch start for hash 6648D8608E24A99CDB96454FAFE965C5B8D920C5-3
[Info   :Tournament Casting UI] [wr] 6648D8608E24A99CDB96454FAFE965C5B8D920C5-3 -> ZOMAN 0:23.097
[Info   :Zeepkist GTR] 20:26:18 Start processing HTTP request "POST" https://es-graphql-1q5xcqmja6dvh4ctc4t9.zeepki.st/
[Info   :Zeepkist GTR] 20:26:18 Start processing HTTP request "POST" https://es-graphql-1q5xcqmja6dvh4ctc4t9.zeepki.st/
[Info   :Zeepkist GTR] 20:26:18 Sending HTTP request "POST" https://es-graphql-1q5xcqmja6dvh4ctc4t9.zeepki.st/
[Info   :Zeepkist GTR] 20:26:18 Received HTTP response headers after 230.926ms - 200
[Info   :Zeepkist GTR] 20:26:18 End processing HTTP request after 231.1397ms - 200
[Info   :Zeepkist GTR] 20:26:18 End processing HTTP request after 238.5069ms - 200
[Info   :Zeepkist GTR] 20:26:48 Discarding recorder
[Info   :Tournament Casting UI] [mouselook] freeze OFF (restored 0)
[Info   :COTDTracker] Doing eliminations with leaderboard:
[Info   :COTDTracker] Player RoundNzt: Time: 23,13167
[Info   :COTDTracker] Player Warsnac: Time: 23,38915
[Info   :COTDTracker] Player Jake: Time: 23,47235
[Info   :COTDTracker] Player [CSC]IronDragon111000: Time: 24,15851
[Info   :COTDTracker] Eliminated 0 DNF players
[Info   :COTDTracker] Eliminating on time: [CSC]IronDragon111000
[Info   :COTDTracker] Eliminating 1 players: 
[Info   :COTDTracker] [CSC]IronDragon111000
[Info   :Zeepkist Bingo] [CHAT] Intercepted message: Well played!
[Info   :Zeepkist Bingo] [CHAT] Not relaying - no bingo session
[Info   :COTDTracker] Running update tab leaderboard function
[Info   :Zeepkist Bingo] [BINGO] Level loaded
[Info   :Zeepkist GTR] 20:27:03 Start processing HTTP request "POST" https://es-backend-5eu0pg2dcfyp6u2v33lz.zeepki.st/level/request
[Info   :Zeepkist GTR] 20:27:03 Start processing HTTP request "POST" https://es-backend-5eu0pg2dcfyp6u2v33lz.zeepki.st/level/request
[Info   :Zeepkist GTR] 20:27:03 Sending HTTP request "POST" https://es-backend-5eu0pg2dcfyp6u2v33lz.zeepki.st/level/request
[Info   :Zeepkist GTR] 20:27:03 Start processing HTTP request "POST" https://es-graphql-1q5xcqmja6dvh4ctc4t9.zeepki.st/
[Info   :Zeepkist GTR] 20:27:03 Start processing HTTP request "POST" https://es-graphql-1q5xcqmja6dvh4ctc4t9.zeepki.st/
[Info   :Zeepkist GTR] 20:27:03 Sending HTTP request "POST" https://es-graphql-1q5xcqmja6dvh4ctc4t9.zeepki.st/
[Info   :Zeepkist GTR] 20:27:03 Start processing HTTP request "POST" https://es-graphql-1q5xcqmja6dvh4ctc4t9.zeepki.st/
[Warning:Zeepkist GTR] 20:27:03 Current-level record subscription failed
[Info   :Zeepkist GTR] 20:27:03 Start processing HTTP request "POST" https://es-graphql-1q5xcqmja6dvh4ctc4t9.zeepki.st/
[Info   :Zeepkist GTR] 20:27:03 Sending HTTP request "POST" https://es-graphql-1q5xcqmja6dvh4ctc4t9.zeepki.st/
[Info   :BetterSplits] getting gtr splits
[Info   :Zeepkist GTR] 20:27:03 Received HTTP response headers after 54.5551ms - 200
[Info   :Zeepkist GTR] 20:27:03 End processing HTTP request after 54.7652ms - 200
[Info   :Zeepkist GTR] 20:27:03 End processing HTTP request after 87.0521ms - 200
[Info   :Zeepkist Bingo] [BINGO] === PLAYER SPAWNED ===
[Info   :Zeepkist Bingo] [BINGO] IsInActiveSession: False
[Info   :Zeepkist Bingo] [BINGO] Not in active session, skipping timer reset
[Info   :Zeepkist GTR] 20:27:03 Loading personal best...
[Info   :Zeepkist GTR] 20:27:03 Start processing HTTP request "POST" https://es-graphql-1q5xcqmja6dvh4ctc4t9.zeepki.st/
[Info   :Zeepkist GTR] 20:27:03 Start processing HTTP request "POST" https://es-graphql-1q5xcqmja6dvh4ctc4t9.zeepki.st/
[Info   :Zeepkist GTR] 20:27:03 Sending HTTP request "POST" https://es-graphql-1q5xcqmja6dvh4ctc4t9.zeepki.st/
[Info   :Zeepkist GTR] 20:27:03 Stopping existing recorder if any
[Info   :Zeepkist GTR] 20:27:03 Creating new recorder
[Info   :BetterSplits] got gtr splits
[Info   :Zeepkist GTR] 20:27:03 Received HTTP response headers after 102.6337ms - 200
[Info   :Zeepkist GTR] 20:27:03 End processing HTTP request after 102.8528ms - 200
[Info   :Zeepkist GTR] 20:27:03 End processing HTTP request after 108.3808ms - 200
[Info   :Zeepkist GTR] 20:27:03 Received HTTP response headers after 268.4271ms - 200
[Info   :Zeepkist GTR] 20:27:03 End processing HTTP request after 268.6598ms - 200
[Info   :Zeepkist GTR] 20:27:03 End processing HTTP request after 274.4242ms - 200
[Info   :Zeepkist GTR] 20:27:03 Received HTTP response headers after 284.9662ms - 200
[Info   :Zeepkist GTR] 20:27:03 End processing HTTP request after 285.2355ms - 200
[Info   :Zeepkist GTR] 20:27:03 End processing HTTP request after 286.1245ms - 200
[Info   :Tournament Casting UI] [mouselook] freeze ON (mouse sensitivity 0 -> 0)
[Info   :Tournament Casting UI] [wr] fetch start for hash 4A12E4ED9489C09296BC98FC14D791140384B4E8-3
[Info   :Tournament Casting UI] [wr] 4A12E4ED9489C09296BC98FC14D791140384B4E8-3 -> Jake 0:21.469
[Info   :Zeepkist GTR] 20:27:04 Starting recorder
[Info   :Tournament Casting UI] [compare cam] following Warsnac
[Info   :Zeepkist GTR] 20:27:41 Start processing HTTP request "POST" https://es-graphql-1q5xcqmja6dvh4ctc4t9.zeepki.st/
[Info   :Zeepkist GTR] 20:27:41 Start processing HTTP request "POST" https://es-graphql-1q5xcqmja6dvh4ctc4t9.zeepki.st/
[Info   :Zeepkist GTR] 20:27:41 Sending HTTP request "POST" https://es-graphql-1q5xcqmja6dvh4ctc4t9.zeepki.st/
[Info   :Zeepkist GTR] 20:27:41 Received HTTP response headers after 58.3989ms - 200
[Info   :Zeepkist GTR] 20:27:41 End processing HTTP request after 58.6444ms - 200
[Info   :Zeepkist GTR] 20:27:41 End processing HTTP request after 63.2504ms - 200
[Info   :Zeepkist GTR] 20:28:11 Discarding recorder
[Info   :Tournament Casting UI] [mouselook] freeze OFF (restored 0)
[Info   :COTDTracker] Running update tab leaderboard function
[Info   :COTDTracker] Running update tab leaderboard function
[Info   :COTDTracker] Running update tab leaderboard function
[Info   :COTDTracker] Doing eliminations with leaderboard:
[Info   :COTDTracker] Player Jake: Time: 21,54962
[Info   :COTDTracker] Player Warsnac: Time: 21,61084
[Info   :COTDTracker] Player RoundNzt: Time: 21,81635
[Info   :COTDTracker] Eliminated 0 DNF players
[Info   :COTDTracker] Eliminating on time: RoundNzt
[Info   :COTDTracker] Eliminating 1 players: 
[Info   :COTDTracker] RoundNzt
[Info   :COTDTracker] Running update tab leaderboard function
[Info   :COTDTracker] Running update tab leaderboard function
[Info   :COTDTracker] Running update tab leaderboard function
[Info   :Zeepkist Bingo] [BINGO] Level loaded
[Info   :Zeepkist GTR] 20:28:26 Start processing HTTP request "POST" https://es-backend-5eu0pg2dcfyp6u2v33lz.zeepki.st/level/request
[Info   :Zeepkist GTR] 20:28:26 Start processing HTTP request "POST" https://es-backend-5eu0pg2dcfyp6u2v33lz.zeepki.st/level/request
[Info   :Zeepkist GTR] 20:28:26 Sending HTTP request "POST" https://es-backend-5eu0pg2dcfyp6u2v33lz.zeepki.st/level/request
[Info   :Zeepkist GTR] 20:28:26 Start processing HTTP request "POST" https://es-graphql-1q5xcqmja6dvh4ctc4t9.zeepki.st/
[Info   :Zeepkist GTR] 20:28:26 Start processing HTTP request "POST" https://es-graphql-1q5xcqmja6dvh4ctc4t9.zeepki.st/
[Info   :Zeepkist GTR] 20:28:26 Sending HTTP request "POST" https://es-graphql-1q5xcqmja6dvh4ctc4t9.zeepki.st/
[Info   :Zeepkist GTR] 20:28:26 Start processing HTTP request "POST" https://es-graphql-1q5xcqmja6dvh4ctc4t9.zeepki.st/
[Warning:Zeepkist GTR] 20:28:26 Current-level record subscription failed
[Info   :Zeepkist GTR] 20:28:26 Start processing HTTP request "POST" https://es-graphql-1q5xcqmja6dvh4ctc4t9.zeepki.st/
[Info   :Zeepkist GTR] 20:28:26 Sending HTTP request "POST" https://es-graphql-1q5xcqmja6dvh4ctc4t9.zeepki.st/
[Info   :BetterSplits] getting gtr splits
[Info   :Zeepkist Bingo] [BINGO] === PLAYER SPAWNED ===
[Info   :Zeepkist Bingo] [BINGO] IsInActiveSession: False
[Info   :Zeepkist Bingo] [BINGO] Not in active session, skipping timer reset
[Info   :Zeepkist GTR] 20:28:26 Loading personal best...
[Info   :Zeepkist GTR] 20:28:26 Start processing HTTP request "POST" https://es-graphql-1q5xcqmja6dvh4ctc4t9.zeepki.st/
[Info   :Zeepkist GTR] 20:28:26 Start processing HTTP request "POST" https://es-graphql-1q5xcqmja6dvh4ctc4t9.zeepki.st/
[Info   :Zeepkist GTR] 20:28:26 Sending HTTP request "POST" https://es-graphql-1q5xcqmja6dvh4ctc4t9.zeepki.st/
[Info   :Zeepkist GTR] 20:28:26 Stopping existing recorder if any
[Info   :Zeepkist GTR] 20:28:26 Creating new recorder
[Info   :BetterSplits] got gtr splits
[Info   :Zeepkist GTR] 20:28:26 Received HTTP response headers after 213.75ms - 200
[Info   :Zeepkist GTR] 20:28:26 End processing HTTP request after 214.0063ms - 200
[Info   :Zeepkist GTR] 20:28:26 Received HTTP response headers after 217.4727ms - 200
[Info   :Zeepkist GTR] 20:28:26 End processing HTTP request after 217.7143ms - 200
[Info   :Zeepkist GTR] 20:28:26 End processing HTTP request after 219.6881ms - 200
[Info   :Zeepkist GTR] 20:28:26 End processing HTTP request after 220.2798ms - 200
[Info   :Zeepkist GTR] 20:28:26 Received HTTP response headers after 224.3611ms - 200
[Info   :Zeepkist GTR] 20:28:26 End processing HTTP request after 224.686ms - 200
[Info   :Zeepkist GTR] 20:28:26 End processing HTTP request after 229.7192ms - 200
[Info   :Zeepkist GTR] 20:28:26 Received HTTP response headers after 157.5304ms - 200
[Info   :Zeepkist GTR] 20:28:26 End processing HTTP request after 157.8008ms - 200
[Info   :Zeepkist GTR] 20:28:26 End processing HTTP request after 163.1644ms - 200
[Info   :Zeepkist GTR] 20:28:27 Starting recorder
[Info   :Tournament Casting UI] [mouselook] freeze ON (mouse sensitivity 0 -> 0)
[Info   :Tournament Casting UI] [wr] fetch start for hash 6648D8608E24A99CDB96454FAFE965C5B8D920C5-3
[Info   :Tournament Casting UI] [wr] 6648D8608E24A99CDB96454FAFE965C5B8D920C5-3 -> ZOMAN 0:23.097
[Info   :Zeepkist GTR] 20:29:04 Start processing HTTP request "POST" https://es-graphql-1q5xcqmja6dvh4ctc4t9.zeepki.st/
[Info   :Zeepkist GTR] 20:29:04 Start processing HTTP request "POST" https://es-graphql-1q5xcqmja6dvh4ctc4t9.zeepki.st/
[Info   :Zeepkist GTR] 20:29:04 Sending HTTP request "POST" https://es-graphql-1q5xcqmja6dvh4ctc4t9.zeepki.st/
[Info   :Zeepkist GTR] 20:29:04 Received HTTP response headers after 61.9703ms - 200
[Info   :Zeepkist GTR] 20:29:04 End processing HTTP request after 62.273ms - 200
[Info   :Zeepkist GTR] 20:29:04 End processing HTTP request after 70.8188ms - 200
[Info   :Zeepkist GTR] 20:29:34 Discarding recorder
[Info   :Tournament Casting UI] [mouselook] freeze OFF (restored 0)
[Info   :COTDTracker] Doing eliminations with leaderboard:
[Info   :COTDTracker] Player Warsnac: Time: 23,46221
[Info   :COTDTracker] Player Jake: Time: 23,49988
[Info   :COTDTracker] Eliminated 0 DNF players
[Info   :COTDTracker] Eliminating on time: Jake
[Info   :COTDTracker] Eliminating 1 players: 
[Info   :COTDTracker] Jake
[Info   :Zeepkist Bingo] [CHAT] Intercepted message: W
[Info   :Zeepkist Bingo] [CHAT] Not relaying - no bingo session
[Info   :Zeepkist Bingo] [BINGO] Level loaded
[Info   :Zeepkist GTR] 20:29:49 Start processing HTTP request "POST" https://es-backend-5eu0pg2dcfyp6u2v33lz.zeepki.st/level/request
[Info   :Zeepkist GTR] 20:29:49 Start processing HTTP request "POST" https://es-backend-5eu0pg2dcfyp6u2v33lz.zeepki.st/level/request
[Info   :Zeepkist GTR] 20:29:49 Sending HTTP request "POST" https://es-backend-5eu0pg2dcfyp6u2v33lz.zeepki.st/level/request
[Info   :Zeepkist GTR] 20:29:49 Start processing HTTP request "POST" https://es-graphql-1q5xcqmja6dvh4ctc4t9.zeepki.st/
[Info   :Zeepkist GTR] 20:29:49 Start processing HTTP request "POST" https://es-graphql-1q5xcqmja6dvh4ctc4t9.zeepki.st/
[Info   :Zeepkist GTR] 20:29:49 Sending HTTP request "POST" https://es-graphql-1q5xcqmja6dvh4ctc4t9.zeepki.st/
[Warning:Zeepkist GTR] 20:29:49 Current-level record subscription failed
[Info   :Zeepkist GTR] 20:29:49 Start processing HTTP request "POST" https://es-graphql-1q5xcqmja6dvh4ctc4t9.zeepki.st/
[Info   :Zeepkist GTR] 20:29:49 Start processing HTTP request "POST" https://es-graphql-1q5xcqmja6dvh4ctc4t9.zeepki.st/
[Info   :Zeepkist GTR] 20:29:49 Sending HTTP request "POST" https://es-graphql-1q5xcqmja6dvh4ctc4t9.zeepki.st/
[Info   :BetterSplits] getting gtr splits
[Info   :Zeepkist GTR] 20:29:49 Received HTTP response headers after 56.1701ms - 200
[Info   :Zeepkist GTR] 20:29:49 End processing HTTP request after 56.3799ms - 200
[Info   :Zeepkist GTR] 20:29:49 Received HTTP response headers after 62.819ms - 200
[Info   :Zeepkist GTR] 20:29:49 End processing HTTP request after 63.0693ms - 200
[Info   :Zeepkist GTR] 20:29:49 Received HTTP response headers after 65.9779ms - 200
[Info   :Zeepkist GTR] 20:29:49 End processing HTTP request after 66.1914ms - 200
[Info   :Zeepkist GTR] 20:29:49 End processing HTTP request after 92.0182ms - 200
[Info   :Zeepkist GTR] 20:29:49 End processing HTTP request after 90.6751ms - 200
[Info   :Zeepkist GTR] 20:29:49 End processing HTTP request after 91.35ms - 200
[Info   :Zeepkist Bingo] [BINGO] === PLAYER SPAWNED ===
[Info   :Zeepkist Bingo] [BINGO] IsInActiveSession: False
[Info   :Zeepkist Bingo] [BINGO] Not in active session, skipping timer reset
[Info   :Zeepkist GTR] 20:29:49 Loading personal best...
[Info   :Zeepkist GTR] 20:29:49 Start processing HTTP request "POST" https://es-graphql-1q5xcqmja6dvh4ctc4t9.zeepki.st/
[Info   :Zeepkist GTR] 20:29:49 Start processing HTTP request "POST" https://es-graphql-1q5xcqmja6dvh4ctc4t9.zeepki.st/
[Info   :Zeepkist GTR] 20:29:49 Sending HTTP request "POST" https://es-graphql-1q5xcqmja6dvh4ctc4t9.zeepki.st/
[Info   :Zeepkist GTR] 20:29:49 Stopping existing recorder if any
[Info   :Zeepkist GTR] 20:29:49 Creating new recorder
[Info   :BetterSplits] got gtr splits
[Info   :Zeepkist GTR] 20:29:49 Received HTTP response headers after 70.0568ms - 200
[Info   :Zeepkist GTR] 20:29:49 End processing HTTP request after 70.3563ms - 200
[Info   :Zeepkist GTR] 20:29:49 End processing HTTP request after 73.8239ms - 200
[Info   :Zeepkist GTR] 20:29:50 Starting recorder
[Info   :COTDTracker] Running update tab leaderboard function
[Info   :COTDTracker] Running update tab leaderboard function
[Info   :COTDTracker] Running update tab leaderboard function
[Info   :COTDTracker] Running update tab leaderboard function
[Info   :COTDTracker] Running update tab leaderboard function
[Info   :COTDTracker] Running update tab leaderboard function
[Info   :Zeepkist GTR] 20:30:27 Start processing HTTP request "POST" https://es-graphql-1q5xcqmja6dvh4ctc4t9.zeepki.st/
[Info   :Zeepkist GTR] 20:30:27 Start processing HTTP request "POST" https://es-graphql-1q5xcqmja6dvh4ctc4t9.zeepki.st/
[Info   :Zeepkist GTR] 20:30:27 Sending HTTP request "POST" https://es-graphql-1q5xcqmja6dvh4ctc4t9.zeepki.st/
[Info   :Zeepkist GTR] 20:30:27 Received HTTP response headers after 230.5505ms - 200
[Info   :Zeepkist GTR] 20:30:27 End processing HTTP request after 230.7744ms - 200
[Info   :Zeepkist GTR] 20:30:27 End processing HTTP request after 243.3818ms - 200
[Info   :Zeepkist GTR] 20:30:57 Discarding recorder
[Error  :RoundLeaderboardTab] Unhandled exception in ClearLeaderboard: System.NullReferenceException
  at (wrapper managed-to-native) UnityEngine.Component.get_gameObject(UnityEngine.Component)
  at ZeepSDK.Leaderboard.Pages.BaseCoreLeaderboardTab.ClearLeaderboard () [0x00037] in D:\a\ZeepSDK\ZeepSDK\ZeepSDK\Leaderboard\Pages\BaseCoreLeaderboardTab.cs:182 
[Error  :     TeamX]  [TEAMX] Operation failed: Client is already disconnected.
[Info   :Zeepkist Bingo] [BINGO] Application quitting - force disposing WebSocket
[Info   :Zeepkist Bingo] [WEBSOCKET] Force disposed
[Info   :Zeepkist Bingo] [WEBSOCKET] Force disposed
[Error  :LeaderboardApi] Unhandled exception in RemoveTab: System.NullReferenceException: Object reference not set to an instance of an object
  at ZeepSDK.Leaderboard.LeaderboardApi.RemoveTab (ZeepSDK.Leaderboard.ILeaderboardTab tab) [0x00000] in D:\a\ZeepSDK\ZeepSDK\ZeepSDK\Leaderboard\LeaderboardApi.cs:114 
[Info   :Zeepkist RTM] 20:31:03 Application is shutting down...
[Info   :Zeepkist RTM] 20:31:03 Unpatching
[Info   :   Console] Rewired: Rewired is not initialized. You must have an active and enabled Rewired Input Manager in the scene before calling any part of the Rewired API.
------- Rewired System Info -------
Unity version: 2021.3.10f1
Rewired version: 1.1.58.1.U2021
Platform: Windows
Using Unity input: False

[Error  :ZtreamerBot] Exception: Thread was being aborted.
[Info   :ZtreamerBot] UDP listener stopped.
