[Message:   BepInEx] BepInEx 5.4.22.0 - Zeepkist (15/01/2026 17:20:07)
[Info   :   BepInEx] Running under Unity v2021.3.10.1867021
[Info   :   BepInEx] CLR runtime version: 4.0.30319.42000
[Info   :   BepInEx] Supports SRE: True
[Info   :   BepInEx] System platform: Bits64, Windows
[Message:   BepInEx] Preloader started
[Info   :   BepInEx] Loaded 1 patcher method from [BepInEx.Preloader 5.4.22.0]
[Info   :   BepInEx] 1 patcher plugin loaded
[Info   :   BepInEx] Patching [UnityEngine.CoreModule] with [BepInEx.Chainloader]
[Message:   BepInEx] Preloader finished
[Message:   BepInEx] Chainloader ready
[Message:   BepInEx] Chainloader started
[Info   :   BepInEx] 39 plugins to load
[Info   :   BepInEx] Loading [Toolkist 1.2]
[Info   :   BepInEx] Loading [LocalTranslation 1.1.1]
[Info   :LocalTranslation] Plugin andme123.localtranslation is loaded!
[Info   :   BepInEx] Loading [Zeep SDK 2.7.4]
[Info   :  Zeep SDK] Plugin ZeepSDK is loaded!
[Info   :   BepInEx] Loading [AuthorTimeHunting 1.17.6]
[Info   :AuthorTimeHunting] StateMachine: Transitioning from null to StateMasterOff
[Info   :AuthorTimeHunting] Plugin AuthorTimeHunting is loaded!
[Info   :   BepInEx] Loading [BetterSplits 0.2.5]
[Info   :BetterSplits] Plugin BetterSplits is loaded!
[Info   :   BepInEx] Loading [BrokenTracks 0.2.5]
[Info   :BrokenTracks] Plugin BrokenTracks is loaded!
[Info   :   BepInEx] Loading [Chat2Playlist 1.0.8]
[Info   :Chat2Playlist] Plugin Chat2Playlist is loaded!
[Info   :   BepInEx] Loading [Live Leaderboard Logger 0.2.1]
[Info   :Live Leaderboard Logger] Live Leaderboard Logger 0.2.1 loaded.
[Info   :Live Leaderboard Logger] Subscribed: LeaderboardUpdated=True PlayerResultsChanged=True BackingField=True
[Info   :   BepInEx] Loading [RollingNoiseFix 1.2.0]
[Info   :RollingNoiseFix] RollingNoiseFix 1.2.0 loaded. Mode=Throttle interval=6
[Info   :   BepInEx] Loading [Strength of Field 1.1.0]
[Info   :Strength of Field] Strength of Field plugin loaded!
[Info   :   BepInEx] Loading [Topout Tracker 0.1.0]
[Info   :Topout Tracker] Topout Tracker plugin loaded!
[Info   :   BepInEx] Loading [Tournament Casting UI 1.0.0]
[Info   :Tournament Casting UI] Tournament Casting UI 1.0.0-beta.8 loaded. Local pool v?, 0 players (refreshing from repo).
[Info   :Tournament Casting UI] [config] Stay in photomode = True
[Info   :   BepInEx] Loading [Zombie Pursuit 0.2.2]
[Info   :Zombie Pursuit] Zombie Pursuit 0.2.2 loaded.
[Info   :   BepInEx] Loading [EditorSpeedSplits 1.0.8]
[Info   :EditorSpeedSplits] Plugin com.andme.editorspeedsplits is loaded!
[Info   :   BepInEx] Loading [TeamX 2.1.1]
[Info   :   BepInEx] Loading [Blueprints X 4.2]
[Info   :   BepInEx] Loading [Chat Utilities 2.4]
[Info   :Chat Utilities] Chat Utilities loaded.
[Info   :   BepInEx] Loading [Grid Scaler 2.0]
[Info   :Grid Scaler] Plugin GridScaler is loaded!
[Info   :   BepInEx] Loading [PhotoDrone 1.9.1]
[Info   :       Zua] Successfully registered type 'UnityEngine.Vector3'.
[Info   :PhotoDrone] Plugin PhotoDrone is loaded!
[Info   :   BepInEx] Loading [Shpleeble 1.1]
[Info   : Shpleeble] Plugin Shpleeble loaded
[Info   :   BepInEx] Loading [Practice Mode 2.3]
[Info   :Practice Mode] Plugin Practice Mode is loaded!
[Info   :   BepInEx] Loading [Save State 1.3]
[Info   :Save State] Plugin Save State is loaded.
[Info   :   BepInEx] Loading [FastStart 1.0.0]
[Info   : FastStart] Plugin FastStart is loaded!
[Info   :   BepInEx] Loading [Zeepkist Bingo 1.1.5]
[Info   :Zeepkist Bingo] Zeepkist Bingo v1.1.5 is loading...
[Info   :Zeepkist Bingo] [BingoTTS] Initialized. Cache: C:/Users/rafa/AppData/Local/Temp/Steelpan Interactive/Zeepkist\ZeepkistBingo_TTS
[Info   :Zeepkist Bingo] [BingoTTS] Available voices: Microsoft Helena Desktop, Microsoft Zira Desktop
[Info   :Zeepkist Bingo] [BINGO UI] Menu initialized
[Info   :Zeepkist Bingo] [BINGO UI] Mini board initialized
[Info   :Zeepkist Bingo] [BINGO UI] Team status initialized
[Info   :Zeepkist Bingo] [BINGO] V2 UI components initialized
[Info   :Zeepkist Bingo] [InstantLoader] Initialized
[Info   :Zeepkist Bingo] Bingo commands registered
[Info   :Zeepkist Bingo] [BINGO TEST] Test commands registered (/bt0 - /bt50)
[Info   :Zeepkist Bingo] Event hooks registered
[Info   :Zeepkist Bingo] [WEBSOCKET] Base URL set to: wss://zeepkist-bingo.chrisleiter.workers.dev
[Info   :Zeepkist Bingo] Zeepkist Bingo loaded successfully!
[Info   :   BepInEx] Loading [COTDTracker 0.11.1]
[Info   :COTDTracker] Plugin COTDTracker is loaded!
[Info   :   BepInEx] Loading [Level Editor Trails 4.0.3]
[Info   :Level Editor Trails] Plugin LevelEditorTrails is loaded!
[Info   :   BepInEx] Loading [Zeepkist GTR 1.7.0]
[Info   :   BepInEx] Loading [Medal Times 5.3.1]
[Info   :Medal Times] Plugin net.tnrd.zeepkist.medaltimes is loaded!
[Info   :   BepInEx] Loading [Object Properties 7.1.0]
[Info   :Object Properties] Plugin net.tnrd.zeepkist.objectproperties is loaded!
[Info   :   BepInEx] Loading [Zeepkist RTM 2.1.4]
[Info   :Zeepkist RTM] 19:17:57 Patching
[Info   :Zeepkist RTM] 19:17:57 Found 3 eager services
[Info   :Zeepkist RTM] 19:17:57 Found eager service '"UnhandledExceptionLoggerService"'
[Info   :Zeepkist RTM] 19:17:57 Found eager service '"ConfigService"'
[Info   :Zeepkist RTM] 19:17:57 Found eager service '"CommandsService"'
[Info   :Zeepkist RTM] 19:17:57 Application started. Press Ctrl+C to shut down.
[Info   :Zeepkist RTM] 19:17:57 Hosting environment: "Production"
[Info   :Zeepkist RTM] 19:17:57 Content root path: "C:\Program Files (x86)\Steam\steamapps\common\Zeepkist\BepInEx\plugins\Mods\3285481_8137916"
[Info   :Zeepkist RTM] Plugin net.tnrd.zeepkist.rtm is loaded!
[Info   :   BepInEx] Loading [PursuitZK 1.0.4]
[Info   : PursuitZK] Plugin PursuitZK is loaded!
[Info   :   BepInEx] Loading [Rushtick 1.0.0]
[Info   :  Rushtick] Plugin Rushtick is loaded!
[Info   :   BepInEx] Loading [Showdown4 1.0.0]
[Info   : Showdown4] Plugin Showdown4 is loaded!
[Info   :   BepInEx] Loading [SpeedSplits 2.0.0]
[Warning:SpeedSplits] Plugin Speedsplits (Speedsplits) is no longer functional and will not be updated. Please remove this plugin manually or unsubscribe in Modkist if the plugin is still listed.
[Info   :   BepInEx] Loading [TopOutTournament 1.0.17]
[Error  :ChatCommandApi] Unhandled exception in RegisterLocalChatCommand: System.InvalidOperationException: Local command '/topout' is already registered.
  at ZeepSDK.ChatCommands.ChatCommandRegistry.EnsureNoLocalConflict (System.String prefix, System.String keyword) [0x00020] in D:\a\ZeepSDK\ZeepSDK\ZeepSDK\ChatCommands\ChatCommandRegistry.cs:311 
  at ZeepSDK.ChatCommands.ChatCommandRegistry.RegisterLocalChatCommand (ZeepSDK.ChatCommands.ILocalChatCommand chatCommand) [0x00006] in D:\a\ZeepSDK\ZeepSDK\ZeepSDK\ChatCommands\ChatCommandRegistry.cs:64 
  at ZeepSDK.ChatCommands.ChatCommandApi.RegisterLocalChatCommand (System.String prefix, System.String command, System.String description, ZeepSDK.ChatCommands.LocalChatCommandCallbackDelegate callback) [0x00000] in D:\a\ZeepSDK\ZeepSDK\ZeepSDK\ChatCommands\ChatCommandApi.cs:53 
[Info   :TopOutTournament] Plugin TopOutTournament is loaded!
[Info   :   BepInEx] Loading [VertexSnapper 3.17.5]
[Info   :VertexSnapper] Plugin VertexSnapper is loaded!
[Info   :   BepInEx] Loading [ZtreamerBot 2.0.0]
[Info   :       Zua] Successfully registered type 'System.Collections.Generic.Dictionary`2[[System.String, mscorlib, Version=4.0.0.0, Culture=neutral, PublicKeyToken=b77a5c561934e089],[System.Object, mscorlib, Version=4.0.0.0, Culture=neutral, PublicKeyToken=b77a5c561934e089]]'.
[Info   :ZtreamerBot] Plugin ZtreamerBot is loaded!
[Info   :   BepInEx] Loading [Workshop2Playlist 1.3.0]
[Info   :Workshop2Playlist] Plugin Workshop2Playlist is loaded!
[Info   :   BepInEx] Loading [ZeepTourney 0.0.9]
[Info   :ZeepTourney] Plugin ZeepTourney is loaded!
[Message:   BepInEx] Chainloader startup complete
[Info   :Strength of Field] SOF data loaded: 2146 players (divisor=1980)
[Info   :Strength of Field] Cup Strength data loaded: 618 players (divisor=2045)
[Info   :Tournament Casting UI] Pool refreshed from repo: v2026-06-12, 1936 players.
[Info   :Tournament Casting UI] [sd] pool loaded (repo): season 7, 11 teams, 7 maps
[Info   :Zeepkist Bingo] [BINGO AUDIO] Generating custom sounds...
[Info   :Zeepkist Bingo] [BINGO AUDIO] All custom sounds generated!
[Info   :Zeepkist Bingo] [BINGO AUDIO] Custom FMOD audio system initialized!
[Warning:ModSettingsTabsBuilder] Mod settings tab configuration for 'net.tnrd.zeepkist.gtr' references unknown section '2.3 - Ghosts - Offline Ghosts'. Section was skipped.
[Info   :Zeepkist GTR] 19:18:00 Start processing HTTP request "GET" https://zeepki.st/cdn-cgi/trace
[Info   :Zeepkist GTR] 19:18:00 Sending HTTP request "GET" https://zeepki.st/cdn-cgi/trace
[Error  :ChatCommandApi] Unhandled exception in RegisterLocalChatCommand: System.Reflection.TargetInvocationException: Exception has been thrown by the target of an invocation. ---> System.InvalidOperationException: No service for type 'TNRD.Zeepkist.GTR.UI.RecordHolderGraphqlService' has been registered.
  at Microsoft.Extensions.DependencyInjection.ServiceProviderServiceExtensions.GetRequiredService (System.IServiceProvider provider, System.Type serviceType) [0x0003d] in <4828843d45224d9cbf8c1f7518c8245c>:0 
  at Microsoft.Extensions.DependencyInjection.ServiceProviderServiceExtensions.GetRequiredService[T] (System.IServiceProvider provider) [0x0000b] in <4828843d45224d9cbf8c1f7518c8245c>:0 
  at TNRD.Zeepkist.GTR.Commands.WorldRecordCommand..ctor () [0x00008] in D:\a\Zeepkist.GTR.Mod\Zeepkist.GTR.Mod\Commands\WorldRecordCommand.cs:28 
  at (wrapper managed-to-native) System.Reflection.RuntimeConstructorInfo.InternalInvoke(System.Reflection.RuntimeConstructorInfo,object,object[],System.Exception&)
  at System.Reflection.RuntimeConstructorInfo.InternalInvoke (System.Object obj, System.Object[] parameters, System.Boolean wrapExceptions) [0x00005] in <9aad1b3a47484d63ba2b3985692d80e9>:0 
   --- End of inner exception stack trace ---
  at System.Reflection.RuntimeConstructorInfo.InternalInvoke (System.Object obj, System.Object[] parameters, System.Boolean wrapExceptions) [0x0001a] in <9aad1b3a47484d63ba2b3985692d80e9>:0 
  at System.RuntimeType.CreateInstanceMono (System.Boolean nonPublic, System.Boolean wrapExceptions) [0x00095] in <9aad1b3a47484d63ba2b3985692d80e9>:0 
  at System.RuntimeType.CreateInstanceSlow (System.Boolean publicOnly, System.Boolean wrapExceptions, System.Boolean skipCheckThis, System.Boolean fillCache) [0x00009] in <9aad1b3a47484d63ba2b3985692d80e9>:0 
  at System.RuntimeType.CreateInstanceDefaultCtor (System.Boolean publicOnly, System.Boolean skipCheckThis, System.Boolean fillCache, System.Boolean wrapExceptions, System.Threading.StackCrawlMark& stackMark) [0x00027] in <9aad1b3a47484d63ba2b3985692d80e9>:0 
  at System.Activator.CreateInstance[T] () [0x00015] in <9aad1b3a47484d63ba2b3985692d80e9>:0 
  at ZeepSDK.ChatCommands.ChatCommandApi.RegisterLocalChatCommand[TChatCommand] () [0x00000] in D:\a\ZeepSDK\ZeepSDK\ZeepSDK\ChatCommands\ChatCommandApi.cs:75 
[Fatal  :Zeepkist GTR] 19:18:01 Unable to load UI assembly
[Info   :Zeepkist GTR] 19:18:12 Loaded 4 shaders from gtr-shaders asset bundle
[Error  :Zeepkist GTR] 19:18:12 Failed to create discord client
[Info   :Zeepkist GTR] 19:18:12 Patching
[Info   :Zeepkist GTR] 19:18:13 Found 36 eager services
[Info   :Zeepkist GTR] Plugin net.tnrd.zeepkist.gtr is loaded!
[Warning:Zeepkist GTR] 19:18:13 ZeepCentraal country trace did not respond
[Error  :Zeepkist RTM] 19:18:42 Unobserved task exception
[Error  :Zeepkist GTR] 19:18:42 Unobserved task exception
[Info   :     TeamX]  [TEAMX] Initializing TeamX...
[Info   :Chat Utilities] Chat Utilities loaded chat commands. Count: 138
[Info   :ZtreamerBot] UDP Listener auto-started.
[Info   :ZtreamerBot] UDP listener thread started on port 12333.
[Info   :Zeepkist GTR] 19:18:48 Start processing HTTP request "POST" https://es-backend-5eu0pg2dcfyp6u2v33lz.zeepki.st/auth/login
[Info   :Zeepkist GTR] 19:18:48 Start processing HTTP request "POST" https://es-backend-5eu0pg2dcfyp6u2v33lz.zeepki.st/auth/login
[Info   :Zeepkist GTR] 19:18:48 Sending HTTP request "POST" https://es-backend-5eu0pg2dcfyp6u2v33lz.zeepki.st/auth/login
[Info   :VertexSnapper] [VertexSnapper] Config initialized on scene: 3D_MainMenu
[Info   :Zeepkist GTR] 19:18:48 Received HTTP response headers after 743.137ms - 200
[Info   :Zeepkist GTR] 19:18:48 End processing HTTP request after 745.8224ms - 200
[Info   :Zeepkist GTR] 19:18:48 End processing HTTP request after 762.3202ms - 200
[Error  :CrashlyticsApi] Failed to show crash reporting consent dialog: System.OperationCanceledException: The operation was canceled.
  at ZeepSDK.External.Cysharp.Threading.Tasks.CompilerServices.AsyncUniTask`1[TStateMachine].GetResult (System.Int16 token) [0x00000] in D:\a\ZeepSDK\ZeepSDK\ZeepSDK\External\UniTask\CompilerServices\StateMachineRunner.cs:219 
  at ZeepSDK.External.Cysharp.Threading.Tasks.UniTaskExtensions.ForgetCoreWithCatch (ZeepSDK.External.Cysharp.Threading.Tasks.UniTask task, System.Action`1[T] exceptionHandler, System.Boolean handleExceptionOnMainThread) [0x00028] in D:\a\ZeepSDK\ZeepSDK\ZeepSDK\External\UniTask\UniTaskExtensions.cs:599 
[Info   :Zeepkist Bingo] [BINGO] Level loaded
[Info   :Zeepkist GTR] 19:18:58 Start processing HTTP request "POST" https://es-backend-5eu0pg2dcfyp6u2v33lz.zeepki.st/level/request
[Info   :Zeepkist GTR] 19:18:58 Start processing HTTP request "POST" https://es-backend-5eu0pg2dcfyp6u2v33lz.zeepki.st/level/request
[Info   :Zeepkist GTR] 19:18:58 Sending HTTP request "POST" https://es-backend-5eu0pg2dcfyp6u2v33lz.zeepki.st/level/request
[Info   :Zeepkist GTR] 19:18:58 Received HTTP response headers after 67.7682ms - 200
[Info   :Zeepkist GTR] 19:18:58 End processing HTTP request after 68.0234ms - 200
[Info   :Zeepkist GTR] 19:18:58 Start processing HTTP request "POST" https://es-graphql-1q5xcqmja6dvh4ctc4t9.zeepki.st/
[Info   :Zeepkist GTR] 19:18:58 Start processing HTTP request "POST" https://es-graphql-1q5xcqmja6dvh4ctc4t9.zeepki.st/
[Info   :Zeepkist GTR] 19:18:58 Sending HTTP request "POST" https://es-graphql-1q5xcqmja6dvh4ctc4t9.zeepki.st/
[Info   :Zeepkist GTR] 19:18:58 Start processing HTTP request "POST" https://es-graphql-1q5xcqmja6dvh4ctc4t9.zeepki.st/
[Info   :Zeepkist GTR] 19:18:58 Start processing HTTP request "POST" https://es-graphql-1q5xcqmja6dvh4ctc4t9.zeepki.st/
[Info   :Zeepkist GTR] 19:18:58 Sending HTTP request "POST" https://es-graphql-1q5xcqmja6dvh4ctc4t9.zeepki.st/
[Info   :BetterSplits] getting gtr splits
[Error  :BetterSplits] cannot get splits, no gtr id
[Info   :Zeepkist GTR] 19:18:59 End processing HTTP request after 343.1791ms - 200
[Info   :Zeepkist Bingo] [BINGO] === PLAYER SPAWNED ===
[Info   :Zeepkist Bingo] [BINGO] IsInActiveSession: False
[Info   :Zeepkist Bingo] [BINGO] Not in active session, skipping timer reset
[Info   :Zeepkist GTR] 19:18:59 Loading personal best...
[Info   :Zeepkist GTR] 19:18:59 Start processing HTTP request "POST" https://es-graphql-1q5xcqmja6dvh4ctc4t9.zeepki.st/
[Info   :Zeepkist GTR] 19:18:59 Start processing HTTP request "POST" https://es-graphql-1q5xcqmja6dvh4ctc4t9.zeepki.st/
[Info   :Zeepkist GTR] 19:18:59 Sending HTTP request "POST" https://es-graphql-1q5xcqmja6dvh4ctc4t9.zeepki.st/
[Info   :Zeepkist GTR] 19:18:59 Stopping existing recorder if any
[Info   :Zeepkist GTR] 19:18:59 Creating new recorder
[Info   :Zeepkist GTR] 19:18:59 Received HTTP response headers after 280.8275ms - 200
[Info   :Zeepkist GTR] 19:18:59 Received HTTP response headers after 272.073ms - 200
[Info   :Zeepkist GTR] 19:18:59 End processing HTTP request after 272.3408ms - 200
[Info   :Zeepkist GTR] 19:18:59 End processing HTTP request after 281.1146ms - 200
[Info   :Zeepkist GTR] 19:18:59 End processing HTTP request after 289.8198ms - 200
[Info   :Zeepkist GTR] 19:18:59 End processing HTTP request after 280.7325ms - 200
[Info   :Zeepkist GTR] 19:18:59 Received HTTP response headers after 163.4936ms - 200
[Info   :Zeepkist GTR] 19:18:59 End processing HTTP request after 163.7704ms - 200
[Info   :Zeepkist GTR] 19:18:59 End processing HTTP request after 181.9924ms - 200
[Info   :Zeepkist GTR] 19:19:00 Starting recorder
[Info   :   Console] Download started for AppId: 1440670, FileId: 3798919403, Result: OK
[Info   :Zeepkist Bingo] [BINGO] === PLAYER SPAWNED ===
[Info   :Zeepkist Bingo] [BINGO] IsInActiveSession: False
[Info   :Zeepkist Bingo] [BINGO] Not in active session, skipping timer reset
[Info   :Zeepkist GTR] 19:19:14 Loading personal best...
[Info   :Zeepkist GTR] 19:19:14 Start processing HTTP request "POST" https://es-graphql-1q5xcqmja6dvh4ctc4t9.zeepki.st/
[Info   :Zeepkist GTR] 19:19:14 Start processing HTTP request "POST" https://es-graphql-1q5xcqmja6dvh4ctc4t9.zeepki.st/
[Info   :Zeepkist GTR] 19:19:14 Sending HTTP request "POST" https://es-graphql-1q5xcqmja6dvh4ctc4t9.zeepki.st/
[Info   :Zeepkist GTR] 19:19:14 Stopping existing recorder if any
[Info   :Zeepkist GTR] 19:19:14 Creating new recorder
[Info   :Zeepkist GTR] 19:19:14 Received HTTP response headers after 152.3873ms - 200
[Info   :Zeepkist GTR] 19:19:14 End processing HTTP request after 152.6181ms - 200
[Info   :Zeepkist GTR] 19:19:14 End processing HTTP request after 154.1242ms - 200
[Info   :Zeepkist GTR] 19:19:16 Starting recorder
[Info   :Zeepkist Bingo] [BINGO] === PLAYER SPAWNED ===
[Info   :Zeepkist Bingo] [BINGO] IsInActiveSession: False
[Info   :Zeepkist Bingo] [BINGO] Not in active session, skipping timer reset
[Info   :Zeepkist GTR] 19:19:23 Loading personal best...
[Info   :Zeepkist GTR] 19:19:23 Start processing HTTP request "POST" https://es-graphql-1q5xcqmja6dvh4ctc4t9.zeepki.st/
[Info   :Zeepkist GTR] 19:19:23 Start processing HTTP request "POST" https://es-graphql-1q5xcqmja6dvh4ctc4t9.zeepki.st/
[Info   :Zeepkist GTR] 19:19:23 Sending HTTP request "POST" https://es-graphql-1q5xcqmja6dvh4ctc4t9.zeepki.st/
[Info   :Zeepkist GTR] 19:19:23 Stopping existing recorder if any
[Info   :Zeepkist GTR] 19:19:23 Creating new recorder
[Info   :Zeepkist GTR] 19:19:23 Received HTTP response headers after 106.616ms - 200
[Info   :Zeepkist GTR] 19:19:23 End processing HTTP request after 106.8997ms - 200
[Info   :Zeepkist GTR] 19:19:23 End processing HTTP request after 108.9048ms - 200
[Info   :Zeepkist GTR] 19:19:25 Starting recorder
[Info   :Zeepkist GTR] 19:19:29 Start processing HTTP request "POST" https://es-graphql-1q5xcqmja6dvh4ctc4t9.zeepki.st/
[Info   :Zeepkist GTR] 19:19:29 Start processing HTTP request "POST" https://es-graphql-1q5xcqmja6dvh4ctc4t9.zeepki.st/
[Info   :Zeepkist GTR] 19:19:29 Sending HTTP request "POST" https://es-graphql-1q5xcqmja6dvh4ctc4t9.zeepki.st/
[Info   :Zeepkist GTR] 19:19:29 Received HTTP response headers after 69.2679ms - 200
[Info   :Zeepkist GTR] 19:19:29 End processing HTTP request after 69.4836ms - 200
[Info   :Zeepkist GTR] 19:19:29 End processing HTTP request after 72.6181ms - 200
[Info   :Zeepkist Bingo] [BINGO] === PLAYER SPAWNED ===
[Info   :Zeepkist Bingo] [BINGO] IsInActiveSession: False
[Info   :Zeepkist Bingo] [BINGO] Not in active session, skipping timer reset
[Info   :Zeepkist GTR] 19:19:32 Loading personal best...
[Info   :Zeepkist GTR] 19:19:32 Start processing HTTP request "POST" https://es-graphql-1q5xcqmja6dvh4ctc4t9.zeepki.st/
[Info   :Zeepkist GTR] 19:19:32 Start processing HTTP request "POST" https://es-graphql-1q5xcqmja6dvh4ctc4t9.zeepki.st/
[Info   :Zeepkist GTR] 19:19:32 Sending HTTP request "POST" https://es-graphql-1q5xcqmja6dvh4ctc4t9.zeepki.st/
[Info   :Zeepkist GTR] 19:19:32 Stopping existing recorder if any
[Info   :Zeepkist GTR] 19:19:32 Creating new recorder
[Info   :Zeepkist GTR] 19:19:32 Received HTTP response headers after 74.9275ms - 200
[Info   :Zeepkist GTR] 19:19:32 End processing HTTP request after 75.1494ms - 200
[Info   :Zeepkist GTR] 19:19:32 End processing HTTP request after 79.7709ms - 200
[Info   :Zeepkist GTR] 19:19:34 Starting recorder
[Info   :Zeepkist Bingo] [BINGO] === PLAYER SPAWNED ===
[Info   :Zeepkist Bingo] [BINGO] IsInActiveSession: False
[Info   :Zeepkist Bingo] [BINGO] Not in active session, skipping timer reset
[Info   :Zeepkist GTR] 19:19:39 Loading personal best...
[Info   :Zeepkist GTR] 19:19:39 Start processing HTTP request "POST" https://es-graphql-1q5xcqmja6dvh4ctc4t9.zeepki.st/
[Info   :Zeepkist GTR] 19:19:39 Start processing HTTP request "POST" https://es-graphql-1q5xcqmja6dvh4ctc4t9.zeepki.st/
[Info   :Zeepkist GTR] 19:19:39 Sending HTTP request "POST" https://es-graphql-1q5xcqmja6dvh4ctc4t9.zeepki.st/
[Info   :Zeepkist GTR] 19:19:39 Stopping existing recorder if any
[Info   :Zeepkist GTR] 19:19:39 Creating new recorder
[Info   :Zeepkist GTR] 19:19:39 Received HTTP response headers after 87.3179ms - 200
[Info   :Zeepkist GTR] 19:19:39 End processing HTTP request after 87.5236ms - 200
[Info   :Zeepkist GTR] 19:19:39 End processing HTTP request after 92.9485ms - 200
[Info   :Zeepkist GTR] 19:19:41 Starting recorder
[Info   :Zeepkist Bingo] [BINGO] === PLAYER SPAWNED ===
[Info   :Zeepkist Bingo] [BINGO] IsInActiveSession: False
[Info   :Zeepkist Bingo] [BINGO] Not in active session, skipping timer reset
[Info   :Zeepkist GTR] 19:19:44 Loading personal best...
[Info   :Zeepkist GTR] 19:19:44 Start processing HTTP request "POST" https://es-graphql-1q5xcqmja6dvh4ctc4t9.zeepki.st/
[Info   :Zeepkist GTR] 19:19:44 Start processing HTTP request "POST" https://es-graphql-1q5xcqmja6dvh4ctc4t9.zeepki.st/
[Info   :Zeepkist GTR] 19:19:44 Sending HTTP request "POST" https://es-graphql-1q5xcqmja6dvh4ctc4t9.zeepki.st/
[Info   :Zeepkist GTR] 19:19:44 Stopping existing recorder if any
[Info   :Zeepkist GTR] 19:19:44 Creating new recorder
[Info   :Zeepkist GTR] 19:19:44 Received HTTP response headers after 56.1015ms - 200
[Info   :Zeepkist GTR] 19:19:44 End processing HTTP request after 56.3171ms - 200
[Info   :Zeepkist GTR] 19:19:44 End processing HTTP request after 59.5717ms - 200
[Info   :Zeepkist GTR] 19:19:46 Starting recorder
[Info   :Zeepkist Bingo] [BINGO] === PLAYER SPAWNED ===
[Info   :Zeepkist Bingo] [BINGO] IsInActiveSession: False
[Info   :Zeepkist Bingo] [BINGO] Not in active session, skipping timer reset
[Info   :Zeepkist GTR] 19:19:47 Loading personal best...
[Info   :Zeepkist GTR] 19:19:47 Start processing HTTP request "POST" https://es-graphql-1q5xcqmja6dvh4ctc4t9.zeepki.st/
[Info   :Zeepkist GTR] 19:19:47 Start processing HTTP request "POST" https://es-graphql-1q5xcqmja6dvh4ctc4t9.zeepki.st/
[Info   :Zeepkist GTR] 19:19:47 Sending HTTP request "POST" https://es-graphql-1q5xcqmja6dvh4ctc4t9.zeepki.st/
[Info   :Zeepkist GTR] 19:19:47 Stopping existing recorder if any
[Info   :Zeepkist GTR] 19:19:47 Creating new recorder
[Info   :Zeepkist GTR] 19:19:47 Received HTTP response headers after 131.6183ms - 200
[Info   :Zeepkist GTR] 19:19:47 End processing HTTP request after 131.8751ms - 200
[Info   :Zeepkist GTR] 19:19:47 End processing HTTP request after 134.3237ms - 200
[Info   :Zeepkist GTR] 19:19:49 Starting recorder
[Info   :Zeepkist Bingo] [BINGO] === PLAYER SPAWNED ===
[Info   :Zeepkist Bingo] [BINGO] IsInActiveSession: False
[Info   :Zeepkist Bingo] [BINGO] Not in active session, skipping timer reset
[Info   :Zeepkist GTR] 19:19:52 Loading personal best...
[Info   :Zeepkist GTR] 19:19:52 Start processing HTTP request "POST" https://es-graphql-1q5xcqmja6dvh4ctc4t9.zeepki.st/
[Info   :Zeepkist GTR] 19:19:52 Start processing HTTP request "POST" https://es-graphql-1q5xcqmja6dvh4ctc4t9.zeepki.st/
[Info   :Zeepkist GTR] 19:19:52 Sending HTTP request "POST" https://es-graphql-1q5xcqmja6dvh4ctc4t9.zeepki.st/
[Info   :Zeepkist GTR] 19:19:52 Stopping existing recorder if any
[Info   :Zeepkist GTR] 19:19:52 Creating new recorder
[Info   :Zeepkist GTR] 19:19:52 Received HTTP response headers after 78.6172ms - 200
[Info   :Zeepkist GTR] 19:19:52 End processing HTTP request after 78.8472ms - 200
[Info   :Zeepkist GTR] 19:19:52 End processing HTTP request after 85.7338ms - 200
[Info   :Zeepkist GTR] 19:19:53 Starting recorder
[Info   :Zeepkist GTR] 19:19:57 Start processing HTTP request "POST" https://es-backend-5eu0pg2dcfyp6u2v33lz.zeepki.st/vote/submit
[Info   :Zeepkist GTR] 19:19:57 Start processing HTTP request "POST" https://es-backend-5eu0pg2dcfyp6u2v33lz.zeepki.st/vote/submit
[Info   :Zeepkist GTR] 19:19:57 Sending HTTP request "POST" https://es-backend-5eu0pg2dcfyp6u2v33lz.zeepki.st/vote/submit
[Info   :Zeepkist Bingo] [CHAT] Intercepted message: ++
[Info   :Zeepkist Bingo] [CHAT] Not relaying - no bingo session
[Info   :Zeepkist GTR] 19:19:57 Received HTTP response headers after 284.3423ms - 200
[Info   :Zeepkist GTR] 19:19:57 End processing HTTP request after 284.5756ms - 200
[Info   :Zeepkist GTR] 19:19:57 End processing HTTP request after 288.6646ms - 200
[Info   :Zeepkist Bingo] [BINGO] === PLAYER SPAWNED ===
[Info   :Zeepkist Bingo] [BINGO] IsInActiveSession: False
[Info   :Zeepkist Bingo] [BINGO] Not in active session, skipping timer reset
[Info   :Zeepkist GTR] 19:19:59 Loading personal best...
[Info   :Zeepkist GTR] 19:19:59 Start processing HTTP request "POST" https://es-graphql-1q5xcqmja6dvh4ctc4t9.zeepki.st/
[Info   :Zeepkist GTR] 19:19:59 Start processing HTTP request "POST" https://es-graphql-1q5xcqmja6dvh4ctc4t9.zeepki.st/
[Info   :Zeepkist GTR] 19:19:59 Sending HTTP request "POST" https://es-graphql-1q5xcqmja6dvh4ctc4t9.zeepki.st/
[Info   :Zeepkist GTR] 19:19:59 Stopping existing recorder if any
[Info   :Zeepkist GTR] 19:19:59 Creating new recorder
[Info   :Zeepkist GTR] 19:19:59 Discarding recorder
[Info   :Zeepkist GTR] 19:20:00 Starting recorder
[Error  :RecordingService] Unhandled exception in OnRoundStarted: System.Reflection.TargetInvocationException: Exception has been thrown by the target of an invocation. ---> System.NullReferenceException: Object reference not set to an instance of an object
  at TNRD.Zeepkist.GTR.Ghosting.Recording.RecordingService.OnRoundStarted () [0x00026] in D:\a\Zeepkist.GTR.Mod\Zeepkist.GTR.Mod\Ghosting\Recording\RecordingService.cs:71 
  at (wrapper managed-to-native) System.Reflection.RuntimeMethodInfo.InternalInvoke(System.Reflection.RuntimeMethodInfo,object,object[],System.Exception&)
  at System.Reflection.RuntimeMethodInfo.Invoke (System.Object obj, System.Reflection.BindingFlags invokeAttr, System.Reflection.Binder binder, System.Object[] parameters, System.Globalization.CultureInfo culture) [0x0006a] in <9aad1b3a47484d63ba2b3985692d80e9>:0 
   --- End of inner exception stack trace ---
  at System.Reflection.RuntimeMethodInfo.Invoke (System.Object obj, System.Reflection.BindingFlags invokeAttr, System.Reflection.Binder binder, System.Object[] parameters, System.Globalization.CultureInfo culture) [0x00083] in <9aad1b3a47484d63ba2b3985692d80e9>:0 
  at System.Reflection.MethodBase.Invoke (System.Object obj, System.Object[] parameters) [0x00000] in <9aad1b3a47484d63ba2b3985692d80e9>:0 
  at System.Delegate.DynamicInvokeImpl (System.Object[] args) [0x000e7] in <9aad1b3a47484d63ba2b3985692d80e9>:0 
  at System.MulticastDelegate.DynamicInvokeImpl (System.Object[] args) [0x00008] in <9aad1b3a47484d63ba2b3985692d80e9>:0 
  at System.Delegate.DynamicInvoke (System.Object[] args) [0x00000] in <9aad1b3a47484d63ba2b3985692d80e9>:0 
  at ZeepSDK.Extensions.DelegateExtensions.InvokeSafe (System.Delegate d, System.Object[] args) [0x00017] in D:\a\ZeepSDK\ZeepSDK\ZeepSDK\Extensions\DelegateExtensions.cs:22 
[Info   :RoundLeaderboardTab] Drawing leaderboard -> forwarding to Instance.DrawTabLeaderboard()
[Info   :Zeepkist Bingo] [BINGO] Level loaded
[Info   :Zeepkist GTR] 19:20:14 Start processing HTTP request "POST" https://es-backend-5eu0pg2dcfyp6u2v33lz.zeepki.st/level/request
[Info   :Zeepkist GTR] 19:20:14 Start processing HTTP request "POST" https://es-backend-5eu0pg2dcfyp6u2v33lz.zeepki.st/level/request
[Info   :Zeepkist GTR] 19:20:14 Sending HTTP request "POST" https://es-backend-5eu0pg2dcfyp6u2v33lz.zeepki.st/level/request
[Info   :Zeepkist GTR] 19:20:14 Start processing HTTP request "POST" https://es-graphql-1q5xcqmja6dvh4ctc4t9.zeepki.st/
[Info   :Zeepkist GTR] 19:20:14 Start processing HTTP request "POST" https://es-graphql-1q5xcqmja6dvh4ctc4t9.zeepki.st/
[Info   :Zeepkist GTR] 19:20:14 Sending HTTP request "POST" https://es-graphql-1q5xcqmja6dvh4ctc4t9.zeepki.st/
[Info   :Zeepkist GTR] 19:20:14 Start processing HTTP request "POST" https://es-graphql-1q5xcqmja6dvh4ctc4t9.zeepki.st/
[Info   :Zeepkist GTR] 19:20:14 Start processing HTTP request "POST" https://es-graphql-1q5xcqmja6dvh4ctc4t9.zeepki.st/
[Info   :Zeepkist GTR] 19:20:14 Sending HTTP request "POST" https://es-graphql-1q5xcqmja6dvh4ctc4t9.zeepki.st/
[Warning:Zeepkist GTR] 19:20:14 Current-level record subscription failed
[Info   :Zeepkist GTR] 19:20:14 Received HTTP response headers after 58.2636ms - 200
[Info   :Zeepkist GTR] 19:20:14 End processing HTTP request after 58.5757ms - 200
[Info   :Zeepkist GTR] 19:20:14 Received HTTP response headers after 63.4088ms - 200
[Info   :Zeepkist GTR] 19:20:14 End processing HTTP request after 63.7081ms - 200
[Info   :BetterSplits] getting gtr splits
[Error  :BetterSplits] cannot get splits, no gtr id
[Info   :Zeepkist GTR] 19:20:14 End processing HTTP request after 71.0246ms - 200
[Info   :Zeepkist GTR] 19:20:14 End processing HTTP request after 72.5248ms - 200
[Info   :Zeepkist Bingo] [BINGO] === PLAYER SPAWNED ===
[Info   :Zeepkist Bingo] [BINGO] IsInActiveSession: False
[Info   :Zeepkist Bingo] [BINGO] Not in active session, skipping timer reset
[Info   :Zeepkist GTR] 19:20:14 Loading personal best...
[Info   :Zeepkist GTR] 19:20:14 Start processing HTTP request "POST" https://es-graphql-1q5xcqmja6dvh4ctc4t9.zeepki.st/
[Info   :Zeepkist GTR] 19:20:14 Start processing HTTP request "POST" https://es-graphql-1q5xcqmja6dvh4ctc4t9.zeepki.st/
[Info   :Zeepkist GTR] 19:20:14 Sending HTTP request "POST" https://es-graphql-1q5xcqmja6dvh4ctc4t9.zeepki.st/
[Info   :Zeepkist GTR] 19:20:14 Stopping existing recorder if any
[Info   :Zeepkist GTR] 19:20:14 Creating new recorder
[Info   :Zeepkist GTR] 19:20:14 Received HTTP response headers after 249.6179ms - 200
[Info   :Zeepkist GTR] 19:20:14 End processing HTTP request after 249.873ms - 200
[Info   :Zeepkist GTR] 19:20:14 End processing HTTP request after 250.3824ms - 200
[Info   :Zeepkist GTR] 19:20:14 Received HTTP response headers after 138.7978ms - 200
[Info   :Zeepkist GTR] 19:20:14 End processing HTTP request after 139.0701ms - 200
[Info   :Zeepkist GTR] 19:20:14 End processing HTTP request after 145.8183ms - 200
[Info   :Zeepkist GTR] 19:20:15 Starting recorder
[Info   :   Console] Download started for AppId: 1440670, FileId: 3791151247, Result: OK
[Info   :Zeepkist Bingo] [BINGO] === PLAYER SPAWNED ===
[Info   :Zeepkist Bingo] [BINGO] IsInActiveSession: False
[Info   :Zeepkist Bingo] [BINGO] Not in active session, skipping timer reset
[Info   :Zeepkist GTR] 19:20:19 Loading personal best...
[Info   :Zeepkist GTR] 19:20:19 Start processing HTTP request "POST" https://es-graphql-1q5xcqmja6dvh4ctc4t9.zeepki.st/
[Info   :Zeepkist GTR] 19:20:19 Start processing HTTP request "POST" https://es-graphql-1q5xcqmja6dvh4ctc4t9.zeepki.st/
[Info   :Zeepkist GTR] 19:20:19 Sending HTTP request "POST" https://es-graphql-1q5xcqmja6dvh4ctc4t9.zeepki.st/
[Info   :Zeepkist GTR] 19:20:19 Stopping existing recorder if any
[Info   :Zeepkist GTR] 19:20:19 Creating new recorder
[Info   :Zeepkist GTR] 19:20:19 Received HTTP response headers after 72.2918ms - 200
[Info   :Zeepkist GTR] 19:20:19 End processing HTTP request after 72.5395ms - 200
[Info   :Zeepkist GTR] 19:20:19 End processing HTTP request after 74.537ms - 200
[Info   :Zeepkist GTR] 19:20:21 Starting recorder
[Info   :Zeepkist Bingo] [BINGO] === PLAYER SPAWNED ===
[Info   :Zeepkist Bingo] [BINGO] IsInActiveSession: False
[Info   :Zeepkist Bingo] [BINGO] Not in active session, skipping timer reset
[Info   :Zeepkist GTR] 19:20:31 Loading personal best...
[Info   :Zeepkist GTR] 19:20:31 Start processing HTTP request "POST" https://es-graphql-1q5xcqmja6dvh4ctc4t9.zeepki.st/
[Info   :Zeepkist GTR] 19:20:31 Start processing HTTP request "POST" https://es-graphql-1q5xcqmja6dvh4ctc4t9.zeepki.st/
[Info   :Zeepkist GTR] 19:20:31 Sending HTTP request "POST" https://es-graphql-1q5xcqmja6dvh4ctc4t9.zeepki.st/
[Info   :Zeepkist GTR] 19:20:31 Stopping existing recorder if any
[Info   :Zeepkist GTR] 19:20:31 Creating new recorder
[Info   :Zeepkist GTR] 19:20:31 Received HTTP response headers after 99.7051ms - 200
[Info   :Zeepkist GTR] 19:20:31 End processing HTTP request after 99.9705ms - 200
[Info   :Zeepkist GTR] 19:20:31 End processing HTTP request after 101.9706ms - 200
[Info   :Zeepkist GTR] 19:20:33 Starting recorder
[Info   :Zeepkist Bingo] [BINGO] === PLAYER SPAWNED ===
[Info   :Zeepkist Bingo] [BINGO] IsInActiveSession: False
[Info   :Zeepkist Bingo] [BINGO] Not in active session, skipping timer reset
[Info   :Zeepkist GTR] 19:21:02 Loading personal best...
[Info   :Zeepkist GTR] 19:21:02 Start processing HTTP request "POST" https://es-graphql-1q5xcqmja6dvh4ctc4t9.zeepki.st/
[Info   :Zeepkist GTR] 19:21:02 Start processing HTTP request "POST" https://es-graphql-1q5xcqmja6dvh4ctc4t9.zeepki.st/
[Info   :Zeepkist GTR] 19:21:02 Sending HTTP request "POST" https://es-graphql-1q5xcqmja6dvh4ctc4t9.zeepki.st/
[Info   :Zeepkist GTR] 19:21:02 Stopping existing recorder if any
[Info   :Zeepkist GTR] 19:21:02 Creating new recorder
[Info   :Zeepkist GTR] 19:21:02 Received HTTP response headers after 219.311ms - 200
[Info   :Zeepkist GTR] 19:21:02 End processing HTTP request after 219.5868ms - 200
[Info   :Zeepkist GTR] 19:21:02 End processing HTTP request after 223.785ms - 200
[Info   :Zeepkist GTR] 19:21:03 Starting recorder
[Info   :Zeepkist Bingo] [CHAT] Intercepted message: what the helly
[Info   :Zeepkist Bingo] [CHAT] Not relaying - no bingo session
[Info   :Zeepkist Bingo] [BINGO] === PLAYER SPAWNED ===
[Info   :Zeepkist Bingo] [BINGO] IsInActiveSession: False
[Info   :Zeepkist Bingo] [BINGO] Not in active session, skipping timer reset
[Info   :Zeepkist GTR] 19:21:08 Loading personal best...
[Info   :Zeepkist GTR] 19:21:08 Start processing HTTP request "POST" https://es-graphql-1q5xcqmja6dvh4ctc4t9.zeepki.st/
[Info   :Zeepkist GTR] 19:21:08 Start processing HTTP request "POST" https://es-graphql-1q5xcqmja6dvh4ctc4t9.zeepki.st/
[Info   :Zeepkist GTR] 19:21:08 Sending HTTP request "POST" https://es-graphql-1q5xcqmja6dvh4ctc4t9.zeepki.st/
[Info   :Zeepkist GTR] 19:21:08 Stopping existing recorder if any
[Info   :Zeepkist GTR] 19:21:08 Creating new recorder
[Info   :Zeepkist GTR] 19:21:08 Received HTTP response headers after 70.8067ms - 200
[Info   :Zeepkist GTR] 19:21:08 End processing HTTP request after 71.0199ms - 200
[Info   :Zeepkist GTR] 19:21:08 End processing HTTP request after 71.8085ms - 200
[Info   :Zeepkist GTR] 19:21:10 Starting recorder
[Info   :Zeepkist Bingo] [CHAT] Intercepted message: time
[Info   :Zeepkist Bingo] [CHAT] Not relaying - no bingo session
[Info   :Zeepkist Bingo] [BINGO] === PLAYER SPAWNED ===
[Info   :Zeepkist Bingo] [BINGO] IsInActiveSession: False
[Info   :Zeepkist Bingo] [BINGO] Not in active session, skipping timer reset
[Info   :Zeepkist GTR] 19:21:13 Loading personal best...
[Info   :Zeepkist GTR] 19:21:13 Start processing HTTP request "POST" https://es-graphql-1q5xcqmja6dvh4ctc4t9.zeepki.st/
[Info   :Zeepkist GTR] 19:21:13 Start processing HTTP request "POST" https://es-graphql-1q5xcqmja6dvh4ctc4t9.zeepki.st/
[Info   :Zeepkist GTR] 19:21:13 Sending HTTP request "POST" https://es-graphql-1q5xcqmja6dvh4ctc4t9.zeepki.st/
[Info   :Zeepkist GTR] 19:21:13 Stopping existing recorder if any
[Info   :Zeepkist GTR] 19:21:13 Creating new recorder
[Info   :Zeepkist GTR] 19:21:13 Received HTTP response headers after 69.9888ms - 200
[Info   :Zeepkist GTR] 19:21:13 End processing HTTP request after 70.2061ms - 200
[Info   :Zeepkist GTR] 19:21:13 End processing HTTP request after 73.2654ms - 200
[Info   :Zeepkist GTR] 19:21:15 Starting recorder
[Info   :Zeepkist Bingo] [BINGO] === PLAYER SPAWNED ===
[Info   :Zeepkist Bingo] [BINGO] IsInActiveSession: False
[Info   :Zeepkist Bingo] [BINGO] Not in active session, skipping timer reset
[Info   :Zeepkist GTR] 19:21:27 Loading personal best...
[Info   :Zeepkist GTR] 19:21:27 Start processing HTTP request "POST" https://es-graphql-1q5xcqmja6dvh4ctc4t9.zeepki.st/
[Info   :Zeepkist GTR] 19:21:27 Start processing HTTP request "POST" https://es-graphql-1q5xcqmja6dvh4ctc4t9.zeepki.st/
[Info   :Zeepkist GTR] 19:21:27 Sending HTTP request "POST" https://es-graphql-1q5xcqmja6dvh4ctc4t9.zeepki.st/
[Info   :Zeepkist GTR] 19:21:27 Stopping existing recorder if any
[Info   :Zeepkist GTR] 19:21:27 Creating new recorder
[Info   :Zeepkist GTR] 19:21:27 Received HTTP response headers after 62.0014ms - 200
[Info   :Zeepkist GTR] 19:21:27 End processing HTTP request after 62.2378ms - 200
[Info   :Zeepkist GTR] 19:21:27 End processing HTTP request after 63.9363ms - 200
[Info   :Zeepkist GTR] 19:21:28 Starting recorder
[Info   :Zeepkist Bingo] [BINGO] === PLAYER SPAWNED ===
[Info   :Zeepkist Bingo] [BINGO] IsInActiveSession: False
[Info   :Zeepkist Bingo] [BINGO] Not in active session, skipping timer reset
[Info   :Zeepkist GTR] 19:21:32 Loading personal best...
[Info   :Zeepkist GTR] 19:21:32 Start processing HTTP request "POST" https://es-graphql-1q5xcqmja6dvh4ctc4t9.zeepki.st/
[Info   :Zeepkist GTR] 19:21:32 Start processing HTTP request "POST" https://es-graphql-1q5xcqmja6dvh4ctc4t9.zeepki.st/
[Info   :Zeepkist GTR] 19:21:32 Sending HTTP request "POST" https://es-graphql-1q5xcqmja6dvh4ctc4t9.zeepki.st/
[Info   :Zeepkist GTR] 19:21:32 Stopping existing recorder if any
[Info   :Zeepkist GTR] 19:21:32 Creating new recorder
[Info   :Zeepkist GTR] 19:21:32 Received HTTP response headers after 57.9963ms - 200
[Info   :Zeepkist GTR] 19:21:32 End processing HTTP request after 58.2047ms - 200
[Info   :Zeepkist GTR] 19:21:32 End processing HTTP request after 58.7555ms - 200
[Info   :Zeepkist GTR] 19:21:34 Starting recorder
[Info   :Zeepkist GTR] 19:21:42 Start processing HTTP request "POST" https://es-graphql-1q5xcqmja6dvh4ctc4t9.zeepki.st/
[Info   :Zeepkist GTR] 19:21:42 Start processing HTTP request "POST" https://es-graphql-1q5xcqmja6dvh4ctc4t9.zeepki.st/
[Info   :Zeepkist GTR] 19:21:42 Sending HTTP request "POST" https://es-graphql-1q5xcqmja6dvh4ctc4t9.zeepki.st/
[Info   :Zeepkist GTR] 19:21:42 Received HTTP response headers after 85.6227ms - 200
[Info   :Zeepkist GTR] 19:21:42 End processing HTTP request after 85.851ms - 200
[Info   :Zeepkist GTR] 19:21:42 End processing HTTP request after 90.1012ms - 200
[Info   :Zeepkist GTR] 19:22:12 Discarding recorder
[Info   :RoundLeaderboardTab] Drawing leaderboard -> forwarding to Instance.DrawTabLeaderboard()
[Info   :Zeepkist Bingo] [BINGO] Level loaded
[Info   :Zeepkist GTR] 19:22:26 Start processing HTTP request "POST" https://es-backend-5eu0pg2dcfyp6u2v33lz.zeepki.st/level/request
[Info   :Zeepkist GTR] 19:22:26 Start processing HTTP request "POST" https://es-backend-5eu0pg2dcfyp6u2v33lz.zeepki.st/level/request
[Info   :Zeepkist GTR] 19:22:26 Sending HTTP request "POST" https://es-backend-5eu0pg2dcfyp6u2v33lz.zeepki.st/level/request
[Info   :Zeepkist GTR] 19:22:26 Start processing HTTP request "POST" https://es-graphql-1q5xcqmja6dvh4ctc4t9.zeepki.st/
[Info   :Zeepkist GTR] 19:22:26 Start processing HTTP request "POST" https://es-graphql-1q5xcqmja6dvh4ctc4t9.zeepki.st/
[Info   :Zeepkist GTR] 19:22:26 Sending HTTP request "POST" https://es-graphql-1q5xcqmja6dvh4ctc4t9.zeepki.st/
[Info   :Zeepkist GTR] 19:22:26 Start processing HTTP request "POST" https://es-graphql-1q5xcqmja6dvh4ctc4t9.zeepki.st/
[Info   :Zeepkist GTR] 19:22:26 Start processing HTTP request "POST" https://es-graphql-1q5xcqmja6dvh4ctc4t9.zeepki.st/
[Info   :Zeepkist GTR] 19:22:26 Sending HTTP request "POST" https://es-graphql-1q5xcqmja6dvh4ctc4t9.zeepki.st/
[Warning:Zeepkist GTR] 19:22:26 Current-level record subscription failed
[Info   :Zeepkist GTR] 19:22:26 Received HTTP response headers after 55.6536ms - 200
[Info   :Zeepkist GTR] 19:22:26 End processing HTTP request after 56.0333ms - 200
[Info   :BetterSplits] getting gtr splits
[Error  :BetterSplits] cannot get splits, no gtr id
[Info   :Zeepkist GTR] 19:22:26 End processing HTTP request after 74.6421ms - 200
[Info   :Zeepkist Bingo] [BINGO] === PLAYER SPAWNED ===
[Info   :Zeepkist Bingo] [BINGO] IsInActiveSession: False
[Info   :Zeepkist Bingo] [BINGO] Not in active session, skipping timer reset
[Info   :Zeepkist GTR] 19:22:26 Loading personal best...
[Info   :Zeepkist GTR] 19:22:26 Start processing HTTP request "POST" https://es-graphql-1q5xcqmja6dvh4ctc4t9.zeepki.st/
[Info   :Zeepkist GTR] 19:22:26 Start processing HTTP request "POST" https://es-graphql-1q5xcqmja6dvh4ctc4t9.zeepki.st/
[Info   :Zeepkist GTR] 19:22:26 Sending HTTP request "POST" https://es-graphql-1q5xcqmja6dvh4ctc4t9.zeepki.st/
[Info   :Zeepkist GTR] 19:22:26 Stopping existing recorder if any
[Info   :Zeepkist GTR] 19:22:26 Creating new recorder
[Info   :Zeepkist GTR] 19:22:26 Received HTTP response headers after 59.5162ms - 200
[Info   :Zeepkist GTR] 19:22:26 End processing HTTP request after 59.7412ms - 200
[Info   :Zeepkist GTR] 19:22:26 End processing HTTP request after 62.3268ms - 200
[Info   :Zeepkist GTR] 19:22:26 Received HTTP response headers after 232.626ms - 200
[Info   :Zeepkist GTR] 19:22:26 End processing HTTP request after 232.8933ms - 200
[Info   :Zeepkist GTR] 19:22:26 Received HTTP response headers after 242.8248ms - 200
[Info   :Zeepkist GTR] 19:22:26 End processing HTTP request after 243.2002ms - 200
[Info   :Zeepkist GTR] 19:22:26 End processing HTTP request after 245.5596ms - 200
[Info   :Zeepkist GTR] 19:22:26 End processing HTTP request after 239.2749ms - 200
[Info   :Zeepkist GTR] 19:22:28 Starting recorder
[Info   :Zeepkist Bingo] [BINGO] === PLAYER SPAWNED ===
[Info   :Zeepkist Bingo] [BINGO] IsInActiveSession: False
[Info   :Zeepkist Bingo] [BINGO] Not in active session, skipping timer reset
[Info   :Zeepkist GTR] 19:22:31 Loading personal best...
[Info   :Zeepkist GTR] 19:22:31 Start processing HTTP request "POST" https://es-graphql-1q5xcqmja6dvh4ctc4t9.zeepki.st/
[Info   :Zeepkist GTR] 19:22:31 Start processing HTTP request "POST" https://es-graphql-1q5xcqmja6dvh4ctc4t9.zeepki.st/
[Info   :Zeepkist GTR] 19:22:31 Sending HTTP request "POST" https://es-graphql-1q5xcqmja6dvh4ctc4t9.zeepki.st/
[Info   :Zeepkist GTR] 19:22:31 Stopping existing recorder if any
[Info   :Zeepkist GTR] 19:22:31 Creating new recorder
[Info   :Zeepkist GTR] 19:22:31 Received HTTP response headers after 53.9401ms - 200
[Info   :Zeepkist GTR] 19:22:31 End processing HTTP request after 54.1585ms - 200
[Info   :Zeepkist GTR] 19:22:31 End processing HTTP request after 60.7812ms - 200
[Info   :Zeepkist GTR] 19:22:33 Starting recorder
[Info   :Zeepkist GTR] 19:22:51 Stopping recorder
[Info   :Zeepkist GTR] 19:22:51 Collecting extra information
[Info   :Zeepkist GTR] 19:22:51 Resolved workshop ID "3677447000" from lobby 3677447000 and level 0
[Info   :Zeepkist GTR] 19:22:51 Processing ghost data
[Info   :Zeepkist GTR] 19:22:51 Creating stream
[Info   :Zeepkist GTR] 19:22:51 Writing to stream
[Info   :Zeepkist GTR] 19:22:51 Converting to base64
[Info   :Zeepkist GTR] 19:22:51 Creating resource
[Info   :Zeepkist GTR] 19:22:51 Start processing HTTP request "POST" https://es-backend-5eu0pg2dcfyp6u2v33lz.zeepki.st/record/submit
[Info   :Zeepkist GTR] 19:22:51 Start processing HTTP request "POST" https://es-backend-5eu0pg2dcfyp6u2v33lz.zeepki.st/record/submit
[Info   :Zeepkist GTR] 19:22:51 Sending HTTP request "POST" https://es-backend-5eu0pg2dcfyp6u2v33lz.zeepki.st/record/submit
[Info   :Zeepkist GTR] 19:22:51 Received HTTP response headers after 270.7993ms - 200
[Info   :Zeepkist GTR] 19:22:51 End processing HTTP request after 271.0945ms - 200
[Info   :Zeepkist GTR] 19:22:51 End processing HTTP request after 273.4722ms - 200
[Info   :Zeepkist Bingo] [BINGO] === PLAYER SPAWNED ===
[Info   :Zeepkist Bingo] [BINGO] IsInActiveSession: False
[Info   :Zeepkist Bingo] [BINGO] Not in active session, skipping timer reset
[Info   :Zeepkist GTR] 19:22:53 Loading personal best...
[Info   :Zeepkist GTR] 19:22:53 Start processing HTTP request "POST" https://es-graphql-1q5xcqmja6dvh4ctc4t9.zeepki.st/
[Info   :Zeepkist GTR] 19:22:53 Start processing HTTP request "POST" https://es-graphql-1q5xcqmja6dvh4ctc4t9.zeepki.st/
[Info   :Zeepkist GTR] 19:22:53 Sending HTTP request "POST" https://es-graphql-1q5xcqmja6dvh4ctc4t9.zeepki.st/
[Info   :Zeepkist GTR] 19:22:53 Stopping existing recorder if any
[Info   :Zeepkist GTR] 19:22:53 Creating new recorder
[Info   :Zeepkist GTR] 19:22:54 Received HTTP response headers after 72.0847ms - 200
[Info   :Zeepkist GTR] 19:22:54 End processing HTTP request after 72.3125ms - 200
[Info   :Zeepkist GTR] 19:22:54 End processing HTTP request after 79.2116ms - 200
[Info   :Zeepkist GTR] 19:22:54 Start processing HTTP request "GET" https://cdn.zeepki.st/ghosts/01M2NKW7YMX344FA9Q9YP3GG8X.bin
[Info   :Zeepkist GTR] 19:22:54 Sending HTTP request "GET" https://cdn.zeepki.st/ghosts/01M2NKW7YMX344FA9Q9YP3GG8X.bin
[Info   :Zeepkist GTR] 19:22:55 Starting recorder
[Info   :Zeepkist Bingo] [BINGO] === PLAYER SPAWNED ===
[Info   :Zeepkist Bingo] [BINGO] IsInActiveSession: False
[Info   :Zeepkist Bingo] [BINGO] Not in active session, skipping timer reset
[Info   :Zeepkist GTR] 19:22:59 Loading personal best...
[Info   :Zeepkist GTR] 19:22:59 Start processing HTTP request "POST" https://es-graphql-1q5xcqmja6dvh4ctc4t9.zeepki.st/
[Info   :Zeepkist GTR] 19:22:59 Start processing HTTP request "POST" https://es-graphql-1q5xcqmja6dvh4ctc4t9.zeepki.st/
[Info   :Zeepkist GTR] 19:22:59 Sending HTTP request "POST" https://es-graphql-1q5xcqmja6dvh4ctc4t9.zeepki.st/
[Info   :Zeepkist GTR] 19:22:59 Stopping existing recorder if any
[Info   :Zeepkist GTR] 19:22:59 Creating new recorder
[Info   :Zeepkist GTR] 19:22:59 Received HTTP response headers after 98.5232ms - 200
[Info   :Zeepkist GTR] 19:22:59 End processing HTTP request after 98.7406ms - 200
[Info   :Zeepkist GTR] 19:22:59 End processing HTTP request after 102.2368ms - 200
[Info   :Zeepkist GTR] 19:22:59 Start processing HTTP request "GET" https://cdn.zeepki.st/ghosts/01M2NKW7YMX344FA9Q9YP3GG8X.bin
[Info   :Zeepkist GTR] 19:22:59 Sending HTTP request "GET" https://cdn.zeepki.st/ghosts/01M2NKW7YMX344FA9Q9YP3GG8X.bin
[Info   :Zeepkist GTR] 19:22:59 Start processing HTTP request "POST" https://es-graphql-1q5xcqmja6dvh4ctc4t9.zeepki.st/
[Info   :Zeepkist GTR] 19:22:59 Start processing HTTP request "POST" https://es-graphql-1q5xcqmja6dvh4ctc4t9.zeepki.st/
[Info   :Zeepkist GTR] 19:22:59 Sending HTTP request "POST" https://es-graphql-1q5xcqmja6dvh4ctc4t9.zeepki.st/
[Info   :Zeepkist GTR] 19:22:59 Received HTTP response headers after 64.8909ms - 200
[Info   :Zeepkist GTR] 19:22:59 End processing HTTP request after 65.1167ms - 200
[Info   :Zeepkist GTR] 19:22:59 End processing HTTP request after 65.6769ms - 200
[Info   :Zeepkist GTR] 19:23:00 Starting recorder
[Info   :Zeepkist Bingo] [BINGO] === PLAYER SPAWNED ===
[Info   :Zeepkist Bingo] [BINGO] IsInActiveSession: False
[Info   :Zeepkist Bingo] [BINGO] Not in active session, skipping timer reset
[Info   :Zeepkist GTR] 19:23:04 Loading personal best...
[Info   :Zeepkist GTR] 19:23:04 Start processing HTTP request "POST" https://es-graphql-1q5xcqmja6dvh4ctc4t9.zeepki.st/
[Info   :Zeepkist GTR] 19:23:04 Start processing HTTP request "POST" https://es-graphql-1q5xcqmja6dvh4ctc4t9.zeepki.st/
[Info   :Zeepkist GTR] 19:23:04 Sending HTTP request "POST" https://es-graphql-1q5xcqmja6dvh4ctc4t9.zeepki.st/
[Info   :Zeepkist GTR] 19:23:04 Stopping existing recorder if any
[Info   :Zeepkist GTR] 19:23:04 Creating new recorder
[Info   :Zeepkist GTR] 19:23:04 Received HTTP response headers after 248.4509ms - 200
[Info   :Zeepkist GTR] 19:23:04 End processing HTTP request after 248.6708ms - 200
[Info   :Zeepkist GTR] 19:23:04 End processing HTTP request after 255.1749ms - 200
[Info   :Zeepkist GTR] 19:23:04 Start processing HTTP request "GET" https://cdn.zeepki.st/ghosts/01M2NKW7YMX344FA9Q9YP3GG8X.bin
[Info   :Zeepkist GTR] 19:23:04 Sending HTTP request "GET" https://cdn.zeepki.st/ghosts/01M2NKW7YMX344FA9Q9YP3GG8X.bin
[Info   :Zeepkist GTR] 19:23:06 Starting recorder
[Info   :Zeepkist Bingo] [BINGO] === PLAYER SPAWNED ===
[Info   :Zeepkist Bingo] [BINGO] IsInActiveSession: False
[Info   :Zeepkist Bingo] [BINGO] Not in active session, skipping timer reset
[Info   :Zeepkist GTR] 19:23:10 Loading personal best...
[Info   :Zeepkist GTR] 19:23:10 Start processing HTTP request "POST" https://es-graphql-1q5xcqmja6dvh4ctc4t9.zeepki.st/
[Info   :Zeepkist GTR] 19:23:10 Start processing HTTP request "POST" https://es-graphql-1q5xcqmja6dvh4ctc4t9.zeepki.st/
[Info   :Zeepkist GTR] 19:23:10 Sending HTTP request "POST" https://es-graphql-1q5xcqmja6dvh4ctc4t9.zeepki.st/
[Info   :Zeepkist GTR] 19:23:10 Stopping existing recorder if any
[Info   :Zeepkist GTR] 19:23:10 Creating new recorder
[Info   :Zeepkist GTR] 19:23:10 Received HTTP response headers after 129.1958ms - 200
[Info   :Zeepkist GTR] 19:23:10 End processing HTTP request after 129.4006ms - 200
[Info   :Zeepkist GTR] 19:23:10 End processing HTTP request after 129.9092ms - 200
[Info   :Zeepkist GTR] 19:23:10 Start processing HTTP request "GET" https://cdn.zeepki.st/ghosts/01M2NKW7YMX344FA9Q9YP3GG8X.bin
[Info   :Zeepkist GTR] 19:23:10 Sending HTTP request "GET" https://cdn.zeepki.st/ghosts/01M2NKW7YMX344FA9Q9YP3GG8X.bin
[Info   :Zeepkist GTR] 19:23:12 Starting recorder
[Info   :Zeepkist Bingo] [BINGO] === PLAYER SPAWNED ===
[Info   :Zeepkist Bingo] [BINGO] IsInActiveSession: False
[Info   :Zeepkist Bingo] [BINGO] Not in active session, skipping timer reset
[Info   :Zeepkist GTR] 19:23:23 Loading personal best...
[Info   :Zeepkist GTR] 19:23:23 Start processing HTTP request "POST" https://es-graphql-1q5xcqmja6dvh4ctc4t9.zeepki.st/
[Info   :Zeepkist GTR] 19:23:23 Start processing HTTP request "POST" https://es-graphql-1q5xcqmja6dvh4ctc4t9.zeepki.st/
[Info   :Zeepkist GTR] 19:23:23 Sending HTTP request "POST" https://es-graphql-1q5xcqmja6dvh4ctc4t9.zeepki.st/
[Info   :Zeepkist GTR] 19:23:23 Stopping existing recorder if any
[Info   :Zeepkist GTR] 19:23:23 Creating new recorder
[Info   :Zeepkist GTR] 19:23:23 Received HTTP response headers after 54.0517ms - 200
[Info   :Zeepkist GTR] 19:23:23 End processing HTTP request after 54.2745ms - 200
[Info   :Zeepkist GTR] 19:23:23 End processing HTTP request after 59.5083ms - 200
[Info   :Zeepkist GTR] 19:23:23 Start processing HTTP request "GET" https://cdn.zeepki.st/ghosts/01M2NKW7YMX344FA9Q9YP3GG8X.bin
[Info   :Zeepkist GTR] 19:23:23 Sending HTTP request "GET" https://cdn.zeepki.st/ghosts/01M2NKW7YMX344FA9Q9YP3GG8X.bin
[Info   :Zeepkist GTR] 19:23:24 Starting recorder
[Info   :Zeepkist GTR] 19:23:41 Stopping recorder
[Info   :Zeepkist GTR] 19:23:41 Collecting extra information
[Info   :Zeepkist GTR] 19:23:41 Resolved workshop ID "3677447000" from lobby 3677447000 and level 0
[Info   :Zeepkist GTR] 19:23:41 Processing ghost data
[Info   :Zeepkist GTR] 19:23:41 Creating stream
[Info   :Zeepkist GTR] 19:23:41 Writing to stream
[Info   :Zeepkist GTR] 19:23:41 Converting to base64
[Info   :Zeepkist GTR] 19:23:41 Creating resource
[Info   :Zeepkist GTR] 19:23:41 Start processing HTTP request "POST" https://es-backend-5eu0pg2dcfyp6u2v33lz.zeepki.st/record/submit
[Info   :Zeepkist GTR] 19:23:41 Start processing HTTP request "POST" https://es-backend-5eu0pg2dcfyp6u2v33lz.zeepki.st/record/submit
[Info   :Zeepkist GTR] 19:23:41 Sending HTTP request "POST" https://es-backend-5eu0pg2dcfyp6u2v33lz.zeepki.st/record/submit
[Info   :Zeepkist GTR] 19:23:42 Received HTTP response headers after 444.7191ms - 200
[Info   :Zeepkist GTR] 19:23:42 End processing HTTP request after 444.955ms - 200
[Info   :Zeepkist GTR] 19:23:42 End processing HTTP request after 450.4241ms - 200
[Info   :Zeepkist Bingo] [BINGO] === PLAYER SPAWNED ===
[Info   :Zeepkist Bingo] [BINGO] IsInActiveSession: False
[Info   :Zeepkist Bingo] [BINGO] Not in active session, skipping timer reset
[Info   :Zeepkist GTR] 19:23:43 Loading personal best...
[Info   :Zeepkist GTR] 19:23:43 Start processing HTTP request "POST" https://es-graphql-1q5xcqmja6dvh4ctc4t9.zeepki.st/
[Info   :Zeepkist GTR] 19:23:43 Start processing HTTP request "POST" https://es-graphql-1q5xcqmja6dvh4ctc4t9.zeepki.st/
[Info   :Zeepkist GTR] 19:23:43 Sending HTTP request "POST" https://es-graphql-1q5xcqmja6dvh4ctc4t9.zeepki.st/
[Info   :Zeepkist GTR] 19:23:43 Stopping existing recorder if any
[Info   :Zeepkist GTR] 19:23:43 Creating new recorder
[Info   :Zeepkist GTR] 19:23:43 Received HTTP response headers after 72.8738ms - 200
[Info   :Zeepkist GTR] 19:23:43 End processing HTTP request after 73.0951ms - 200
[Info   :Zeepkist GTR] 19:23:43 End processing HTTP request after 76.9496ms - 200
[Info   :Zeepkist GTR] 19:23:43 Start processing HTTP request "GET" https://cdn.zeepki.st/ghosts/01M2NKXS0WV56NSYVCZKY0X5MM.bin
[Info   :Zeepkist GTR] 19:23:43 Sending HTTP request "GET" https://cdn.zeepki.st/ghosts/01M2NKXS0WV56NSYVCZKY0X5MM.bin
[Info   :Zeepkist GTR] 19:23:45 Starting recorder
[Info   :Zeepkist Bingo] [BINGO] === PLAYER SPAWNED ===
[Info   :Zeepkist Bingo] [BINGO] IsInActiveSession: False
[Info   :Zeepkist Bingo] [BINGO] Not in active session, skipping timer reset
[Info   :Zeepkist GTR] 19:23:57 Loading personal best...
[Info   :Zeepkist GTR] 19:23:57 Start processing HTTP request "POST" https://es-graphql-1q5xcqmja6dvh4ctc4t9.zeepki.st/
[Info   :Zeepkist GTR] 19:23:57 Start processing HTTP request "POST" https://es-graphql-1q5xcqmja6dvh4ctc4t9.zeepki.st/
[Info   :Zeepkist GTR] 19:23:57 Sending HTTP request "POST" https://es-graphql-1q5xcqmja6dvh4ctc4t9.zeepki.st/
[Info   :Zeepkist GTR] 19:23:57 Stopping existing recorder if any
[Info   :Zeepkist GTR] 19:23:57 Creating new recorder
[Info   :Zeepkist GTR] 19:23:57 Received HTTP response headers after 72.4797ms - 200
[Info   :Zeepkist GTR] 19:23:57 End processing HTTP request after 72.7084ms - 200
[Info   :Zeepkist GTR] 19:23:57 End processing HTTP request after 73.8498ms - 200
[Info   :Zeepkist GTR] 19:23:57 Start processing HTTP request "GET" https://cdn.zeepki.st/ghosts/01M2NKXS0WV56NSYVCZKY0X5MM.bin
[Info   :Zeepkist GTR] 19:23:57 Sending HTTP request "GET" https://cdn.zeepki.st/ghosts/01M2NKXS0WV56NSYVCZKY0X5MM.bin
[Info   :Zeepkist GTR] 19:23:57 Start processing HTTP request "POST" https://es-graphql-1q5xcqmja6dvh4ctc4t9.zeepki.st/
[Info   :Zeepkist GTR] 19:23:57 Start processing HTTP request "POST" https://es-graphql-1q5xcqmja6dvh4ctc4t9.zeepki.st/
[Info   :Zeepkist GTR] 19:23:57 Sending HTTP request "POST" https://es-graphql-1q5xcqmja6dvh4ctc4t9.zeepki.st/
[Info   :Zeepkist GTR] 19:23:57 Received HTTP response headers after 191.782ms - 200
[Info   :Zeepkist GTR] 19:23:57 End processing HTTP request after 192.0089ms - 200
[Info   :Zeepkist GTR] 19:23:57 End processing HTTP request after 195.3097ms - 200
[Info   :Zeepkist GTR] 19:23:58 Starting recorder
[Info   :Zeepkist GTR] 19:24:15 Stopping recorder
[Info   :Zeepkist GTR] 19:24:15 Collecting extra information
[Info   :Zeepkist GTR] 19:24:15 Resolved workshop ID "3677447000" from lobby 3677447000 and level 0
[Info   :Zeepkist GTR] 19:24:15 Processing ghost data
[Info   :Zeepkist GTR] 19:24:15 Creating stream
[Info   :Zeepkist GTR] 19:24:15 Writing to stream
[Info   :Zeepkist GTR] 19:24:15 Converting to base64
[Info   :Zeepkist GTR] 19:24:15 Creating resource
[Info   :Zeepkist GTR] 19:24:15 Start processing HTTP request "POST" https://es-backend-5eu0pg2dcfyp6u2v33lz.zeepki.st/record/submit
[Info   :Zeepkist GTR] 19:24:15 Start processing HTTP request "POST" https://es-backend-5eu0pg2dcfyp6u2v33lz.zeepki.st/record/submit
[Info   :Zeepkist GTR] 19:24:15 Sending HTTP request "POST" https://es-backend-5eu0pg2dcfyp6u2v33lz.zeepki.st/record/submit
[Info   :Zeepkist GTR] 19:24:15 Received HTTP response headers after 181.8425ms - 200
[Info   :Zeepkist GTR] 19:24:15 End processing HTTP request after 182.079ms - 200
[Info   :Zeepkist GTR] 19:24:15 End processing HTTP request after 186.8559ms - 200
[Info   :Zeepkist Bingo] [BINGO] === PLAYER SPAWNED ===
[Info   :Zeepkist Bingo] [BINGO] IsInActiveSession: False
[Info   :Zeepkist Bingo] [BINGO] Not in active session, skipping timer reset
[Info   :Zeepkist GTR] 19:24:17 Loading personal best...
[Info   :Zeepkist GTR] 19:24:17 Start processing HTTP request "POST" https://es-graphql-1q5xcqmja6dvh4ctc4t9.zeepki.st/
[Info   :Zeepkist GTR] 19:24:17 Start processing HTTP request "POST" https://es-graphql-1q5xcqmja6dvh4ctc4t9.zeepki.st/
[Info   :Zeepkist GTR] 19:24:17 Sending HTTP request "POST" https://es-graphql-1q5xcqmja6dvh4ctc4t9.zeepki.st/
[Info   :Zeepkist GTR] 19:24:17 Stopping existing recorder if any
[Info   :Zeepkist GTR] 19:24:17 Creating new recorder
[Info   :Zeepkist GTR] 19:24:18 Received HTTP response headers after 81.7489ms - 200
[Info   :Zeepkist GTR] 19:24:18 End processing HTTP request after 81.9727ms - 200
[Info   :Zeepkist GTR] 19:24:18 End processing HTTP request after 85.7598ms - 200
[Info   :Zeepkist GTR] 19:24:18 Start processing HTTP request "GET" https://cdn.zeepki.st/ghosts/01M2NKYSZB80RMS1VDQ91RH6RW.bin
[Info   :Zeepkist GTR] 19:24:18 Sending HTTP request "GET" https://cdn.zeepki.st/ghosts/01M2NKYSZB80RMS1VDQ91RH6RW.bin
[Info   :Zeepkist GTR] 19:24:19 Starting recorder
[Info   :Zeepkist GTR] 19:24:22 Start processing HTTP request "POST" https://es-graphql-1q5xcqmja6dvh4ctc4t9.zeepki.st/
[Info   :Zeepkist GTR] 19:24:22 Start processing HTTP request "POST" https://es-graphql-1q5xcqmja6dvh4ctc4t9.zeepki.st/
[Info   :Zeepkist GTR] 19:24:22 Sending HTTP request "POST" https://es-graphql-1q5xcqmja6dvh4ctc4t9.zeepki.st/
[Info   :Zeepkist GTR] 19:24:23 Received HTTP response headers after 289.7137ms - 200
[Info   :Zeepkist GTR] 19:24:23 End processing HTTP request after 289.9397ms - 200
[Info   :Zeepkist GTR] 19:24:23 End processing HTTP request after 292.5465ms - 200
[Info   :Zeepkist Bingo] [BINGO] === PLAYER SPAWNED ===
[Info   :Zeepkist Bingo] [BINGO] IsInActiveSession: False
[Info   :Zeepkist Bingo] [BINGO] Not in active session, skipping timer reset
[Info   :Zeepkist GTR] 19:24:35 Loading personal best...
[Info   :Zeepkist GTR] 19:24:35 Start processing HTTP request "POST" https://es-graphql-1q5xcqmja6dvh4ctc4t9.zeepki.st/
[Info   :Zeepkist GTR] 19:24:35 Start processing HTTP request "POST" https://es-graphql-1q5xcqmja6dvh4ctc4t9.zeepki.st/
[Info   :Zeepkist GTR] 19:24:35 Sending HTTP request "POST" https://es-graphql-1q5xcqmja6dvh4ctc4t9.zeepki.st/
[Info   :Zeepkist GTR] 19:24:35 Stopping existing recorder if any
[Info   :Zeepkist GTR] 19:24:35 Creating new recorder
[Info   :Zeepkist GTR] 19:24:35 Received HTTP response headers after 167.7737ms - 200
[Info   :Zeepkist GTR] 19:24:35 End processing HTTP request after 168.0107ms - 200
[Info   :Zeepkist GTR] 19:24:35 End processing HTTP request after 170.4327ms - 200
[Info   :Zeepkist GTR] 19:24:35 Start processing HTTP request "GET" https://cdn.zeepki.st/ghosts/01M2NKYSZB80RMS1VDQ91RH6RW.bin
[Info   :Zeepkist GTR] 19:24:35 Sending HTTP request "GET" https://cdn.zeepki.st/ghosts/01M2NKYSZB80RMS1VDQ91RH6RW.bin
[Info   :Zeepkist GTR] 19:24:37 Starting recorder
[Info   :Zeepkist GTR] 19:24:48 Start processing HTTP request "POST" https://es-graphql-1q5xcqmja6dvh4ctc4t9.zeepki.st/
[Info   :Zeepkist GTR] 19:24:48 Start processing HTTP request "POST" https://es-graphql-1q5xcqmja6dvh4ctc4t9.zeepki.st/
[Info   :Zeepkist GTR] 19:24:48 Sending HTTP request "POST" https://es-graphql-1q5xcqmja6dvh4ctc4t9.zeepki.st/
[Info   :Zeepkist GTR] 19:24:48 Received HTTP response headers after 235.1366ms - 200
[Info   :Zeepkist GTR] 19:24:48 End processing HTTP request after 235.3625ms - 200
[Info   :Zeepkist GTR] 19:24:48 End processing HTTP request after 236.0119ms - 200
[Info   :Zeepkist Bingo] [BINGO] === PLAYER SPAWNED ===
[Info   :Zeepkist Bingo] [BINGO] IsInActiveSession: False
[Info   :Zeepkist Bingo] [BINGO] Not in active session, skipping timer reset
[Info   :Zeepkist GTR] 19:24:54 Loading personal best...
[Info   :Zeepkist GTR] 19:24:54 Start processing HTTP request "POST" https://es-graphql-1q5xcqmja6dvh4ctc4t9.zeepki.st/
[Info   :Zeepkist GTR] 19:24:54 Start processing HTTP request "POST" https://es-graphql-1q5xcqmja6dvh4ctc4t9.zeepki.st/
[Info   :Zeepkist GTR] 19:24:54 Sending HTTP request "POST" https://es-graphql-1q5xcqmja6dvh4ctc4t9.zeepki.st/
[Info   :Zeepkist GTR] 19:24:54 Stopping existing recorder if any
[Info   :Zeepkist GTR] 19:24:54 Creating new recorder
[Info   :Zeepkist GTR] 19:24:54 Received HTTP response headers after 233.5074ms - 200
[Info   :Zeepkist GTR] 19:24:54 End processing HTTP request after 233.7414ms - 200
[Info   :Zeepkist GTR] 19:24:54 End processing HTTP request after 234.5016ms - 200
[Info   :Zeepkist GTR] 19:24:54 Start processing HTTP request "GET" https://cdn.zeepki.st/ghosts/01M2NKYSZB80RMS1VDQ91RH6RW.bin
[Info   :Zeepkist GTR] 19:24:54 Sending HTTP request "GET" https://cdn.zeepki.st/ghosts/01M2NKYSZB80RMS1VDQ91RH6RW.bin
[Info   :Zeepkist GTR] 19:24:56 Starting recorder
[Info   :Zeepkist GTR] 19:25:12 Stopping recorder
[Info   :Zeepkist GTR] 19:25:12 Collecting extra information
[Info   :Zeepkist GTR] 19:25:12 Resolved workshop ID "3677447000" from lobby 3677447000 and level 0
[Info   :Zeepkist GTR] 19:25:12 Processing ghost data
[Info   :Zeepkist GTR] 19:25:12 Creating stream
[Info   :Zeepkist GTR] 19:25:12 Writing to stream
[Info   :Zeepkist GTR] 19:25:12 Converting to base64
[Info   :Zeepkist GTR] 19:25:12 Creating resource
[Info   :Zeepkist GTR] 19:25:12 Start processing HTTP request "POST" https://es-backend-5eu0pg2dcfyp6u2v33lz.zeepki.st/record/submit
[Info   :Zeepkist GTR] 19:25:12 Start processing HTTP request "POST" https://es-backend-5eu0pg2dcfyp6u2v33lz.zeepki.st/record/submit
[Info   :Zeepkist GTR] 19:25:12 Sending HTTP request "POST" https://es-backend-5eu0pg2dcfyp6u2v33lz.zeepki.st/record/submit
[Info   :Zeepkist GTR] 19:25:14 Received HTTP response headers after 1706.9629ms - 200
[Info   :Zeepkist GTR] 19:25:14 End processing HTTP request after 1707.2067ms - 200
[Info   :Zeepkist GTR] 19:25:14 End processing HTTP request after 1711.6335ms - 200
[Info   :Zeepkist GTR] 19:25:18 Start processing HTTP request "POST" https://es-backend-5eu0pg2dcfyp6u2v33lz.zeepki.st/vote/submit
[Info   :Zeepkist GTR] 19:25:18 Start processing HTTP request "POST" https://es-backend-5eu0pg2dcfyp6u2v33lz.zeepki.st/vote/submit
[Info   :Zeepkist GTR] 19:25:18 Sending HTTP request "POST" https://es-backend-5eu0pg2dcfyp6u2v33lz.zeepki.st/vote/submit
[Info   :Zeepkist Bingo] [CHAT] Intercepted message: +
[Info   :Zeepkist Bingo] [CHAT] Not relaying - no bingo session
[Info   :Zeepkist GTR] 19:25:18 Discarding recorder
[Info   :Zeepkist GTR] 19:25:18 Received HTTP response headers after 149.8381ms - 200
[Info   :Zeepkist GTR] 19:25:18 End processing HTTP request after 150.1157ms - 200
[Info   :Zeepkist GTR] 19:25:18 End processing HTTP request after 153.9633ms - 200
[Info   :Zeepkist GTR] 19:25:32 Start processing HTTP request "POST" https://es-graphql-1q5xcqmja6dvh4ctc4t9.zeepki.st/
[Info   :Zeepkist GTR] 19:25:32 Start processing HTTP request "POST" https://es-graphql-1q5xcqmja6dvh4ctc4t9.zeepki.st/
[Info   :Zeepkist GTR] 19:25:32 Sending HTTP request "POST" https://es-graphql-1q5xcqmja6dvh4ctc4t9.zeepki.st/
[Info   :Zeepkist GTR] 19:25:32 Received HTTP response headers after 360.1111ms - 200
[Info   :Zeepkist GTR] 19:25:32 End processing HTTP request after 360.3789ms - 200
[Info   :Zeepkist GTR] 19:25:33 End processing HTTP request after 774.8922ms - 200
[Info   :Zeepkist Bingo] [BINGO] Level loaded
[Info   :Zeepkist GTR] 19:25:33 Start processing HTTP request "POST" https://es-backend-5eu0pg2dcfyp6u2v33lz.zeepki.st/level/request
[Info   :Zeepkist GTR] 19:25:33 Start processing HTTP request "POST" https://es-backend-5eu0pg2dcfyp6u2v33lz.zeepki.st/level/request
[Info   :Zeepkist GTR] 19:25:33 Sending HTTP request "POST" https://es-backend-5eu0pg2dcfyp6u2v33lz.zeepki.st/level/request
[Info   :Zeepkist GTR] 19:25:33 Start processing HTTP request "POST" https://es-graphql-1q5xcqmja6dvh4ctc4t9.zeepki.st/
[Info   :Zeepkist GTR] 19:25:33 Start processing HTTP request "POST" https://es-graphql-1q5xcqmja6dvh4ctc4t9.zeepki.st/
[Info   :Zeepkist GTR] 19:25:33 Sending HTTP request "POST" https://es-graphql-1q5xcqmja6dvh4ctc4t9.zeepki.st/
[Warning:Zeepkist GTR] 19:25:33 Current-level record subscription failed
[Info   :Zeepkist GTR] 19:25:33 Start processing HTTP request "POST" https://es-graphql-1q5xcqmja6dvh4ctc4t9.zeepki.st/
[Info   :Zeepkist GTR] 19:25:33 Start processing HTTP request "POST" https://es-graphql-1q5xcqmja6dvh4ctc4t9.zeepki.st/
[Info   :Zeepkist GTR] 19:25:33 Sending HTTP request "POST" https://es-graphql-1q5xcqmja6dvh4ctc4t9.zeepki.st/
[Info   :BetterSplits] getting gtr splits
[Error  :BetterSplits] cannot get splits, no gtr id
[Info   :Zeepkist GTR] 19:25:33 Received HTTP response headers after 70.9464ms - 200
[Info   :Zeepkist GTR] 19:25:33 End processing HTTP request after 71.1799ms - 200
[Info   :Zeepkist Bingo] [BINGO] === PLAYER SPAWNED ===
[Info   :Zeepkist Bingo] [BINGO] IsInActiveSession: False
[Info   :Zeepkist Bingo] [BINGO] Not in active session, skipping timer reset
[Info   :Zeepkist GTR] 19:25:33 Loading personal best...
[Info   :Zeepkist GTR] 19:25:33 Start processing HTTP request "POST" https://es-graphql-1q5xcqmja6dvh4ctc4t9.zeepki.st/
[Info   :Zeepkist GTR] 19:25:33 Start processing HTTP request "POST" https://es-graphql-1q5xcqmja6dvh4ctc4t9.zeepki.st/
[Info   :Zeepkist GTR] 19:25:33 Sending HTTP request "POST" https://es-graphql-1q5xcqmja6dvh4ctc4t9.zeepki.st/
[Info   :Zeepkist GTR] 19:25:33 Stopping existing recorder if any
[Info   :Zeepkist GTR] 19:25:33 Creating new recorder
[Info   :Zeepkist GTR] 19:25:33 Received HTTP response headers after 98.5866ms - 200
[Info   :Zeepkist GTR] 19:25:33 End processing HTTP request after 98.8254ms - 200
[Info   :Zeepkist GTR] 19:25:33 End processing HTTP request after 101.8373ms - 200
[Info   :Zeepkist GTR] 19:25:33 End processing HTTP request after 101.303ms - 200
[Info   :Zeepkist GTR] 19:25:33 Received HTTP response headers after 117.4672ms - 200
[Info   :Zeepkist GTR] 19:25:33 End processing HTTP request after 117.7334ms - 200
[Info   :Zeepkist GTR] 19:25:33 End processing HTTP request after 121.1926ms - 200
[Info   :Zeepkist GTR] 19:25:33 Received HTTP response headers after 231.3915ms - 200
[Info   :Zeepkist GTR] 19:25:33 End processing HTTP request after 231.6296ms - 200
[Info   :Zeepkist GTR] 19:25:33 End processing HTTP request after 234.6675ms - 200
[Info   :Zeepkist GTR] 19:25:35 Starting recorder
[Info   :Zeepkist Bingo] [BINGO] === PLAYER SPAWNED ===
[Info   :Zeepkist Bingo] [BINGO] IsInActiveSession: False
[Info   :Zeepkist Bingo] [BINGO] Not in active session, skipping timer reset
[Info   :Zeepkist GTR] 19:25:39 Loading personal best...
[Info   :Zeepkist GTR] 19:25:39 Start processing HTTP request "POST" https://es-graphql-1q5xcqmja6dvh4ctc4t9.zeepki.st/
[Info   :Zeepkist GTR] 19:25:39 Start processing HTTP request "POST" https://es-graphql-1q5xcqmja6dvh4ctc4t9.zeepki.st/
[Info   :Zeepkist GTR] 19:25:39 Sending HTTP request "POST" https://es-graphql-1q5xcqmja6dvh4ctc4t9.zeepki.st/
[Info   :Zeepkist GTR] 19:25:39 Stopping existing recorder if any
[Info   :Zeepkist GTR] 19:25:39 Creating new recorder
[Info   :Zeepkist GTR] 19:25:39 Received HTTP response headers after 79.8434ms - 200
[Info   :Zeepkist GTR] 19:25:39 End processing HTTP request after 80.0557ms - 200
[Info   :Zeepkist GTR] 19:25:39 End processing HTTP request after 86.6313ms - 200
[Info   :Zeepkist GTR] 19:25:40 Starting recorder
[Info   :Zeepkist Bingo] [BINGO] === PLAYER SPAWNED ===
[Info   :Zeepkist Bingo] [BINGO] IsInActiveSession: False
[Info   :Zeepkist Bingo] [BINGO] Not in active session, skipping timer reset
[Info   :Zeepkist GTR] 19:25:55 Loading personal best...
[Info   :Zeepkist GTR] 19:25:55 Start processing HTTP request "POST" https://es-graphql-1q5xcqmja6dvh4ctc4t9.zeepki.st/
[Info   :Zeepkist GTR] 19:25:55 Start processing HTTP request "POST" https://es-graphql-1q5xcqmja6dvh4ctc4t9.zeepki.st/
[Info   :Zeepkist GTR] 19:25:55 Sending HTTP request "POST" https://es-graphql-1q5xcqmja6dvh4ctc4t9.zeepki.st/
[Info   :Zeepkist GTR] 19:25:55 Stopping existing recorder if any
[Info   :Zeepkist GTR] 19:25:55 Creating new recorder
[Info   :Zeepkist GTR] 19:25:55 Received HTTP response headers after 66.6938ms - 200
[Info   :Zeepkist GTR] 19:25:55 End processing HTTP request after 66.9195ms - 200
[Info   :Zeepkist GTR] 19:25:55 End processing HTTP request after 72.8683ms - 200
[Info   :Zeepkist GTR] 19:25:57 Starting recorder
[Info   :Zeepkist Bingo] [BINGO] === PLAYER SPAWNED ===
[Info   :Zeepkist Bingo] [BINGO] IsInActiveSession: False
[Info   :Zeepkist Bingo] [BINGO] Not in active session, skipping timer reset
[Info   :Zeepkist GTR] 19:26:04 Loading personal best...
[Info   :Zeepkist GTR] 19:26:04 Start processing HTTP request "POST" https://es-graphql-1q5xcqmja6dvh4ctc4t9.zeepki.st/
[Info   :Zeepkist GTR] 19:26:04 Start processing HTTP request "POST" https://es-graphql-1q5xcqmja6dvh4ctc4t9.zeepki.st/
[Info   :Zeepkist GTR] 19:26:04 Sending HTTP request "POST" https://es-graphql-1q5xcqmja6dvh4ctc4t9.zeepki.st/
[Info   :Zeepkist GTR] 19:26:04 Stopping existing recorder if any
[Info   :Zeepkist GTR] 19:26:04 Creating new recorder
[Info   :Zeepkist GTR] 19:26:05 Received HTTP response headers after 84.3608ms - 200
[Info   :Zeepkist GTR] 19:26:05 End processing HTTP request after 84.5783ms - 200
[Info   :Zeepkist GTR] 19:26:05 End processing HTTP request after 87.4402ms - 200
[Info   :Zeepkist GTR] 19:26:06 Starting recorder
[Info   :Zeepkist Bingo] [BINGO] === PLAYER SPAWNED ===
[Info   :Zeepkist Bingo] [BINGO] IsInActiveSession: False
[Info   :Zeepkist Bingo] [BINGO] Not in active session, skipping timer reset
[Info   :Zeepkist GTR] 19:26:17 Loading personal best...
[Info   :Zeepkist GTR] 19:26:17 Start processing HTTP request "POST" https://es-graphql-1q5xcqmja6dvh4ctc4t9.zeepki.st/
[Info   :Zeepkist GTR] 19:26:17 Start processing HTTP request "POST" https://es-graphql-1q5xcqmja6dvh4ctc4t9.zeepki.st/
[Info   :Zeepkist GTR] 19:26:17 Sending HTTP request "POST" https://es-graphql-1q5xcqmja6dvh4ctc4t9.zeepki.st/
[Info   :Zeepkist GTR] 19:26:17 Stopping existing recorder if any
[Info   :Zeepkist GTR] 19:26:17 Creating new recorder
[Info   :Zeepkist GTR] 19:26:17 Received HTTP response headers after 69.5135ms - 200
[Info   :Zeepkist GTR] 19:26:17 End processing HTTP request after 69.7522ms - 200
[Info   :Zeepkist GTR] 19:26:17 End processing HTTP request after 71.9005ms - 200
[Info   :Zeepkist GTR] 19:26:18 Starting recorder
[Info   :Zeepkist Bingo] [BINGO] === PLAYER SPAWNED ===
[Info   :Zeepkist Bingo] [BINGO] IsInActiveSession: False
[Info   :Zeepkist Bingo] [BINGO] Not in active session, skipping timer reset
[Info   :Zeepkist GTR] 19:26:34 Loading personal best...
[Info   :Zeepkist GTR] 19:26:34 Start processing HTTP request "POST" https://es-graphql-1q5xcqmja6dvh4ctc4t9.zeepki.st/
[Info   :Zeepkist GTR] 19:26:34 Start processing HTTP request "POST" https://es-graphql-1q5xcqmja6dvh4ctc4t9.zeepki.st/
[Info   :Zeepkist GTR] 19:26:34 Sending HTTP request "POST" https://es-graphql-1q5xcqmja6dvh4ctc4t9.zeepki.st/
[Info   :Zeepkist GTR] 19:26:34 Stopping existing recorder if any
[Info   :Zeepkist GTR] 19:26:34 Creating new recorder
[Info   :Zeepkist GTR] 19:26:34 Received HTTP response headers after 91.6952ms - 200
[Info   :Zeepkist GTR] 19:26:34 End processing HTTP request after 91.9156ms - 200
[Info   :Zeepkist GTR] 19:26:34 End processing HTTP request after 95.2822ms - 200
[Info   :Zeepkist GTR] 19:26:35 Starting recorder
[Info   :Zeepkist Bingo] [BINGO] === PLAYER SPAWNED ===
[Info   :Zeepkist Bingo] [BINGO] IsInActiveSession: False
[Info   :Zeepkist Bingo] [BINGO] Not in active session, skipping timer reset
[Info   :Zeepkist GTR] 19:26:49 Loading personal best...
[Info   :Zeepkist GTR] 19:26:49 Start processing HTTP request "POST" https://es-graphql-1q5xcqmja6dvh4ctc4t9.zeepki.st/
[Info   :Zeepkist GTR] 19:26:49 Start processing HTTP request "POST" https://es-graphql-1q5xcqmja6dvh4ctc4t9.zeepki.st/
[Info   :Zeepkist GTR] 19:26:49 Sending HTTP request "POST" https://es-graphql-1q5xcqmja6dvh4ctc4t9.zeepki.st/
[Info   :Zeepkist GTR] 19:26:49 Stopping existing recorder if any
[Info   :Zeepkist GTR] 19:26:49 Creating new recorder
[Info   :Zeepkist GTR] 19:26:49 Received HTTP response headers after 133.6698ms - 200
[Info   :Zeepkist GTR] 19:26:49 End processing HTTP request after 133.8898ms - 200
[Info   :Zeepkist GTR] 19:26:49 End processing HTTP request after 136.6608ms - 200
[Info   :Zeepkist GTR] 19:26:51 Starting recorder
[Info   :Zeepkist Bingo] [BINGO] === PLAYER SPAWNED ===
[Info   :Zeepkist Bingo] [BINGO] IsInActiveSession: False
[Info   :Zeepkist Bingo] [BINGO] Not in active session, skipping timer reset
[Info   :Zeepkist GTR] 19:27:38 Loading personal best...
[Info   :Zeepkist GTR] 19:27:38 Start processing HTTP request "POST" https://es-graphql-1q5xcqmja6dvh4ctc4t9.zeepki.st/
[Info   :Zeepkist GTR] 19:27:38 Start processing HTTP request "POST" https://es-graphql-1q5xcqmja6dvh4ctc4t9.zeepki.st/
[Info   :Zeepkist GTR] 19:27:38 Sending HTTP request "POST" https://es-graphql-1q5xcqmja6dvh4ctc4t9.zeepki.st/
[Info   :Zeepkist GTR] 19:27:38 Stopping existing recorder if any
[Info   :Zeepkist GTR] 19:27:38 Creating new recorder
[Info   :Zeepkist GTR] 19:27:38 Received HTTP response headers after 266.3302ms - 200
[Info   :Zeepkist GTR] 19:27:38 End processing HTTP request after 266.5772ms - 200
[Info   :Zeepkist GTR] 19:27:38 End processing HTTP request after 271.6685ms - 200
[Info   :Zeepkist GTR] 19:27:39 Starting recorder
[Info   :Zeepkist Bingo] [BINGO] === PLAYER SPAWNED ===
[Info   :Zeepkist Bingo] [BINGO] IsInActiveSession: False
[Info   :Zeepkist Bingo] [BINGO] Not in active session, skipping timer reset
[Info   :Zeepkist GTR] 19:27:48 Loading personal best...
[Info   :Zeepkist GTR] 19:27:48 Start processing HTTP request "POST" https://es-graphql-1q5xcqmja6dvh4ctc4t9.zeepki.st/
[Info   :Zeepkist GTR] 19:27:48 Start processing HTTP request "POST" https://es-graphql-1q5xcqmja6dvh4ctc4t9.zeepki.st/
[Info   :Zeepkist GTR] 19:27:48 Sending HTTP request "POST" https://es-graphql-1q5xcqmja6dvh4ctc4t9.zeepki.st/
[Info   :Zeepkist GTR] 19:27:48 Stopping existing recorder if any
[Info   :Zeepkist GTR] 19:27:48 Creating new recorder
[Info   :Zeepkist GTR] 19:27:48 Received HTTP response headers after 57.471ms - 200
[Info   :Zeepkist GTR] 19:27:48 End processing HTTP request after 57.6957ms - 200
[Info   :Zeepkist GTR] 19:27:48 End processing HTTP request after 60.8395ms - 200
[Info   :Zeepkist GTR] 19:27:50 Starting recorder
[Info   :Zeepkist Bingo] [BINGO] === PLAYER SPAWNED ===
[Info   :Zeepkist Bingo] [BINGO] IsInActiveSession: False
[Info   :Zeepkist Bingo] [BINGO] Not in active session, skipping timer reset
[Info   :Zeepkist GTR] 19:28:04 Loading personal best...
[Info   :Zeepkist GTR] 19:28:04 Start processing HTTP request "POST" https://es-graphql-1q5xcqmja6dvh4ctc4t9.zeepki.st/
[Info   :Zeepkist GTR] 19:28:04 Start processing HTTP request "POST" https://es-graphql-1q5xcqmja6dvh4ctc4t9.zeepki.st/
[Info   :Zeepkist GTR] 19:28:04 Sending HTTP request "POST" https://es-graphql-1q5xcqmja6dvh4ctc4t9.zeepki.st/
[Info   :Zeepkist GTR] 19:28:04 Stopping existing recorder if any
[Info   :Zeepkist GTR] 19:28:04 Creating new recorder
[Info   :Zeepkist GTR] 19:28:06 Starting recorder
[Info   :Zeepkist GTR] 19:28:46 Stopping recorder
[Info   :Zeepkist GTR] 19:28:46 Collecting extra information
[Info   :Zeepkist GTR] 19:28:46 Resolved workshop ID "3791151247" from lobby 3791151247 and level 0
[Info   :Zeepkist GTR] 19:28:46 Processing ghost data
[Info   :Zeepkist GTR] 19:28:46 Creating stream
[Info   :Zeepkist GTR] 19:28:46 Writing to stream
[Info   :Zeepkist GTR] 19:28:47 Converting to base64
[Info   :Zeepkist GTR] 19:28:47 Creating resource
[Info   :Zeepkist GTR] 19:28:47 Start processing HTTP request "POST" https://es-backend-5eu0pg2dcfyp6u2v33lz.zeepki.st/record/submit
[Info   :Zeepkist GTR] 19:28:47 Start processing HTTP request "POST" https://es-backend-5eu0pg2dcfyp6u2v33lz.zeepki.st/record/submit
[Info   :Zeepkist GTR] 19:28:47 Sending HTTP request "POST" https://es-backend-5eu0pg2dcfyp6u2v33lz.zeepki.st/record/submit
[Info   :Zeepkist Bingo] [BINGO] === PLAYER SPAWNED ===
[Info   :Zeepkist Bingo] [BINGO] IsInActiveSession: False
[Info   :Zeepkist Bingo] [BINGO] Not in active session, skipping timer reset
[Info   :Zeepkist GTR] 19:28:48 Loading personal best...
[Info   :Zeepkist GTR] 19:28:48 Start processing HTTP request "POST" https://es-graphql-1q5xcqmja6dvh4ctc4t9.zeepki.st/
[Info   :Zeepkist GTR] 19:28:48 Start processing HTTP request "POST" https://es-graphql-1q5xcqmja6dvh4ctc4t9.zeepki.st/
[Info   :Zeepkist GTR] 19:28:48 Sending HTTP request "POST" https://es-graphql-1q5xcqmja6dvh4ctc4t9.zeepki.st/
[Info   :Zeepkist GTR] 19:28:48 Stopping existing recorder if any
[Info   :Zeepkist GTR] 19:28:48 Creating new recorder
[Info   :Zeepkist GTR] 19:28:50 Starting recorder
[Error  :Zeepkist GTR] 19:28:57 Failed to submit record
[Error  :Zeepkist RTM] 19:28:58 Unobserved task exception
[Error  :Zeepkist GTR] 19:28:58 Unobserved task exception
[Info   :Zeepkist Bingo] [BINGO] === PLAYER SPAWNED ===
[Info   :Zeepkist Bingo] [BINGO] IsInActiveSession: False
[Info   :Zeepkist Bingo] [BINGO] Not in active session, skipping timer reset
[Info   :Zeepkist GTR] 19:29:02 Loading personal best...
[Info   :Zeepkist GTR] 19:29:02 Start processing HTTP request "POST" https://es-graphql-1q5xcqmja6dvh4ctc4t9.zeepki.st/
[Info   :Zeepkist GTR] 19:29:02 Start processing HTTP request "POST" https://es-graphql-1q5xcqmja6dvh4ctc4t9.zeepki.st/
[Info   :Zeepkist GTR] 19:29:02 Sending HTTP request "POST" https://es-graphql-1q5xcqmja6dvh4ctc4t9.zeepki.st/
[Info   :Zeepkist GTR] 19:29:02 Stopping existing recorder if any
[Info   :Zeepkist GTR] 19:29:02 Creating new recorder
[Info   :Zeepkist GTR] 19:29:04 Starting recorder
[Info   :Zeepkist Bingo] [BINGO] === PLAYER SPAWNED ===
[Info   :Zeepkist Bingo] [BINGO] IsInActiveSession: False
[Info   :Zeepkist Bingo] [BINGO] Not in active session, skipping timer reset
[Info   :Zeepkist GTR] 19:29:16 Loading personal best...
[Info   :Zeepkist GTR] 19:29:16 Start processing HTTP request "POST" https://es-graphql-1q5xcqmja6dvh4ctc4t9.zeepki.st/
[Info   :Zeepkist GTR] 19:29:16 Start processing HTTP request "POST" https://es-graphql-1q5xcqmja6dvh4ctc4t9.zeepki.st/
[Info   :Zeepkist GTR] 19:29:16 Sending HTTP request "POST" https://es-graphql-1q5xcqmja6dvh4ctc4t9.zeepki.st/
[Info   :Zeepkist GTR] 19:29:16 Stopping existing recorder if any
[Info   :Zeepkist GTR] 19:29:16 Creating new recorder
[Info   :Zeepkist GTR] 19:29:17 Starting recorder
[Info   :Zeepkist GTR] 19:29:57 Stopping recorder
[Info   :Zeepkist GTR] 19:29:57 Collecting extra information
[Info   :Zeepkist GTR] 19:29:57 Resolved workshop ID "3791151247" from lobby 3791151247 and level 0
[Info   :Zeepkist GTR] 19:29:57 Processing ghost data
[Info   :Zeepkist GTR] 19:29:57 Creating stream
[Info   :Zeepkist GTR] 19:29:57 Writing to stream
[Info   :Zeepkist GTR] 19:29:57 Converting to base64
[Info   :Zeepkist GTR] 19:29:57 Creating resource
[Info   :Zeepkist GTR] 19:29:57 Start processing HTTP request "POST" https://es-backend-5eu0pg2dcfyp6u2v33lz.zeepki.st/record/submit
[Info   :Zeepkist GTR] 19:29:57 Start processing HTTP request "POST" https://es-backend-5eu0pg2dcfyp6u2v33lz.zeepki.st/record/submit
[Info   :Zeepkist GTR] 19:29:57 Sending HTTP request "POST" https://es-backend-5eu0pg2dcfyp6u2v33lz.zeepki.st/record/submit
[Info   :Zeepkist Bingo] [BINGO] === PLAYER SPAWNED ===
[Info   :Zeepkist Bingo] [BINGO] IsInActiveSession: False
[Info   :Zeepkist Bingo] [BINGO] Not in active session, skipping timer reset
[Info   :Zeepkist GTR] 19:29:59 Loading personal best...
[Info   :Zeepkist GTR] 19:29:59 Start processing HTTP request "POST" https://es-graphql-1q5xcqmja6dvh4ctc4t9.zeepki.st/
[Info   :Zeepkist GTR] 19:29:59 Start processing HTTP request "POST" https://es-graphql-1q5xcqmja6dvh4ctc4t9.zeepki.st/
[Info   :Zeepkist GTR] 19:29:59 Sending HTTP request "POST" https://es-graphql-1q5xcqmja6dvh4ctc4t9.zeepki.st/
[Info   :Zeepkist GTR] 19:29:59 Stopping existing recorder if any
[Info   :Zeepkist GTR] 19:29:59 Creating new recorder
[Info   :Zeepkist GTR] 19:30:01 Starting recorder
[Error  :Zeepkist GTR] 19:30:07 Failed to submit record
[Warning:Zeepkist GTR] 19:30:16 Failed to process current-level record subscription snapshot
[Info   :Zeepkist Bingo] [BINGO] === PLAYER SPAWNED ===
[Info   :Zeepkist Bingo] [BINGO] IsInActiveSession: False
[Info   :Zeepkist Bingo] [BINGO] Not in active session, skipping timer reset
[Info   :Zeepkist GTR] 19:30:38 Loading personal best...
[Info   :Zeepkist GTR] 19:30:38 Start processing HTTP request "POST" https://es-graphql-1q5xcqmja6dvh4ctc4t9.zeepki.st/
[Info   :Zeepkist GTR] 19:30:38 Start processing HTTP request "POST" https://es-graphql-1q5xcqmja6dvh4ctc4t9.zeepki.st/
[Info   :Zeepkist GTR] 19:30:38 Sending HTTP request "POST" https://es-graphql-1q5xcqmja6dvh4ctc4t9.zeepki.st/
[Info   :Zeepkist GTR] 19:30:38 Stopping existing recorder if any
[Info   :Zeepkist GTR] 19:30:38 Creating new recorder
[Info   :Zeepkist GTR] 19:30:39 Received HTTP response headers after 646.8392ms - 503
[Info   :Zeepkist GTR] 19:30:39 End processing HTTP request after 647.0631ms - 503
[Info   :Zeepkist GTR] 19:30:39 End processing HTTP request after 651.0067ms - 503
[Error  :Zeepkist GTR] 19:30:39 Failed to load personal best: "Result: IsSuccess='False', Reasons='ExceptionalError with Message='Response status code does not indicate success: 503 (Service Unavailable).', Exception='StrawberryShake.GraphQLClientException: Response status code does not indicate success: 503 (Service Unavailable).
  at StrawberryShake.OperationResultExtensions.EnsureNoErrors (StrawberryShake.IOperationResult result) [0x00027] in <477cd25efd574ed694e416a1db52b995>:0 
  at TNRD.Zeepkist.GTR.Ghosting.Playback.OnlineGhostGraphqlService.GetPersonalBests (TNRD.Zeepkist.GTR.GraphQL.LevelGraphqlIdentity level, System.Threading.CancellationToken cancellationToken) [0x000c7] in D:\a\Zeepkist.GTR.Mod\Zeepkist.GTR.Mod\Ghosting\Playback\OnlineGhostGraphqlService.cs:42 '', "
[Info   :Zeepkist GTR] 19:30:40 Starting recorder
[Info   :Zeepkist Bingo] [BINGO] === PLAYER SPAWNED ===
[Info   :Zeepkist Bingo] [BINGO] IsInActiveSession: False
[Info   :Zeepkist Bingo] [BINGO] Not in active session, skipping timer reset
[Info   :Zeepkist GTR] 19:30:52 Loading personal best...
[Info   :Zeepkist GTR] 19:30:52 Start processing HTTP request "POST" https://es-graphql-1q5xcqmja6dvh4ctc4t9.zeepki.st/
[Info   :Zeepkist GTR] 19:30:52 Start processing HTTP request "POST" https://es-graphql-1q5xcqmja6dvh4ctc4t9.zeepki.st/
[Info   :Zeepkist GTR] 19:30:52 Sending HTTP request "POST" https://es-graphql-1q5xcqmja6dvh4ctc4t9.zeepki.st/
[Info   :Zeepkist GTR] 19:30:52 Stopping existing recorder if any
[Info   :Zeepkist GTR] 19:30:52 Creating new recorder
[Info   :Zeepkist GTR] 19:30:52 Received HTTP response headers after 42.883ms - 503
[Info   :Zeepkist GTR] 19:30:52 End processing HTTP request after 43.1254ms - 503
[Info   :Zeepkist GTR] 19:30:52 End processing HTTP request after 45.3712ms - 503
[Error  :Zeepkist GTR] 19:30:52 Failed to load personal best: "Result: IsSuccess='False', Reasons='ExceptionalError with Message='Response status code does not indicate success: 503 (Service Unavailable).', Exception='StrawberryShake.GraphQLClientException: Response status code does not indicate success: 503 (Service Unavailable).
  at StrawberryShake.OperationResultExtensions.EnsureNoErrors (StrawberryShake.IOperationResult result) [0x00027] in <477cd25efd574ed694e416a1db52b995>:0 
  at TNRD.Zeepkist.GTR.Ghosting.Playback.OnlineGhostGraphqlService.GetPersonalBests (TNRD.Zeepkist.GTR.GraphQL.LevelGraphqlIdentity level, System.Threading.CancellationToken cancellationToken) [0x000c7] in D:\a\Zeepkist.GTR.Mod\Zeepkist.GTR.Mod\Ghosting\Playback\OnlineGhostGraphqlService.cs:42 '', "
[Info   :Zeepkist GTR] 19:30:54 Starting recorder
[Info   :Zeepkist Bingo] [BINGO] === PLAYER SPAWNED ===
[Info   :Zeepkist Bingo] [BINGO] IsInActiveSession: False
[Info   :Zeepkist Bingo] [BINGO] Not in active session, skipping timer reset
[Info   :Zeepkist GTR] 19:31:05 Loading personal best...
[Info   :Zeepkist GTR] 19:31:05 Start processing HTTP request "POST" https://es-graphql-1q5xcqmja6dvh4ctc4t9.zeepki.st/
[Info   :Zeepkist GTR] 19:31:05 Start processing HTTP request "POST" https://es-graphql-1q5xcqmja6dvh4ctc4t9.zeepki.st/
[Info   :Zeepkist GTR] 19:31:05 Sending HTTP request "POST" https://es-graphql-1q5xcqmja6dvh4ctc4t9.zeepki.st/
[Info   :Zeepkist GTR] 19:31:05 Stopping existing recorder if any
[Info   :Zeepkist GTR] 19:31:05 Creating new recorder
[Info   :Zeepkist GTR] 19:31:05 Received HTTP response headers after 72.6038ms - 503
[Info   :Zeepkist GTR] 19:31:05 End processing HTTP request after 72.8283ms - 503
[Info   :Zeepkist GTR] 19:31:05 End processing HTTP request after 74.0764ms - 503
[Error  :Zeepkist GTR] 19:31:05 Failed to load personal best: "Result: IsSuccess='False', Reasons='ExceptionalError with Message='Response status code does not indicate success: 503 (Service Unavailable).', Exception='StrawberryShake.GraphQLClientException: Response status code does not indicate success: 503 (Service Unavailable).
  at StrawberryShake.OperationResultExtensions.EnsureNoErrors (StrawberryShake.IOperationResult result) [0x00027] in <477cd25efd574ed694e416a1db52b995>:0 
  at TNRD.Zeepkist.GTR.Ghosting.Playback.OnlineGhostGraphqlService.GetPersonalBests (TNRD.Zeepkist.GTR.GraphQL.LevelGraphqlIdentity level, System.Threading.CancellationToken cancellationToken) [0x000c7] in D:\a\Zeepkist.GTR.Mod\Zeepkist.GTR.Mod\Ghosting\Playback\OnlineGhostGraphqlService.cs:42 '', "
[Info   :Zeepkist GTR] 19:31:07 Starting recorder
[Info   :Zeepkist GTR] 19:31:46 Stopping recorder
[Info   :Zeepkist GTR] 19:31:46 Collecting extra information
[Info   :Zeepkist GTR] 19:31:46 Resolved workshop ID "3791151247" from lobby 3791151247 and level 0
[Info   :Zeepkist GTR] 19:31:46 Processing ghost data
[Info   :Zeepkist GTR] 19:31:46 Creating stream
[Info   :Zeepkist GTR] 19:31:46 Writing to stream
[Info   :Zeepkist GTR] 19:31:46 Converting to base64
[Info   :Zeepkist GTR] 19:31:46 Creating resource
[Info   :Zeepkist GTR] 19:31:46 Start processing HTTP request "POST" https://es-backend-5eu0pg2dcfyp6u2v33lz.zeepki.st/record/submit
[Info   :Zeepkist GTR] 19:31:46 Start processing HTTP request "POST" https://es-backend-5eu0pg2dcfyp6u2v33lz.zeepki.st/record/submit
[Info   :Zeepkist GTR] 19:31:46 Sending HTTP request "POST" https://es-backend-5eu0pg2dcfyp6u2v33lz.zeepki.st/record/submit
[Info   :Zeepkist GTR] 19:31:47 Received HTTP response headers after 447.6738ms - 400
[Info   :Zeepkist GTR] 19:31:47 End processing HTTP request after 447.9429ms - 400
[Info   :Zeepkist GTR] 19:31:47 End processing HTTP request after 450.7339ms - 400
[Error  :Zeepkist GTR] 19:31:47 Failed to submit record
[Info   :Zeepkist GTR] 19:31:49 Start processing HTTP request "POST" https://es-graphql-1q5xcqmja6dvh4ctc4t9.zeepki.st/
[Info   :Zeepkist GTR] 19:31:49 Start processing HTTP request "POST" https://es-graphql-1q5xcqmja6dvh4ctc4t9.zeepki.st/
[Info   :Zeepkist GTR] 19:31:49 Sending HTTP request "POST" https://es-graphql-1q5xcqmja6dvh4ctc4t9.zeepki.st/
[Info   :Zeepkist GTR] 19:31:49 Received HTTP response headers after 48.6148ms - 503
[Info   :Zeepkist GTR] 19:31:49 End processing HTTP request after 48.8364ms - 503
[Info   :Zeepkist GTR] 19:31:49 End processing HTTP request after 50.1839ms - 503
[Error  :Zeepkist GTR] 19:31:49 Failed to get vote summary: "Result: IsSuccess='False', Reasons='ExceptionalError with Message='Response status code does not indicate success: 503 (Service Unavailable).', Exception='StrawberryShake.GraphQLClientException: Response status code does not indicate success: 503 (Service Unavailable).
  at StrawberryShake.OperationResultExtensions.EnsureNoErrors (StrawberryShake.IOperationResult result) [0x00027] in <477cd25efd574ed694e416a1db52b995>:0 
  at TNRD.Zeepkist.GTR.Voting.VotingGraphqlService.GetVoteSummary (System.String xxHash, System.UInt64 steamId, System.Threading.CancellationToken cancellationToken) [0x000bb] in D:\a\Zeepkist.GTR.Mod\Zeepkist.GTR.Mod\Voting\VotingGraphqlService.cs:31 '', "
[Info   :Zeepkist GTR] 19:31:53 Start processing HTTP request "POST" https://es-backend-5eu0pg2dcfyp6u2v33lz.zeepki.st/vote/submit
[Info   :Zeepkist GTR] 19:31:53 Start processing HTTP request "POST" https://es-backend-5eu0pg2dcfyp6u2v33lz.zeepki.st/vote/submit
[Info   :Zeepkist GTR] 19:31:53 Sending HTTP request "POST" https://es-backend-5eu0pg2dcfyp6u2v33lz.zeepki.st/vote/submit
[Info   :Zeepkist Bingo] [CHAT] Intercepted message: +
[Info   :Zeepkist Bingo] [CHAT] Not relaying - no bingo session
[Info   :Zeepkist GTR] 19:31:53 Received HTTP response headers after 70.4535ms - 500
[Info   :Zeepkist GTR] 19:31:53 End processing HTTP request after 70.6699ms - 500
[Info   :Zeepkist GTR] 19:31:53 End processing HTTP request after 75.9111ms - 500
[Warning:Zeepkist GTR] 19:31:53 Transient response, retrying in 00:00:01.3670000 (1)
[Info   :Zeepkist GTR] 19:31:54 Start processing HTTP request "POST" https://es-backend-5eu0pg2dcfyp6u2v33lz.zeepki.st/vote/submit
[Info   :Zeepkist GTR] 19:31:54 Start processing HTTP request "POST" https://es-backend-5eu0pg2dcfyp6u2v33lz.zeepki.st/vote/submit
[Info   :Zeepkist GTR] 19:31:54 Sending HTTP request "POST" https://es-backend-5eu0pg2dcfyp6u2v33lz.zeepki.st/vote/submit
[Info   :Zeepkist GTR] 19:31:54 Received HTTP response headers after 65.4211ms - 500
[Info   :Zeepkist GTR] 19:31:54 End processing HTTP request after 65.6378ms - 500
[Info   :Zeepkist GTR] 19:31:54 End processing HTTP request after 68.3214ms - 500
[Warning:Zeepkist GTR] 19:31:54 Transient response, retrying in 00:00:02.3260000 (2)
[Info   :Zeepkist GTR] 19:31:57 Start processing HTTP request "POST" https://es-backend-5eu0pg2dcfyp6u2v33lz.zeepki.st/vote/submit
[Info   :Zeepkist GTR] 19:31:57 Start processing HTTP request "POST" https://es-backend-5eu0pg2dcfyp6u2v33lz.zeepki.st/vote/submit
[Info   :Zeepkist GTR] 19:31:57 Sending HTTP request "POST" https://es-backend-5eu0pg2dcfyp6u2v33lz.zeepki.st/vote/submit
[Info   :Zeepkist GTR] 19:31:57 Received HTTP response headers after 56.2715ms - 500
[Info   :Zeepkist GTR] 19:31:57 End processing HTTP request after 56.5058ms - 500
[Info   :Zeepkist GTR] 19:31:57 End processing HTTP request after 61.5272ms - 500
[Warning:Zeepkist GTR] 19:31:57 Transient response, retrying in 00:00:04.2080000 (3)
[Info   :Zeepkist GTR] 19:32:01 Start processing HTTP request "POST" https://es-backend-5eu0pg2dcfyp6u2v33lz.zeepki.st/vote/submit
[Info   :Zeepkist GTR] 19:32:01 Start processing HTTP request "POST" https://es-backend-5eu0pg2dcfyp6u2v33lz.zeepki.st/vote/submit
[Info   :Zeepkist GTR] 19:32:01 Sending HTTP request "POST" https://es-backend-5eu0pg2dcfyp6u2v33lz.zeepki.st/vote/submit
[Info   :Zeepkist GTR] 19:32:01 Received HTTP response headers after 282.7114ms - 500
[Info   :Zeepkist GTR] 19:32:01 End processing HTTP request after 282.943ms - 500
[Info   :Zeepkist GTR] 19:32:01 End processing HTTP request after 284.3206ms - 500
[Error  :Zeepkist GTR] 19:32:01 Failed to vote
[Info   :Zeepkist GTR] 19:32:19 Discarding recorder
[Info   :Zeepkist Bingo] [BINGO] Level loaded
[Info   :Zeepkist GTR] 19:32:33 Start processing HTTP request "POST" https://es-backend-5eu0pg2dcfyp6u2v33lz.zeepki.st/level/request
[Info   :Zeepkist GTR] 19:32:33 Start processing HTTP request "POST" https://es-backend-5eu0pg2dcfyp6u2v33lz.zeepki.st/level/request
[Info   :Zeepkist GTR] 19:32:33 Sending HTTP request "POST" https://es-backend-5eu0pg2dcfyp6u2v33lz.zeepki.st/level/request
[Info   :Zeepkist GTR] 19:32:33 Start processing HTTP request "POST" https://es-graphql-1q5xcqmja6dvh4ctc4t9.zeepki.st/
[Info   :Zeepkist GTR] 19:32:33 Start processing HTTP request "POST" https://es-graphql-1q5xcqmja6dvh4ctc4t9.zeepki.st/
[Info   :Zeepkist GTR] 19:32:33 Sending HTTP request "POST" https://es-graphql-1q5xcqmja6dvh4ctc4t9.zeepki.st/
[Warning:Zeepkist GTR] 19:32:33 Current-level record subscription failed
[Info   :Zeepkist GTR] 19:32:33 Start processing HTTP request "POST" https://es-graphql-1q5xcqmja6dvh4ctc4t9.zeepki.st/
[Info   :Zeepkist GTR] 19:32:33 Start processing HTTP request "POST" https://es-graphql-1q5xcqmja6dvh4ctc4t9.zeepki.st/
[Info   :Zeepkist GTR] 19:32:33 Sending HTTP request "POST" https://es-graphql-1q5xcqmja6dvh4ctc4t9.zeepki.st/
[Info   :Zeepkist GTR] 19:32:33 Received HTTP response headers after 61.6342ms - 500
[Info   :Zeepkist GTR] 19:32:33 End processing HTTP request after 61.8682ms - 500
[Info   :BetterSplits] getting gtr splits
[Error  :BetterSplits] cannot get splits, no gtr id
[Info   :Zeepkist GTR] 19:32:33 End processing HTTP request after 115.4977ms - 500
[Info   :Zeepkist Bingo] [BINGO] === PLAYER SPAWNED ===
[Info   :Zeepkist Bingo] [BINGO] IsInActiveSession: False
[Info   :Zeepkist Bingo] [BINGO] Not in active session, skipping timer reset
[Info   :Zeepkist GTR] 19:32:33 Loading personal best...
[Info   :Zeepkist GTR] 19:32:33 Start processing HTTP request "POST" https://es-graphql-1q5xcqmja6dvh4ctc4t9.zeepki.st/
[Info   :Zeepkist GTR] 19:32:33 Start processing HTTP request "POST" https://es-graphql-1q5xcqmja6dvh4ctc4t9.zeepki.st/
[Info   :Zeepkist GTR] 19:32:33 Sending HTTP request "POST" https://es-graphql-1q5xcqmja6dvh4ctc4t9.zeepki.st/
[Info   :Zeepkist GTR] 19:32:33 Stopping existing recorder if any
[Info   :Zeepkist GTR] 19:32:33 Creating new recorder
[Warning:Zeepkist GTR] 19:32:33 Transient response, retrying in 00:00:01.4440000 (1)
[Info   :Zeepkist GTR] 19:32:33 Received HTTP response headers after 267.7793ms - 503
[Info   :Zeepkist GTR] 19:32:33 End processing HTTP request after 268.018ms - 503
[Info   :Zeepkist GTR] 19:32:33 End processing HTTP request after 270.9318ms - 503
[Info   :Zeepkist GTR] 19:32:33 Received HTTP response headers after 275.6362ms - 503
[Info   :Zeepkist GTR] 19:32:33 End processing HTTP request after 275.8448ms - 503
[Info   :Zeepkist GTR] 19:32:33 End processing HTTP request after 278.5606ms - 503
[Warning:Zeepkist GTR] 19:32:33 Failed to load track tournaments for current level
[Warning:Zeepkist GTR] 19:32:33 Failed to resolve current-level record IDs
[Info   :Zeepkist GTR] 19:32:33 Received HTTP response headers after 171.6099ms - 503
[Info   :Zeepkist GTR] 19:32:33 End processing HTTP request after 171.8483ms - 503
[Info   :Zeepkist GTR] 19:32:33 End processing HTTP request after 173.5512ms - 503
[Error  :Zeepkist GTR] 19:32:33 Failed to load personal best: "Result: IsSuccess='False', Reasons='ExceptionalError with Message='Response status code does not indicate success: 503 (Service Unavailable).', Exception='StrawberryShake.GraphQLClientException: Response status code does not indicate success: 503 (Service Unavailable).
  at StrawberryShake.OperationResultExtensions.EnsureNoErrors (StrawberryShake.IOperationResult result) [0x00027] in <477cd25efd574ed694e416a1db52b995>:0 
  at TNRD.Zeepkist.GTR.Ghosting.Playback.OnlineGhostGraphqlService.GetPersonalBests (TNRD.Zeepkist.GTR.GraphQL.LevelGraphqlIdentity level, System.Threading.CancellationToken cancellationToken) [0x000c7] in D:\a\Zeepkist.GTR.Mod\Zeepkist.GTR.Mod\Ghosting\Playback\OnlineGhostGraphqlService.cs:42 '', "
[Info   :Zeepkist GTR] 19:32:35 Start processing HTTP request "POST" https://es-backend-5eu0pg2dcfyp6u2v33lz.zeepki.st/level/request
[Info   :Zeepkist GTR] 19:32:35 Start processing HTTP request "POST" https://es-backend-5eu0pg2dcfyp6u2v33lz.zeepki.st/level/request
[Info   :Zeepkist GTR] 19:32:35 Sending HTTP request "POST" https://es-backend-5eu0pg2dcfyp6u2v33lz.zeepki.st/level/request
[Info   :Zeepkist GTR] 19:32:35 Received HTTP response headers after 55.7284ms - 200
[Info   :Zeepkist GTR] 19:32:35 End processing HTTP request after 55.9585ms - 200
[Info   :Zeepkist GTR] 19:32:35 End processing HTTP request after 62.1021ms - 200
[Info   :Zeepkist GTR] 19:32:35 Starting recorder
[Info   :Zeepkist Bingo] [BINGO] === PLAYER SPAWNED ===
[Info   :Zeepkist Bingo] [BINGO] IsInActiveSession: False
[Info   :Zeepkist Bingo] [BINGO] Not in active session, skipping timer reset
[Info   :Zeepkist GTR] 19:32:52 Loading personal best...
[Info   :Zeepkist GTR] 19:32:52 Start processing HTTP request "POST" https://es-graphql-1q5xcqmja6dvh4ctc4t9.zeepki.st/
[Info   :Zeepkist GTR] 19:32:52 Start processing HTTP request "POST" https://es-graphql-1q5xcqmja6dvh4ctc4t9.zeepki.st/
[Info   :Zeepkist GTR] 19:32:52 Sending HTTP request "POST" https://es-graphql-1q5xcqmja6dvh4ctc4t9.zeepki.st/
[Info   :Zeepkist GTR] 19:32:52 Start processing HTTP request "POST" https://es-graphql-1q5xcqmja6dvh4ctc4t9.zeepki.st/
[Info   :Zeepkist GTR] 19:32:52 Start processing HTTP request "POST" https://es-graphql-1q5xcqmja6dvh4ctc4t9.zeepki.st/
[Info   :Zeepkist GTR] 19:32:52 Sending HTTP request "POST" https://es-graphql-1q5xcqmja6dvh4ctc4t9.zeepki.st/
[Info   :Zeepkist GTR] 19:32:52 Stopping existing recorder if any
[Info   :Zeepkist GTR] 19:32:52 Creating new recorder
[Info   :Zeepkist GTR] 19:32:52 Start processing HTTP request "POST" https://es-graphql-1q5xcqmja6dvh4ctc4t9.zeepki.st/
[Info   :Zeepkist GTR] 19:32:52 Start processing HTTP request "POST" https://es-graphql-1q5xcqmja6dvh4ctc4t9.zeepki.st/
[Info   :Zeepkist GTR] 19:32:52 Sending HTTP request "POST" https://es-graphql-1q5xcqmja6dvh4ctc4t9.zeepki.st/
[Info   :Zeepkist GTR] 19:32:52 Received HTTP response headers after 61.488ms - 200
[Info   :Zeepkist GTR] 19:32:52 End processing HTTP request after 61.7201ms - 200
[Info   :Zeepkist GTR] 19:32:52 End processing HTTP request after 63.1128ms - 200
[Info   :Zeepkist GTR] 19:32:52 Received HTTP response headers after 71.0424ms - 200
[Info   :Zeepkist GTR] 19:32:52 End processing HTTP request after 71.2639ms - 200
[Info   :Zeepkist GTR] 19:32:52 End processing HTTP request after 77.7192ms - 200
[Info   :Zeepkist GTR] 19:32:52 Received HTTP response headers after 112.1589ms - 200
[Info   :Zeepkist GTR] 19:32:52 End processing HTTP request after 112.3678ms - 200
[Info   :Zeepkist GTR] 19:32:52 End processing HTTP request after 118.1659ms - 200
[Info   :Zeepkist GTR] 19:32:54 Starting recorder
[Info   :Zeepkist Bingo] [BINGO] === PLAYER SPAWNED ===
[Info   :Zeepkist Bingo] [BINGO] IsInActiveSession: False
[Info   :Zeepkist Bingo] [BINGO] Not in active session, skipping timer reset
[Info   :Zeepkist GTR] 19:33:12 Loading personal best...
[Info   :Zeepkist GTR] 19:33:12 Start processing HTTP request "POST" https://es-graphql-1q5xcqmja6dvh4ctc4t9.zeepki.st/
[Info   :Zeepkist GTR] 19:33:12 Start processing HTTP request "POST" https://es-graphql-1q5xcqmja6dvh4ctc4t9.zeepki.st/
[Info   :Zeepkist GTR] 19:33:12 Sending HTTP request "POST" https://es-graphql-1q5xcqmja6dvh4ctc4t9.zeepki.st/
[Info   :Zeepkist GTR] 19:33:12 Stopping existing recorder if any
[Info   :Zeepkist GTR] 19:33:12 Creating new recorder
[Info   :Zeepkist GTR] 19:33:12 Received HTTP response headers after 55.6151ms - 200
[Info   :Zeepkist GTR] 19:33:12 End processing HTTP request after 55.8367ms - 200
[Info   :Zeepkist GTR] 19:33:12 End processing HTTP request after 58.6773ms - 200
[Info   :Zeepkist GTR] 19:33:14 Starting recorder
[Info   :Zeepkist Bingo] [BINGO] === PLAYER SPAWNED ===
[Info   :Zeepkist Bingo] [BINGO] IsInActiveSession: False
[Info   :Zeepkist Bingo] [BINGO] Not in active session, skipping timer reset
[Info   :Zeepkist GTR] 19:33:22 Loading personal best...
[Info   :Zeepkist GTR] 19:33:22 Start processing HTTP request "POST" https://es-graphql-1q5xcqmja6dvh4ctc4t9.zeepki.st/
[Info   :Zeepkist GTR] 19:33:22 Start processing HTTP request "POST" https://es-graphql-1q5xcqmja6dvh4ctc4t9.zeepki.st/
[Info   :Zeepkist GTR] 19:33:22 Sending HTTP request "POST" https://es-graphql-1q5xcqmja6dvh4ctc4t9.zeepki.st/
[Info   :Zeepkist GTR] 19:33:22 Stopping existing recorder if any
[Info   :Zeepkist GTR] 19:33:22 Creating new recorder
[Info   :Zeepkist GTR] 19:33:22 Received HTTP response headers after 57.4781ms - 200
[Info   :Zeepkist GTR] 19:33:22 End processing HTTP request after 57.697ms - 200
[Info   :Zeepkist GTR] 19:33:22 End processing HTTP request after 61.5261ms - 200
[Info   :Zeepkist GTR] 19:33:24 Starting recorder
[Info   :Zeepkist Bingo] [BINGO] === PLAYER SPAWNED ===
[Info   :Zeepkist Bingo] [BINGO] IsInActiveSession: False
[Info   :Zeepkist Bingo] [BINGO] Not in active session, skipping timer reset
[Info   :Zeepkist GTR] 19:33:41 Loading personal best...
[Info   :Zeepkist GTR] 19:33:41 Start processing HTTP request "POST" https://es-graphql-1q5xcqmja6dvh4ctc4t9.zeepki.st/
[Info   :Zeepkist GTR] 19:33:41 Start processing HTTP request "POST" https://es-graphql-1q5xcqmja6dvh4ctc4t9.zeepki.st/
[Info   :Zeepkist GTR] 19:33:41 Sending HTTP request "POST" https://es-graphql-1q5xcqmja6dvh4ctc4t9.zeepki.st/
[Info   :Zeepkist GTR] 19:33:41 Stopping existing recorder if any
[Info   :Zeepkist GTR] 19:33:41 Creating new recorder
[Info   :Zeepkist GTR] 19:33:41 Received HTTP response headers after 90.0035ms - 200
[Info   :Zeepkist GTR] 19:33:41 End processing HTTP request after 90.2925ms - 200
[Info   :Zeepkist GTR] 19:33:41 End processing HTTP request after 94.7148ms - 200
[Info   :Zeepkist GTR] 19:33:43 Starting recorder
[Info   :Zeepkist Bingo] [BINGO] === PLAYER SPAWNED ===
[Info   :Zeepkist Bingo] [BINGO] IsInActiveSession: False
[Info   :Zeepkist Bingo] [BINGO] Not in active session, skipping timer reset
[Info   :Zeepkist GTR] 19:34:05 Loading personal best...
[Info   :Zeepkist GTR] 19:34:05 Start processing HTTP request "POST" https://es-graphql-1q5xcqmja6dvh4ctc4t9.zeepki.st/
[Info   :Zeepkist GTR] 19:34:05 Start processing HTTP request "POST" https://es-graphql-1q5xcqmja6dvh4ctc4t9.zeepki.st/
[Info   :Zeepkist GTR] 19:34:05 Sending HTTP request "POST" https://es-graphql-1q5xcqmja6dvh4ctc4t9.zeepki.st/
[Info   :Zeepkist GTR] 19:34:05 Stopping existing recorder if any
[Info   :Zeepkist GTR] 19:34:05 Creating new recorder
[Info   :Zeepkist GTR] 19:34:05 Received HTTP response headers after 225.9338ms - 200
[Info   :Zeepkist GTR] 19:34:05 End processing HTTP request after 226.1846ms - 200
[Info   :Zeepkist GTR] 19:34:05 End processing HTTP request after 227.0456ms - 200
[Info   :Zeepkist GTR] 19:34:07 Starting recorder
[Info   :Zeepkist Bingo] [BINGO] === PLAYER SPAWNED ===
[Info   :Zeepkist Bingo] [BINGO] IsInActiveSession: False
[Info   :Zeepkist Bingo] [BINGO] Not in active session, skipping timer reset
[Info   :Zeepkist GTR] 19:34:12 Loading personal best...
[Info   :Zeepkist GTR] 19:34:12 Start processing HTTP request "POST" https://es-graphql-1q5xcqmja6dvh4ctc4t9.zeepki.st/
[Info   :Zeepkist GTR] 19:34:12 Start processing HTTP request "POST" https://es-graphql-1q5xcqmja6dvh4ctc4t9.zeepki.st/
[Info   :Zeepkist GTR] 19:34:12 Sending HTTP request "POST" https://es-graphql-1q5xcqmja6dvh4ctc4t9.zeepki.st/
[Info   :Zeepkist GTR] 19:34:12 Stopping existing recorder if any
[Info   :Zeepkist GTR] 19:34:12 Creating new recorder
[Info   :Zeepkist GTR] 19:34:12 Received HTTP response headers after 65.6228ms - 200
[Info   :Zeepkist GTR] 19:34:12 End processing HTTP request after 65.8759ms - 200
[Info   :Zeepkist GTR] 19:34:12 End processing HTTP request after 70.4585ms - 200
[Info   :Zeepkist GTR] 19:34:14 Starting recorder
[Info   :Zeepkist Bingo] [BINGO] === PLAYER SPAWNED ===
[Info   :Zeepkist Bingo] [BINGO] IsInActiveSession: False
[Info   :Zeepkist Bingo] [BINGO] Not in active session, skipping timer reset
[Info   :Zeepkist GTR] 19:34:35 Loading personal best...
[Info   :Zeepkist GTR] 19:34:35 Start processing HTTP request "POST" https://es-graphql-1q5xcqmja6dvh4ctc4t9.zeepki.st/
[Info   :Zeepkist GTR] 19:34:35 Start processing HTTP request "POST" https://es-graphql-1q5xcqmja6dvh4ctc4t9.zeepki.st/
[Info   :Zeepkist GTR] 19:34:35 Sending HTTP request "POST" https://es-graphql-1q5xcqmja6dvh4ctc4t9.zeepki.st/
[Info   :Zeepkist GTR] 19:34:35 Stopping existing recorder if any
[Info   :Zeepkist GTR] 19:34:35 Creating new recorder
[Info   :Zeepkist GTR] 19:34:35 Received HTTP response headers after 61.4114ms - 200
[Info   :Zeepkist GTR] 19:34:35 End processing HTTP request after 61.6162ms - 200
[Info   :Zeepkist GTR] 19:34:35 End processing HTTP request after 68.0531ms - 200
[Info   :Zeepkist GTR] 19:34:37 Starting recorder
[Info   :Zeepkist Bingo] [BINGO] === PLAYER SPAWNED ===
[Info   :Zeepkist Bingo] [BINGO] IsInActiveSession: False
[Info   :Zeepkist Bingo] [BINGO] Not in active session, skipping timer reset
[Info   :Zeepkist GTR] 19:35:02 Loading personal best...
[Info   :Zeepkist GTR] 19:35:02 Start processing HTTP request "POST" https://es-graphql-1q5xcqmja6dvh4ctc4t9.zeepki.st/
[Info   :Zeepkist GTR] 19:35:02 Start processing HTTP request "POST" https://es-graphql-1q5xcqmja6dvh4ctc4t9.zeepki.st/
[Info   :Zeepkist GTR] 19:35:02 Sending HTTP request "POST" https://es-graphql-1q5xcqmja6dvh4ctc4t9.zeepki.st/
[Info   :Zeepkist GTR] 19:35:02 Stopping existing recorder if any
[Info   :Zeepkist GTR] 19:35:02 Creating new recorder
[Info   :Zeepkist GTR] 19:35:02 Received HTTP response headers after 96.6455ms - 200
[Info   :Zeepkist GTR] 19:35:02 End processing HTTP request after 96.862ms - 200
[Info   :Zeepkist GTR] 19:35:02 End processing HTTP request after 101.4622ms - 200
[Info   :Zeepkist GTR] 19:35:03 Starting recorder
[Info   :Zeepkist Bingo] [BINGO] === PLAYER SPAWNED ===
[Info   :Zeepkist Bingo] [BINGO] IsInActiveSession: False
[Info   :Zeepkist Bingo] [BINGO] Not in active session, skipping timer reset
[Info   :Zeepkist GTR] 19:35:26 Loading personal best...
[Info   :Zeepkist GTR] 19:35:26 Start processing HTTP request "POST" https://es-graphql-1q5xcqmja6dvh4ctc4t9.zeepki.st/
[Info   :Zeepkist GTR] 19:35:26 Start processing HTTP request "POST" https://es-graphql-1q5xcqmja6dvh4ctc4t9.zeepki.st/
[Info   :Zeepkist GTR] 19:35:26 Sending HTTP request "POST" https://es-graphql-1q5xcqmja6dvh4ctc4t9.zeepki.st/
[Info   :Zeepkist GTR] 19:35:26 Stopping existing recorder if any
[Info   :Zeepkist GTR] 19:35:26 Creating new recorder
[Info   :Zeepkist GTR] 19:35:26 Received HTTP response headers after 74.3755ms - 200
[Info   :Zeepkist GTR] 19:35:26 End processing HTTP request after 74.629ms - 200
[Info   :Zeepkist GTR] 19:35:26 End processing HTTP request after 78.9822ms - 200
[Info   :Zeepkist GTR] 19:35:27 Starting recorder
[Info   :Zeepkist Bingo] [BINGO] === PLAYER SPAWNED ===
[Info   :Zeepkist Bingo] [BINGO] IsInActiveSession: False
[Info   :Zeepkist Bingo] [BINGO] Not in active session, skipping timer reset
[Info   :Zeepkist GTR] 19:35:50 Loading personal best...
[Info   :Zeepkist GTR] 19:35:50 Start processing HTTP request "POST" https://es-graphql-1q5xcqmja6dvh4ctc4t9.zeepki.st/
[Info   :Zeepkist GTR] 19:35:50 Start processing HTTP request "POST" https://es-graphql-1q5xcqmja6dvh4ctc4t9.zeepki.st/
[Info   :Zeepkist GTR] 19:35:50 Sending HTTP request "POST" https://es-graphql-1q5xcqmja6dvh4ctc4t9.zeepki.st/
[Info   :Zeepkist GTR] 19:35:50 Stopping existing recorder if any
[Info   :Zeepkist GTR] 19:35:50 Creating new recorder
[Info   :Zeepkist GTR] 19:35:50 Received HTTP response headers after 58.176ms - 200
[Info   :Zeepkist GTR] 19:35:50 End processing HTTP request after 58.3924ms - 200
[Info   :Zeepkist GTR] 19:35:50 End processing HTTP request after 64.9749ms - 200
[Info   :Zeepkist GTR] 19:35:51 Starting recorder
[Info   :Zeepkist GTR] 19:36:20 Stopping recorder
[Info   :Zeepkist GTR] 19:36:20 Collecting extra information
[Info   :Zeepkist GTR] 19:36:20 Resolved workshop ID "3677447000" from lobby 3677447000 and level 0
[Info   :Zeepkist GTR] 19:36:20 Processing ghost data
[Info   :Zeepkist GTR] 19:36:20 Creating stream
[Info   :Zeepkist GTR] 19:36:20 Writing to stream
[Info   :Zeepkist GTR] 19:36:20 Converting to base64
[Info   :Zeepkist GTR] 19:36:20 Creating resource
[Info   :Zeepkist GTR] 19:36:20 Start processing HTTP request "POST" https://es-backend-5eu0pg2dcfyp6u2v33lz.zeepki.st/auth/refresh
[Info   :Zeepkist GTR] 19:36:20 Start processing HTTP request "POST" https://es-backend-5eu0pg2dcfyp6u2v33lz.zeepki.st/auth/refresh
[Info   :Zeepkist GTR] 19:36:20 Sending HTTP request "POST" https://es-backend-5eu0pg2dcfyp6u2v33lz.zeepki.st/auth/refresh
[Info   :Zeepkist GTR] 19:36:20 Received HTTP response headers after 296.1466ms - 200
[Info   :Zeepkist GTR] 19:36:20 End processing HTTP request after 296.3682ms - 200
[Info   :Zeepkist GTR] 19:36:20 End processing HTTP request after 302.4819ms - 200
[Info   :Zeepkist GTR] 19:36:20 Start processing HTTP request "POST" https://es-backend-5eu0pg2dcfyp6u2v33lz.zeepki.st/record/submit
[Info   :Zeepkist GTR] 19:36:20 Start processing HTTP request "POST" https://es-backend-5eu0pg2dcfyp6u2v33lz.zeepki.st/record/submit
[Info   :Zeepkist GTR] 19:36:20 Sending HTTP request "POST" https://es-backend-5eu0pg2dcfyp6u2v33lz.zeepki.st/record/submit
[Info   :Zeepkist GTR] 19:36:21 Received HTTP response headers after 505.8742ms - 200
[Info   :Zeepkist GTR] 19:36:21 End processing HTTP request after 506.0923ms - 200
[Info   :Zeepkist GTR] 19:36:21 End processing HTTP request after 512.5591ms - 200
[Info   :Zeepkist Bingo] [BINGO] === PLAYER SPAWNED ===
[Info   :Zeepkist Bingo] [BINGO] IsInActiveSession: False
[Info   :Zeepkist Bingo] [BINGO] Not in active session, skipping timer reset
[Info   :Zeepkist GTR] 19:36:22 Loading personal best...
[Info   :Zeepkist GTR] 19:36:22 Start processing HTTP request "POST" https://es-graphql-1q5xcqmja6dvh4ctc4t9.zeepki.st/
[Info   :Zeepkist GTR] 19:36:22 Start processing HTTP request "POST" https://es-graphql-1q5xcqmja6dvh4ctc4t9.zeepki.st/
[Info   :Zeepkist GTR] 19:36:22 Sending HTTP request "POST" https://es-graphql-1q5xcqmja6dvh4ctc4t9.zeepki.st/
[Info   :Zeepkist GTR] 19:36:22 Stopping existing recorder if any
[Info   :Zeepkist GTR] 19:36:22 Creating new recorder
[Info   :Zeepkist GTR] 19:36:22 Received HTTP response headers after 233.8708ms - 200
[Info   :Zeepkist GTR] 19:36:22 End processing HTTP request after 234.0815ms - 200
[Info   :Zeepkist GTR] 19:36:22 End processing HTTP request after 241.3592ms - 200
[Info   :Zeepkist GTR] 19:36:22 Start processing HTTP request "GET" https://cdn.zeepki.st/ghosts/01M2NMMYGSD6TVP33TFGZ8B0MG.bin
[Info   :Zeepkist GTR] 19:36:22 Sending HTTP request "GET" https://cdn.zeepki.st/ghosts/01M2NMMYGSD6TVP33TFGZ8B0MG.bin
[Info   :Zeepkist GTR] 19:36:24 Starting recorder
[Info   :Zeepkist GTR] 19:36:24 Start processing HTTP request "POST" https://es-backend-5eu0pg2dcfyp6u2v33lz.zeepki.st/vote/submit
[Info   :Zeepkist GTR] 19:36:24 Start processing HTTP request "POST" https://es-backend-5eu0pg2dcfyp6u2v33lz.zeepki.st/vote/submit
[Info   :Zeepkist GTR] 19:36:24 Sending HTTP request "POST" https://es-backend-5eu0pg2dcfyp6u2v33lz.zeepki.st/vote/submit
[Info   :Zeepkist Bingo] [CHAT] Intercepted message: ++
[Info   :Zeepkist Bingo] [CHAT] Not relaying - no bingo session
[Info   :Zeepkist GTR] 19:36:24 Received HTTP response headers after 99.5203ms - 200
[Info   :Zeepkist GTR] 19:36:24 End processing HTTP request after 99.7707ms - 200
[Info   :Zeepkist GTR] 19:36:24 End processing HTTP request after 103.0162ms - 200
[Info   :Zeepkist GTR] 19:36:33 Start processing HTTP request "POST" https://es-graphql-1q5xcqmja6dvh4ctc4t9.zeepki.st/
[Info   :Zeepkist GTR] 19:36:33 Start processing HTTP request "POST" https://es-graphql-1q5xcqmja6dvh4ctc4t9.zeepki.st/
[Info   :Zeepkist GTR] 19:36:33 Sending HTTP request "POST" https://es-graphql-1q5xcqmja6dvh4ctc4t9.zeepki.st/
[Info   :Zeepkist GTR] 19:36:33 Received HTTP response headers after 82.2916ms - 200
[Info   :Zeepkist GTR] 19:36:33 End processing HTTP request after 82.536ms - 200
[Info   :Zeepkist GTR] 19:36:33 End processing HTTP request after 85.2514ms - 200
[Info   :Zeepkist Bingo] [BINGO] === PLAYER SPAWNED ===
[Info   :Zeepkist Bingo] [BINGO] IsInActiveSession: False
[Info   :Zeepkist Bingo] [BINGO] Not in active session, skipping timer reset
[Info   :Zeepkist GTR] 19:36:46 Loading personal best...
[Info   :Zeepkist GTR] 19:36:46 Start processing HTTP request "POST" https://es-graphql-1q5xcqmja6dvh4ctc4t9.zeepki.st/
[Info   :Zeepkist GTR] 19:36:46 Start processing HTTP request "POST" https://es-graphql-1q5xcqmja6dvh4ctc4t9.zeepki.st/
[Info   :Zeepkist GTR] 19:36:46 Sending HTTP request "POST" https://es-graphql-1q5xcqmja6dvh4ctc4t9.zeepki.st/
[Info   :Zeepkist GTR] 19:36:46 Stopping existing recorder if any
[Info   :Zeepkist GTR] 19:36:46 Creating new recorder
[Info   :Zeepkist GTR] 19:36:46 Received HTTP response headers after 55.4145ms - 200
[Info   :Zeepkist GTR] 19:36:46 End processing HTTP request after 55.6396ms - 200
[Info   :Zeepkist GTR] 19:36:46 End processing HTTP request after 60.5834ms - 200
[Info   :Zeepkist GTR] 19:36:46 Start processing HTTP request "GET" https://cdn.zeepki.st/ghosts/01M2NMMYGSD6TVP33TFGZ8B0MG.bin
[Info   :Zeepkist GTR] 19:36:46 Sending HTTP request "GET" https://cdn.zeepki.st/ghosts/01M2NMMYGSD6TVP33TFGZ8B0MG.bin
[Info   :Zeepkist GTR] 19:36:47 Starting recorder
[Info   :Zeepkist Bingo] [BINGO] === PLAYER SPAWNED ===
[Info   :Zeepkist Bingo] [BINGO] IsInActiveSession: False
[Info   :Zeepkist Bingo] [BINGO] Not in active session, skipping timer reset
[Info   :Zeepkist GTR] 19:36:50 Loading personal best...
[Info   :Zeepkist GTR] 19:36:50 Start processing HTTP request "POST" https://es-graphql-1q5xcqmja6dvh4ctc4t9.zeepki.st/
[Info   :Zeepkist GTR] 19:36:50 Start processing HTTP request "POST" https://es-graphql-1q5xcqmja6dvh4ctc4t9.zeepki.st/
[Info   :Zeepkist GTR] 19:36:50 Sending HTTP request "POST" https://es-graphql-1q5xcqmja6dvh4ctc4t9.zeepki.st/
[Info   :Zeepkist GTR] 19:36:50 Stopping existing recorder if any
[Info   :Zeepkist GTR] 19:36:50 Creating new recorder
[Info   :Zeepkist GTR] 19:36:50 Received HTTP response headers after 66.1745ms - 200
[Info   :Zeepkist GTR] 19:36:50 End processing HTTP request after 66.4066ms - 200
[Info   :Zeepkist GTR] 19:36:50 End processing HTTP request after 68.0916ms - 200
[Info   :Zeepkist GTR] 19:36:50 Start processing HTTP request "GET" https://cdn.zeepki.st/ghosts/01M2NMMYGSD6TVP33TFGZ8B0MG.bin
[Info   :Zeepkist GTR] 19:36:50 Sending HTTP request "GET" https://cdn.zeepki.st/ghosts/01M2NMMYGSD6TVP33TFGZ8B0MG.bin
[Info   :Zeepkist GTR] 19:36:51 Starting recorder
[Info   :Zeepkist Bingo] [BINGO] === PLAYER SPAWNED ===
[Info   :Zeepkist Bingo] [BINGO] IsInActiveSession: False
[Info   :Zeepkist Bingo] [BINGO] Not in active session, skipping timer reset
[Info   :Zeepkist GTR] 19:37:09 Loading personal best...
[Info   :Zeepkist GTR] 19:37:09 Start processing HTTP request "POST" https://es-graphql-1q5xcqmja6dvh4ctc4t9.zeepki.st/
[Info   :Zeepkist GTR] 19:37:09 Start processing HTTP request "POST" https://es-graphql-1q5xcqmja6dvh4ctc4t9.zeepki.st/
[Info   :Zeepkist GTR] 19:37:09 Sending HTTP request "POST" https://es-graphql-1q5xcqmja6dvh4ctc4t9.zeepki.st/
[Info   :Zeepkist GTR] 19:37:09 Stopping existing recorder if any
[Info   :Zeepkist GTR] 19:37:09 Creating new recorder
[Info   :Zeepkist GTR] 19:37:09 Received HTTP response headers after 56.0924ms - 200
[Info   :Zeepkist GTR] 19:37:09 End processing HTTP request after 56.3363ms - 200
[Info   :Zeepkist GTR] 19:37:09 End processing HTTP request after 60.8366ms - 200
[Info   :Zeepkist GTR] 19:37:09 Start processing HTTP request "GET" https://cdn.zeepki.st/ghosts/01M2NMMYGSD6TVP33TFGZ8B0MG.bin
[Info   :Zeepkist GTR] 19:37:09 Sending HTTP request "GET" https://cdn.zeepki.st/ghosts/01M2NMMYGSD6TVP33TFGZ8B0MG.bin
[Info   :Zeepkist GTR] 19:37:10 Starting recorder
[Info   :Zeepkist Bingo] [BINGO] === PLAYER SPAWNED ===
[Info   :Zeepkist Bingo] [BINGO] IsInActiveSession: False
[Info   :Zeepkist Bingo] [BINGO] Not in active session, skipping timer reset
[Info   :Zeepkist GTR] 19:37:33 Loading personal best...
[Info   :Zeepkist GTR] 19:37:33 Start processing HTTP request "POST" https://es-graphql-1q5xcqmja6dvh4ctc4t9.zeepki.st/
[Info   :Zeepkist GTR] 19:37:33 Start processing HTTP request "POST" https://es-graphql-1q5xcqmja6dvh4ctc4t9.zeepki.st/
[Info   :Zeepkist GTR] 19:37:33 Sending HTTP request "POST" https://es-graphql-1q5xcqmja6dvh4ctc4t9.zeepki.st/
[Info   :Zeepkist GTR] 19:37:33 Stopping existing recorder if any
[Info   :Zeepkist GTR] 19:37:33 Creating new recorder
[Info   :Zeepkist GTR] 19:37:33 Received HTTP response headers after 77.5256ms - 200
[Info   :Zeepkist GTR] 19:37:33 End processing HTTP request after 77.7577ms - 200
[Info   :Zeepkist GTR] 19:37:33 End processing HTTP request after 81.7013ms - 200
[Info   :Zeepkist GTR] 19:37:33 Start processing HTTP request "GET" https://cdn.zeepki.st/ghosts/01M2NMMYGSD6TVP33TFGZ8B0MG.bin
[Info   :Zeepkist GTR] 19:37:33 Sending HTTP request "GET" https://cdn.zeepki.st/ghosts/01M2NMMYGSD6TVP33TFGZ8B0MG.bin
[Info   :Zeepkist GTR] 19:37:35 Starting recorder
[Info   :Zeepkist GTR] 19:38:03 Stopping recorder
[Info   :Zeepkist GTR] 19:38:03 Collecting extra information
[Info   :Zeepkist GTR] 19:38:03 Resolved workshop ID "3677447000" from lobby 3677447000 and level 0
[Info   :Zeepkist GTR] 19:38:03 Processing ghost data
[Info   :Zeepkist GTR] 19:38:03 Creating stream
[Info   :Zeepkist GTR] 19:38:03 Writing to stream
[Info   :Zeepkist GTR] 19:38:03 Converting to base64
[Info   :Zeepkist GTR] 19:38:03 Creating resource
[Info   :Zeepkist GTR] 19:38:03 Start processing HTTP request "POST" https://es-backend-5eu0pg2dcfyp6u2v33lz.zeepki.st/record/submit
[Info   :Zeepkist GTR] 19:38:03 Start processing HTTP request "POST" https://es-backend-5eu0pg2dcfyp6u2v33lz.zeepki.st/record/submit
[Info   :Zeepkist GTR] 19:38:03 Sending HTTP request "POST" https://es-backend-5eu0pg2dcfyp6u2v33lz.zeepki.st/record/submit
[Info   :Zeepkist GTR] 19:38:04 Received HTTP response headers after 929.8402ms - 200
[Info   :Zeepkist GTR] 19:38:04 End processing HTTP request after 930.07ms - 200
[Info   :Zeepkist GTR] 19:38:04 End processing HTTP request after 937.1415ms - 200
[Info   :Zeepkist Bingo] [BINGO] === PLAYER SPAWNED ===
[Info   :Zeepkist Bingo] [BINGO] IsInActiveSession: False
[Info   :Zeepkist Bingo] [BINGO] Not in active session, skipping timer reset
[Info   :Zeepkist GTR] 19:38:05 Loading personal best...
[Info   :Zeepkist GTR] 19:38:05 Start processing HTTP request "POST" https://es-graphql-1q5xcqmja6dvh4ctc4t9.zeepki.st/
[Info   :Zeepkist GTR] 19:38:05 Start processing HTTP request "POST" https://es-graphql-1q5xcqmja6dvh4ctc4t9.zeepki.st/
[Info   :Zeepkist GTR] 19:38:05 Sending HTTP request "POST" https://es-graphql-1q5xcqmja6dvh4ctc4t9.zeepki.st/
[Info   :Zeepkist GTR] 19:38:05 Stopping existing recorder if any
[Info   :Zeepkist GTR] 19:38:05 Creating new recorder
[Info   :Zeepkist GTR] 19:38:05 Received HTTP response headers after 102.3777ms - 200
[Info   :Zeepkist GTR] 19:38:05 End processing HTTP request after 102.6057ms - 200
[Info   :Zeepkist GTR] 19:38:05 End processing HTTP request after 106.5215ms - 200
[Info   :Zeepkist GTR] 19:38:05 Start processing HTTP request "GET" https://cdn.zeepki.st/ghosts/01M2NMR3A80Z0V7MBE14ZXT1M5.bin
[Info   :Zeepkist GTR] 19:38:05 Sending HTTP request "GET" https://cdn.zeepki.st/ghosts/01M2NMR3A80Z0V7MBE14ZXT1M5.bin
[Info   :Zeepkist GTR] 19:38:07 Starting recorder
[Info   :Zeepkist Bingo] [BINGO] === PLAYER SPAWNED ===
[Info   :Zeepkist Bingo] [BINGO] IsInActiveSession: False
[Info   :Zeepkist Bingo] [BINGO] Not in active session, skipping timer reset
[Info   :Zeepkist GTR] 19:38:12 Loading personal best...
[Info   :Zeepkist GTR] 19:38:12 Start processing HTTP request "POST" https://es-graphql-1q5xcqmja6dvh4ctc4t9.zeepki.st/
[Info   :Zeepkist GTR] 19:38:12 Start processing HTTP request "POST" https://es-graphql-1q5xcqmja6dvh4ctc4t9.zeepki.st/
[Info   :Zeepkist GTR] 19:38:12 Sending HTTP request "POST" https://es-graphql-1q5xcqmja6dvh4ctc4t9.zeepki.st/
[Info   :Zeepkist GTR] 19:38:12 Stopping existing recorder if any
[Info   :Zeepkist GTR] 19:38:12 Creating new recorder
[Info   :Zeepkist GTR] 19:38:12 Received HTTP response headers after 59.5974ms - 200
[Info   :Zeepkist GTR] 19:38:12 End processing HTTP request after 59.8212ms - 200
[Info   :Zeepkist GTR] 19:38:12 End processing HTTP request after 61.3031ms - 200
[Info   :Zeepkist GTR] 19:38:12 Start processing HTTP request "GET" https://cdn.zeepki.st/ghosts/01M2NMR3A80Z0V7MBE14ZXT1M5.bin
[Info   :Zeepkist GTR] 19:38:12 Sending HTTP request "GET" https://cdn.zeepki.st/ghosts/01M2NMR3A80Z0V7MBE14ZXT1M5.bin
[Info   :Zeepkist GTR] 19:38:14 Starting recorder
[Info   :Zeepkist GTR] 19:38:25 Start processing HTTP request "POST" https://es-graphql-1q5xcqmja6dvh4ctc4t9.zeepki.st/
[Info   :Zeepkist GTR] 19:38:25 Start processing HTTP request "POST" https://es-graphql-1q5xcqmja6dvh4ctc4t9.zeepki.st/
[Info   :Zeepkist GTR] 19:38:25 Sending HTTP request "POST" https://es-graphql-1q5xcqmja6dvh4ctc4t9.zeepki.st/
[Info   :Zeepkist GTR] 19:38:25 Received HTTP response headers after 274.4059ms - 200
[Info   :Zeepkist GTR] 19:38:25 End processing HTTP request after 274.6297ms - 200
[Info   :Zeepkist GTR] 19:38:25 End processing HTTP request after 279.303ms - 200
[Info   :Zeepkist Bingo] [BINGO] === PLAYER SPAWNED ===
[Info   :Zeepkist Bingo] [BINGO] IsInActiveSession: False
[Info   :Zeepkist Bingo] [BINGO] Not in active session, skipping timer reset
[Info   :Zeepkist GTR] 19:38:36 Loading personal best...
[Info   :Zeepkist GTR] 19:38:36 Start processing HTTP request "POST" https://es-graphql-1q5xcqmja6dvh4ctc4t9.zeepki.st/
[Info   :Zeepkist GTR] 19:38:36 Start processing HTTP request "POST" https://es-graphql-1q5xcqmja6dvh4ctc4t9.zeepki.st/
[Info   :Zeepkist GTR] 19:38:36 Sending HTTP request "POST" https://es-graphql-1q5xcqmja6dvh4ctc4t9.zeepki.st/
[Info   :Zeepkist GTR] 19:38:36 Stopping existing recorder if any
[Info   :Zeepkist GTR] 19:38:36 Creating new recorder
[Info   :Zeepkist GTR] 19:38:36 Received HTTP response headers after 59.8309ms - 200
[Info   :Zeepkist GTR] 19:38:36 End processing HTTP request after 60.1467ms - 200
[Info   :Zeepkist GTR] 19:38:36 End processing HTTP request after 62.2993ms - 200
[Info   :Zeepkist GTR] 19:38:36 Start processing HTTP request "GET" https://cdn.zeepki.st/ghosts/01M2NMR3A80Z0V7MBE14ZXT1M5.bin
[Info   :Zeepkist GTR] 19:38:36 Sending HTTP request "GET" https://cdn.zeepki.st/ghosts/01M2NMR3A80Z0V7MBE14ZXT1M5.bin
[Info   :Zeepkist GTR] 19:38:38 Starting recorder
[Info   :Zeepkist GTR] 19:38:42 Start processing HTTP request "POST" https://es-graphql-1q5xcqmja6dvh4ctc4t9.zeepki.st/
[Info   :Zeepkist GTR] 19:38:42 Start processing HTTP request "POST" https://es-graphql-1q5xcqmja6dvh4ctc4t9.zeepki.st/
[Info   :Zeepkist GTR] 19:38:42 Sending HTTP request "POST" https://es-graphql-1q5xcqmja6dvh4ctc4t9.zeepki.st/
[Info   :Zeepkist GTR] 19:38:42 Received HTTP response headers after 64.6118ms - 200
[Info   :Zeepkist GTR] 19:38:42 End processing HTTP request after 64.8299ms - 200
[Info   :Zeepkist GTR] 19:38:42 End processing HTTP request after 69.7414ms - 200
[Info   :Zeepkist Bingo] [CHAT] Intercepted message: map could use checkpoints XD cool map
[Info   :Zeepkist Bingo] [CHAT] Not relaying - no bingo session
[Info   :Zeepkist GTR] 19:39:12 Discarding recorder
[Info   :RoundLeaderboardTab] Drawing leaderboard -> forwarding to Instance.DrawTabLeaderboard()
[Info   :Zeepkist Bingo] [BINGO] Level loaded
[Info   :Zeepkist GTR] 19:39:26 Start processing HTTP request "POST" https://es-backend-5eu0pg2dcfyp6u2v33lz.zeepki.st/level/request
[Info   :Zeepkist GTR] 19:39:26 Start processing HTTP request "POST" https://es-backend-5eu0pg2dcfyp6u2v33lz.zeepki.st/level/request
[Info   :Zeepkist GTR] 19:39:26 Sending HTTP request "POST" https://es-backend-5eu0pg2dcfyp6u2v33lz.zeepki.st/level/request
[Info   :Zeepkist GTR] 19:39:26 Start processing HTTP request "POST" https://es-graphql-1q5xcqmja6dvh4ctc4t9.zeepki.st/
[Info   :Zeepkist GTR] 19:39:26 Start processing HTTP request "POST" https://es-graphql-1q5xcqmja6dvh4ctc4t9.zeepki.st/
[Info   :Zeepkist GTR] 19:39:26 Sending HTTP request "POST" https://es-graphql-1q5xcqmja6dvh4ctc4t9.zeepki.st/
[Info   :Zeepkist GTR] 19:39:26 Start processing HTTP request "POST" https://es-graphql-1q5xcqmja6dvh4ctc4t9.zeepki.st/
[Warning:Zeepkist GTR] 19:39:26 Current-level record subscription failed
[Info   :Zeepkist GTR] 19:39:26 Start processing HTTP request "POST" https://es-graphql-1q5xcqmja6dvh4ctc4t9.zeepki.st/
[Info   :Zeepkist GTR] 19:39:26 Sending HTTP request "POST" https://es-graphql-1q5xcqmja6dvh4ctc4t9.zeepki.st/
[Info   :BetterSplits] getting gtr splits
[Error  :BetterSplits] cannot get splits, no gtr id
[Info   :Zeepkist GTR] 19:39:26 Received HTTP response headers after 68.1863ms - 200
[Info   :Zeepkist GTR] 19:39:26 End processing HTTP request after 68.4198ms - 200
[Info   :Zeepkist Bingo] [BINGO] === PLAYER SPAWNED ===
[Info   :Zeepkist Bingo] [BINGO] IsInActiveSession: False
[Info   :Zeepkist Bingo] [BINGO] Not in active session, skipping timer reset
[Info   :Zeepkist GTR] 19:39:26 Loading personal best...
[Info   :Zeepkist GTR] 19:39:26 Start processing HTTP request "POST" https://es-graphql-1q5xcqmja6dvh4ctc4t9.zeepki.st/
[Info   :Zeepkist GTR] 19:39:26 Start processing HTTP request "POST" https://es-graphql-1q5xcqmja6dvh4ctc4t9.zeepki.st/
[Info   :Zeepkist GTR] 19:39:26 Sending HTTP request "POST" https://es-graphql-1q5xcqmja6dvh4ctc4t9.zeepki.st/
[Info   :Zeepkist GTR] 19:39:26 Stopping existing recorder if any
[Info   :Zeepkist GTR] 19:39:26 Creating new recorder
[Info   :Zeepkist GTR] 19:39:26 End processing HTTP request after 95.2681ms - 200
[Info   :Zeepkist GTR] 19:39:26 Received HTTP response headers after 55.503ms - 200
[Info   :Zeepkist GTR] 19:39:26 End processing HTTP request after 55.7617ms - 200
[Info   :Zeepkist GTR] 19:39:26 End processing HTTP request after 57.535ms - 200
[Info   :Zeepkist GTR] 19:39:26 Received HTTP response headers after 220.8413ms - 200
[Info   :Zeepkist GTR] 19:39:26 End processing HTTP request after 221.0763ms - 200
[Info   :Zeepkist GTR] 19:39:26 End processing HTTP request after 229.2686ms - 200
[Info   :Zeepkist GTR] 19:39:26 Received HTTP response headers after 377.0067ms - 200
[Info   :Zeepkist GTR] 19:39:26 End processing HTTP request after 377.2404ms - 200
[Info   :Zeepkist GTR] 19:39:27 End processing HTTP request after 391.94ms - 200
[Info   :Zeepkist GTR] 19:39:28 Starting recorder
[Info   :Zeepkist Bingo] [BINGO] === PLAYER SPAWNED ===
[Info   :Zeepkist Bingo] [BINGO] IsInActiveSession: False
[Info   :Zeepkist Bingo] [BINGO] Not in active session, skipping timer reset
[Info   :Zeepkist GTR] 19:39:30 Loading personal best...
[Info   :Zeepkist GTR] 19:39:30 Start processing HTTP request "POST" https://es-graphql-1q5xcqmja6dvh4ctc4t9.zeepki.st/
[Info   :Zeepkist GTR] 19:39:30 Start processing HTTP request "POST" https://es-graphql-1q5xcqmja6dvh4ctc4t9.zeepki.st/
[Info   :Zeepkist GTR] 19:39:30 Sending HTTP request "POST" https://es-graphql-1q5xcqmja6dvh4ctc4t9.zeepki.st/
[Info   :Zeepkist GTR] 19:39:30 Stopping existing recorder if any
[Info   :Zeepkist GTR] 19:39:30 Creating new recorder
[Info   :Zeepkist GTR] 19:39:30 Received HTTP response headers after 66.8813ms - 200
[Info   :Zeepkist GTR] 19:39:30 End processing HTTP request after 67.0908ms - 200
[Info   :Zeepkist GTR] 19:39:30 End processing HTTP request after 73.5353ms - 200
[Info   :Zeepkist GTR] 19:39:32 Starting recorder
[Info   :Zeepkist Bingo] [BINGO] === PLAYER SPAWNED ===
[Info   :Zeepkist Bingo] [BINGO] IsInActiveSession: False
[Info   :Zeepkist Bingo] [BINGO] Not in active session, skipping timer reset
[Info   :Zeepkist GTR] 19:39:36 Loading personal best...
[Info   :Zeepkist GTR] 19:39:36 Start processing HTTP request "POST" https://es-graphql-1q5xcqmja6dvh4ctc4t9.zeepki.st/
[Info   :Zeepkist GTR] 19:39:36 Start processing HTTP request "POST" https://es-graphql-1q5xcqmja6dvh4ctc4t9.zeepki.st/
[Info   :Zeepkist GTR] 19:39:36 Sending HTTP request "POST" https://es-graphql-1q5xcqmja6dvh4ctc4t9.zeepki.st/
[Info   :Zeepkist GTR] 19:39:36 Stopping existing recorder if any
[Info   :Zeepkist GTR] 19:39:36 Creating new recorder
[Info   :Zeepkist GTR] 19:39:36 Received HTTP response headers after 60.6357ms - 200
[Info   :Zeepkist GTR] 19:39:36 End processing HTTP request after 60.8518ms - 200
[Info   :Zeepkist GTR] 19:39:36 End processing HTTP request after 68.189ms - 200
[Info   :Zeepkist GTR] 19:39:37 Starting recorder
[Info   :Zeepkist Bingo] [BINGO] === PLAYER SPAWNED ===
[Info   :Zeepkist Bingo] [BINGO] IsInActiveSession: False
[Info   :Zeepkist Bingo] [BINGO] Not in active session, skipping timer reset
[Info   :Zeepkist GTR] 19:39:49 Loading personal best...
[Info   :Zeepkist GTR] 19:39:49 Start processing HTTP request "POST" https://es-graphql-1q5xcqmja6dvh4ctc4t9.zeepki.st/
[Info   :Zeepkist GTR] 19:39:49 Start processing HTTP request "POST" https://es-graphql-1q5xcqmja6dvh4ctc4t9.zeepki.st/
[Info   :Zeepkist GTR] 19:39:49 Sending HTTP request "POST" https://es-graphql-1q5xcqmja6dvh4ctc4t9.zeepki.st/
[Info   :Zeepkist GTR] 19:39:49 Stopping existing recorder if any
[Info   :Zeepkist GTR] 19:39:49 Creating new recorder
[Info   :Zeepkist GTR] 19:39:49 Received HTTP response headers after 55.1149ms - 200
[Info   :Zeepkist GTR] 19:39:49 End processing HTTP request after 55.329ms - 200
[Info   :Zeepkist GTR] 19:39:49 End processing HTTP request after 61.2043ms - 200
[Info   :Zeepkist GTR] 19:39:51 Starting recorder
[Info   :Zeepkist Bingo] [BINGO] === PLAYER SPAWNED ===
[Info   :Zeepkist Bingo] [BINGO] IsInActiveSession: False
[Info   :Zeepkist Bingo] [BINGO] Not in active session, skipping timer reset
[Info   :Zeepkist GTR] 19:39:55 Loading personal best...
[Info   :Zeepkist GTR] 19:39:55 Start processing HTTP request "POST" https://es-graphql-1q5xcqmja6dvh4ctc4t9.zeepki.st/
[Info   :Zeepkist GTR] 19:39:55 Start processing HTTP request "POST" https://es-graphql-1q5xcqmja6dvh4ctc4t9.zeepki.st/
[Info   :Zeepkist GTR] 19:39:55 Sending HTTP request "POST" https://es-graphql-1q5xcqmja6dvh4ctc4t9.zeepki.st/
[Info   :Zeepkist GTR] 19:39:55 Stopping existing recorder if any
[Info   :Zeepkist GTR] 19:39:55 Creating new recorder
[Info   :Zeepkist GTR] 19:39:55 Received HTTP response headers after 61.2733ms - 200
[Info   :Zeepkist GTR] 19:39:55 End processing HTTP request after 61.4988ms - 200
[Info   :Zeepkist GTR] 19:39:55 End processing HTTP request after 71.4554ms - 200
[Info   :Zeepkist GTR] 19:39:57 Starting recorder
[Info   :Zeepkist Bingo] [BINGO] === PLAYER SPAWNED ===
[Info   :Zeepkist Bingo] [BINGO] IsInActiveSession: False
[Info   :Zeepkist Bingo] [BINGO] Not in active session, skipping timer reset
[Info   :Zeepkist GTR] 19:40:11 Loading personal best...
[Info   :Zeepkist GTR] 19:40:11 Start processing HTTP request "POST" https://es-graphql-1q5xcqmja6dvh4ctc4t9.zeepki.st/
[Info   :Zeepkist GTR] 19:40:11 Start processing HTTP request "POST" https://es-graphql-1q5xcqmja6dvh4ctc4t9.zeepki.st/
[Info   :Zeepkist GTR] 19:40:11 Sending HTTP request "POST" https://es-graphql-1q5xcqmja6dvh4ctc4t9.zeepki.st/
[Info   :Zeepkist GTR] 19:40:11 Stopping existing recorder if any
[Info   :Zeepkist GTR] 19:40:11 Creating new recorder
[Info   :Zeepkist GTR] 19:40:11 Received HTTP response headers after 57.0957ms - 200
[Info   :Zeepkist GTR] 19:40:11 End processing HTTP request after 57.3203ms - 200
[Info   :Zeepkist GTR] 19:40:11 End processing HTTP request after 70.1931ms - 200
[Info   :Zeepkist GTR] 19:40:12 Starting recorder
[Info   :Zeepkist Bingo] [BINGO] === PLAYER SPAWNED ===
[Info   :Zeepkist Bingo] [BINGO] IsInActiveSession: False
[Info   :Zeepkist Bingo] [BINGO] Not in active session, skipping timer reset
[Info   :Zeepkist GTR] 19:40:25 Loading personal best...
[Info   :Zeepkist GTR] 19:40:25 Start processing HTTP request "POST" https://es-graphql-1q5xcqmja6dvh4ctc4t9.zeepki.st/
[Info   :Zeepkist GTR] 19:40:25 Start processing HTTP request "POST" https://es-graphql-1q5xcqmja6dvh4ctc4t9.zeepki.st/
[Info   :Zeepkist GTR] 19:40:25 Sending HTTP request "POST" https://es-graphql-1q5xcqmja6dvh4ctc4t9.zeepki.st/
[Info   :Zeepkist GTR] 19:40:25 Stopping existing recorder if any
[Info   :Zeepkist GTR] 19:40:25 Creating new recorder
[Info   :Zeepkist GTR] 19:40:25 Received HTTP response headers after 216.1927ms - 200
[Info   :Zeepkist GTR] 19:40:25 End processing HTTP request after 216.4902ms - 200
[Info   :Zeepkist GTR] 19:40:25 End processing HTTP request after 218.7829ms - 200
[Info   :Zeepkist GTR] 19:40:26 Starting recorder
[Info   :Zeepkist Bingo] [BINGO] === PLAYER SPAWNED ===
[Info   :Zeepkist Bingo] [BINGO] IsInActiveSession: False
[Info   :Zeepkist Bingo] [BINGO] Not in active session, skipping timer reset
[Info   :Zeepkist GTR] 19:40:46 Loading personal best...
[Info   :Zeepkist GTR] 19:40:46 Start processing HTTP request "POST" https://es-graphql-1q5xcqmja6dvh4ctc4t9.zeepki.st/
[Info   :Zeepkist GTR] 19:40:46 Start processing HTTP request "POST" https://es-graphql-1q5xcqmja6dvh4ctc4t9.zeepki.st/
[Info   :Zeepkist GTR] 19:40:46 Sending HTTP request "POST" https://es-graphql-1q5xcqmja6dvh4ctc4t9.zeepki.st/
[Info   :Zeepkist GTR] 19:40:46 Stopping existing recorder if any
[Info   :Zeepkist GTR] 19:40:46 Creating new recorder
[Info   :Zeepkist GTR] 19:40:46 Received HTTP response headers after 55.98ms - 200
[Info   :Zeepkist GTR] 19:40:46 End processing HTTP request after 56.2014ms - 200
[Info   :Zeepkist GTR] 19:40:46 End processing HTTP request after 61.9687ms - 200
[Info   :Zeepkist GTR] 19:40:48 Starting recorder
[Info   :Zeepkist Bingo] [BINGO] === PLAYER SPAWNED ===
[Info   :Zeepkist Bingo] [BINGO] IsInActiveSession: False
[Info   :Zeepkist Bingo] [BINGO] Not in active session, skipping timer reset
[Info   :Zeepkist GTR] 19:41:03 Loading personal best...
[Info   :Zeepkist GTR] 19:41:03 Start processing HTTP request "POST" https://es-graphql-1q5xcqmja6dvh4ctc4t9.zeepki.st/
[Info   :Zeepkist GTR] 19:41:03 Start processing HTTP request "POST" https://es-graphql-1q5xcqmja6dvh4ctc4t9.zeepki.st/
[Info   :Zeepkist GTR] 19:41:03 Sending HTTP request "POST" https://es-graphql-1q5xcqmja6dvh4ctc4t9.zeepki.st/
[Info   :Zeepkist GTR] 19:41:03 Stopping existing recorder if any
[Info   :Zeepkist GTR] 19:41:03 Creating new recorder
[Info   :Zeepkist GTR] 19:41:03 Received HTTP response headers after 96.4393ms - 200
[Info   :Zeepkist GTR] 19:41:03 End processing HTTP request after 96.657ms - 200
[Info   :Zeepkist GTR] 19:41:03 End processing HTTP request after 105.093ms - 200
[Info   :Zeepkist GTR] 19:41:04 Starting recorder
[Info   :Zeepkist Bingo] [BINGO] === PLAYER SPAWNED ===
[Info   :Zeepkist Bingo] [BINGO] IsInActiveSession: False
[Info   :Zeepkist Bingo] [BINGO] Not in active session, skipping timer reset
[Info   :Zeepkist GTR] 19:41:32 Loading personal best...
[Info   :Zeepkist GTR] 19:41:32 Start processing HTTP request "POST" https://es-graphql-1q5xcqmja6dvh4ctc4t9.zeepki.st/
[Info   :Zeepkist GTR] 19:41:32 Start processing HTTP request "POST" https://es-graphql-1q5xcqmja6dvh4ctc4t9.zeepki.st/
[Info   :Zeepkist GTR] 19:41:32 Sending HTTP request "POST" https://es-graphql-1q5xcqmja6dvh4ctc4t9.zeepki.st/
[Info   :Zeepkist GTR] 19:41:32 Stopping existing recorder if any
[Info   :Zeepkist GTR] 19:41:32 Creating new recorder
[Info   :Zeepkist GTR] 19:41:32 Received HTTP response headers after 68.8689ms - 200
[Info   :Zeepkist GTR] 19:41:32 End processing HTTP request after 69.0855ms - 200
[Info   :Zeepkist GTR] 19:41:32 End processing HTTP request after 74.9366ms - 200
[Info   :Zeepkist GTR] 19:41:34 Starting recorder
[Info   :Zeepkist GTR] 19:42:26 Stopping recorder
[Info   :Zeepkist GTR] 19:42:26 Collecting extra information
[Info   :Zeepkist GTR] 19:42:26 Resolved workshop ID "3677447000" from lobby 3677447000 and level 0
[Info   :Zeepkist GTR] 19:42:26 Processing ghost data
[Info   :Zeepkist GTR] 19:42:26 Creating stream
[Info   :Zeepkist GTR] 19:42:26 Writing to stream
[Info   :Zeepkist GTR] 19:42:26 Converting to base64
[Info   :Zeepkist GTR] 19:42:26 Creating resource
[Info   :Zeepkist GTR] 19:42:26 Start processing HTTP request "POST" https://es-backend-5eu0pg2dcfyp6u2v33lz.zeepki.st/record/submit
[Info   :Zeepkist GTR] 19:42:26 Start processing HTTP request "POST" https://es-backend-5eu0pg2dcfyp6u2v33lz.zeepki.st/record/submit
[Info   :Zeepkist GTR] 19:42:26 Sending HTTP request "POST" https://es-backend-5eu0pg2dcfyp6u2v33lz.zeepki.st/record/submit
[Info   :Zeepkist GTR] 19:42:27 Received HTTP response headers after 601.2178ms - 200
[Info   :Zeepkist GTR] 19:42:27 End processing HTTP request after 601.462ms - 200
[Info   :Zeepkist GTR] 19:42:27 End processing HTTP request after 603.8893ms - 200
[Info   :Zeepkist Bingo] [BINGO] === PLAYER SPAWNED ===
[Info   :Zeepkist Bingo] [BINGO] IsInActiveSession: False
[Info   :Zeepkist Bingo] [BINGO] Not in active session, skipping timer reset
[Info   :Zeepkist GTR] 19:42:28 Loading personal best...
[Info   :Zeepkist GTR] 19:42:28 Start processing HTTP request "POST" https://es-graphql-1q5xcqmja6dvh4ctc4t9.zeepki.st/
[Info   :Zeepkist GTR] 19:42:28 Start processing HTTP request "POST" https://es-graphql-1q5xcqmja6dvh4ctc4t9.zeepki.st/
[Info   :Zeepkist GTR] 19:42:28 Sending HTTP request "POST" https://es-graphql-1q5xcqmja6dvh4ctc4t9.zeepki.st/
[Info   :Zeepkist GTR] 19:42:28 Stopping existing recorder if any
[Info   :Zeepkist GTR] 19:42:28 Creating new recorder
[Info   :Zeepkist GTR] 19:42:28 Received HTTP response headers after 239.6519ms - 200
[Info   :Zeepkist GTR] 19:42:28 End processing HTTP request after 239.87ms - 200
[Info   :Zeepkist GTR] 19:42:28 End processing HTTP request after 247.4794ms - 200
[Info   :Zeepkist GTR] 19:42:28 Start processing HTTP request "GET" https://cdn.zeepki.st/ghosts/01M2NN03W2FYRM3Z1FHY44Z2T3.bin
[Info   :Zeepkist GTR] 19:42:28 Sending HTTP request "GET" https://cdn.zeepki.st/ghosts/01M2NN03W2FYRM3Z1FHY44Z2T3.bin
[Info   :Zeepkist GTR] 19:42:29 Starting recorder
[Info   :Zeepkist Bingo] [BINGO] === PLAYER SPAWNED ===
[Info   :Zeepkist Bingo] [BINGO] IsInActiveSession: False
[Info   :Zeepkist Bingo] [BINGO] Not in active session, skipping timer reset
[Info   :Zeepkist GTR] 19:42:35 Loading personal best...
[Info   :Zeepkist GTR] 19:42:35 Start processing HTTP request "POST" https://es-graphql-1q5xcqmja6dvh4ctc4t9.zeepki.st/
[Info   :Zeepkist GTR] 19:42:35 Start processing HTTP request "POST" https://es-graphql-1q5xcqmja6dvh4ctc4t9.zeepki.st/
[Info   :Zeepkist GTR] 19:42:35 Sending HTTP request "POST" https://es-graphql-1q5xcqmja6dvh4ctc4t9.zeepki.st/
[Info   :Zeepkist GTR] 19:42:35 Stopping existing recorder if any
[Info   :Zeepkist GTR] 19:42:35 Creating new recorder
[Info   :Zeepkist GTR] 19:42:35 Received HTTP response headers after 53.7183ms - 200
[Info   :Zeepkist GTR] 19:42:35 End processing HTTP request after 53.9535ms - 200
[Info   :Zeepkist GTR] 19:42:35 End processing HTTP request after 62.3788ms - 200
[Info   :Zeepkist GTR] 19:42:35 Start processing HTTP request "GET" https://cdn.zeepki.st/ghosts/01M2NN03W2FYRM3Z1FHY44Z2T3.bin
[Info   :Zeepkist GTR] 19:42:35 Sending HTTP request "GET" https://cdn.zeepki.st/ghosts/01M2NN03W2FYRM3Z1FHY44Z2T3.bin
[Info   :Zeepkist GTR] 19:42:37 Starting recorder
[Info   :Zeepkist GTR] 19:42:47 Start processing HTTP request "POST" https://es-graphql-1q5xcqmja6dvh4ctc4t9.zeepki.st/
[Info   :Zeepkist GTR] 19:42:47 Start processing HTTP request "POST" https://es-graphql-1q5xcqmja6dvh4ctc4t9.zeepki.st/
[Info   :Zeepkist GTR] 19:42:47 Sending HTTP request "POST" https://es-graphql-1q5xcqmja6dvh4ctc4t9.zeepki.st/
[Info   :Zeepkist GTR] 19:42:47 Received HTTP response headers after 57.6505ms - 200
[Info   :Zeepkist GTR] 19:42:47 End processing HTTP request after 57.8819ms - 200
[Info   :Zeepkist GTR] 19:42:47 End processing HTTP request after 64.3573ms - 200
[Info   :Zeepkist Bingo] [BINGO] === PLAYER SPAWNED ===
[Info   :Zeepkist Bingo] [BINGO] IsInActiveSession: False
[Info   :Zeepkist Bingo] [BINGO] Not in active session, skipping timer reset
[Info   :Zeepkist GTR] 19:42:49 Loading personal best...
[Info   :Zeepkist GTR] 19:42:49 Start processing HTTP request "POST" https://es-graphql-1q5xcqmja6dvh4ctc4t9.zeepki.st/
[Info   :Zeepkist GTR] 19:42:49 Start processing HTTP request "POST" https://es-graphql-1q5xcqmja6dvh4ctc4t9.zeepki.st/
[Info   :Zeepkist GTR] 19:42:49 Sending HTTP request "POST" https://es-graphql-1q5xcqmja6dvh4ctc4t9.zeepki.st/
[Info   :Zeepkist GTR] 19:42:49 Stopping existing recorder if any
[Info   :Zeepkist GTR] 19:42:49 Creating new recorder
[Info   :Zeepkist GTR] 19:42:49 Received HTTP response headers after 58.4724ms - 200
[Info   :Zeepkist GTR] 19:42:49 End processing HTTP request after 58.7392ms - 200
[Info   :Zeepkist GTR] 19:42:49 End processing HTTP request after 62.1807ms - 200
[Info   :Zeepkist GTR] 19:42:49 Start processing HTTP request "GET" https://cdn.zeepki.st/ghosts/01M2NN03W2FYRM3Z1FHY44Z2T3.bin
[Info   :Zeepkist GTR] 19:42:49 Sending HTTP request "GET" https://cdn.zeepki.st/ghosts/01M2NN03W2FYRM3Z1FHY44Z2T3.bin
[Info   :Zeepkist GTR] 19:42:51 Starting recorder
[Info   :Zeepkist Bingo] [BINGO] === PLAYER SPAWNED ===
[Info   :Zeepkist Bingo] [BINGO] IsInActiveSession: False
[Info   :Zeepkist Bingo] [BINGO] Not in active session, skipping timer reset
[Info   :Zeepkist GTR] 19:43:05 Loading personal best...
[Info   :Zeepkist GTR] 19:43:05 Start processing HTTP request "POST" https://es-graphql-1q5xcqmja6dvh4ctc4t9.zeepki.st/
[Info   :Zeepkist GTR] 19:43:05 Start processing HTTP request "POST" https://es-graphql-1q5xcqmja6dvh4ctc4t9.zeepki.st/
[Info   :Zeepkist GTR] 19:43:05 Sending HTTP request "POST" https://es-graphql-1q5xcqmja6dvh4ctc4t9.zeepki.st/
[Info   :Zeepkist GTR] 19:43:05 Stopping existing recorder if any
[Info   :Zeepkist GTR] 19:43:05 Creating new recorder
[Info   :Zeepkist GTR] 19:43:05 Received HTTP response headers after 75.7106ms - 200
[Info   :Zeepkist GTR] 19:43:05 End processing HTTP request after 75.9221ms - 200
[Info   :Zeepkist GTR] 19:43:05 End processing HTTP request after 82.1861ms - 200
[Info   :Zeepkist GTR] 19:43:05 Start processing HTTP request "GET" https://cdn.zeepki.st/ghosts/01M2NN03W2FYRM3Z1FHY44Z2T3.bin
[Info   :Zeepkist GTR] 19:43:05 Sending HTTP request "GET" https://cdn.zeepki.st/ghosts/01M2NN03W2FYRM3Z1FHY44Z2T3.bin
[Info   :Zeepkist GTR] 19:43:07 Starting recorder
[Warning:Zeepkist GTR] 19:43:47 Unable to download ghost 3942039
[Error  :Zeepkist GTR] 19:43:47 Unable to get ghost from repository: "Result: IsSuccess='False', Reasons='ExceptionalError with Message='An error occurred while sending the request', Exception='System.Net.Http.HttpRequestException: An error occurred while sending the request ---> System.Net.WebException: Error: ConnectFailure (Se produjo un error durante el intento de conexión ya que la parte conectada no respondió adecuadamente tras un periodo de tiempo, o bien se produjo un error en la conexión establecida ya que el host conectado no ha podido responder.
                     ) ---> System.Net.Sockets.SocketException: Se produjo un error durante el intento de conexión ya que la parte conectada no respondió adecuadamente tras un periodo de tiempo, o bien se produjo un error en la conexión establecida ya que el host conectado no ha podido responder.
                     
  at System.Net.Sockets.SocketAsyncResult.CheckIfThrowDelayedException () [0x00014] in <a971fed4bf844502b6501dbde9cced46>:0 
  at System.Net.Sockets.Socket.EndConnect (System.IAsyncResult asyncResult) [0x0002c] in <a971fed4bf844502b6501dbde9cced46>:0 
  at System.Net.WebConnection+<>c.<Connect>b__16_1 (System.IAsyncResult asyncResult) [0x00006] in <a971fed4bf844502b6501dbde9cced46>:0 
  at System.Threading.Tasks.TaskFactory`1[TResult].FromAsyncCoreLogic (System.IAsyncResult iar, System.Func`2[T,TResult] endFunction, System.Action`1[T] endAction, System.Threading.Tasks.Task`1[TResult] promise, System.Boolean requiresSynchronization) [0x00019] in <9aad1b3a47484d63ba2b3985692d80e9>:0 
--- End of stack trace from previous location where exception was thrown ---

  at System.Net.WebConnection.Connect (System.Net.WebOperation operation, System.Threading.CancellationToken cancellationToken) [0x001e1] in <a971fed4bf844502b6501dbde9cced46>:0 
   --- End of inner exception stack trace ---
  at System.Net.WebConnection.Connect (System.Net.WebOperation operation, System.Threading.CancellationToken cancellationToken) [0x0025d] in <a971fed4bf844502b6501dbde9cced46>:0 
  at System.Net.WebConnection.InitConnection (System.Net.WebOperation operation, System.Threading.CancellationToken cancellationToken) [0x000cc] in <a971fed4bf844502b6501dbde9cced46>:0 
  at System.Net.WebOperation.Run () [0x0009a] in <a971fed4bf844502b6501dbde9cced46>:0 
  at System.Net.WebCompletionSource`1[T].WaitForCompletion () [0x00094] in <a971fed4bf844502b6501dbde9cced46>:0 
  at System.Net.HttpWebRequest.RunWithTimeoutWorker[T] (System.Threading.Tasks.Task`1[TResult] workerTask, System.Int32 timeout, System.Action abort, System.Func`1[TResult] aborted, System.Threading.CancellationTokenSource cts) [0x000f8] in <a971fed4bf844502b6501dbde9cced46>:0 
  at System.Net.HttpWebRequest.EndGetResponse (System.IAsyncResult asyncResult) [0x00020] in <a971fed4bf844502b6501dbde9cced46>:0 
  at System.Threading.Tasks.TaskFactory`1[TResult].FromAsyncCoreLogic (System.IAsyncResult iar, System.Func`2[T,TResult] endFunction, System.Action`1[T] endAction, System.Threading.Tasks.Task`1[TResult] promise, System.Boolean requiresSynchronization) [0x0000f] in <9aad1b3a47484d63ba2b3985692d80e9>:0 
--- End of stack trace from previous location where exception was thrown ---

  at System.Net.Http.MonoWebRequestHandler.SendAsync (System.Net.Http.HttpRequestMessage request, System.Threading.CancellationToken cancellationToken) [0x004ae] in <1461f1930feb4705bca8b5d7908e9fa7>:0 
   --- End of inner exception stack trace ---
  at System.Net.Http.MonoWebRequestHandler.SendAsync (System.Net.Http.HttpRequestMessage request, System.Threading.CancellationToken cancellationToken) [0x00509] in <1461f1930feb4705bca8b5d7908e9fa7>:0 
  at Microsoft.Extensions.Http.Logging.LoggingHttpMessageHandler.SendAsync (System.Net.Http.HttpRequestMessage request, System.Threading.CancellationToken cancellationToken) [0x000d7] in <eb702e06450043b2b2cf918768e3c012>:0 
  at Microsoft.Extensions.Http.Logging.LoggingScopeHttpMessageHandler.SendAsync (System.Net.Http.HttpRequestMessage request, System.Threading.CancellationToken cancellationToken) [0x000ef] in <eb702e06450043b2b2cf918768e3c012>:0 
  at System.Net.Http.HttpClient.SendAsyncWorker (System.Net.Http.HttpRequestMessage request, System.Net.Http.HttpCompletionOption completionOption, System.Threading.CancellationToken cancellationToken) [0x000e8] in <1461f1930feb4705bca8b5d7908e9fa7>:0 
  at TNRD.Zeepkist.GTR.Ghosting.Playback.GhostRepository.DownloadGhost (System.Int32 recordId, System.String ghostUrl, System.Threading.CancellationToken cancellationToken) [0x000f0] in D:\a\Zeepkist.GTR.Mod\Zeepkist.GTR.Mod\Ghosting\Playback\GhostRepository.cs:124 '', "
[Info   :Zeepkist GTR] 19:43:55 Stopping recorder
[Info   :Zeepkist GTR] 19:43:55 Collecting extra information
[Info   :Zeepkist GTR] 19:43:55 Resolved workshop ID "3677447000" from lobby 3677447000 and level 0
[Info   :Zeepkist GTR] 19:43:55 Processing ghost data
[Info   :Zeepkist GTR] 19:43:55 Creating stream
[Info   :Zeepkist GTR] 19:43:55 Writing to stream
[Info   :Zeepkist GTR] 19:43:56 Converting to base64
[Info   :Zeepkist GTR] 19:43:56 Creating resource
[Info   :Zeepkist GTR] 19:43:56 Start processing HTTP request "POST" https://es-backend-5eu0pg2dcfyp6u2v33lz.zeepki.st/record/submit
[Info   :Zeepkist GTR] 19:43:56 Start processing HTTP request "POST" https://es-backend-5eu0pg2dcfyp6u2v33lz.zeepki.st/record/submit
[Info   :Zeepkist GTR] 19:43:56 Sending HTTP request "POST" https://es-backend-5eu0pg2dcfyp6u2v33lz.zeepki.st/record/submit
[Info   :Zeepkist GTR] 19:43:56 Received HTTP response headers after 409.1833ms - 200
[Info   :Zeepkist GTR] 19:43:56 End processing HTTP request after 409.4215ms - 200
[Info   :Zeepkist GTR] 19:43:56 End processing HTTP request after 414.4352ms - 200
[Info   :Zeepkist Bingo] [BINGO] === PLAYER SPAWNED ===
[Info   :Zeepkist Bingo] [BINGO] IsInActiveSession: False
[Info   :Zeepkist Bingo] [BINGO] Not in active session, skipping timer reset
[Info   :Zeepkist GTR] 19:43:58 Loading personal best...
[Info   :Zeepkist GTR] 19:43:58 Start processing HTTP request "POST" https://es-graphql-1q5xcqmja6dvh4ctc4t9.zeepki.st/
[Info   :Zeepkist GTR] 19:43:58 Start processing HTTP request "POST" https://es-graphql-1q5xcqmja6dvh4ctc4t9.zeepki.st/
[Info   :Zeepkist GTR] 19:43:58 Sending HTTP request "POST" https://es-graphql-1q5xcqmja6dvh4ctc4t9.zeepki.st/
[Info   :Zeepkist GTR] 19:43:58 Stopping existing recorder if any
[Info   :Zeepkist GTR] 19:43:58 Creating new recorder
[Info   :Zeepkist GTR] 19:43:58 Received HTTP response headers after 133.6399ms - 200
[Info   :Zeepkist GTR] 19:43:58 End processing HTTP request after 133.8841ms - 200
[Info   :Zeepkist GTR] 19:43:58 End processing HTTP request after 145.25ms - 200
[Info   :Zeepkist GTR] 19:43:58 Start processing HTTP request "GET" https://cdn.zeepki.st/ghosts/01M2NN2TY7WX2KA0X836FYGVJP.bin
[Info   :Zeepkist GTR] 19:43:58 Sending HTTP request "GET" https://cdn.zeepki.st/ghosts/01M2NN2TY7WX2KA0X836FYGVJP.bin
[Info   :Zeepkist GTR] 19:44:00 Starting recorder
[Info   :Zeepkist GTR] 19:44:03 Start processing HTTP request "POST" https://es-graphql-1q5xcqmja6dvh4ctc4t9.zeepki.st/
[Info   :Zeepkist GTR] 19:44:03 Start processing HTTP request "POST" https://es-graphql-1q5xcqmja6dvh4ctc4t9.zeepki.st/
[Info   :Zeepkist GTR] 19:44:03 Sending HTTP request "POST" https://es-graphql-1q5xcqmja6dvh4ctc4t9.zeepki.st/
[Info   :Zeepkist GTR] 19:44:03 Received HTTP response headers after 53.1508ms - 200
[Info   :Zeepkist GTR] 19:44:03 End processing HTTP request after 53.4086ms - 200
[Info   :Zeepkist GTR] 19:44:03 End processing HTTP request after 63.5199ms - 200
[Info   :Zeepkist Bingo] [BINGO] === PLAYER SPAWNED ===
[Info   :Zeepkist Bingo] [BINGO] IsInActiveSession: False
[Info   :Zeepkist Bingo] [BINGO] Not in active session, skipping timer reset
[Info   :Zeepkist GTR] 19:44:18 Loading personal best...
[Info   :Zeepkist GTR] 19:44:18 Start processing HTTP request "POST" https://es-graphql-1q5xcqmja6dvh4ctc4t9.zeepki.st/
[Info   :Zeepkist GTR] 19:44:18 Start processing HTTP request "POST" https://es-graphql-1q5xcqmja6dvh4ctc4t9.zeepki.st/
[Info   :Zeepkist GTR] 19:44:18 Sending HTTP request "POST" https://es-graphql-1q5xcqmja6dvh4ctc4t9.zeepki.st/
[Info   :Zeepkist GTR] 19:44:18 Stopping existing recorder if any
[Info   :Zeepkist GTR] 19:44:18 Creating new recorder
[Info   :Zeepkist GTR] 19:44:18 Received HTTP response headers after 69.523ms - 200
[Info   :Zeepkist GTR] 19:44:18 End processing HTTP request after 69.7375ms - 200
[Info   :Zeepkist GTR] 19:44:18 End processing HTTP request after 75.0749ms - 200
[Info   :Zeepkist GTR] 19:44:18 Start processing HTTP request "GET" https://cdn.zeepki.st/ghosts/01M2NN2TY7WX2KA0X836FYGVJP.bin
[Info   :Zeepkist GTR] 19:44:18 Sending HTTP request "GET" https://cdn.zeepki.st/ghosts/01M2NN2TY7WX2KA0X836FYGVJP.bin
[Info   :Zeepkist GTR] 19:44:20 Starting recorder
[Info   :Zeepkist Bingo] [BINGO] === PLAYER SPAWNED ===
[Info   :Zeepkist Bingo] [BINGO] IsInActiveSession: False
[Info   :Zeepkist Bingo] [BINGO] Not in active session, skipping timer reset
[Info   :Zeepkist GTR] 19:44:24 Loading personal best...
[Info   :Zeepkist GTR] 19:44:24 Start processing HTTP request "POST" https://es-graphql-1q5xcqmja6dvh4ctc4t9.zeepki.st/
[Info   :Zeepkist GTR] 19:44:24 Start processing HTTP request "POST" https://es-graphql-1q5xcqmja6dvh4ctc4t9.zeepki.st/
[Info   :Zeepkist GTR] 19:44:24 Sending HTTP request "POST" https://es-graphql-1q5xcqmja6dvh4ctc4t9.zeepki.st/
[Info   :Zeepkist GTR] 19:44:24 Stopping existing recorder if any
[Info   :Zeepkist GTR] 19:44:24 Creating new recorder
[Info   :Zeepkist GTR] 19:44:24 Received HTTP response headers after 58.6649ms - 200
[Info   :Zeepkist GTR] 19:44:24 End processing HTTP request after 58.8872ms - 200
[Info   :Zeepkist GTR] 19:44:24 End processing HTTP request after 60.357ms - 200
[Info   :Zeepkist GTR] 19:44:24 Start processing HTTP request "GET" https://cdn.zeepki.st/ghosts/01M2NN2TY7WX2KA0X836FYGVJP.bin
[Info   :Zeepkist GTR] 19:44:24 Sending HTTP request "GET" https://cdn.zeepki.st/ghosts/01M2NN2TY7WX2KA0X836FYGVJP.bin
[Info   :Zeepkist GTR] 19:44:25 Starting recorder
[Warning:Zeepkist GTR] 19:45:06 Unable to download ghost 3942048
[Error  :Zeepkist GTR] 19:45:06 Unable to get ghost from repository: "Result: IsSuccess='False', Reasons='ExceptionalError with Message='An error occurred while sending the request', Exception='System.Net.Http.HttpRequestException: An error occurred while sending the request ---> System.Net.WebException: Error: ConnectFailure (Se produjo un error durante el intento de conexión ya que la parte conectada no respondió adecuadamente tras un periodo de tiempo, o bien se produjo un error en la conexión establecida ya que el host conectado no ha podido responder.
                     ) ---> System.Net.Sockets.SocketException: Se produjo un error durante el intento de conexión ya que la parte conectada no respondió adecuadamente tras un periodo de tiempo, o bien se produjo un error en la conexión establecida ya que el host conectado no ha podido responder.
                     
  at System.Net.Sockets.SocketAsyncResult.CheckIfThrowDelayedException () [0x00014] in <a971fed4bf844502b6501dbde9cced46>:0 
  at System.Net.Sockets.Socket.EndConnect (System.IAsyncResult asyncResult) [0x0002c] in <a971fed4bf844502b6501dbde9cced46>:0 
  at System.Net.WebConnection+<>c.<Connect>b__16_1 (System.IAsyncResult asyncResult) [0x00006] in <a971fed4bf844502b6501dbde9cced46>:0 
  at System.Threading.Tasks.TaskFactory`1[TResult].FromAsyncCoreLogic (System.IAsyncResult iar, System.Func`2[T,TResult] endFunction, System.Action`1[T] endAction, System.Threading.Tasks.Task`1[TResult] promise, System.Boolean requiresSynchronization) [0x00019] in <9aad1b3a47484d63ba2b3985692d80e9>:0 
--- End of stack trace from previous location where exception was thrown ---

  at System.Net.WebConnection.Connect (System.Net.WebOperation operation, System.Threading.CancellationToken cancellationToken) [0x001e1] in <a971fed4bf844502b6501dbde9cced46>:0 
   --- End of inner exception stack trace ---
  at System.Net.WebConnection.Connect (System.Net.WebOperation operation, System.Threading.CancellationToken cancellationToken) [0x0025d] in <a971fed4bf844502b6501dbde9cced46>:0 
  at System.Net.WebConnection.InitConnection (System.Net.WebOperation operation, System.Threading.CancellationToken cancellationToken) [0x000cc] in <a971fed4bf844502b6501dbde9cced46>:0 
  at System.Net.WebOperation.Run () [0x0009a] in <a971fed4bf844502b6501dbde9cced46>:0 
  at System.Net.WebCompletionSource`1[T].WaitForCompletion () [0x00094] in <a971fed4bf844502b6501dbde9cced46>:0 
  at System.Net.HttpWebRequest.RunWithTimeoutWorker[T] (System.Threading.Tasks.Task`1[TResult] workerTask, System.Int32 timeout, System.Action abort, System.Func`1[TResult] aborted, System.Threading.CancellationTokenSource cts) [0x000f8] in <a971fed4bf844502b6501dbde9cced46>:0 
  at System.Net.HttpWebRequest.EndGetResponse (System.IAsyncResult asyncResult) [0x00020] in <a971fed4bf844502b6501dbde9cced46>:0 
  at System.Threading.Tasks.TaskFactory`1[TResult].FromAsyncCoreLogic (System.IAsyncResult iar, System.Func`2[T,TResult] endFunction, System.Action`1[T] endAction, System.Threading.Tasks.Task`1[TResult] promise, System.Boolean requiresSynchronization) [0x0000f] in <9aad1b3a47484d63ba2b3985692d80e9>:0 
--- End of stack trace from previous location where exception was thrown ---

  at System.Net.Http.MonoWebRequestHandler.SendAsync (System.Net.Http.HttpRequestMessage request, System.Threading.CancellationToken cancellationToken) [0x004ae] in <1461f1930feb4705bca8b5d7908e9fa7>:0 
   --- End of inner exception stack trace ---
  at System.Net.Http.MonoWebRequestHandler.SendAsync (System.Net.Http.HttpRequestMessage request, System.Threading.CancellationToken cancellationToken) [0x00509] in <1461f1930feb4705bca8b5d7908e9fa7>:0 
  at Microsoft.Extensions.Http.Logging.LoggingHttpMessageHandler.SendAsync (System.Net.Http.HttpRequestMessage request, System.Threading.CancellationToken cancellationToken) [0x000d7] in <eb702e06450043b2b2cf918768e3c012>:0 
  at Microsoft.Extensions.Http.Logging.LoggingScopeHttpMessageHandler.SendAsync (System.Net.Http.HttpRequestMessage request, System.Threading.CancellationToken cancellationToken) [0x000ef] in <eb702e06450043b2b2cf918768e3c012>:0 
  at System.Net.Http.HttpClient.SendAsyncWorker (System.Net.Http.HttpRequestMessage request, System.Net.Http.HttpCompletionOption completionOption, System.Threading.CancellationToken cancellationToken) [0x000e8] in <1461f1930feb4705bca8b5d7908e9fa7>:0 
  at TNRD.Zeepkist.GTR.Ghosting.Playback.GhostRepository.DownloadGhost (System.Int32 recordId, System.String ghostUrl, System.Threading.CancellationToken cancellationToken) [0x000f0] in D:\a\Zeepkist.GTR.Mod\Zeepkist.GTR.Mod\Ghosting\Playback\GhostRepository.cs:124 '', "
[Info   :Zeepkist GTR] 19:45:14 Stopping recorder
[Info   :Zeepkist GTR] 19:45:14 Collecting extra information
[Info   :Zeepkist GTR] 19:45:14 Resolved workshop ID "3677447000" from lobby 3677447000 and level 0
[Info   :Zeepkist GTR] 19:45:14 Processing ghost data
[Info   :Zeepkist GTR] 19:45:14 Creating stream
[Info   :Zeepkist GTR] 19:45:14 Writing to stream
[Info   :Zeepkist GTR] 19:45:14 Converting to base64
[Info   :Zeepkist GTR] 19:45:14 Creating resource
[Info   :Zeepkist GTR] 19:45:14 Start processing HTTP request "POST" https://es-backend-5eu0pg2dcfyp6u2v33lz.zeepki.st/record/submit
[Info   :Zeepkist GTR] 19:45:14 Start processing HTTP request "POST" https://es-backend-5eu0pg2dcfyp6u2v33lz.zeepki.st/record/submit
[Info   :Zeepkist GTR] 19:45:14 Sending HTTP request "POST" https://es-backend-5eu0pg2dcfyp6u2v33lz.zeepki.st/record/submit
[Info   :Zeepkist Bingo] [BINGO] === PLAYER SPAWNED ===
[Info   :Zeepkist Bingo] [BINGO] IsInActiveSession: False
[Info   :Zeepkist Bingo] [BINGO] Not in active session, skipping timer reset
[Info   :Zeepkist GTR] 19:45:15 Loading personal best...
[Info   :Zeepkist GTR] 19:45:15 Start processing HTTP request "POST" https://es-graphql-1q5xcqmja6dvh4ctc4t9.zeepki.st/
[Info   :Zeepkist GTR] 19:45:15 Start processing HTTP request "POST" https://es-graphql-1q5xcqmja6dvh4ctc4t9.zeepki.st/
[Info   :Zeepkist GTR] 19:45:15 Sending HTTP request "POST" https://es-graphql-1q5xcqmja6dvh4ctc4t9.zeepki.st/
[Info   :Zeepkist GTR] 19:45:15 Stopping existing recorder if any
[Info   :Zeepkist GTR] 19:45:15 Creating new recorder
[Info   :Zeepkist GTR] 19:45:16 Received HTTP response headers after 1127.8144ms - 200
[Info   :Zeepkist GTR] 19:45:16 End processing HTTP request after 1128.0553ms - 200
[Info   :Zeepkist GTR] 19:45:16 End processing HTTP request after 1137.9682ms - 200
[Info   :Zeepkist GTR] 19:45:16 Received HTTP response headers after 279.3628ms - 200
[Info   :Zeepkist GTR] 19:45:16 End processing HTTP request after 279.6029ms - 200
[Info   :Zeepkist GTR] 19:45:16 End processing HTTP request after 282.4311ms - 200
[Info   :Zeepkist GTR] 19:45:16 Start processing HTTP request "GET" https://cdn.zeepki.st/ghosts/01M2NN2TY7WX2KA0X836FYGVJP.bin
[Info   :Zeepkist GTR] 19:45:16 Sending HTTP request "GET" https://cdn.zeepki.st/ghosts/01M2NN2TY7WX2KA0X836FYGVJP.bin
[Info   :Zeepkist GTR] 19:45:17 Starting recorder
[Info   :Zeepkist GTR] 19:45:35 Start processing HTTP request "POST" https://es-graphql-1q5xcqmja6dvh4ctc4t9.zeepki.st/
[Info   :Zeepkist GTR] 19:45:35 Start processing HTTP request "POST" https://es-graphql-1q5xcqmja6dvh4ctc4t9.zeepki.st/
[Info   :Zeepkist GTR] 19:45:35 Sending HTTP request "POST" https://es-graphql-1q5xcqmja6dvh4ctc4t9.zeepki.st/
[Info   :Zeepkist GTR] 19:45:35 Received HTTP response headers after 56.3266ms - 200
[Info   :Zeepkist GTR] 19:45:35 End processing HTTP request after 56.5474ms - 200
[Info   :Zeepkist GTR] 19:45:35 End processing HTTP request after 62.7612ms - 200
[Warning:Zeepkist GTR] 19:45:58 Unable to download ghost 3942048
[Error  :Zeepkist GTR] 19:45:58 Unable to get ghost from repository: "Result: IsSuccess='False', Reasons='ExceptionalError with Message='An error occurred while sending the request', Exception='System.Net.Http.HttpRequestException: An error occurred while sending the request ---> System.Net.WebException: Error: ConnectFailure (Se produjo un error durante el intento de conexión ya que la parte conectada no respondió adecuadamente tras un periodo de tiempo, o bien se produjo un error en la conexión establecida ya que el host conectado no ha podido responder.
                     ) ---> System.Net.Sockets.SocketException: Se produjo un error durante el intento de conexión ya que la parte conectada no respondió adecuadamente tras un periodo de tiempo, o bien se produjo un error en la conexión establecida ya que el host conectado no ha podido responder.
                     
  at System.Net.Sockets.SocketAsyncResult.CheckIfThrowDelayedException () [0x00014] in <a971fed4bf844502b6501dbde9cced46>:0 
  at System.Net.Sockets.Socket.EndConnect (System.IAsyncResult asyncResult) [0x0002c] in <a971fed4bf844502b6501dbde9cced46>:0 
  at System.Net.WebConnection+<>c.<Connect>b__16_1 (System.IAsyncResult asyncResult) [0x00006] in <a971fed4bf844502b6501dbde9cced46>:0 
  at System.Threading.Tasks.TaskFactory`1[TResult].FromAsyncCoreLogic (System.IAsyncResult iar, System.Func`2[T,TResult] endFunction, System.Action`1[T] endAction, System.Threading.Tasks.Task`1[TResult] promise, System.Boolean requiresSynchronization) [0x00019] in <9aad1b3a47484d63ba2b3985692d80e9>:0 
--- End of stack trace from previous location where exception was thrown ---

  at System.Net.WebConnection.Connect (System.Net.WebOperation operation, System.Threading.CancellationToken cancellationToken) [0x001e1] in <a971fed4bf844502b6501dbde9cced46>:0 
   --- End of inner exception stack trace ---
  at System.Net.WebConnection.Connect (System.Net.WebOperation operation, System.Threading.CancellationToken cancellationToken) [0x0025d] in <a971fed4bf844502b6501dbde9cced46>:0 
  at System.Net.WebConnection.InitConnection (System.Net.WebOperation operation, System.Threading.CancellationToken cancellationToken) [0x000cc] in <a971fed4bf844502b6501dbde9cced46>:0 
  at System.Net.WebOperation.Run () [0x0009a] in <a971fed4bf844502b6501dbde9cced46>:0 
  at System.Net.WebCompletionSource`1[T].WaitForCompletion () [0x00094] in <a971fed4bf844502b6501dbde9cced46>:0 
  at System.Net.HttpWebRequest.RunWithTimeoutWorker[T] (System.Threading.Tasks.Task`1[TResult] workerTask, System.Int32 timeout, System.Action abort, System.Func`1[TResult] aborted, System.Threading.CancellationTokenSource cts) [0x000f8] in <a971fed4bf844502b6501dbde9cced46>:0 
  at System.Net.HttpWebRequest.EndGetResponse (System.IAsyncResult asyncResult) [0x00020] in <a971fed4bf844502b6501dbde9cced46>:0 
  at System.Threading.Tasks.TaskFactory`1[TResult].FromAsyncCoreLogic (System.IAsyncResult iar, System.Func`2[T,TResult] endFunction, System.Action`1[T] endAction, System.Threading.Tasks.Task`1[TResult] promise, System.Boolean requiresSynchronization) [0x0000f] in <9aad1b3a47484d63ba2b3985692d80e9>:0 
--- End of stack trace from previous location where exception was thrown ---

  at System.Net.Http.MonoWebRequestHandler.SendAsync (System.Net.Http.HttpRequestMessage request, System.Threading.CancellationToken cancellationToken) [0x004ae] in <1461f1930feb4705bca8b5d7908e9fa7>:0 
   --- End of inner exception stack trace ---
  at System.Net.Http.MonoWebRequestHandler.SendAsync (System.Net.Http.HttpRequestMessage request, System.Threading.CancellationToken cancellationToken) [0x00509] in <1461f1930feb4705bca8b5d7908e9fa7>:0 
  at Microsoft.Extensions.Http.Logging.LoggingHttpMessageHandler.SendAsync (System.Net.Http.HttpRequestMessage request, System.Threading.CancellationToken cancellationToken) [0x000d7] in <eb702e06450043b2b2cf918768e3c012>:0 
  at Microsoft.Extensions.Http.Logging.LoggingScopeHttpMessageHandler.SendAsync (System.Net.Http.HttpRequestMessage request, System.Threading.CancellationToken cancellationToken) [0x000ef] in <eb702e06450043b2b2cf918768e3c012>:0 
  at System.Net.Http.HttpClient.SendAsyncWorker (System.Net.Http.HttpRequestMessage request, System.Net.Http.HttpCompletionOption completionOption, System.Threading.CancellationToken cancellationToken) [0x000e8] in <1461f1930feb4705bca8b5d7908e9fa7>:0 
  at TNRD.Zeepkist.GTR.Ghosting.Playback.GhostRepository.DownloadGhost (System.Int32 recordId, System.String ghostUrl, System.Threading.CancellationToken cancellationToken) [0x000f0] in D:\a\Zeepkist.GTR.Mod\Zeepkist.GTR.Mod\Ghosting\Playback\GhostRepository.cs:124 '', "
[Info   :RoundLeaderboardTab] Drawing leaderboard -> forwarding to Instance.DrawTabLeaderboard()
[Info   :Zeepkist GTR] 19:46:05 Discarding recorder
[Info   :Tournament Casting UI] [compare cam] PhotoDrone API hooked
[Info   :RoundLeaderboardTab] Drawing leaderboard -> forwarding to Instance.DrawTabLeaderboard()
[Info   :Zeepkist Bingo] [BINGO] Level loaded
[Info   :Zeepkist GTR] 19:46:19 Start processing HTTP request "POST" https://es-backend-5eu0pg2dcfyp6u2v33lz.zeepki.st/level/request
[Info   :Zeepkist GTR] 19:46:19 Start processing HTTP request "POST" https://es-backend-5eu0pg2dcfyp6u2v33lz.zeepki.st/level/request
[Info   :Zeepkist GTR] 19:46:19 Sending HTTP request "POST" https://es-backend-5eu0pg2dcfyp6u2v33lz.zeepki.st/level/request
[Info   :Zeepkist GTR] 19:46:19 Start processing HTTP request "POST" https://es-graphql-1q5xcqmja6dvh4ctc4t9.zeepki.st/
[Info   :Zeepkist GTR] 19:46:19 Start processing HTTP request "POST" https://es-graphql-1q5xcqmja6dvh4ctc4t9.zeepki.st/
[Info   :Zeepkist GTR] 19:46:19 Sending HTTP request "POST" https://es-graphql-1q5xcqmja6dvh4ctc4t9.zeepki.st/
[Warning:Zeepkist GTR] 19:46:19 Current-level record subscription failed
[Info   :Zeepkist GTR] 19:46:19 Start processing HTTP request "POST" https://es-graphql-1q5xcqmja6dvh4ctc4t9.zeepki.st/
[Info   :Zeepkist GTR] 19:46:19 Start processing HTTP request "POST" https://es-graphql-1q5xcqmja6dvh4ctc4t9.zeepki.st/
[Info   :Zeepkist GTR] 19:46:19 Sending HTTP request "POST" https://es-graphql-1q5xcqmja6dvh4ctc4t9.zeepki.st/
[Info   :BetterSplits] getting gtr splits
[Error  :BetterSplits] cannot get splits, no gtr id
[Info   :Zeepkist Bingo] [BINGO] === PLAYER SPAWNED ===
[Info   :Zeepkist Bingo] [BINGO] IsInActiveSession: False
[Info   :Zeepkist Bingo] [BINGO] Not in active session, skipping timer reset
[Info   :Zeepkist GTR] 19:46:19 Loading personal best...
[Info   :Zeepkist GTR] 19:46:19 Start processing HTTP request "POST" https://es-graphql-1q5xcqmja6dvh4ctc4t9.zeepki.st/
[Info   :Zeepkist GTR] 19:46:19 Start processing HTTP request "POST" https://es-graphql-1q5xcqmja6dvh4ctc4t9.zeepki.st/
[Info   :Zeepkist GTR] 19:46:19 Received HTTP response headers after 75.093ms - 200
[Info   :Zeepkist GTR] 19:46:19 Sending HTTP request "POST" https://es-graphql-1q5xcqmja6dvh4ctc4t9.zeepki.st/
[Info   :Zeepkist GTR] 19:46:19 End processing HTTP request after 75.2988ms - 200
[Info   :Zeepkist GTR] 19:46:19 Stopping existing recorder if any
[Info   :Zeepkist GTR] 19:46:19 Creating new recorder
[Info   :Zeepkist GTR] 19:46:19 Received HTTP response headers after 78.4848ms - 200
[Info   :Zeepkist GTR] 19:46:19 End processing HTTP request after 78.6937ms - 200
[Info   :Zeepkist GTR] 19:46:19 End processing HTTP request after 87.8462ms - 200
[Info   :Zeepkist GTR] 19:46:19 End processing HTTP request after 88.4692ms - 200
[Info   :Zeepkist GTR] 19:46:19 Received HTTP response headers after 103.8081ms - 200
[Info   :Zeepkist GTR] 19:46:19 End processing HTTP request after 104.0545ms - 200
[Info   :Zeepkist GTR] 19:46:19 End processing HTTP request after 106.8129ms - 200
[Info   :Zeepkist GTR] 19:46:19 Received HTTP response headers after 310.7951ms - 200
[Info   :Zeepkist GTR] 19:46:19 End processing HTTP request after 311.0207ms - 200
[Info   :Zeepkist GTR] 19:46:19 End processing HTTP request after 312.3671ms - 200
[Info   :Zeepkist GTR] 19:46:21 Starting recorder
[Info   :Zeepkist GTR] 19:47:11 Stopping recorder
[Info   :Zeepkist GTR] 19:47:11 Collecting extra information
[Info   :Zeepkist GTR] 19:47:11 Resolved workshop ID "3677447000" from lobby 3677447000 and level 0
[Info   :Zeepkist GTR] 19:47:11 Processing ghost data
[Info   :Zeepkist GTR] 19:47:11 Creating stream
[Info   :Zeepkist GTR] 19:47:11 Writing to stream
[Info   :Zeepkist GTR] 19:47:12 Converting to base64
[Info   :Zeepkist GTR] 19:47:12 Creating resource
[Info   :Zeepkist GTR] 19:47:12 Start processing HTTP request "POST" https://es-backend-5eu0pg2dcfyp6u2v33lz.zeepki.st/record/submit
[Info   :Zeepkist GTR] 19:47:12 Start processing HTTP request "POST" https://es-backend-5eu0pg2dcfyp6u2v33lz.zeepki.st/record/submit
[Info   :Zeepkist GTR] 19:47:12 Sending HTTP request "POST" https://es-backend-5eu0pg2dcfyp6u2v33lz.zeepki.st/record/submit
[Info   :Zeepkist GTR] 19:47:12 Received HTTP response headers after 453.6378ms - 200
[Info   :Zeepkist GTR] 19:47:12 End processing HTTP request after 453.8575ms - 200
[Info   :Zeepkist GTR] 19:47:12 End processing HTTP request after 456.7788ms - 200
[Info   :Zeepkist GTR] 19:47:17 Start processing HTTP request "POST" https://es-graphql-1q5xcqmja6dvh4ctc4t9.zeepki.st/
[Info   :Zeepkist GTR] 19:47:17 Start processing HTTP request "POST" https://es-graphql-1q5xcqmja6dvh4ctc4t9.zeepki.st/
[Info   :Zeepkist GTR] 19:47:17 Sending HTTP request "POST" https://es-graphql-1q5xcqmja6dvh4ctc4t9.zeepki.st/
[Info   :Zeepkist GTR] 19:47:17 Received HTTP response headers after 210.0901ms - 200
[Info   :Zeepkist GTR] 19:47:17 End processing HTTP request after 210.3138ms - 200
[Info   :Zeepkist GTR] 19:47:17 End processing HTTP request after 216.7177ms - 200
[Info   :Zeepkist Bingo] [CHAT] Intercepted message: someone turn on the light
[Info   :Zeepkist Bingo] [CHAT] Not relaying - no bingo session
[Info   :Zeepkist Bingo] [BINGO] === PLAYER SPAWNED ===
[Info   :Zeepkist Bingo] [BINGO] IsInActiveSession: False
[Info   :Zeepkist Bingo] [BINGO] Not in active session, skipping timer reset
[Info   :Zeepkist GTR] 19:47:21 Loading personal best...
[Info   :Zeepkist GTR] 19:47:21 Start processing HTTP request "POST" https://es-graphql-1q5xcqmja6dvh4ctc4t9.zeepki.st/
[Info   :Zeepkist GTR] 19:47:21 Start processing HTTP request "POST" https://es-graphql-1q5xcqmja6dvh4ctc4t9.zeepki.st/
[Info   :Zeepkist GTR] 19:47:21 Sending HTTP request "POST" https://es-graphql-1q5xcqmja6dvh4ctc4t9.zeepki.st/
[Info   :Zeepkist GTR] 19:47:21 Stopping existing recorder if any
[Info   :Zeepkist GTR] 19:47:21 Creating new recorder
[Info   :Zeepkist GTR] 19:47:21 Received HTTP response headers after 56.3111ms - 200
[Info   :Zeepkist GTR] 19:47:21 End processing HTTP request after 56.5323ms - 200
[Info   :Zeepkist GTR] 19:47:21 End processing HTTP request after 57.9365ms - 200
[Info   :Zeepkist GTR] 19:47:21 Start processing HTTP request "GET" https://cdn.zeepki.st/ghosts/01M2NN8TNDBVQ114NNT8X1PACH.bin
[Info   :Zeepkist GTR] 19:47:21 Sending HTTP request "GET" https://cdn.zeepki.st/ghosts/01M2NN8TNDBVQ114NNT8X1PACH.bin
[Info   :Zeepkist GTR] 19:47:22 Starting recorder
[Info   :Zeepkist Bingo] [BINGO] === PLAYER SPAWNED ===
[Info   :Zeepkist Bingo] [BINGO] IsInActiveSession: False
[Info   :Zeepkist Bingo] [BINGO] Not in active session, skipping timer reset
[Info   :Zeepkist GTR] 19:47:26 Loading personal best...
[Info   :Zeepkist GTR] 19:47:26 Start processing HTTP request "POST" https://es-graphql-1q5xcqmja6dvh4ctc4t9.zeepki.st/
[Info   :Zeepkist GTR] 19:47:26 Start processing HTTP request "POST" https://es-graphql-1q5xcqmja6dvh4ctc4t9.zeepki.st/
[Info   :Zeepkist GTR] 19:47:26 Sending HTTP request "POST" https://es-graphql-1q5xcqmja6dvh4ctc4t9.zeepki.st/
[Info   :Zeepkist GTR] 19:47:26 Stopping existing recorder if any
[Info   :Zeepkist GTR] 19:47:26 Creating new recorder
[Info   :Zeepkist GTR] 19:47:26 Received HTTP response headers after 78.6069ms - 200
[Info   :Zeepkist GTR] 19:47:26 End processing HTTP request after 78.867ms - 200
[Info   :Zeepkist GTR] 19:47:26 End processing HTTP request after 80.7373ms - 200
[Info   :Zeepkist GTR] 19:47:26 Start processing HTTP request "GET" https://cdn.zeepki.st/ghosts/01M2NN8TNDBVQ114NNT8X1PACH.bin
[Info   :Zeepkist GTR] 19:47:26 Sending HTTP request "GET" https://cdn.zeepki.st/ghosts/01M2NN8TNDBVQ114NNT8X1PACH.bin
[Info   :Zeepkist GTR] 19:47:28 Starting recorder
[Warning:Zeepkist GTR] 19:48:08 Unable to download ghost 3942068
[Error  :Zeepkist GTR] 19:48:08 Unable to get ghost from repository: "Result: IsSuccess='False', Reasons='ExceptionalError with Message='An error occurred while sending the request', Exception='System.Net.Http.HttpRequestException: An error occurred while sending the request ---> System.Net.WebException: Error: ConnectFailure (Se produjo un error durante el intento de conexión ya que la parte conectada no respondió adecuadamente tras un periodo de tiempo, o bien se produjo un error en la conexión establecida ya que el host conectado no ha podido responder.
                     ) ---> System.Net.Sockets.SocketException: Se produjo un error durante el intento de conexión ya que la parte conectada no respondió adecuadamente tras un periodo de tiempo, o bien se produjo un error en la conexión establecida ya que el host conectado no ha podido responder.
                     
  at System.Net.Sockets.SocketAsyncResult.CheckIfThrowDelayedException () [0x00014] in <a971fed4bf844502b6501dbde9cced46>:0 
  at System.Net.Sockets.Socket.EndConnect (System.IAsyncResult asyncResult) [0x0002c] in <a971fed4bf844502b6501dbde9cced46>:0 
  at System.Net.WebConnection+<>c.<Connect>b__16_1 (System.IAsyncResult asyncResult) [0x00006] in <a971fed4bf844502b6501dbde9cced46>:0 
  at System.Threading.Tasks.TaskFactory`1[TResult].FromAsyncCoreLogic (System.IAsyncResult iar, System.Func`2[T,TResult] endFunction, System.Action`1[T] endAction, System.Threading.Tasks.Task`1[TResult] promise, System.Boolean requiresSynchronization) [0x00019] in <9aad1b3a47484d63ba2b3985692d80e9>:0 
--- End of stack trace from previous location where exception was thrown ---

  at System.Net.WebConnection.Connect (System.Net.WebOperation operation, System.Threading.CancellationToken cancellationToken) [0x001e1] in <a971fed4bf844502b6501dbde9cced46>:0 
   --- End of inner exception stack trace ---
  at System.Net.WebConnection.Connect (System.Net.WebOperation operation, System.Threading.CancellationToken cancellationToken) [0x0025d] in <a971fed4bf844502b6501dbde9cced46>:0 
  at System.Net.WebConnection.InitConnection (System.Net.WebOperation operation, System.Threading.CancellationToken cancellationToken) [0x000cc] in <a971fed4bf844502b6501dbde9cced46>:0 
  at System.Net.WebOperation.Run () [0x0009a] in <a971fed4bf844502b6501dbde9cced46>:0 
  at System.Net.WebCompletionSource`1[T].WaitForCompletion () [0x00094] in <a971fed4bf844502b6501dbde9cced46>:0 
  at System.Net.HttpWebRequest.RunWithTimeoutWorker[T] (System.Threading.Tasks.Task`1[TResult] workerTask, System.Int32 timeout, System.Action abort, System.Func`1[TResult] aborted, System.Threading.CancellationTokenSource cts) [0x000f8] in <a971fed4bf844502b6501dbde9cced46>:0 
  at System.Net.HttpWebRequest.EndGetResponse (System.IAsyncResult asyncResult) [0x00020] in <a971fed4bf844502b6501dbde9cced46>:0 
  at System.Threading.Tasks.TaskFactory`1[TResult].FromAsyncCoreLogic (System.IAsyncResult iar, System.Func`2[T,TResult] endFunction, System.Action`1[T] endAction, System.Threading.Tasks.Task`1[TResult] promise, System.Boolean requiresSynchronization) [0x0000f] in <9aad1b3a47484d63ba2b3985692d80e9>:0 
--- End of stack trace from previous location where exception was thrown ---

  at System.Net.Http.MonoWebRequestHandler.SendAsync (System.Net.Http.HttpRequestMessage request, System.Threading.CancellationToken cancellationToken) [0x004ae] in <1461f1930feb4705bca8b5d7908e9fa7>:0 
   --- End of inner exception stack trace ---
  at System.Net.Http.MonoWebRequestHandler.SendAsync (System.Net.Http.HttpRequestMessage request, System.Threading.CancellationToken cancellationToken) [0x00509] in <1461f1930feb4705bca8b5d7908e9fa7>:0 
  at Microsoft.Extensions.Http.Logging.LoggingHttpMessageHandler.SendAsync (System.Net.Http.HttpRequestMessage request, System.Threading.CancellationToken cancellationToken) [0x000d7] in <eb702e06450043b2b2cf918768e3c012>:0 
  at Microsoft.Extensions.Http.Logging.LoggingScopeHttpMessageHandler.SendAsync (System.Net.Http.HttpRequestMessage request, System.Threading.CancellationToken cancellationToken) [0x000ef] in <eb702e06450043b2b2cf918768e3c012>:0 
  at System.Net.Http.HttpClient.SendAsyncWorker (System.Net.Http.HttpRequestMessage request, System.Net.Http.HttpCompletionOption completionOption, System.Threading.CancellationToken cancellationToken) [0x000e8] in <1461f1930feb4705bca8b5d7908e9fa7>:0 
  at TNRD.Zeepkist.GTR.Ghosting.Playback.GhostRepository.DownloadGhost (System.Int32 recordId, System.String ghostUrl, System.Threading.CancellationToken cancellationToken) [0x000f0] in D:\a\Zeepkist.GTR.Mod\Zeepkist.GTR.Mod\Ghosting\Playback\GhostRepository.cs:124 '', "
[Info   :Zeepkist GTR] 19:48:18 Stopping recorder
[Info   :Zeepkist GTR] 19:48:18 Collecting extra information
[Info   :Zeepkist GTR] 19:48:18 Resolved workshop ID "3677447000" from lobby 3677447000 and level 0
[Info   :Zeepkist GTR] 19:48:18 Processing ghost data
[Info   :Zeepkist GTR] 19:48:18 Creating stream
[Info   :Zeepkist GTR] 19:48:18 Writing to stream
[Info   :Zeepkist GTR] 19:48:18 Converting to base64
[Info   :Zeepkist GTR] 19:48:18 Creating resource
[Info   :Zeepkist GTR] 19:48:18 Start processing HTTP request "POST" https://es-backend-5eu0pg2dcfyp6u2v33lz.zeepki.st/record/submit
[Info   :Zeepkist GTR] 19:48:18 Start processing HTTP request "POST" https://es-backend-5eu0pg2dcfyp6u2v33lz.zeepki.st/record/submit
[Info   :Zeepkist GTR] 19:48:18 Sending HTTP request "POST" https://es-backend-5eu0pg2dcfyp6u2v33lz.zeepki.st/record/submit
[Info   :Zeepkist GTR] 19:48:19 Received HTTP response headers after 628.2873ms - 200
[Info   :Zeepkist GTR] 19:48:19 End processing HTTP request after 628.5352ms - 200
[Info   :Zeepkist GTR] 19:48:19 End processing HTTP request after 631.4094ms - 200
[Info   :Zeepkist Bingo] [CHAT] Intercepted message: Darth maki confirmed
[Info   :Zeepkist Bingo] [CHAT] Not relaying - no bingo session
[Info   :Zeepkist Bingo] [BINGO] === PLAYER SPAWNED ===
[Info   :Zeepkist Bingo] [BINGO] IsInActiveSession: False
[Info   :Zeepkist Bingo] [BINGO] Not in active session, skipping timer reset
[Info   :Zeepkist GTR] 19:48:24 Loading personal best...
[Info   :Zeepkist GTR] 19:48:24 Start processing HTTP request "POST" https://es-graphql-1q5xcqmja6dvh4ctc4t9.zeepki.st/
[Info   :Zeepkist GTR] 19:48:24 Start processing HTTP request "POST" https://es-graphql-1q5xcqmja6dvh4ctc4t9.zeepki.st/
[Info   :Zeepkist GTR] 19:48:24 Sending HTTP request "POST" https://es-graphql-1q5xcqmja6dvh4ctc4t9.zeepki.st/
[Info   :Zeepkist GTR] 19:48:24 Stopping existing recorder if any
[Info   :Zeepkist GTR] 19:48:24 Creating new recorder
[Info   :Zeepkist GTR] 19:48:24 Received HTTP response headers after 57.3271ms - 200
[Info   :Zeepkist GTR] 19:48:24 End processing HTTP request after 57.5489ms - 200
[Info   :Zeepkist GTR] 19:48:24 End processing HTTP request after 65.1039ms - 200
[Info   :Zeepkist GTR] 19:48:24 Start processing HTTP request "GET" https://cdn.zeepki.st/ghosts/01M2NNAVCRS54D0AY9RMCJH7HX.bin
[Info   :Zeepkist GTR] 19:48:24 Sending HTTP request "GET" https://cdn.zeepki.st/ghosts/01M2NNAVCRS54D0AY9RMCJH7HX.bin
[Info   :Zeepkist GTR] 19:48:25 Starting recorder
[Info   :Zeepkist GTR] 19:48:41 Start processing HTTP request "POST" https://es-graphql-1q5xcqmja6dvh4ctc4t9.zeepki.st/
[Info   :Zeepkist GTR] 19:48:41 Start processing HTTP request "POST" https://es-graphql-1q5xcqmja6dvh4ctc4t9.zeepki.st/
[Info   :Zeepkist GTR] 19:48:41 Sending HTTP request "POST" https://es-graphql-1q5xcqmja6dvh4ctc4t9.zeepki.st/
[Info   :Zeepkist GTR] 19:48:42 Received HTTP response headers after 349.1139ms - 200
[Info   :Zeepkist GTR] 19:48:42 End processing HTTP request after 349.3325ms - 200
[Info   :Zeepkist GTR] 19:48:42 End processing HTTP request after 355.288ms - 200
[Warning:Zeepkist GTR] 19:49:06 Unable to download ghost 3942077
[Error  :Zeepkist GTR] 19:49:06 Unable to get ghost from repository: "Result: IsSuccess='False', Reasons='ExceptionalError with Message='An error occurred while sending the request', Exception='System.Net.Http.HttpRequestException: An error occurred while sending the request ---> System.Net.WebException: Error: ConnectFailure (Se produjo un error durante el intento de conexión ya que la parte conectada no respondió adecuadamente tras un periodo de tiempo, o bien se produjo un error en la conexión establecida ya que el host conectado no ha podido responder.
                     ) ---> System.Net.Sockets.SocketException: Se produjo un error durante el intento de conexión ya que la parte conectada no respondió adecuadamente tras un periodo de tiempo, o bien se produjo un error en la conexión establecida ya que el host conectado no ha podido responder.
                     
  at System.Net.Sockets.SocketAsyncResult.CheckIfThrowDelayedException () [0x00014] in <a971fed4bf844502b6501dbde9cced46>:0 
  at System.Net.Sockets.Socket.EndConnect (System.IAsyncResult asyncResult) [0x0002c] in <a971fed4bf844502b6501dbde9cced46>:0 
  at System.Net.WebConnection+<>c.<Connect>b__16_1 (System.IAsyncResult asyncResult) [0x00006] in <a971fed4bf844502b6501dbde9cced46>:0 
  at System.Threading.Tasks.TaskFactory`1[TResult].FromAsyncCoreLogic (System.IAsyncResult iar, System.Func`2[T,TResult] endFunction, System.Action`1[T] endAction, System.Threading.Tasks.Task`1[TResult] promise, System.Boolean requiresSynchronization) [0x00019] in <9aad1b3a47484d63ba2b3985692d80e9>:0 
--- End of stack trace from previous location where exception was thrown ---

  at System.Net.WebConnection.Connect (System.Net.WebOperation operation, System.Threading.CancellationToken cancellationToken) [0x001e1] in <a971fed4bf844502b6501dbde9cced46>:0 
   --- End of inner exception stack trace ---
  at System.Net.WebConnection.Connect (System.Net.WebOperation operation, System.Threading.CancellationToken cancellationToken) [0x0025d] in <a971fed4bf844502b6501dbde9cced46>:0 
  at System.Net.WebConnection.InitConnection (System.Net.WebOperation operation, System.Threading.CancellationToken cancellationToken) [0x000cc] in <a971fed4bf844502b6501dbde9cced46>:0 
  at System.Net.WebOperation.Run () [0x0009a] in <a971fed4bf844502b6501dbde9cced46>:0 
  at System.Net.WebCompletionSource`1[T].WaitForCompletion () [0x00094] in <a971fed4bf844502b6501dbde9cced46>:0 
  at System.Net.HttpWebRequest.RunWithTimeoutWorker[T] (System.Threading.Tasks.Task`1[TResult] workerTask, System.Int32 timeout, System.Action abort, System.Func`1[TResult] aborted, System.Threading.CancellationTokenSource cts) [0x000f8] in <a971fed4bf844502b6501dbde9cced46>:0 
  at System.Net.HttpWebRequest.EndGetResponse (System.IAsyncResult asyncResult) [0x00020] in <a971fed4bf844502b6501dbde9cced46>:0 
  at System.Threading.Tasks.TaskFactory`1[TResult].FromAsyncCoreLogic (System.IAsyncResult iar, System.Func`2[T,TResult] endFunction, System.Action`1[T] endAction, System.Threading.Tasks.Task`1[TResult] promise, System.Boolean requiresSynchronization) [0x0000f] in <9aad1b3a47484d63ba2b3985692d80e9>:0 
--- End of stack trace from previous location where exception was thrown ---

  at System.Net.Http.MonoWebRequestHandler.SendAsync (System.Net.Http.HttpRequestMessage request, System.Threading.CancellationToken cancellationToken) [0x004ae] in <1461f1930feb4705bca8b5d7908e9fa7>:0 
   --- End of inner exception stack trace ---
  at System.Net.Http.MonoWebRequestHandler.SendAsync (System.Net.Http.HttpRequestMessage request, System.Threading.CancellationToken cancellationToken) [0x00509] in <1461f1930feb4705bca8b5d7908e9fa7>:0 
  at Microsoft.Extensions.Http.Logging.LoggingHttpMessageHandler.SendAsync (System.Net.Http.HttpRequestMessage request, System.Threading.CancellationToken cancellationToken) [0x000d7] in <eb702e06450043b2b2cf918768e3c012>:0 
  at Microsoft.Extensions.Http.Logging.LoggingScopeHttpMessageHandler.SendAsync (System.Net.Http.HttpRequestMessage request, System.Threading.CancellationToken cancellationToken) [0x000ef] in <eb702e06450043b2b2cf918768e3c012>:0 
  at System.Net.Http.HttpClient.SendAsyncWorker (System.Net.Http.HttpRequestMessage request, System.Net.Http.HttpCompletionOption completionOption, System.Threading.CancellationToken cancellationToken) [0x000e8] in <1461f1930feb4705bca8b5d7908e9fa7>:0 
  at TNRD.Zeepkist.GTR.Ghosting.Playback.GhostRepository.DownloadGhost (System.Int32 recordId, System.String ghostUrl, System.Threading.CancellationToken cancellationToken) [0x000f0] in D:\a\Zeepkist.GTR.Mod\Zeepkist.GTR.Mod\Ghosting\Playback\GhostRepository.cs:124 '', "
[Info   :Zeepkist Bingo] [BINGO] === PLAYER SPAWNED ===
[Info   :Zeepkist Bingo] [BINGO] IsInActiveSession: False
[Info   :Zeepkist Bingo] [BINGO] Not in active session, skipping timer reset
[Info   :Zeepkist GTR] 19:49:11 Loading personal best...
[Info   :Zeepkist GTR] 19:49:11 Start processing HTTP request "POST" https://es-graphql-1q5xcqmja6dvh4ctc4t9.zeepki.st/
[Info   :Zeepkist GTR] 19:49:11 Start processing HTTP request "POST" https://es-graphql-1q5xcqmja6dvh4ctc4t9.zeepki.st/
[Info   :Zeepkist GTR] 19:49:11 Sending HTTP request "POST" https://es-graphql-1q5xcqmja6dvh4ctc4t9.zeepki.st/
[Info   :Zeepkist GTR] 19:49:11 Stopping existing recorder if any
[Info   :Zeepkist GTR] 19:49:11 Creating new recorder
[Info   :Zeepkist GTR] 19:49:11 Received HTTP response headers after 57.7251ms - 200
[Info   :Zeepkist GTR] 19:49:11 End processing HTTP request after 57.9402ms - 200
[Info   :Zeepkist GTR] 19:49:11 End processing HTTP request after 60.4715ms - 200
[Info   :Zeepkist GTR] 19:49:11 Start processing HTTP request "GET" https://cdn.zeepki.st/ghosts/01M2NNAVCRS54D0AY9RMCJH7HX.bin
[Info   :Zeepkist GTR] 19:49:11 Sending HTTP request "GET" https://cdn.zeepki.st/ghosts/01M2NNAVCRS54D0AY9RMCJH7HX.bin
[Info   :Zeepkist GTR] 19:49:12 Starting recorder
[Info   :Zeepkist Bingo] [BINGO] === PLAYER SPAWNED ===
[Info   :Zeepkist Bingo] [BINGO] IsInActiveSession: False
[Info   :Zeepkist Bingo] [BINGO] Not in active session, skipping timer reset
[Info   :Zeepkist GTR] 19:49:29 Loading personal best...
[Info   :Zeepkist GTR] 19:49:29 Start processing HTTP request "POST" https://es-graphql-1q5xcqmja6dvh4ctc4t9.zeepki.st/
[Info   :Zeepkist GTR] 19:49:29 Start processing HTTP request "POST" https://es-graphql-1q5xcqmja6dvh4ctc4t9.zeepki.st/
[Info   :Zeepkist GTR] 19:49:29 Sending HTTP request "POST" https://es-graphql-1q5xcqmja6dvh4ctc4t9.zeepki.st/
[Info   :Zeepkist GTR] 19:49:29 Stopping existing recorder if any
[Info   :Zeepkist GTR] 19:49:29 Creating new recorder
[Info   :Zeepkist GTR] 19:49:29 Received HTTP response headers after 321.021ms - 200
[Info   :Zeepkist GTR] 19:49:29 End processing HTTP request after 321.2763ms - 200
[Info   :Zeepkist GTR] 19:49:29 End processing HTTP request after 325.0501ms - 200
[Info   :Zeepkist GTR] 19:49:29 Start processing HTTP request "GET" https://cdn.zeepki.st/ghosts/01M2NNAVCRS54D0AY9RMCJH7HX.bin
[Info   :Zeepkist GTR] 19:49:29 Sending HTTP request "GET" https://cdn.zeepki.st/ghosts/01M2NNAVCRS54D0AY9RMCJH7HX.bin
[Info   :Zeepkist GTR] 19:49:31 Starting recorder
[Warning:Zeepkist GTR] 19:50:11 Unable to download ghost 3942077
[Error  :Zeepkist GTR] 19:50:11 Unable to get ghost from repository: "Result: IsSuccess='False', Reasons='ExceptionalError with Message='An error occurred while sending the request', Exception='System.Net.Http.HttpRequestException: An error occurred while sending the request ---> System.Net.WebException: Error: ConnectFailure (Se produjo un error durante el intento de conexión ya que la parte conectada no respondió adecuadamente tras un periodo de tiempo, o bien se produjo un error en la conexión establecida ya que el host conectado no ha podido responder.
                     ) ---> System.Net.Sockets.SocketException: Se produjo un error durante el intento de conexión ya que la parte conectada no respondió adecuadamente tras un periodo de tiempo, o bien se produjo un error en la conexión establecida ya que el host conectado no ha podido responder.
                     
  at System.Net.Sockets.SocketAsyncResult.CheckIfThrowDelayedException () [0x00014] in <a971fed4bf844502b6501dbde9cced46>:0 
  at System.Net.Sockets.Socket.EndConnect (System.IAsyncResult asyncResult) [0x0002c] in <a971fed4bf844502b6501dbde9cced46>:0 
  at System.Net.WebConnection+<>c.<Connect>b__16_1 (System.IAsyncResult asyncResult) [0x00006] in <a971fed4bf844502b6501dbde9cced46>:0 
  at System.Threading.Tasks.TaskFactory`1[TResult].FromAsyncCoreLogic (System.IAsyncResult iar, System.Func`2[T,TResult] endFunction, System.Action`1[T] endAction, System.Threading.Tasks.Task`1[TResult] promise, System.Boolean requiresSynchronization) [0x00019] in <9aad1b3a47484d63ba2b3985692d80e9>:0 
--- End of stack trace from previous location where exception was thrown ---

  at System.Net.WebConnection.Connect (System.Net.WebOperation operation, System.Threading.CancellationToken cancellationToken) [0x001e1] in <a971fed4bf844502b6501dbde9cced46>:0 
   --- End of inner exception stack trace ---
  at System.Net.WebConnection.Connect (System.Net.WebOperation operation, System.Threading.CancellationToken cancellationToken) [0x0025d] in <a971fed4bf844502b6501dbde9cced46>:0 
  at System.Net.WebConnection.InitConnection (System.Net.WebOperation operation, System.Threading.CancellationToken cancellationToken) [0x000cc] in <a971fed4bf844502b6501dbde9cced46>:0 
  at System.Net.WebOperation.Run () [0x0009a] in <a971fed4bf844502b6501dbde9cced46>:0 
  at System.Net.WebCompletionSource`1[T].WaitForCompletion () [0x00094] in <a971fed4bf844502b6501dbde9cced46>:0 
  at System.Net.HttpWebRequest.RunWithTimeoutWorker[T] (System.Threading.Tasks.Task`1[TResult] workerTask, System.Int32 timeout, System.Action abort, System.Func`1[TResult] aborted, System.Threading.CancellationTokenSource cts) [0x000f8] in <a971fed4bf844502b6501dbde9cced46>:0 
  at System.Net.HttpWebRequest.EndGetResponse (System.IAsyncResult asyncResult) [0x00020] in <a971fed4bf844502b6501dbde9cced46>:0 
  at System.Threading.Tasks.TaskFactory`1[TResult].FromAsyncCoreLogic (System.IAsyncResult iar, System.Func`2[T,TResult] endFunction, System.Action`1[T] endAction, System.Threading.Tasks.Task`1[TResult] promise, System.Boolean requiresSynchronization) [0x0000f] in <9aad1b3a47484d63ba2b3985692d80e9>:0 
--- End of stack trace from previous location where exception was thrown ---

  at System.Net.Http.MonoWebRequestHandler.SendAsync (System.Net.Http.HttpRequestMessage request, System.Threading.CancellationToken cancellationToken) [0x004ae] in <1461f1930feb4705bca8b5d7908e9fa7>:0 
   --- End of inner exception stack trace ---
  at System.Net.Http.MonoWebRequestHandler.SendAsync (System.Net.Http.HttpRequestMessage request, System.Threading.CancellationToken cancellationToken) [0x00509] in <1461f1930feb4705bca8b5d7908e9fa7>:0 
  at Microsoft.Extensions.Http.Logging.LoggingHttpMessageHandler.SendAsync (System.Net.Http.HttpRequestMessage request, System.Threading.CancellationToken cancellationToken) [0x000d7] in <eb702e06450043b2b2cf918768e3c012>:0 
  at Microsoft.Extensions.Http.Logging.LoggingScopeHttpMessageHandler.SendAsync (System.Net.Http.HttpRequestMessage request, System.Threading.CancellationToken cancellationToken) [0x000ef] in <eb702e06450043b2b2cf918768e3c012>:0 
  at System.Net.Http.HttpClient.SendAsyncWorker (System.Net.Http.HttpRequestMessage request, System.Net.Http.HttpCompletionOption completionOption, System.Threading.CancellationToken cancellationToken) [0x000e8] in <1461f1930feb4705bca8b5d7908e9fa7>:0 
  at TNRD.Zeepkist.GTR.Ghosting.Playback.GhostRepository.DownloadGhost (System.Int32 recordId, System.String ghostUrl, System.Threading.CancellationToken cancellationToken) [0x000f0] in D:\a\Zeepkist.GTR.Mod\Zeepkist.GTR.Mod\Ghosting\Playback\GhostRepository.cs:124 '', "
[Info   :Zeepkist GTR] 19:50:20 Stopping recorder
[Info   :Zeepkist GTR] 19:50:20 Collecting extra information
[Info   :Zeepkist GTR] 19:50:20 Resolved workshop ID "3677447000" from lobby 3677447000 and level 0
[Info   :Zeepkist GTR] 19:50:20 Processing ghost data
[Info   :Zeepkist GTR] 19:50:20 Creating stream
[Info   :Zeepkist GTR] 19:50:20 Writing to stream
[Info   :Zeepkist GTR] 19:50:20 Converting to base64
[Info   :Zeepkist GTR] 19:50:20 Creating resource
[Info   :Zeepkist GTR] 19:50:20 Start processing HTTP request "POST" https://es-backend-5eu0pg2dcfyp6u2v33lz.zeepki.st/record/submit
[Info   :Zeepkist GTR] 19:50:20 Start processing HTTP request "POST" https://es-backend-5eu0pg2dcfyp6u2v33lz.zeepki.st/record/submit
[Info   :Zeepkist GTR] 19:50:20 Sending HTTP request "POST" https://es-backend-5eu0pg2dcfyp6u2v33lz.zeepki.st/record/submit
[Info   :Zeepkist GTR] 19:50:21 Received HTTP response headers after 712.4318ms - 200
[Info   :Zeepkist GTR] 19:50:21 End processing HTTP request after 712.6487ms - 200
[Info   :Zeepkist GTR] 19:50:21 End processing HTTP request after 714.1861ms - 200
[Info   :Zeepkist Bingo] [BINGO] === PLAYER SPAWNED ===
[Info   :Zeepkist Bingo] [BINGO] IsInActiveSession: False
[Info   :Zeepkist Bingo] [BINGO] Not in active session, skipping timer reset
[Info   :Zeepkist GTR] 19:50:22 Loading personal best...
[Info   :Zeepkist GTR] 19:50:22 Start processing HTTP request "POST" https://es-graphql-1q5xcqmja6dvh4ctc4t9.zeepki.st/
[Info   :Zeepkist GTR] 19:50:22 Start processing HTTP request "POST" https://es-graphql-1q5xcqmja6dvh4ctc4t9.zeepki.st/
[Info   :Zeepkist GTR] 19:50:22 Sending HTTP request "POST" https://es-graphql-1q5xcqmja6dvh4ctc4t9.zeepki.st/
[Info   :Zeepkist GTR] 19:50:22 Stopping existing recorder if any
[Info   :Zeepkist GTR] 19:50:22 Creating new recorder
[Info   :Zeepkist GTR] 19:50:22 Received HTTP response headers after 63.692ms - 200
[Info   :Zeepkist GTR] 19:50:22 End processing HTTP request after 63.9274ms - 200
[Info   :Zeepkist GTR] 19:50:22 End processing HTTP request after 67.8791ms - 200
[Info   :Zeepkist GTR] 19:50:22 Start processing HTTP request "GET" https://cdn.zeepki.st/ghosts/01M2NNEJX4HPV2KPJNSKWA6FW5.bin
[Info   :Zeepkist GTR] 19:50:22 Sending HTTP request "GET" https://cdn.zeepki.st/ghosts/01M2NNEJX4HPV2KPJNSKWA6FW5.bin
[Info   :Zeepkist GTR] 19:50:24 Starting recorder
[Info   :Zeepkist GTR] 19:50:34 Start processing HTTP request "POST" https://es-graphql-1q5xcqmja6dvh4ctc4t9.zeepki.st/
[Info   :Zeepkist GTR] 19:50:34 Start processing HTTP request "POST" https://es-graphql-1q5xcqmja6dvh4ctc4t9.zeepki.st/
[Info   :Zeepkist GTR] 19:50:34 Sending HTTP request "POST" https://es-graphql-1q5xcqmja6dvh4ctc4t9.zeepki.st/
[Info   :Zeepkist GTR] 19:50:34 Received HTTP response headers after 74.2397ms - 200
[Info   :Zeepkist GTR] 19:50:34 End processing HTTP request after 74.4751ms - 200
[Info   :Zeepkist GTR] 19:50:34 End processing HTTP request after 77.9383ms - 200
[Warning:Zeepkist GTR] 19:51:04 Unable to download ghost 3942096
[Error  :Zeepkist GTR] 19:51:04 Unable to get ghost from repository: "Result: IsSuccess='False', Reasons='ExceptionalError with Message='An error occurred while sending the request', Exception='System.Net.Http.HttpRequestException: An error occurred while sending the request ---> System.Net.WebException: Error: ConnectFailure (Se produjo un error durante el intento de conexión ya que la parte conectada no respondió adecuadamente tras un periodo de tiempo, o bien se produjo un error en la conexión establecida ya que el host conectado no ha podido responder.
                     ) ---> System.Net.Sockets.SocketException: Se produjo un error durante el intento de conexión ya que la parte conectada no respondió adecuadamente tras un periodo de tiempo, o bien se produjo un error en la conexión establecida ya que el host conectado no ha podido responder.
                     
  at System.Net.Sockets.SocketAsyncResult.CheckIfThrowDelayedException () [0x00014] in <a971fed4bf844502b6501dbde9cced46>:0 
  at System.Net.Sockets.Socket.EndConnect (System.IAsyncResult asyncResult) [0x0002c] in <a971fed4bf844502b6501dbde9cced46>:0 
  at System.Net.WebConnection+<>c.<Connect>b__16_1 (System.IAsyncResult asyncResult) [0x00006] in <a971fed4bf844502b6501dbde9cced46>:0 
  at System.Threading.Tasks.TaskFactory`1[TResult].FromAsyncCoreLogic (System.IAsyncResult iar, System.Func`2[T,TResult] endFunction, System.Action`1[T] endAction, System.Threading.Tasks.Task`1[TResult] promise, System.Boolean requiresSynchronization) [0x00019] in <9aad1b3a47484d63ba2b3985692d80e9>:0 
--- End of stack trace from previous location where exception was thrown ---

  at System.Net.WebConnection.Connect (System.Net.WebOperation operation, System.Threading.CancellationToken cancellationToken) [0x001e1] in <a971fed4bf844502b6501dbde9cced46>:0 
   --- End of inner exception stack trace ---
  at System.Net.WebConnection.Connect (System.Net.WebOperation operation, System.Threading.CancellationToken cancellationToken) [0x0025d] in <a971fed4bf844502b6501dbde9cced46>:0 
  at System.Net.WebConnection.InitConnection (System.Net.WebOperation operation, System.Threading.CancellationToken cancellationToken) [0x000cc] in <a971fed4bf844502b6501dbde9cced46>:0 
  at System.Net.WebOperation.Run () [0x0009a] in <a971fed4bf844502b6501dbde9cced46>:0 
  at System.Net.WebCompletionSource`1[T].WaitForCompletion () [0x00094] in <a971fed4bf844502b6501dbde9cced46>:0 
  at System.Net.HttpWebRequest.RunWithTimeoutWorker[T] (System.Threading.Tasks.Task`1[TResult] workerTask, System.Int32 timeout, System.Action abort, System.Func`1[TResult] aborted, System.Threading.CancellationTokenSource cts) [0x000f8] in <a971fed4bf844502b6501dbde9cced46>:0 
  at System.Net.HttpWebRequest.EndGetResponse (System.IAsyncResult asyncResult) [0x00020] in <a971fed4bf844502b6501dbde9cced46>:0 
  at System.Threading.Tasks.TaskFactory`1[TResult].FromAsyncCoreLogic (System.IAsyncResult iar, System.Func`2[T,TResult] endFunction, System.Action`1[T] endAction, System.Threading.Tasks.Task`1[TResult] promise, System.Boolean requiresSynchronization) [0x0000f] in <9aad1b3a47484d63ba2b3985692d80e9>:0 
--- End of stack trace from previous location where exception was thrown ---

  at System.Net.Http.MonoWebRequestHandler.SendAsync (System.Net.Http.HttpRequestMessage request, System.Threading.CancellationToken cancellationToken) [0x004ae] in <1461f1930feb4705bca8b5d7908e9fa7>:0 
   --- End of inner exception stack trace ---
  at System.Net.Http.MonoWebRequestHandler.SendAsync (System.Net.Http.HttpRequestMessage request, System.Threading.CancellationToken cancellationToken) [0x00509] in <1461f1930feb4705bca8b5d7908e9fa7>:0 
  at Microsoft.Extensions.Http.Logging.LoggingHttpMessageHandler.SendAsync (System.Net.Http.HttpRequestMessage request, System.Threading.CancellationToken cancellationToken) [0x000d7] in <eb702e06450043b2b2cf918768e3c012>:0 
  at Microsoft.Extensions.Http.Logging.LoggingScopeHttpMessageHandler.SendAsync (System.Net.Http.HttpRequestMessage request, System.Threading.CancellationToken cancellationToken) [0x000ef] in <eb702e06450043b2b2cf918768e3c012>:0 
  at System.Net.Http.HttpClient.SendAsyncWorker (System.Net.Http.HttpRequestMessage request, System.Net.Http.HttpCompletionOption completionOption, System.Threading.CancellationToken cancellationToken) [0x000e8] in <1461f1930feb4705bca8b5d7908e9fa7>:0 
  at TNRD.Zeepkist.GTR.Ghosting.Playback.GhostRepository.DownloadGhost (System.Int32 recordId, System.String ghostUrl, System.Threading.CancellationToken cancellationToken) [0x000f0] in D:\a\Zeepkist.GTR.Mod\Zeepkist.GTR.Mod\Ghosting\Playback\GhostRepository.cs:124 '', "
[Info   :Zeepkist GTR] 19:51:13 Stopping recorder
[Info   :Zeepkist GTR] 19:51:13 Collecting extra information
[Info   :Zeepkist GTR] 19:51:13 Resolved workshop ID "3677447000" from lobby 3677447000 and level 0
[Info   :Zeepkist GTR] 19:51:13 Processing ghost data
[Info   :Zeepkist GTR] 19:51:13 Creating stream
[Info   :Zeepkist GTR] 19:51:13 Writing to stream
[Info   :Zeepkist GTR] 19:51:13 Converting to base64
[Info   :Zeepkist GTR] 19:51:13 Creating resource
[Info   :Zeepkist GTR] 19:51:13 Start processing HTTP request "POST" https://es-backend-5eu0pg2dcfyp6u2v33lz.zeepki.st/auth/refresh
[Info   :Zeepkist GTR] 19:51:13 Start processing HTTP request "POST" https://es-backend-5eu0pg2dcfyp6u2v33lz.zeepki.st/auth/refresh
[Info   :Zeepkist GTR] 19:51:13 Sending HTTP request "POST" https://es-backend-5eu0pg2dcfyp6u2v33lz.zeepki.st/auth/refresh
[Info   :Zeepkist GTR] 19:51:13 Received HTTP response headers after 69.7575ms - 200
[Info   :Zeepkist GTR] 19:51:13 End processing HTTP request after 69.9841ms - 200
[Info   :Zeepkist GTR] 19:51:13 End processing HTTP request after 75.8934ms - 200
[Info   :Zeepkist GTR] 19:51:13 Start processing HTTP request "POST" https://es-backend-5eu0pg2dcfyp6u2v33lz.zeepki.st/record/submit
[Info   :Zeepkist GTR] 19:51:13 Start processing HTTP request "POST" https://es-backend-5eu0pg2dcfyp6u2v33lz.zeepki.st/record/submit
[Info   :Zeepkist GTR] 19:51:13 Sending HTTP request "POST" https://es-backend-5eu0pg2dcfyp6u2v33lz.zeepki.st/record/submit
[Info   :Zeepkist GTR] 19:51:13 Received HTTP response headers after 338.6699ms - 200
[Info   :Zeepkist GTR] 19:51:13 End processing HTTP request after 338.9069ms - 200
[Info   :Zeepkist GTR] 19:51:13 End processing HTTP request after 342.2761ms - 200
[Info   :Zeepkist Bingo] [BINGO] === PLAYER SPAWNED ===
[Info   :Zeepkist Bingo] [BINGO] IsInActiveSession: False
[Info   :Zeepkist Bingo] [BINGO] Not in active session, skipping timer reset
[Info   :Zeepkist GTR] 19:51:17 Loading personal best...
[Info   :Zeepkist GTR] 19:51:17 Start processing HTTP request "POST" https://es-graphql-1q5xcqmja6dvh4ctc4t9.zeepki.st/
[Info   :Zeepkist GTR] 19:51:17 Start processing HTTP request "POST" https://es-graphql-1q5xcqmja6dvh4ctc4t9.zeepki.st/
[Info   :Zeepkist GTR] 19:51:17 Sending HTTP request "POST" https://es-graphql-1q5xcqmja6dvh4ctc4t9.zeepki.st/
[Info   :Zeepkist GTR] 19:51:17 Stopping existing recorder if any
[Info   :Zeepkist GTR] 19:51:17 Creating new recorder
[Info   :Zeepkist GTR] 19:51:17 Received HTTP response headers after 55.4954ms - 200
[Info   :Zeepkist GTR] 19:51:17 End processing HTTP request after 55.7147ms - 200
[Info   :Zeepkist GTR] 19:51:17 End processing HTTP request after 63.3653ms - 200
[Info   :Zeepkist GTR] 19:51:17 Start processing HTTP request "GET" https://cdn.zeepki.st/ghosts/01M2NNG630ER3ZK47DJW4A5HCV.bin
[Info   :Zeepkist GTR] 19:51:17 Sending HTTP request "GET" https://cdn.zeepki.st/ghosts/01M2NNG630ER3ZK47DJW4A5HCV.bin
[Info   :Zeepkist GTR] 19:51:18 Starting recorder
[Info   :Zeepkist Bingo] [BINGO] === PLAYER SPAWNED ===
[Info   :Zeepkist Bingo] [BINGO] IsInActiveSession: False
[Info   :Zeepkist Bingo] [BINGO] Not in active session, skipping timer reset
[Info   :Zeepkist GTR] 19:51:22 Loading personal best...
[Info   :Zeepkist GTR] 19:51:22 Start processing HTTP request "POST" https://es-graphql-1q5xcqmja6dvh4ctc4t9.zeepki.st/
[Info   :Zeepkist GTR] 19:51:22 Start processing HTTP request "POST" https://es-graphql-1q5xcqmja6dvh4ctc4t9.zeepki.st/
[Info   :Zeepkist GTR] 19:51:22 Sending HTTP request "POST" https://es-graphql-1q5xcqmja6dvh4ctc4t9.zeepki.st/
[Info   :Zeepkist GTR] 19:51:22 Stopping existing recorder if any
[Info   :Zeepkist GTR] 19:51:22 Creating new recorder
[Info   :Zeepkist GTR] 19:51:22 Received HTTP response headers after 106.907ms - 200
[Info   :Zeepkist GTR] 19:51:22 End processing HTTP request after 107.1208ms - 200
[Info   :Zeepkist GTR] 19:51:22 End processing HTTP request after 107.5746ms - 200
[Info   :Zeepkist GTR] 19:51:22 Start processing HTTP request "GET" https://cdn.zeepki.st/ghosts/01M2NNG630ER3ZK47DJW4A5HCV.bin
[Info   :Zeepkist GTR] 19:51:22 Sending HTTP request "GET" https://cdn.zeepki.st/ghosts/01M2NNG630ER3ZK47DJW4A5HCV.bin
[Info   :Zeepkist GTR] 19:51:24 Starting recorder
[Info   :Zeepkist GTR] 19:51:25 Start processing HTTP request "POST" https://es-graphql-1q5xcqmja6dvh4ctc4t9.zeepki.st/
[Info   :Zeepkist GTR] 19:51:25 Start processing HTTP request "POST" https://es-graphql-1q5xcqmja6dvh4ctc4t9.zeepki.st/
[Info   :Zeepkist GTR] 19:51:25 Sending HTTP request "POST" https://es-graphql-1q5xcqmja6dvh4ctc4t9.zeepki.st/
[Info   :Zeepkist GTR] 19:51:25 Received HTTP response headers after 66.7762ms - 200
[Info   :Zeepkist GTR] 19:51:25 End processing HTTP request after 67.0346ms - 200
[Info   :Zeepkist GTR] 19:51:25 End processing HTTP request after 71.6588ms - 200
[Info   :Zeepkist Bingo] [BINGO] === PLAYER SPAWNED ===
[Info   :Zeepkist Bingo] [BINGO] IsInActiveSession: False
[Info   :Zeepkist Bingo] [BINGO] Not in active session, skipping timer reset
[Info   :Zeepkist GTR] 19:51:55 Loading personal best...
[Info   :Zeepkist GTR] 19:51:55 Start processing HTTP request "POST" https://es-graphql-1q5xcqmja6dvh4ctc4t9.zeepki.st/
[Info   :Zeepkist GTR] 19:51:55 Start processing HTTP request "POST" https://es-graphql-1q5xcqmja6dvh4ctc4t9.zeepki.st/
[Info   :Zeepkist GTR] 19:51:55 Sending HTTP request "POST" https://es-graphql-1q5xcqmja6dvh4ctc4t9.zeepki.st/
[Info   :Zeepkist GTR] 19:51:55 Stopping existing recorder if any
[Info   :Zeepkist GTR] 19:51:55 Creating new recorder
[Info   :Zeepkist GTR] 19:51:55 Received HTTP response headers after 334.9181ms - 200
[Info   :Zeepkist GTR] 19:51:55 End processing HTTP request after 335.1918ms - 200
[Info   :Zeepkist GTR] 19:51:55 End processing HTTP request after 341.3542ms - 200
[Info   :Zeepkist GTR] 19:51:55 Start processing HTTP request "GET" https://cdn.zeepki.st/ghosts/01M2NNG630ER3ZK47DJW4A5HCV.bin
[Info   :Zeepkist GTR] 19:51:55 Sending HTTP request "GET" https://cdn.zeepki.st/ghosts/01M2NNG630ER3ZK47DJW4A5HCV.bin
[Info   :Zeepkist GTR] 19:51:56 Starting recorder
[Info   :Zeepkist Bingo] [BINGO] === PLAYER SPAWNED ===
[Info   :Zeepkist Bingo] [BINGO] IsInActiveSession: False
[Info   :Zeepkist Bingo] [BINGO] Not in active session, skipping timer reset
[Info   :Zeepkist GTR] 19:51:58 Loading personal best...
[Info   :Zeepkist GTR] 19:51:58 Start processing HTTP request "POST" https://es-graphql-1q5xcqmja6dvh4ctc4t9.zeepki.st/
[Info   :Zeepkist GTR] 19:51:58 Start processing HTTP request "POST" https://es-graphql-1q5xcqmja6dvh4ctc4t9.zeepki.st/
[Info   :Zeepkist GTR] 19:51:58 Sending HTTP request "POST" https://es-graphql-1q5xcqmja6dvh4ctc4t9.zeepki.st/
[Info   :Zeepkist GTR] 19:51:58 Stopping existing recorder if any
[Info   :Zeepkist GTR] 19:51:58 Creating new recorder
[Info   :Zeepkist GTR] 19:51:58 Received HTTP response headers after 70.6095ms - 200
[Info   :Zeepkist GTR] 19:51:58 End processing HTTP request after 70.8674ms - 200
[Info   :Zeepkist GTR] 19:51:58 End processing HTTP request after 74.3629ms - 200
[Info   :Zeepkist GTR] 19:51:59 Start processing HTTP request "GET" https://cdn.zeepki.st/ghosts/01M2NNG630ER3ZK47DJW4A5HCV.bin
[Info   :Zeepkist GTR] 19:51:59 Sending HTTP request "GET" https://cdn.zeepki.st/ghosts/01M2NNG630ER3ZK47DJW4A5HCV.bin
[Info   :Zeepkist GTR] 19:52:00 Starting recorder
[Info   :Zeepkist GTR] 19:52:28 Start processing HTTP request "POST" https://es-graphql-1q5xcqmja6dvh4ctc4t9.zeepki.st/
[Info   :Zeepkist GTR] 19:52:28 Start processing HTTP request "POST" https://es-graphql-1q5xcqmja6dvh4ctc4t9.zeepki.st/
[Info   :Zeepkist GTR] 19:52:28 Sending HTTP request "POST" https://es-graphql-1q5xcqmja6dvh4ctc4t9.zeepki.st/
[Info   :Zeepkist GTR] 19:52:28 Received HTTP response headers after 58.1289ms - 200
[Info   :Zeepkist GTR] 19:52:28 End processing HTTP request after 58.3567ms - 200
[Info   :Zeepkist GTR] 19:52:28 End processing HTTP request after 64.5654ms - 200
[Warning:Zeepkist GTR] 19:52:41 Unable to download ghost 3942105
[Error  :Zeepkist GTR] 19:52:41 Unable to get ghost from repository: "Result: IsSuccess='False', Reasons='ExceptionalError with Message='An error occurred while sending the request', Exception='System.Net.Http.HttpRequestException: An error occurred while sending the request ---> System.Net.WebException: Error: ConnectFailure (Se produjo un error durante el intento de conexión ya que la parte conectada no respondió adecuadamente tras un periodo de tiempo, o bien se produjo un error en la conexión establecida ya que el host conectado no ha podido responder.
                     ) ---> System.Net.Sockets.SocketException: Se produjo un error durante el intento de conexión ya que la parte conectada no respondió adecuadamente tras un periodo de tiempo, o bien se produjo un error en la conexión establecida ya que el host conectado no ha podido responder.
                     
  at System.Net.Sockets.SocketAsyncResult.CheckIfThrowDelayedException () [0x00014] in <a971fed4bf844502b6501dbde9cced46>:0 
  at System.Net.Sockets.Socket.EndConnect (System.IAsyncResult asyncResult) [0x0002c] in <a971fed4bf844502b6501dbde9cced46>:0 
  at System.Net.WebConnection+<>c.<Connect>b__16_1 (System.IAsyncResult asyncResult) [0x00006] in <a971fed4bf844502b6501dbde9cced46>:0 
  at System.Threading.Tasks.TaskFactory`1[TResult].FromAsyncCoreLogic (System.IAsyncResult iar, System.Func`2[T,TResult] endFunction, System.Action`1[T] endAction, System.Threading.Tasks.Task`1[TResult] promise, System.Boolean requiresSynchronization) [0x00019] in <9aad1b3a47484d63ba2b3985692d80e9>:0 
--- End of stack trace from previous location where exception was thrown ---

  at System.Net.WebConnection.Connect (System.Net.WebOperation operation, System.Threading.CancellationToken cancellationToken) [0x001e1] in <a971fed4bf844502b6501dbde9cced46>:0 
   --- End of inner exception stack trace ---
  at System.Net.WebConnection.Connect (System.Net.WebOperation operation, System.Threading.CancellationToken cancellationToken) [0x0025d] in <a971fed4bf844502b6501dbde9cced46>:0 
  at System.Net.WebConnection.InitConnection (System.Net.WebOperation operation, System.Threading.CancellationToken cancellationToken) [0x000cc] in <a971fed4bf844502b6501dbde9cced46>:0 
  at System.Net.WebOperation.Run () [0x0009a] in <a971fed4bf844502b6501dbde9cced46>:0 
  at System.Net.WebCompletionSource`1[T].WaitForCompletion () [0x00094] in <a971fed4bf844502b6501dbde9cced46>:0 
  at System.Net.HttpWebRequest.RunWithTimeoutWorker[T] (System.Threading.Tasks.Task`1[TResult] workerTask, System.Int32 timeout, System.Action abort, System.Func`1[TResult] aborted, System.Threading.CancellationTokenSource cts) [0x000f8] in <a971fed4bf844502b6501dbde9cced46>:0 
  at System.Net.HttpWebRequest.EndGetResponse (System.IAsyncResult asyncResult) [0x00020] in <a971fed4bf844502b6501dbde9cced46>:0 
  at System.Threading.Tasks.TaskFactory`1[TResult].FromAsyncCoreLogic (System.IAsyncResult iar, System.Func`2[T,TResult] endFunction, System.Action`1[T] endAction, System.Threading.Tasks.Task`1[TResult] promise, System.Boolean requiresSynchronization) [0x0000f] in <9aad1b3a47484d63ba2b3985692d80e9>:0 
--- End of stack trace from previous location where exception was thrown ---

  at System.Net.Http.MonoWebRequestHandler.SendAsync (System.Net.Http.HttpRequestMessage request, System.Threading.CancellationToken cancellationToken) [0x004ae] in <1461f1930feb4705bca8b5d7908e9fa7>:0 
   --- End of inner exception stack trace ---
  at System.Net.Http.MonoWebRequestHandler.SendAsync (System.Net.Http.HttpRequestMessage request, System.Threading.CancellationToken cancellationToken) [0x00509] in <1461f1930feb4705bca8b5d7908e9fa7>:0 
  at Microsoft.Extensions.Http.Logging.LoggingHttpMessageHandler.SendAsync (System.Net.Http.HttpRequestMessage request, System.Threading.CancellationToken cancellationToken) [0x000d7] in <eb702e06450043b2b2cf918768e3c012>:0 
  at Microsoft.Extensions.Http.Logging.LoggingScopeHttpMessageHandler.SendAsync (System.Net.Http.HttpRequestMessage request, System.Threading.CancellationToken cancellationToken) [0x000ef] in <eb702e06450043b2b2cf918768e3c012>:0 
  at System.Net.Http.HttpClient.SendAsyncWorker (System.Net.Http.HttpRequestMessage request, System.Net.Http.HttpCompletionOption completionOption, System.Threading.CancellationToken cancellationToken) [0x000e8] in <1461f1930feb4705bca8b5d7908e9fa7>:0 
  at TNRD.Zeepkist.GTR.Ghosting.Playback.GhostRepository.DownloadGhost (System.Int32 recordId, System.String ghostUrl, System.Threading.CancellationToken cancellationToken) [0x000f0] in D:\a\Zeepkist.GTR.Mod\Zeepkist.GTR.Mod\Ghosting\Playback\GhostRepository.cs:124 '', "
[Info   :Zeepkist GTR] 19:52:49 Stopping recorder
[Info   :Zeepkist GTR] 19:52:49 Collecting extra information
[Info   :Zeepkist GTR] 19:52:49 Resolved workshop ID "3677447000" from lobby 3677447000 and level 0
[Info   :Zeepkist GTR] 19:52:49 Processing ghost data
[Info   :Zeepkist GTR] 19:52:49 Creating stream
[Info   :Zeepkist GTR] 19:52:49 Writing to stream
[Info   :Zeepkist GTR] 19:52:49 Converting to base64
[Info   :Zeepkist GTR] 19:52:49 Creating resource
[Info   :Zeepkist GTR] 19:52:49 Start processing HTTP request "POST" https://es-backend-5eu0pg2dcfyp6u2v33lz.zeepki.st/record/submit
[Info   :Zeepkist GTR] 19:52:49 Start processing HTTP request "POST" https://es-backend-5eu0pg2dcfyp6u2v33lz.zeepki.st/record/submit
[Info   :Zeepkist GTR] 19:52:49 Sending HTTP request "POST" https://es-backend-5eu0pg2dcfyp6u2v33lz.zeepki.st/record/submit
[Info   :Zeepkist GTR] 19:52:50 Received HTTP response headers after 1126.9489ms - 200
[Info   :Zeepkist GTR] 19:52:50 End processing HTTP request after 1127.1619ms - 200
[Info   :Zeepkist GTR] 19:52:50 End processing HTTP request after 1130.9562ms - 200
[Info   :Zeepkist GTR] 19:52:58 Discarding recorder
[Info   :Zeepkist GTR] 19:53:01 Start processing HTTP request "POST" https://es-graphql-1q5xcqmja6dvh4ctc4t9.zeepki.st/
[Info   :Zeepkist GTR] 19:53:01 Start processing HTTP request "POST" https://es-graphql-1q5xcqmja6dvh4ctc4t9.zeepki.st/
[Info   :Zeepkist GTR] 19:53:01 Sending HTTP request "POST" https://es-graphql-1q5xcqmja6dvh4ctc4t9.zeepki.st/
[Info   :Zeepkist GTR] 19:53:01 Received HTTP response headers after 54.774ms - 200
[Info   :Zeepkist GTR] 19:53:01 End processing HTTP request after 55.0123ms - 200
[Info   :Zeepkist GTR] 19:53:01 End processing HTTP request after 56.3139ms - 200
[Info   :Zeepkist Bingo] [BINGO] Level loaded
[Info   :Zeepkist GTR] 19:53:12 Start processing HTTP request "POST" https://es-backend-5eu0pg2dcfyp6u2v33lz.zeepki.st/level/request
[Info   :Zeepkist GTR] 19:53:12 Start processing HTTP request "POST" https://es-backend-5eu0pg2dcfyp6u2v33lz.zeepki.st/level/request
[Info   :Zeepkist GTR] 19:53:12 Sending HTTP request "POST" https://es-backend-5eu0pg2dcfyp6u2v33lz.zeepki.st/level/request
[Info   :Zeepkist GTR] 19:53:12 Start processing HTTP request "POST" https://es-graphql-1q5xcqmja6dvh4ctc4t9.zeepki.st/
[Info   :Zeepkist GTR] 19:53:12 Start processing HTTP request "POST" https://es-graphql-1q5xcqmja6dvh4ctc4t9.zeepki.st/
[Info   :Zeepkist GTR] 19:53:12 Sending HTTP request "POST" https://es-graphql-1q5xcqmja6dvh4ctc4t9.zeepki.st/
[Warning:Zeepkist GTR] 19:53:12 Current-level record subscription failed
[Info   :Zeepkist GTR] 19:53:12 Start processing HTTP request "POST" https://es-graphql-1q5xcqmja6dvh4ctc4t9.zeepki.st/
[Info   :Zeepkist GTR] 19:53:12 Start processing HTTP request "POST" https://es-graphql-1q5xcqmja6dvh4ctc4t9.zeepki.st/
[Info   :Zeepkist GTR] 19:53:12 Sending HTTP request "POST" https://es-graphql-1q5xcqmja6dvh4ctc4t9.zeepki.st/
[Info   :BetterSplits] getting gtr splits
[Error  :BetterSplits] cannot get splits, no gtr id
[Info   :Zeepkist GTR] 19:53:12 Received HTTP response headers after 51.7796ms - 200
[Info   :Zeepkist GTR] 19:53:12 End processing HTTP request after 51.9956ms - 200
[Info   :Zeepkist GTR] 19:53:12 Received HTTP response headers after 62.4324ms - 200
[Info   :Zeepkist GTR] 19:53:12 End processing HTTP request after 62.6463ms - 200
[Info   :Zeepkist Bingo] [BINGO] === PLAYER SPAWNED ===
[Info   :Zeepkist Bingo] [BINGO] IsInActiveSession: False
[Info   :Zeepkist Bingo] [BINGO] Not in active session, skipping timer reset
[Info   :Zeepkist GTR] 19:53:12 Loading personal best...
[Info   :Zeepkist GTR] 19:53:12 Start processing HTTP request "POST" https://es-graphql-1q5xcqmja6dvh4ctc4t9.zeepki.st/
[Info   :Zeepkist GTR] 19:53:12 Start processing HTTP request "POST" https://es-graphql-1q5xcqmja6dvh4ctc4t9.zeepki.st/
[Info   :Zeepkist GTR] 19:53:12 Sending HTTP request "POST" https://es-graphql-1q5xcqmja6dvh4ctc4t9.zeepki.st/
[Info   :Zeepkist GTR] 19:53:12 Stopping existing recorder if any
[Info   :Zeepkist GTR] 19:53:12 Creating new recorder
[Info   :Zeepkist GTR] 19:53:12 End processing HTTP request after 87.8516ms - 200
[Info   :Zeepkist GTR] 19:53:12 End processing HTTP request after 87.2555ms - 200
[Info   :Zeepkist GTR] 19:53:12 Received HTTP response headers after 53.6678ms - 200
[Info   :Zeepkist GTR] 19:53:12 End processing HTTP request after 53.9659ms - 200
[Info   :Zeepkist GTR] 19:53:12 End processing HTTP request after 56.5032ms - 200
[Info   :Zeepkist GTR] 19:53:12 Received HTTP response headers after 206.5929ms - 200
[Info   :Zeepkist GTR] 19:53:12 End processing HTTP request after 206.8196ms - 200
[Info   :Zeepkist GTR] 19:53:12 End processing HTTP request after 208.5111ms - 200
[Info   :Zeepkist GTR] 19:53:14 Starting recorder
[Info   :Zeepkist Bingo] [BINGO] === PLAYER SPAWNED ===
[Info   :Zeepkist Bingo] [BINGO] IsInActiveSession: False
[Info   :Zeepkist Bingo] [BINGO] Not in active session, skipping timer reset
[Info   :Zeepkist GTR] 19:53:17 Loading personal best...
[Info   :Zeepkist GTR] 19:53:17 Start processing HTTP request "POST" https://es-graphql-1q5xcqmja6dvh4ctc4t9.zeepki.st/
[Info   :Zeepkist GTR] 19:53:17 Start processing HTTP request "POST" https://es-graphql-1q5xcqmja6dvh4ctc4t9.zeepki.st/
[Info   :Zeepkist GTR] 19:53:17 Sending HTTP request "POST" https://es-graphql-1q5xcqmja6dvh4ctc4t9.zeepki.st/
[Info   :Zeepkist GTR] 19:53:17 Stopping existing recorder if any
[Info   :Zeepkist GTR] 19:53:17 Creating new recorder
[Info   :Zeepkist GTR] 19:53:17 Received HTTP response headers after 57.9506ms - 200
[Info   :Zeepkist GTR] 19:53:17 End processing HTTP request after 58.1688ms - 200
[Info   :Zeepkist GTR] 19:53:17 End processing HTTP request after 66.76ms - 200
[Info   :Zeepkist GTR] 19:53:19 Starting recorder
[Info   :Zeepkist Bingo] [BINGO] === PLAYER SPAWNED ===
[Info   :Zeepkist Bingo] [BINGO] IsInActiveSession: False
[Info   :Zeepkist Bingo] [BINGO] Not in active session, skipping timer reset
[Info   :Zeepkist GTR] 19:53:34 Loading personal best...
[Info   :Zeepkist GTR] 19:53:34 Start processing HTTP request "POST" https://es-graphql-1q5xcqmja6dvh4ctc4t9.zeepki.st/
[Info   :Zeepkist GTR] 19:53:34 Start processing HTTP request "POST" https://es-graphql-1q5xcqmja6dvh4ctc4t9.zeepki.st/
[Info   :Zeepkist GTR] 19:53:34 Sending HTTP request "POST" https://es-graphql-1q5xcqmja6dvh4ctc4t9.zeepki.st/
[Info   :Zeepkist GTR] 19:53:34 Stopping existing recorder if any
[Info   :Zeepkist GTR] 19:53:34 Creating new recorder
[Info   :Zeepkist GTR] 19:53:34 Received HTTP response headers after 75.5969ms - 200
[Info   :Zeepkist GTR] 19:53:34 End processing HTTP request after 75.8058ms - 200
[Info   :Zeepkist GTR] 19:53:34 End processing HTTP request after 82.0227ms - 200
[Info   :Zeepkist GTR] 19:53:35 Starting recorder
[Info   :Zeepkist Bingo] [BINGO] === PLAYER SPAWNED ===
[Info   :Zeepkist Bingo] [BINGO] IsInActiveSession: False
[Info   :Zeepkist Bingo] [BINGO] Not in active session, skipping timer reset
[Info   :Zeepkist GTR] 19:53:50 Loading personal best...
[Info   :Zeepkist GTR] 19:53:50 Start processing HTTP request "POST" https://es-graphql-1q5xcqmja6dvh4ctc4t9.zeepki.st/
[Info   :Zeepkist GTR] 19:53:50 Start processing HTTP request "POST" https://es-graphql-1q5xcqmja6dvh4ctc4t9.zeepki.st/
[Info   :Zeepkist GTR] 19:53:50 Sending HTTP request "POST" https://es-graphql-1q5xcqmja6dvh4ctc4t9.zeepki.st/
[Info   :Zeepkist GTR] 19:53:50 Stopping existing recorder if any
[Info   :Zeepkist GTR] 19:53:50 Creating new recorder
[Info   :Zeepkist GTR] 19:53:50 Received HTTP response headers after 93.4986ms - 200
[Info   :Zeepkist GTR] 19:53:50 End processing HTTP request after 93.7494ms - 200
[Info   :Zeepkist GTR] 19:53:50 End processing HTTP request after 95.4453ms - 200
[Info   :Zeepkist GTR] 19:53:52 Starting recorder
[Info   :Zeepkist Bingo] [BINGO] === PLAYER SPAWNED ===
[Info   :Zeepkist Bingo] [BINGO] IsInActiveSession: False
[Info   :Zeepkist Bingo] [BINGO] Not in active session, skipping timer reset
[Info   :Zeepkist GTR] 19:54:11 Loading personal best...
[Info   :Zeepkist GTR] 19:54:11 Start processing HTTP request "POST" https://es-graphql-1q5xcqmja6dvh4ctc4t9.zeepki.st/
[Info   :Zeepkist GTR] 19:54:11 Start processing HTTP request "POST" https://es-graphql-1q5xcqmja6dvh4ctc4t9.zeepki.st/
[Info   :Zeepkist GTR] 19:54:11 Sending HTTP request "POST" https://es-graphql-1q5xcqmja6dvh4ctc4t9.zeepki.st/
[Info   :Zeepkist GTR] 19:54:11 Stopping existing recorder if any
[Info   :Zeepkist GTR] 19:54:11 Creating new recorder
[Info   :Zeepkist GTR] 19:54:12 Received HTTP response headers after 1112.9388ms - 200
[Info   :Zeepkist GTR] 19:54:12 End processing HTTP request after 1113.1621ms - 200
[Info   :Zeepkist GTR] 19:54:12 End processing HTTP request after 1116.1475ms - 200
[Info   :Zeepkist GTR] 19:54:12 Starting recorder
[Info   :Zeepkist Bingo] [BINGO] === PLAYER SPAWNED ===
[Info   :Zeepkist Bingo] [BINGO] IsInActiveSession: False
[Info   :Zeepkist Bingo] [BINGO] Not in active session, skipping timer reset
[Info   :Zeepkist GTR] 19:54:29 Loading personal best...
[Info   :Zeepkist GTR] 19:54:29 Start processing HTTP request "POST" https://es-graphql-1q5xcqmja6dvh4ctc4t9.zeepki.st/
[Info   :Zeepkist GTR] 19:54:29 Start processing HTTP request "POST" https://es-graphql-1q5xcqmja6dvh4ctc4t9.zeepki.st/
[Info   :Zeepkist GTR] 19:54:29 Sending HTTP request "POST" https://es-graphql-1q5xcqmja6dvh4ctc4t9.zeepki.st/
[Info   :Zeepkist GTR] 19:54:29 Stopping existing recorder if any
[Info   :Zeepkist GTR] 19:54:29 Creating new recorder
[Info   :Zeepkist GTR] 19:54:29 Received HTTP response headers after 65.2459ms - 200
[Info   :Zeepkist GTR] 19:54:29 End processing HTTP request after 65.485ms - 200
[Info   :Zeepkist GTR] 19:54:29 End processing HTTP request after 67.4721ms - 200
[Info   :Zeepkist GTR] 19:54:31 Starting recorder
[Info   :Zeepkist Bingo] [BINGO] === PLAYER SPAWNED ===
[Info   :Zeepkist Bingo] [BINGO] IsInActiveSession: False
[Info   :Zeepkist Bingo] [BINGO] Not in active session, skipping timer reset
[Info   :Zeepkist GTR] 19:54:45 Loading personal best...
[Info   :Zeepkist GTR] 19:54:45 Start processing HTTP request "POST" https://es-graphql-1q5xcqmja6dvh4ctc4t9.zeepki.st/
[Info   :Zeepkist GTR] 19:54:45 Start processing HTTP request "POST" https://es-graphql-1q5xcqmja6dvh4ctc4t9.zeepki.st/
[Info   :Zeepkist GTR] 19:54:45 Sending HTTP request "POST" https://es-graphql-1q5xcqmja6dvh4ctc4t9.zeepki.st/
[Info   :Zeepkist GTR] 19:54:45 Stopping existing recorder if any
[Info   :Zeepkist GTR] 19:54:45 Creating new recorder
[Info   :Zeepkist GTR] 19:54:45 Received HTTP response headers after 60.3629ms - 200
[Info   :Zeepkist GTR] 19:54:45 End processing HTTP request after 60.5938ms - 200
[Info   :Zeepkist GTR] 19:54:45 End processing HTTP request after 67.4039ms - 200
[Info   :Zeepkist GTR] 19:54:47 Starting recorder
[Info   :Zeepkist Bingo] [BINGO] === PLAYER SPAWNED ===
[Info   :Zeepkist Bingo] [BINGO] IsInActiveSession: False
[Info   :Zeepkist Bingo] [BINGO] Not in active session, skipping timer reset
[Info   :Zeepkist GTR] 19:54:51 Loading personal best...
[Info   :Zeepkist GTR] 19:54:51 Start processing HTTP request "POST" https://es-graphql-1q5xcqmja6dvh4ctc4t9.zeepki.st/
[Info   :Zeepkist GTR] 19:54:51 Start processing HTTP request "POST" https://es-graphql-1q5xcqmja6dvh4ctc4t9.zeepki.st/
[Info   :Zeepkist GTR] 19:54:51 Sending HTTP request "POST" https://es-graphql-1q5xcqmja6dvh4ctc4t9.zeepki.st/
[Info   :Zeepkist GTR] 19:54:51 Stopping existing recorder if any
[Info   :Zeepkist GTR] 19:54:51 Creating new recorder
[Info   :Zeepkist GTR] 19:54:51 Received HTTP response headers after 94.8203ms - 200
[Info   :Zeepkist GTR] 19:54:51 End processing HTTP request after 95.0526ms - 200
[Info   :Zeepkist GTR] 19:54:51 End processing HTTP request after 100.3512ms - 200
[Info   :Zeepkist GTR] 19:54:52 Starting recorder
[Info   :Zeepkist Bingo] [BINGO] === PLAYER SPAWNED ===
[Info   :Zeepkist Bingo] [BINGO] IsInActiveSession: False
[Info   :Zeepkist Bingo] [BINGO] Not in active session, skipping timer reset
[Info   :Zeepkist GTR] 19:55:28 Loading personal best...
[Info   :Zeepkist GTR] 19:55:28 Start processing HTTP request "POST" https://es-graphql-1q5xcqmja6dvh4ctc4t9.zeepki.st/
[Info   :Zeepkist GTR] 19:55:28 Start processing HTTP request "POST" https://es-graphql-1q5xcqmja6dvh4ctc4t9.zeepki.st/
[Info   :Zeepkist GTR] 19:55:28 Sending HTTP request "POST" https://es-graphql-1q5xcqmja6dvh4ctc4t9.zeepki.st/
[Info   :Zeepkist GTR] 19:55:28 Stopping existing recorder if any
[Info   :Zeepkist GTR] 19:55:28 Creating new recorder
[Info   :Zeepkist GTR] 19:55:28 Received HTTP response headers after 56.6404ms - 200
[Info   :Zeepkist GTR] 19:55:28 End processing HTTP request after 56.8551ms - 200
[Info   :Zeepkist GTR] 19:55:28 End processing HTTP request after 60.9758ms - 200
[Info   :Zeepkist GTR] 19:55:30 Starting recorder
[Info   :Zeepkist GTR] 19:56:11 Stopping recorder
[Info   :Zeepkist GTR] 19:56:11 Collecting extra information
[Info   :Zeepkist GTR] 19:56:11 Resolved workshop ID "3677447000" from lobby 3677447000 and level 0
[Info   :Zeepkist GTR] 19:56:11 Processing ghost data
[Info   :Zeepkist GTR] 19:56:11 Creating stream
[Info   :Zeepkist GTR] 19:56:11 Writing to stream
[Info   :Zeepkist GTR] 19:56:11 Converting to base64
[Info   :Zeepkist GTR] 19:56:11 Creating resource
[Info   :Zeepkist GTR] 19:56:11 Start processing HTTP request "POST" https://es-backend-5eu0pg2dcfyp6u2v33lz.zeepki.st/record/submit
[Info   :Zeepkist GTR] 19:56:11 Start processing HTTP request "POST" https://es-backend-5eu0pg2dcfyp6u2v33lz.zeepki.st/record/submit
[Info   :Zeepkist GTR] 19:56:11 Sending HTTP request "POST" https://es-backend-5eu0pg2dcfyp6u2v33lz.zeepki.st/record/submit
[Info   :Zeepkist GTR] 19:56:12 Received HTTP response headers after 1177.1263ms - 200
[Info   :Zeepkist GTR] 19:56:12 End processing HTTP request after 1177.3652ms - 200
[Info   :Zeepkist GTR] 19:56:12 End processing HTTP request after 1179.6652ms - 200
[Info   :Zeepkist Bingo] [BINGO] === PLAYER SPAWNED ===
[Info   :Zeepkist Bingo] [BINGO] IsInActiveSession: False
[Info   :Zeepkist Bingo] [BINGO] Not in active session, skipping timer reset
[Info   :Zeepkist GTR] 19:56:13 Loading personal best...
[Info   :Zeepkist GTR] 19:56:13 Start processing HTTP request "POST" https://es-graphql-1q5xcqmja6dvh4ctc4t9.zeepki.st/
[Info   :Zeepkist GTR] 19:56:13 Start processing HTTP request "POST" https://es-graphql-1q5xcqmja6dvh4ctc4t9.zeepki.st/
[Info   :Zeepkist GTR] 19:56:13 Sending HTTP request "POST" https://es-graphql-1q5xcqmja6dvh4ctc4t9.zeepki.st/
[Info   :Zeepkist GTR] 19:56:13 Stopping existing recorder if any
[Info   :Zeepkist GTR] 19:56:13 Creating new recorder
[Info   :Zeepkist GTR] 19:56:13 Received HTTP response headers after 255.6289ms - 200
[Info   :Zeepkist GTR] 19:56:13 End processing HTTP request after 255.8527ms - 200
[Info   :Zeepkist GTR] 19:56:13 End processing HTTP request after 258.9697ms - 200
[Info   :Zeepkist GTR] 19:56:13 Start processing HTTP request "GET" https://cdn.zeepki.st/ghosts/01M2NNSA0GJ785T5JA0S9196EM.bin
[Info   :Zeepkist GTR] 19:56:13 Sending HTTP request "GET" https://cdn.zeepki.st/ghosts/01M2NNSA0GJ785T5JA0S9196EM.bin
[Info   :Zeepkist GTR] 19:56:14 Starting recorder
[Info   :Zeepkist Bingo] [BINGO] === PLAYER SPAWNED ===
[Info   :Zeepkist Bingo] [BINGO] IsInActiveSession: False
[Info   :Zeepkist Bingo] [BINGO] Not in active session, skipping timer reset
[Info   :Zeepkist GTR] 19:56:18 Loading personal best...
[Info   :Zeepkist GTR] 19:56:18 Start processing HTTP request "POST" https://es-graphql-1q5xcqmja6dvh4ctc4t9.zeepki.st/
[Info   :Zeepkist GTR] 19:56:18 Start processing HTTP request "POST" https://es-graphql-1q5xcqmja6dvh4ctc4t9.zeepki.st/
[Info   :Zeepkist GTR] 19:56:18 Sending HTTP request "POST" https://es-graphql-1q5xcqmja6dvh4ctc4t9.zeepki.st/
[Info   :Zeepkist GTR] 19:56:18 Stopping existing recorder if any
[Info   :Zeepkist GTR] 19:56:18 Creating new recorder
[Info   :Zeepkist GTR] 19:56:18 Received HTTP response headers after 84.239ms - 200
[Info   :Zeepkist GTR] 19:56:18 End processing HTTP request after 84.4581ms - 200
[Info   :Zeepkist GTR] 19:56:18 End processing HTTP request after 88.6439ms - 200
[Info   :Zeepkist GTR] 19:56:18 Start processing HTTP request "GET" https://cdn.zeepki.st/ghosts/01M2NNSA0GJ785T5JA0S9196EM.bin
[Info   :Zeepkist GTR] 19:56:18 Sending HTTP request "GET" https://cdn.zeepki.st/ghosts/01M2NNSA0GJ785T5JA0S9196EM.bin
[Info   :Zeepkist GTR] 19:56:19 Starting recorder
[Info   :Zeepkist Bingo] [BINGO] === PLAYER SPAWNED ===
[Info   :Zeepkist Bingo] [BINGO] IsInActiveSession: False
[Info   :Zeepkist Bingo] [BINGO] Not in active session, skipping timer reset
[Info   :Zeepkist GTR] 19:56:21 Loading personal best...
[Info   :Zeepkist GTR] 19:56:21 Start processing HTTP request "POST" https://es-graphql-1q5xcqmja6dvh4ctc4t9.zeepki.st/
[Info   :Zeepkist GTR] 19:56:21 Start processing HTTP request "POST" https://es-graphql-1q5xcqmja6dvh4ctc4t9.zeepki.st/
[Info   :Zeepkist GTR] 19:56:21 Sending HTTP request "POST" https://es-graphql-1q5xcqmja6dvh4ctc4t9.zeepki.st/
[Info   :Zeepkist GTR] 19:56:21 Stopping existing recorder if any
[Info   :Zeepkist GTR] 19:56:21 Creating new recorder
[Info   :Zeepkist GTR] 19:56:22 Received HTTP response headers after 116.0785ms - 200
[Info   :Zeepkist GTR] 19:56:22 End processing HTTP request after 116.288ms - 200
[Info   :Zeepkist GTR] 19:56:22 End processing HTTP request after 116.8079ms - 200
[Info   :Zeepkist GTR] 19:56:22 Start processing HTTP request "GET" https://cdn.zeepki.st/ghosts/01M2NNSA0GJ785T5JA0S9196EM.bin
[Info   :Zeepkist GTR] 19:56:22 Sending HTTP request "GET" https://cdn.zeepki.st/ghosts/01M2NNSA0GJ785T5JA0S9196EM.bin
[Info   :Zeepkist GTR] 19:56:23 Starting recorder
[Info   :Zeepkist GTR] 19:56:25 Start processing HTTP request "POST" https://es-graphql-1q5xcqmja6dvh4ctc4t9.zeepki.st/
[Info   :Zeepkist GTR] 19:56:25 Start processing HTTP request "POST" https://es-graphql-1q5xcqmja6dvh4ctc4t9.zeepki.st/
[Info   :Zeepkist GTR] 19:56:25 Sending HTTP request "POST" https://es-graphql-1q5xcqmja6dvh4ctc4t9.zeepki.st/
[Info   :Zeepkist GTR] 19:56:25 Received HTTP response headers after 84.8058ms - 200
[Info   :Zeepkist GTR] 19:56:25 End processing HTTP request after 85.017ms - 200
[Info   :Zeepkist GTR] 19:56:26 End processing HTTP request after 92.2638ms - 200
[Info   :Zeepkist Bingo] [BINGO] === PLAYER SPAWNED ===
[Info   :Zeepkist Bingo] [BINGO] IsInActiveSession: False
[Info   :Zeepkist Bingo] [BINGO] Not in active session, skipping timer reset
[Info   :Zeepkist GTR] 19:56:37 Loading personal best...
[Info   :Zeepkist GTR] 19:56:37 Start processing HTTP request "POST" https://es-graphql-1q5xcqmja6dvh4ctc4t9.zeepki.st/
[Info   :Zeepkist GTR] 19:56:37 Start processing HTTP request "POST" https://es-graphql-1q5xcqmja6dvh4ctc4t9.zeepki.st/
[Info   :Zeepkist GTR] 19:56:37 Sending HTTP request "POST" https://es-graphql-1q5xcqmja6dvh4ctc4t9.zeepki.st/
[Info   :Zeepkist GTR] 19:56:37 Stopping existing recorder if any
[Info   :Zeepkist GTR] 19:56:37 Creating new recorder
[Info   :Zeepkist GTR] 19:56:37 Received HTTP response headers after 85.8486ms - 200
[Info   :Zeepkist GTR] 19:56:37 End processing HTTP request after 86.1268ms - 200
[Info   :Zeepkist GTR] 19:56:37 End processing HTTP request after 88.6602ms - 200
[Info   :Zeepkist GTR] 19:56:37 Start processing HTTP request "GET" https://cdn.zeepki.st/ghosts/01M2NNSA0GJ785T5JA0S9196EM.bin
[Info   :Zeepkist GTR] 19:56:37 Sending HTTP request "GET" https://cdn.zeepki.st/ghosts/01M2NNSA0GJ785T5JA0S9196EM.bin
[Info   :Zeepkist GTR] 19:56:38 Starting recorder
[Info   :Zeepkist Bingo] [CHAT] Intercepted message: where is important XD
[Info   :Zeepkist Bingo] [CHAT] Not relaying - no bingo session
[Info   :Zeepkist Bingo] [BINGO] === PLAYER SPAWNED ===
[Info   :Zeepkist Bingo] [BINGO] IsInActiveSession: False
[Info   :Zeepkist Bingo] [BINGO] Not in active session, skipping timer reset
[Info   :Zeepkist GTR] 19:56:46 Loading personal best...
[Info   :Zeepkist GTR] 19:56:46 Start processing HTTP request "POST" https://es-graphql-1q5xcqmja6dvh4ctc4t9.zeepki.st/
[Info   :Zeepkist GTR] 19:56:46 Start processing HTTP request "POST" https://es-graphql-1q5xcqmja6dvh4ctc4t9.zeepki.st/
[Info   :Zeepkist GTR] 19:56:46 Sending HTTP request "POST" https://es-graphql-1q5xcqmja6dvh4ctc4t9.zeepki.st/
[Info   :Zeepkist GTR] 19:56:46 Stopping existing recorder if any
[Info   :Zeepkist GTR] 19:56:46 Creating new recorder
[Info   :Zeepkist GTR] 19:56:46 Received HTTP response headers after 107.891ms - 200
[Info   :Zeepkist GTR] 19:56:46 End processing HTTP request after 108.1049ms - 200
[Info   :Zeepkist GTR] 19:56:46 End processing HTTP request after 109.6359ms - 200
[Info   :Zeepkist GTR] 19:56:46 Start processing HTTP request "GET" https://cdn.zeepki.st/ghosts/01M2NNSA0GJ785T5JA0S9196EM.bin
[Info   :Zeepkist GTR] 19:56:46 Sending HTTP request "GET" https://cdn.zeepki.st/ghosts/01M2NNSA0GJ785T5JA0S9196EM.bin
[Info   :Zeepkist GTR] 19:56:48 Starting recorder
[Info   :Zeepkist Bingo] [BINGO] === PLAYER SPAWNED ===
[Info   :Zeepkist Bingo] [BINGO] IsInActiveSession: False
[Info   :Zeepkist Bingo] [BINGO] Not in active session, skipping timer reset
[Info   :Zeepkist GTR] 19:57:03 Loading personal best...
[Info   :Zeepkist GTR] 19:57:03 Start processing HTTP request "POST" https://es-graphql-1q5xcqmja6dvh4ctc4t9.zeepki.st/
[Info   :Zeepkist GTR] 19:57:03 Start processing HTTP request "POST" https://es-graphql-1q5xcqmja6dvh4ctc4t9.zeepki.st/
[Info   :Zeepkist GTR] 19:57:03 Sending HTTP request "POST" https://es-graphql-1q5xcqmja6dvh4ctc4t9.zeepki.st/
[Info   :Zeepkist GTR] 19:57:03 Stopping existing recorder if any
[Info   :Zeepkist GTR] 19:57:03 Creating new recorder
[Info   :Zeepkist GTR] 19:57:03 Received HTTP response headers after 60.0674ms - 200
[Info   :Zeepkist GTR] 19:57:03 End processing HTTP request after 60.2747ms - 200
[Info   :Zeepkist GTR] 19:57:03 End processing HTTP request after 61.5004ms - 200
[Info   :Zeepkist GTR] 19:57:03 Start processing HTTP request "GET" https://cdn.zeepki.st/ghosts/01M2NNSA0GJ785T5JA0S9196EM.bin
[Info   :Zeepkist GTR] 19:57:03 Sending HTTP request "GET" https://cdn.zeepki.st/ghosts/01M2NNSA0GJ785T5JA0S9196EM.bin
[Info   :Zeepkist GTR] 19:57:04 Starting recorder
[Info   :Zeepkist Bingo] [BINGO] === PLAYER SPAWNED ===
[Info   :Zeepkist Bingo] [BINGO] IsInActiveSession: False
[Info   :Zeepkist Bingo] [BINGO] Not in active session, skipping timer reset
[Info   :Zeepkist GTR] 19:57:19 Loading personal best...
[Info   :Zeepkist GTR] 19:57:19 Start processing HTTP request "POST" https://es-graphql-1q5xcqmja6dvh4ctc4t9.zeepki.st/
[Info   :Zeepkist GTR] 19:57:19 Start processing HTTP request "POST" https://es-graphql-1q5xcqmja6dvh4ctc4t9.zeepki.st/
[Info   :Zeepkist GTR] 19:57:19 Sending HTTP request "POST" https://es-graphql-1q5xcqmja6dvh4ctc4t9.zeepki.st/
[Info   :Zeepkist GTR] 19:57:19 Stopping existing recorder if any
[Info   :Zeepkist GTR] 19:57:19 Creating new recorder
[Info   :Zeepkist GTR] 19:57:19 Received HTTP response headers after 58.2717ms - 200
[Info   :Zeepkist GTR] 19:57:19 End processing HTTP request after 58.4942ms - 200
[Info   :Zeepkist GTR] 19:57:19 End processing HTTP request after 59.349ms - 200
[Info   :Zeepkist GTR] 19:57:19 Start processing HTTP request "GET" https://cdn.zeepki.st/ghosts/01M2NNSA0GJ785T5JA0S9196EM.bin
[Info   :Zeepkist GTR] 19:57:19 Sending HTTP request "GET" https://cdn.zeepki.st/ghosts/01M2NNSA0GJ785T5JA0S9196EM.bin
[Info   :Zeepkist GTR] 19:57:21 Starting recorder
[Info   :Zeepkist Bingo] [BINGO] === PLAYER SPAWNED ===
[Info   :Zeepkist Bingo] [BINGO] IsInActiveSession: False
[Info   :Zeepkist Bingo] [BINGO] Not in active session, skipping timer reset
[Info   :Zeepkist GTR] 19:57:24 Loading personal best...
[Info   :Zeepkist GTR] 19:57:24 Start processing HTTP request "POST" https://es-graphql-1q5xcqmja6dvh4ctc4t9.zeepki.st/
[Info   :Zeepkist GTR] 19:57:24 Start processing HTTP request "POST" https://es-graphql-1q5xcqmja6dvh4ctc4t9.zeepki.st/
[Info   :Zeepkist GTR] 19:57:24 Sending HTTP request "POST" https://es-graphql-1q5xcqmja6dvh4ctc4t9.zeepki.st/
[Info   :Zeepkist GTR] 19:57:24 Stopping existing recorder if any
[Info   :Zeepkist GTR] 19:57:24 Creating new recorder
[Info   :Zeepkist GTR] 19:57:24 Received HTTP response headers after 81.9085ms - 200
[Info   :Zeepkist GTR] 19:57:24 End processing HTTP request after 82.1216ms - 200
[Info   :Zeepkist GTR] 19:57:24 End processing HTTP request after 88.2488ms - 200
[Info   :Zeepkist GTR] 19:57:24 Start processing HTTP request "GET" https://cdn.zeepki.st/ghosts/01M2NNSA0GJ785T5JA0S9196EM.bin
[Info   :Zeepkist GTR] 19:57:24 Sending HTTP request "GET" https://cdn.zeepki.st/ghosts/01M2NNSA0GJ785T5JA0S9196EM.bin
[Info   :Zeepkist GTR] 19:57:25 Starting recorder
[Warning:Zeepkist GTR] 19:58:06 Unable to download ghost 3942137
[Error  :Zeepkist GTR] 19:58:06 Unable to get ghost from repository: "Result: IsSuccess='False', Reasons='ExceptionalError with Message='An error occurred while sending the request', Exception='System.Net.Http.HttpRequestException: An error occurred while sending the request ---> System.Net.WebException: Error: ConnectFailure (Se produjo un error durante el intento de conexión ya que la parte conectada no respondió adecuadamente tras un periodo de tiempo, o bien se produjo un error en la conexión establecida ya que el host conectado no ha podido responder.
                     ) ---> System.Net.Sockets.SocketException: Se produjo un error durante el intento de conexión ya que la parte conectada no respondió adecuadamente tras un periodo de tiempo, o bien se produjo un error en la conexión establecida ya que el host conectado no ha podido responder.
                     
  at System.Net.Sockets.SocketAsyncResult.CheckIfThrowDelayedException () [0x00014] in <a971fed4bf844502b6501dbde9cced46>:0 
  at System.Net.Sockets.Socket.EndConnect (System.IAsyncResult asyncResult) [0x0002c] in <a971fed4bf844502b6501dbde9cced46>:0 
  at System.Net.WebConnection+<>c.<Connect>b__16_1 (System.IAsyncResult asyncResult) [0x00006] in <a971fed4bf844502b6501dbde9cced46>:0 
  at System.Threading.Tasks.TaskFactory`1[TResult].FromAsyncCoreLogic (System.IAsyncResult iar, System.Func`2[T,TResult] endFunction, System.Action`1[T] endAction, System.Threading.Tasks.Task`1[TResult] promise, System.Boolean requiresSynchronization) [0x00019] in <9aad1b3a47484d63ba2b3985692d80e9>:0 
--- End of stack trace from previous location where exception was thrown ---

  at System.Net.WebConnection.Connect (System.Net.WebOperation operation, System.Threading.CancellationToken cancellationToken) [0x001e1] in <a971fed4bf844502b6501dbde9cced46>:0 
   --- End of inner exception stack trace ---
  at System.Net.WebConnection.Connect (System.Net.WebOperation operation, System.Threading.CancellationToken cancellationToken) [0x0025d] in <a971fed4bf844502b6501dbde9cced46>:0 
  at System.Net.WebConnection.InitConnection (System.Net.WebOperation operation, System.Threading.CancellationToken cancellationToken) [0x000cc] in <a971fed4bf844502b6501dbde9cced46>:0 
  at System.Net.WebOperation.Run () [0x0009a] in <a971fed4bf844502b6501dbde9cced46>:0 
  at System.Net.WebCompletionSource`1[T].WaitForCompletion () [0x00094] in <a971fed4bf844502b6501dbde9cced46>:0 
  at System.Net.HttpWebRequest.RunWithTimeoutWorker[T] (System.Threading.Tasks.Task`1[TResult] workerTask, System.Int32 timeout, System.Action abort, System.Func`1[TResult] aborted, System.Threading.CancellationTokenSource cts) [0x000f8] in <a971fed4bf844502b6501dbde9cced46>:0 
  at System.Net.HttpWebRequest.EndGetResponse (System.IAsyncResult asyncResult) [0x00020] in <a971fed4bf844502b6501dbde9cced46>:0 
  at System.Threading.Tasks.TaskFactory`1[TResult].FromAsyncCoreLogic (System.IAsyncResult iar, System.Func`2[T,TResult] endFunction, System.Action`1[T] endAction, System.Threading.Tasks.Task`1[TResult] promise, System.Boolean requiresSynchronization) [0x0000f] in <9aad1b3a47484d63ba2b3985692d80e9>:0 
--- End of stack trace from previous location where exception was thrown ---

  at System.Net.Http.MonoWebRequestHandler.SendAsync (System.Net.Http.HttpRequestMessage request, System.Threading.CancellationToken cancellationToken) [0x004ae] in <1461f1930feb4705bca8b5d7908e9fa7>:0 
   --- End of inner exception stack trace ---
  at System.Net.Http.MonoWebRequestHandler.SendAsync (System.Net.Http.HttpRequestMessage request, System.Threading.CancellationToken cancellationToken) [0x00509] in <1461f1930feb4705bca8b5d7908e9fa7>:0 
  at Microsoft.Extensions.Http.Logging.LoggingHttpMessageHandler.SendAsync (System.Net.Http.HttpRequestMessage request, System.Threading.CancellationToken cancellationToken) [0x000d7] in <eb702e06450043b2b2cf918768e3c012>:0 
  at Microsoft.Extensions.Http.Logging.LoggingScopeHttpMessageHandler.SendAsync (System.Net.Http.HttpRequestMessage request, System.Threading.CancellationToken cancellationToken) [0x000ef] in <eb702e06450043b2b2cf918768e3c012>:0 
  at System.Net.Http.HttpClient.SendAsyncWorker (System.Net.Http.HttpRequestMessage request, System.Net.Http.HttpCompletionOption completionOption, System.Threading.CancellationToken cancellationToken) [0x000e8] in <1461f1930feb4705bca8b5d7908e9fa7>:0 
  at TNRD.Zeepkist.GTR.Ghosting.Playback.GhostRepository.DownloadGhost (System.Int32 recordId, System.String ghostUrl, System.Threading.CancellationToken cancellationToken) [0x000f0] in D:\a\Zeepkist.GTR.Mod\Zeepkist.GTR.Mod\Ghosting\Playback\GhostRepository.cs:124 '', "
[Info   :Zeepkist GTR] 19:58:06 Stopping recorder
[Info   :Zeepkist GTR] 19:58:06 Collecting extra information
[Info   :Zeepkist GTR] 19:58:06 Resolved workshop ID "3677447000" from lobby 3677447000 and level 0
[Info   :Zeepkist GTR] 19:58:06 Processing ghost data
[Info   :Zeepkist GTR] 19:58:06 Creating stream
[Info   :Zeepkist GTR] 19:58:06 Writing to stream
[Info   :Zeepkist GTR] 19:58:07 Converting to base64
[Info   :Zeepkist GTR] 19:58:07 Creating resource
[Info   :Zeepkist GTR] 19:58:07 Start processing HTTP request "POST" https://es-backend-5eu0pg2dcfyp6u2v33lz.zeepki.st/record/submit
[Info   :Zeepkist GTR] 19:58:07 Start processing HTTP request "POST" https://es-backend-5eu0pg2dcfyp6u2v33lz.zeepki.st/record/submit
[Info   :Zeepkist GTR] 19:58:07 Sending HTTP request "POST" https://es-backend-5eu0pg2dcfyp6u2v33lz.zeepki.st/record/submit
[Info   :Zeepkist GTR] 19:58:08 Received HTTP response headers after 904.5676ms - 200
[Info   :Zeepkist GTR] 19:58:08 End processing HTTP request after 904.7913ms - 200
[Info   :Zeepkist GTR] 19:58:08 End processing HTTP request after 907.1599ms - 200
[Info   :Zeepkist Bingo] [BINGO] === PLAYER SPAWNED ===
[Info   :Zeepkist Bingo] [BINGO] IsInActiveSession: False
[Info   :Zeepkist Bingo] [BINGO] Not in active session, skipping timer reset
[Info   :Zeepkist GTR] 19:58:10 Loading personal best...
[Info   :Zeepkist GTR] 19:58:10 Start processing HTTP request "POST" https://es-graphql-1q5xcqmja6dvh4ctc4t9.zeepki.st/
[Info   :Zeepkist GTR] 19:58:10 Start processing HTTP request "POST" https://es-graphql-1q5xcqmja6dvh4ctc4t9.zeepki.st/
[Info   :Zeepkist GTR] 19:58:10 Sending HTTP request "POST" https://es-graphql-1q5xcqmja6dvh4ctc4t9.zeepki.st/
[Info   :Zeepkist GTR] 19:58:10 Stopping existing recorder if any
[Info   :Zeepkist GTR] 19:58:10 Creating new recorder
[Info   :Zeepkist GTR] 19:58:10 Received HTTP response headers after 70.7502ms - 200
[Info   :Zeepkist GTR] 19:58:10 End processing HTTP request after 70.9825ms - 200
[Info   :Zeepkist GTR] 19:58:10 End processing HTTP request after 76.5766ms - 200
[Info   :Zeepkist GTR] 19:58:11 Start processing HTTP request "GET" https://cdn.zeepki.st/ghosts/01M2NNWTGKGV8MM2F8B4ZG2ZN5.bin
[Info   :Zeepkist GTR] 19:58:11 Sending HTTP request "GET" https://cdn.zeepki.st/ghosts/01M2NNWTGKGV8MM2F8B4ZG2ZN5.bin
[Info   :Zeepkist GTR] 19:58:12 Starting recorder
[Info   :Zeepkist Bingo] [BINGO] === PLAYER SPAWNED ===
[Info   :Zeepkist Bingo] [BINGO] IsInActiveSession: False
[Info   :Zeepkist Bingo] [BINGO] Not in active session, skipping timer reset
[Info   :Zeepkist GTR] 19:58:15 Loading personal best...
[Info   :Zeepkist GTR] 19:58:15 Start processing HTTP request "POST" https://es-graphql-1q5xcqmja6dvh4ctc4t9.zeepki.st/
[Info   :Zeepkist GTR] 19:58:15 Start processing HTTP request "POST" https://es-graphql-1q5xcqmja6dvh4ctc4t9.zeepki.st/
[Info   :Zeepkist GTR] 19:58:15 Sending HTTP request "POST" https://es-graphql-1q5xcqmja6dvh4ctc4t9.zeepki.st/
[Info   :Zeepkist GTR] 19:58:15 Stopping existing recorder if any
[Info   :Zeepkist GTR] 19:58:15 Creating new recorder
[Info   :Zeepkist GTR] 19:58:15 Received HTTP response headers after 270.8818ms - 200
[Info   :Zeepkist GTR] 19:58:15 End processing HTTP request after 271.1053ms - 200
[Info   :Zeepkist GTR] 19:58:15 End processing HTTP request after 275.4682ms - 200
[Info   :Zeepkist GTR] 19:58:15 Start processing HTTP request "GET" https://cdn.zeepki.st/ghosts/01M2NNWTGKGV8MM2F8B4ZG2ZN5.bin
[Info   :Zeepkist GTR] 19:58:15 Sending HTTP request "GET" https://cdn.zeepki.st/ghosts/01M2NNWTGKGV8MM2F8B4ZG2ZN5.bin
[Info   :Zeepkist GTR] 19:58:17 Starting recorder
[Info   :Zeepkist GTR] 19:58:22 Start processing HTTP request "POST" https://es-graphql-1q5xcqmja6dvh4ctc4t9.zeepki.st/
[Info   :Zeepkist GTR] 19:58:22 Start processing HTTP request "POST" https://es-graphql-1q5xcqmja6dvh4ctc4t9.zeepki.st/
[Info   :Zeepkist GTR] 19:58:22 Sending HTTP request "POST" https://es-graphql-1q5xcqmja6dvh4ctc4t9.zeepki.st/
[Info   :Zeepkist GTR] 19:58:22 Received HTTP response headers after 96.9652ms - 200
[Info   :Zeepkist GTR] 19:58:22 End processing HTTP request after 97.2205ms - 200
[Info   :Zeepkist GTR] 19:58:22 End processing HTTP request after 100.0193ms - 200
[Info   :Zeepkist GTR] 19:58:57 Stopping recorder
[Info   :Zeepkist GTR] 19:58:57 Collecting extra information
[Info   :Zeepkist GTR] 19:58:57 Resolved workshop ID "3677447000" from lobby 3677447000 and level 0
[Info   :Zeepkist GTR] 19:58:57 Processing ghost data
[Info   :Zeepkist GTR] 19:58:57 Creating stream
[Info   :Zeepkist GTR] 19:58:57 Writing to stream
[Warning:Zeepkist GTR] 19:58:57 Unable to download ghost 3942155
[Error  :Zeepkist GTR] 19:58:57 Unable to get ghost from repository: "Result: IsSuccess='False', Reasons='ExceptionalError with Message='An error occurred while sending the request', Exception='System.Net.Http.HttpRequestException: An error occurred while sending the request ---> System.Net.WebException: Error: ConnectFailure (Se produjo un error durante el intento de conexión ya que la parte conectada no respondió adecuadamente tras un periodo de tiempo, o bien se produjo un error en la conexión establecida ya que el host conectado no ha podido responder.
                     ) ---> System.Net.Sockets.SocketException: Se produjo un error durante el intento de conexión ya que la parte conectada no respondió adecuadamente tras un periodo de tiempo, o bien se produjo un error en la conexión establecida ya que el host conectado no ha podido responder.
                     
  at System.Net.Sockets.SocketAsyncResult.CheckIfThrowDelayedException () [0x00014] in <a971fed4bf844502b6501dbde9cced46>:0 
  at System.Net.Sockets.Socket.EndConnect (System.IAsyncResult asyncResult) [0x0002c] in <a971fed4bf844502b6501dbde9cced46>:0 
  at System.Net.WebConnection+<>c.<Connect>b__16_1 (System.IAsyncResult asyncResult) [0x00006] in <a971fed4bf844502b6501dbde9cced46>:0 
  at System.Threading.Tasks.TaskFactory`1[TResult].FromAsyncCoreLogic (System.IAsyncResult iar, System.Func`2[T,TResult] endFunction, System.Action`1[T] endAction, System.Threading.Tasks.Task`1[TResult] promise, System.Boolean requiresSynchronization) [0x00019] in <9aad1b3a47484d63ba2b3985692d80e9>:0 
--- End of stack trace from previous location where exception was thrown ---

  at System.Net.WebConnection.Connect (System.Net.WebOperation operation, System.Threading.CancellationToken cancellationToken) [0x001e1] in <a971fed4bf844502b6501dbde9cced46>:0 
   --- End of inner exception stack trace ---
  at System.Net.WebConnection.Connect (System.Net.WebOperation operation, System.Threading.CancellationToken cancellationToken) [0x0025d] in <a971fed4bf844502b6501dbde9cced46>:0 
  at System.Net.WebConnection.InitConnection (System.Net.WebOperation operation, System.Threading.CancellationToken cancellationToken) [0x000cc] in <a971fed4bf844502b6501dbde9cced46>:0 
  at System.Net.WebOperation.Run () [0x0009a] in <a971fed4bf844502b6501dbde9cced46>:0 
  at System.Net.WebCompletionSource`1[T].WaitForCompletion () [0x00094] in <a971fed4bf844502b6501dbde9cced46>:0 
  at System.Net.HttpWebRequest.RunWithTimeoutWorker[T] (System.Threading.Tasks.Task`1[TResult] workerTask, System.Int32 timeout, System.Action abort, System.Func`1[TResult] aborted, System.Threading.CancellationTokenSource cts) [0x000f8] in <a971fed4bf844502b6501dbde9cced46>:0 
  at System.Net.HttpWebRequest.EndGetResponse (System.IAsyncResult asyncResult) [0x00020] in <a971fed4bf844502b6501dbde9cced46>:0 
  at System.Threading.Tasks.TaskFactory`1[TResult].FromAsyncCoreLogic (System.IAsyncResult iar, System.Func`2[T,TResult] endFunction, System.Action`1[T] endAction, System.Threading.Tasks.Task`1[TResult] promise, System.Boolean requiresSynchronization) [0x0000f] in <9aad1b3a47484d63ba2b3985692d80e9>:0 
--- End of stack trace from previous location where exception was thrown ---

  at System.Net.Http.MonoWebRequestHandler.SendAsync (System.Net.Http.HttpRequestMessage request, System.Threading.CancellationToken cancellationToken) [0x004ae] in <1461f1930feb4705bca8b5d7908e9fa7>:0 
   --- End of inner exception stack trace ---
  at System.Net.Http.MonoWebRequestHandler.SendAsync (System.Net.Http.HttpRequestMessage request, System.Threading.CancellationToken cancellationToken) [0x00509] in <1461f1930feb4705bca8b5d7908e9fa7>:0 
  at Microsoft.Extensions.Http.Logging.LoggingHttpMessageHandler.SendAsync (System.Net.Http.HttpRequestMessage request, System.Threading.CancellationToken cancellationToken) [0x000d7] in <eb702e06450043b2b2cf918768e3c012>:0 
  at Microsoft.Extensions.Http.Logging.LoggingScopeHttpMessageHandler.SendAsync (System.Net.Http.HttpRequestMessage request, System.Threading.CancellationToken cancellationToken) [0x000ef] in <eb702e06450043b2b2cf918768e3c012>:0 
  at System.Net.Http.HttpClient.SendAsyncWorker (System.Net.Http.HttpRequestMessage request, System.Net.Http.HttpCompletionOption completionOption, System.Threading.CancellationToken cancellationToken) [0x000e8] in <1461f1930feb4705bca8b5d7908e9fa7>:0 
  at TNRD.Zeepkist.GTR.Ghosting.Playback.GhostRepository.DownloadGhost (System.Int32 recordId, System.String ghostUrl, System.Threading.CancellationToken cancellationToken) [0x000f0] in D:\a\Zeepkist.GTR.Mod\Zeepkist.GTR.Mod\Ghosting\Playback\GhostRepository.cs:124 '', "
[Info   :Zeepkist GTR] 19:58:58 Converting to base64
[Info   :Zeepkist GTR] 19:58:58 Creating resource
[Info   :Zeepkist GTR] 19:58:58 Start processing HTTP request "POST" https://es-backend-5eu0pg2dcfyp6u2v33lz.zeepki.st/record/submit
[Info   :Zeepkist GTR] 19:58:58 Start processing HTTP request "POST" https://es-backend-5eu0pg2dcfyp6u2v33lz.zeepki.st/record/submit
[Info   :Zeepkist GTR] 19:58:58 Sending HTTP request "POST" https://es-backend-5eu0pg2dcfyp6u2v33lz.zeepki.st/record/submit
[Info   :Zeepkist GTR] 19:58:59 Received HTTP response headers after 1061.3652ms - 200
[Info   :Zeepkist GTR] 19:58:59 End processing HTTP request after 1061.5851ms - 200
[Info   :Zeepkist GTR] 19:58:59 End processing HTTP request after 1068.17ms - 200
[Info   :Zeepkist GTR] 19:59:02 Start processing HTTP request "POST" https://es-graphql-1q5xcqmja6dvh4ctc4t9.zeepki.st/
[Info   :Zeepkist GTR] 19:59:02 Start processing HTTP request "POST" https://es-graphql-1q5xcqmja6dvh4ctc4t9.zeepki.st/
[Info   :Zeepkist GTR] 19:59:02 Sending HTTP request "POST" https://es-graphql-1q5xcqmja6dvh4ctc4t9.zeepki.st/
[Info   :Zeepkist GTR] 19:59:02 Received HTTP response headers after 87.1837ms - 200
[Info   :Zeepkist GTR] 19:59:02 End processing HTTP request after 87.4116ms - 200
[Info   :Zeepkist GTR] 19:59:02 End processing HTTP request after 92.2856ms - 200
[Info   :Zeepkist Bingo] [BINGO] === PLAYER SPAWNED ===
[Info   :Zeepkist Bingo] [BINGO] IsInActiveSession: False
[Info   :Zeepkist Bingo] [BINGO] Not in active session, skipping timer reset
[Info   :Zeepkist GTR] 19:59:06 Loading personal best...
[Info   :Zeepkist GTR] 19:59:06 Start processing HTTP request "POST" https://es-graphql-1q5xcqmja6dvh4ctc4t9.zeepki.st/
[Info   :Zeepkist GTR] 19:59:06 Start processing HTTP request "POST" https://es-graphql-1q5xcqmja6dvh4ctc4t9.zeepki.st/
[Info   :Zeepkist GTR] 19:59:06 Sending HTTP request "POST" https://es-graphql-1q5xcqmja6dvh4ctc4t9.zeepki.st/
[Info   :Zeepkist GTR] 19:59:06 Stopping existing recorder if any
[Info   :Zeepkist GTR] 19:59:06 Creating new recorder
[Info   :Zeepkist GTR] 19:59:06 Received HTTP response headers after 92.6812ms - 200
[Info   :Zeepkist GTR] 19:59:06 End processing HTTP request after 92.9032ms - 200
[Info   :Zeepkist GTR] 19:59:06 End processing HTTP request after 97.9151ms - 200
[Info   :Zeepkist GTR] 19:59:06 Start processing HTTP request "GET" https://cdn.zeepki.st/ghosts/01M2NNYCDC17KF4BWJPH8JPEF0.bin
[Info   :Zeepkist GTR] 19:59:06 Sending HTTP request "GET" https://cdn.zeepki.st/ghosts/01M2NNYCDC17KF4BWJPH8JPEF0.bin
[Info   :Zeepkist GTR] 19:59:08 Starting recorder
[Info   :Zeepkist Bingo] [BINGO] === PLAYER SPAWNED ===
[Info   :Zeepkist Bingo] [BINGO] IsInActiveSession: False
[Info   :Zeepkist Bingo] [BINGO] Not in active session, skipping timer reset
[Info   :Zeepkist GTR] 19:59:11 Loading personal best...
[Info   :Zeepkist GTR] 19:59:11 Start processing HTTP request "POST" https://es-graphql-1q5xcqmja6dvh4ctc4t9.zeepki.st/
[Info   :Zeepkist GTR] 19:59:11 Start processing HTTP request "POST" https://es-graphql-1q5xcqmja6dvh4ctc4t9.zeepki.st/
[Info   :Zeepkist GTR] 19:59:11 Sending HTTP request "POST" https://es-graphql-1q5xcqmja6dvh4ctc4t9.zeepki.st/
[Info   :Zeepkist GTR] 19:59:11 Stopping existing recorder if any
[Info   :Zeepkist GTR] 19:59:11 Creating new recorder
[Info   :Zeepkist GTR] 19:59:11 Received HTTP response headers after 53.521ms - 200
[Info   :Zeepkist GTR] 19:59:11 End processing HTTP request after 53.7274ms - 200
[Info   :Zeepkist GTR] 19:59:11 End processing HTTP request after 59.316ms - 200
[Info   :Zeepkist GTR] 19:59:11 Start processing HTTP request "GET" https://cdn.zeepki.st/ghosts/01M2NNYCDC17KF4BWJPH8JPEF0.bin
[Info   :Zeepkist GTR] 19:59:11 Sending HTTP request "GET" https://cdn.zeepki.st/ghosts/01M2NNYCDC17KF4BWJPH8JPEF0.bin
[Info   :Zeepkist GTR] 19:59:12 Starting recorder
[Info   :Zeepkist Bingo] [BINGO] === PLAYER SPAWNED ===
[Info   :Zeepkist Bingo] [BINGO] IsInActiveSession: False
[Info   :Zeepkist Bingo] [BINGO] Not in active session, skipping timer reset
[Info   :Zeepkist GTR] 19:59:16 Loading personal best...
[Info   :Zeepkist GTR] 19:59:16 Start processing HTTP request "POST" https://es-graphql-1q5xcqmja6dvh4ctc4t9.zeepki.st/
[Info   :Zeepkist GTR] 19:59:16 Start processing HTTP request "POST" https://es-graphql-1q5xcqmja6dvh4ctc4t9.zeepki.st/
[Info   :Zeepkist GTR] 19:59:16 Sending HTTP request "POST" https://es-graphql-1q5xcqmja6dvh4ctc4t9.zeepki.st/
[Info   :Zeepkist GTR] 19:59:16 Stopping existing recorder if any
[Info   :Zeepkist GTR] 19:59:16 Creating new recorder
[Info   :Zeepkist GTR] 19:59:16 Received HTTP response headers after 55.3338ms - 200
[Info   :Zeepkist GTR] 19:59:16 End processing HTTP request after 55.5578ms - 200
[Info   :Zeepkist GTR] 19:59:16 End processing HTTP request after 57.7637ms - 200
[Info   :Zeepkist GTR] 19:59:16 Start processing HTTP request "GET" https://cdn.zeepki.st/ghosts/01M2NNYCDC17KF4BWJPH8JPEF0.bin
[Info   :Zeepkist GTR] 19:59:16 Sending HTTP request "GET" https://cdn.zeepki.st/ghosts/01M2NNYCDC17KF4BWJPH8JPEF0.bin
[Info   :Zeepkist GTR] 19:59:18 Starting recorder
[Info   :Zeepkist GTR] 19:59:21 Start processing HTTP request "POST" https://es-graphql-1q5xcqmja6dvh4ctc4t9.zeepki.st/
[Info   :Zeepkist GTR] 19:59:21 Start processing HTTP request "POST" https://es-graphql-1q5xcqmja6dvh4ctc4t9.zeepki.st/
[Info   :Zeepkist GTR] 19:59:21 Sending HTTP request "POST" https://es-graphql-1q5xcqmja6dvh4ctc4t9.zeepki.st/
[Info   :Zeepkist GTR] 19:59:21 Received HTTP response headers after 94.4008ms - 200
[Info   :Zeepkist GTR] 19:59:21 End processing HTTP request after 94.6202ms - 200
[Info   :Zeepkist GTR] 19:59:21 End processing HTTP request after 100.9202ms - 200
[Info   :Zeepkist GTR] 19:59:24 Start processing HTTP request "POST" https://es-backend-5eu0pg2dcfyp6u2v33lz.zeepki.st/vote/submit
[Info   :Zeepkist GTR] 19:59:24 Start processing HTTP request "POST" https://es-backend-5eu0pg2dcfyp6u2v33lz.zeepki.st/vote/submit
[Info   :Zeepkist GTR] 19:59:24 Sending HTTP request "POST" https://es-backend-5eu0pg2dcfyp6u2v33lz.zeepki.st/vote/submit
[Info   :Zeepkist Bingo] [CHAT] Intercepted message: ++
[Info   :Zeepkist Bingo] [CHAT] Not relaying - no bingo session
[Info   :Zeepkist GTR] 19:59:24 Received HTTP response headers after 111.0054ms - 200
[Info   :Zeepkist GTR] 19:59:24 End processing HTTP request after 111.2193ms - 200
[Info   :Zeepkist GTR] 19:59:24 End processing HTTP request after 118.4374ms - 200
[Info   :RoundLeaderboardTab] Drawing leaderboard -> forwarding to Instance.DrawTabLeaderboard()
[Info   :Zeepkist GTR] 19:59:51 Discarding recorder
[Info   :RoundLeaderboardTab] Drawing leaderboard -> forwarding to Instance.DrawTabLeaderboard()
[Info   :Zeepkist Bingo] [BINGO] Level loaded
[Info   :Zeepkist GTR] 20:00:05 Start processing HTTP request "POST" https://es-backend-5eu0pg2dcfyp6u2v33lz.zeepki.st/level/request
[Info   :Zeepkist GTR] 20:00:05 Start processing HTTP request "POST" https://es-backend-5eu0pg2dcfyp6u2v33lz.zeepki.st/level/request
[Info   :Zeepkist GTR] 20:00:05 Sending HTTP request "POST" https://es-backend-5eu0pg2dcfyp6u2v33lz.zeepki.st/level/request
[Info   :Zeepkist GTR] 20:00:05 Start processing HTTP request "POST" https://es-graphql-1q5xcqmja6dvh4ctc4t9.zeepki.st/
[Info   :Zeepkist GTR] 20:00:05 Start processing HTTP request "POST" https://es-graphql-1q5xcqmja6dvh4ctc4t9.zeepki.st/
[Info   :Zeepkist GTR] 20:00:05 Sending HTTP request "POST" https://es-graphql-1q5xcqmja6dvh4ctc4t9.zeepki.st/
[Warning:Zeepkist GTR] 20:00:05 Current-level record subscription failed
[Info   :Zeepkist GTR] 20:00:05 Start processing HTTP request "POST" https://es-graphql-1q5xcqmja6dvh4ctc4t9.zeepki.st/
[Info   :Zeepkist GTR] 20:00:05 Start processing HTTP request "POST" https://es-graphql-1q5xcqmja6dvh4ctc4t9.zeepki.st/
[Info   :Zeepkist GTR] 20:00:05 Sending HTTP request "POST" https://es-graphql-1q5xcqmja6dvh4ctc4t9.zeepki.st/
[Info   :BetterSplits] getting gtr splits
[Error  :BetterSplits] cannot get splits, no gtr id
[Info   :Zeepkist Bingo] [BINGO] === PLAYER SPAWNED ===
[Info   :Zeepkist Bingo] [BINGO] IsInActiveSession: False
[Info   :Zeepkist Bingo] [BINGO] Not in active session, skipping timer reset
[Info   :Zeepkist GTR] 20:00:05 Loading personal best...
[Info   :Zeepkist GTR] 20:00:05 Start processing HTTP request "POST" https://es-graphql-1q5xcqmja6dvh4ctc4t9.zeepki.st/
[Info   :Zeepkist GTR] 20:00:05 Start processing HTTP request "POST" https://es-graphql-1q5xcqmja6dvh4ctc4t9.zeepki.st/
[Info   :Zeepkist GTR] 20:00:05 Sending HTTP request "POST" https://es-graphql-1q5xcqmja6dvh4ctc4t9.zeepki.st/
[Info   :Zeepkist GTR] 20:00:05 Stopping existing recorder if any
[Info   :Zeepkist GTR] 20:00:05 Creating new recorder
[Info   :Zeepkist GTR] 20:00:05 Received HTTP response headers after 124.7617ms - 200
[Info   :Zeepkist GTR] 20:00:05 End processing HTTP request after 125.0464ms - 200
[Info   :Zeepkist GTR] 20:00:05 End processing HTTP request after 135.3704ms - 200
[Warning:Zeepkist GTR] 20:00:05 Unable to resolve current level GraphQL ID
[Info   :Zeepkist GTR] 20:00:05 Received HTTP response headers after 205.3833ms - 200
[Info   :Zeepkist GTR] 20:00:05 End processing HTTP request after 205.5946ms - 200
[Info   :Zeepkist GTR] 20:00:05 End processing HTTP request after 216.1517ms - 200
[Info   :Zeepkist GTR] 20:00:05 Received HTTP response headers after 148.9143ms - 200
[Info   :Zeepkist GTR] 20:00:05 End processing HTTP request after 149.1316ms - 200
[Info   :Zeepkist GTR] 20:00:05 End processing HTTP request after 151.1746ms - 200
[Info   :Zeepkist GTR] 20:00:06 Received HTTP response headers after 329.7037ms - 200
[Info   :Zeepkist GTR] 20:00:06 End processing HTTP request after 329.9296ms - 200
[Info   :Zeepkist GTR] 20:00:06 End processing HTTP request after 335.0046ms - 200
[Info   :Zeepkist GTR] 20:00:07 Starting recorder
[Info   :   Console] Download started for AppId: 1440670, FileId: 3802362759, Result: OK
[Info   :Zeepkist Bingo] [BINGO] === PLAYER SPAWNED ===
[Info   :Zeepkist Bingo] [BINGO] IsInActiveSession: False
[Info   :Zeepkist Bingo] [BINGO] Not in active session, skipping timer reset
[Info   :Zeepkist GTR] 20:00:08 Loading personal best...
[Info   :Zeepkist GTR] 20:00:08 Start processing HTTP request "POST" https://es-graphql-1q5xcqmja6dvh4ctc4t9.zeepki.st/
[Info   :Zeepkist GTR] 20:00:08 Start processing HTTP request "POST" https://es-graphql-1q5xcqmja6dvh4ctc4t9.zeepki.st/
[Info   :Zeepkist GTR] 20:00:08 Sending HTTP request "POST" https://es-graphql-1q5xcqmja6dvh4ctc4t9.zeepki.st/
[Info   :Zeepkist GTR] 20:00:08 Start processing HTTP request "POST" https://es-graphql-1q5xcqmja6dvh4ctc4t9.zeepki.st/
[Info   :Zeepkist GTR] 20:00:08 Start processing HTTP request "POST" https://es-graphql-1q5xcqmja6dvh4ctc4t9.zeepki.st/
[Info   :Zeepkist GTR] 20:00:08 Sending HTTP request "POST" https://es-graphql-1q5xcqmja6dvh4ctc4t9.zeepki.st/
[Info   :Zeepkist GTR] 20:00:08 Stopping existing recorder if any
[Info   :Zeepkist GTR] 20:00:08 Creating new recorder
[Info   :Zeepkist GTR] 20:00:08 Received HTTP response headers after 55.8527ms - 200
[Info   :Zeepkist GTR] 20:00:08 End processing HTTP request after 56.0903ms - 200
[Info   :Zeepkist GTR] 20:00:08 End processing HTTP request after 65.072ms - 200
[Info   :Zeepkist GTR] 20:00:08 Received HTTP response headers after 77.2895ms - 200
[Info   :Zeepkist GTR] 20:00:08 End processing HTTP request after 77.5135ms - 200
[Warning:Zeepkist GTR] 20:00:08 Unable to resolve current level GraphQL ID
[Info   :Zeepkist GTR] 20:00:08 End processing HTTP request after 86.9389ms - 200
[Info   :Zeepkist GTR] 20:00:10 Starting recorder
[Info   :Zeepkist Bingo] [BINGO] === PLAYER SPAWNED ===
[Info   :Zeepkist Bingo] [BINGO] IsInActiveSession: False
[Info   :Zeepkist Bingo] [BINGO] Not in active session, skipping timer reset
[Info   :Zeepkist GTR] 20:00:18 Loading personal best...
[Info   :Zeepkist GTR] 20:00:18 Start processing HTTP request "POST" https://es-graphql-1q5xcqmja6dvh4ctc4t9.zeepki.st/
[Info   :Zeepkist GTR] 20:00:18 Start processing HTTP request "POST" https://es-graphql-1q5xcqmja6dvh4ctc4t9.zeepki.st/
[Info   :Zeepkist GTR] 20:00:18 Sending HTTP request "POST" https://es-graphql-1q5xcqmja6dvh4ctc4t9.zeepki.st/
[Info   :Zeepkist GTR] 20:00:18 Start processing HTTP request "POST" https://es-graphql-1q5xcqmja6dvh4ctc4t9.zeepki.st/
[Info   :Zeepkist GTR] 20:00:18 Start processing HTTP request "POST" https://es-graphql-1q5xcqmja6dvh4ctc4t9.zeepki.st/
[Info   :Zeepkist GTR] 20:00:18 Sending HTTP request "POST" https://es-graphql-1q5xcqmja6dvh4ctc4t9.zeepki.st/
[Info   :Zeepkist GTR] 20:00:18 Stopping existing recorder if any
[Info   :Zeepkist GTR] 20:00:18 Creating new recorder
[Info   :Zeepkist GTR] 20:00:18 Received HTTP response headers after 243.6405ms - 200
[Info   :Zeepkist GTR] 20:00:18 End processing HTTP request after 243.8475ms - 200
[Info   :Zeepkist GTR] 20:00:18 End processing HTTP request after 244.8595ms - 200
[Warning:Zeepkist GTR] 20:00:18 Unable to resolve current level GraphQL ID
[Info   :Zeepkist GTR] 20:00:18 Received HTTP response headers after 269.1258ms - 200
[Info   :Zeepkist GTR] 20:00:18 End processing HTTP request after 269.3456ms - 200
[Info   :Zeepkist GTR] 20:00:18 End processing HTTP request after 272.3539ms - 200
[Info   :Zeepkist GTR] 20:00:20 Starting recorder
[Info   :Zeepkist Bingo] [BINGO] === PLAYER SPAWNED ===
[Info   :Zeepkist Bingo] [BINGO] IsInActiveSession: False
[Info   :Zeepkist Bingo] [BINGO] Not in active session, skipping timer reset
[Info   :Zeepkist GTR] 20:00:45 Loading personal best...
[Info   :Zeepkist GTR] 20:00:45 Start processing HTTP request "POST" https://es-graphql-1q5xcqmja6dvh4ctc4t9.zeepki.st/
[Info   :Zeepkist GTR] 20:00:45 Start processing HTTP request "POST" https://es-graphql-1q5xcqmja6dvh4ctc4t9.zeepki.st/
[Info   :Zeepkist GTR] 20:00:45 Sending HTTP request "POST" https://es-graphql-1q5xcqmja6dvh4ctc4t9.zeepki.st/
[Info   :Zeepkist GTR] 20:00:45 Start processing HTTP request "POST" https://es-graphql-1q5xcqmja6dvh4ctc4t9.zeepki.st/
[Info   :Zeepkist GTR] 20:00:45 Start processing HTTP request "POST" https://es-graphql-1q5xcqmja6dvh4ctc4t9.zeepki.st/
[Info   :Zeepkist GTR] 20:00:45 Sending HTTP request "POST" https://es-graphql-1q5xcqmja6dvh4ctc4t9.zeepki.st/
[Info   :Zeepkist GTR] 20:00:45 Stopping existing recorder if any
[Info   :Zeepkist GTR] 20:00:45 Creating new recorder
[Info   :Zeepkist GTR] 20:00:45 Received HTTP response headers after 70.9742ms - 200
[Info   :Zeepkist GTR] 20:00:45 End processing HTTP request after 71.2021ms - 200
[Info   :Zeepkist GTR] 20:00:45 End processing HTTP request after 73.7345ms - 200
[Info   :Zeepkist GTR] 20:00:45 Received HTTP response headers after 90.0805ms - 200
[Info   :Zeepkist GTR] 20:00:45 End processing HTTP request after 90.2964ms - 200
[Info   :Zeepkist GTR] 20:00:45 End processing HTTP request after 101.5719ms - 200
[Info   :Zeepkist GTR] 20:00:47 Starting recorder
[Info   :Zeepkist Bingo] [BINGO] === PLAYER SPAWNED ===
[Info   :Zeepkist Bingo] [BINGO] IsInActiveSession: False
[Info   :Zeepkist Bingo] [BINGO] Not in active session, skipping timer reset
[Info   :Zeepkist GTR] 20:01:01 Loading personal best...
[Info   :Zeepkist GTR] 20:01:01 Start processing HTTP request "POST" https://es-graphql-1q5xcqmja6dvh4ctc4t9.zeepki.st/
[Info   :Zeepkist GTR] 20:01:01 Start processing HTTP request "POST" https://es-graphql-1q5xcqmja6dvh4ctc4t9.zeepki.st/
[Info   :Zeepkist GTR] 20:01:01 Sending HTTP request "POST" https://es-graphql-1q5xcqmja6dvh4ctc4t9.zeepki.st/
[Info   :Zeepkist GTR] 20:01:01 Stopping existing recorder if any
[Info   :Zeepkist GTR] 20:01:01 Creating new recorder
[Info   :Zeepkist GTR] 20:01:01 Received HTTP response headers after 70.313ms - 200
[Info   :Zeepkist GTR] 20:01:01 End processing HTTP request after 70.5627ms - 200
[Info   :Zeepkist GTR] 20:01:01 End processing HTTP request after 80.6194ms - 200
[Info   :Zeepkist GTR] 20:01:03 Starting recorder
[Info   :Zeepkist Bingo] [BINGO] === PLAYER SPAWNED ===
[Info   :Zeepkist Bingo] [BINGO] IsInActiveSession: False
[Info   :Zeepkist Bingo] [BINGO] Not in active session, skipping timer reset
[Info   :Zeepkist GTR] 20:01:18 Loading personal best...
[Info   :Zeepkist GTR] 20:01:18 Start processing HTTP request "POST" https://es-graphql-1q5xcqmja6dvh4ctc4t9.zeepki.st/
[Info   :Zeepkist GTR] 20:01:18 Start processing HTTP request "POST" https://es-graphql-1q5xcqmja6dvh4ctc4t9.zeepki.st/
[Info   :Zeepkist GTR] 20:01:18 Sending HTTP request "POST" https://es-graphql-1q5xcqmja6dvh4ctc4t9.zeepki.st/
[Info   :Zeepkist GTR] 20:01:18 Stopping existing recorder if any
[Info   :Zeepkist GTR] 20:01:18 Creating new recorder
[Info   :Zeepkist GTR] 20:01:18 Received HTTP response headers after 62.4199ms - 200
[Info   :Zeepkist GTR] 20:01:18 End processing HTTP request after 62.6892ms - 200
[Info   :Zeepkist GTR] 20:01:18 End processing HTTP request after 66.3314ms - 200
[Info   :Zeepkist GTR] 20:01:20 Starting recorder
[Info   :Zeepkist GTR] 20:01:45 Stopping recorder
[Info   :Zeepkist GTR] 20:01:45 Collecting extra information
[Info   :Zeepkist GTR] 20:01:45 Resolved workshop ID "3802362759" from lobby 3802362759 and level 0
[Info   :Zeepkist GTR] 20:01:45 Processing ghost data
[Info   :Zeepkist GTR] 20:01:45 Creating stream
[Info   :Zeepkist GTR] 20:01:45 Writing to stream
[Info   :Zeepkist GTR] 20:01:45 Converting to base64
[Info   :Zeepkist GTR] 20:01:45 Creating resource
[Info   :Zeepkist GTR] 20:01:45 Start processing HTTP request "POST" https://es-backend-5eu0pg2dcfyp6u2v33lz.zeepki.st/record/submit
[Info   :Zeepkist GTR] 20:01:45 Start processing HTTP request "POST" https://es-backend-5eu0pg2dcfyp6u2v33lz.zeepki.st/record/submit
[Info   :Zeepkist GTR] 20:01:45 Sending HTTP request "POST" https://es-backend-5eu0pg2dcfyp6u2v33lz.zeepki.st/record/submit
[Info   :Zeepkist Bingo] [BINGO] === PLAYER SPAWNED ===
[Info   :Zeepkist Bingo] [BINGO] IsInActiveSession: False
[Info   :Zeepkist Bingo] [BINGO] Not in active session, skipping timer reset
[Info   :Zeepkist GTR] 20:01:46 Loading personal best...
[Info   :Zeepkist GTR] 20:01:46 Start processing HTTP request "POST" https://es-graphql-1q5xcqmja6dvh4ctc4t9.zeepki.st/
[Info   :Zeepkist GTR] 20:01:46 Start processing HTTP request "POST" https://es-graphql-1q5xcqmja6dvh4ctc4t9.zeepki.st/
[Info   :Zeepkist GTR] 20:01:46 Sending HTTP request "POST" https://es-graphql-1q5xcqmja6dvh4ctc4t9.zeepki.st/
[Info   :Zeepkist GTR] 20:01:46 Stopping existing recorder if any
[Info   :Zeepkist GTR] 20:01:46 Creating new recorder
[Info   :Zeepkist GTR] 20:01:46 Received HTTP response headers after 78.5205ms - 200
[Info   :Zeepkist GTR] 20:01:46 End processing HTTP request after 78.7399ms - 200
[Info   :Zeepkist GTR] 20:01:46 End processing HTTP request after 82.3328ms - 200
[Info   :Zeepkist GTR] 20:01:48 Starting recorder
[Error  :Zeepkist GTR] 20:01:55 Failed to submit record
[Info   :Zeepkist Bingo] [BINGO] === PLAYER SPAWNED ===
[Info   :Zeepkist Bingo] [BINGO] IsInActiveSession: False
[Info   :Zeepkist Bingo] [BINGO] Not in active session, skipping timer reset
[Info   :Zeepkist GTR] 20:02:14 Loading personal best...
[Info   :Zeepkist GTR] 20:02:14 Start processing HTTP request "POST" https://es-graphql-1q5xcqmja6dvh4ctc4t9.zeepki.st/
[Info   :Zeepkist GTR] 20:02:14 Start processing HTTP request "POST" https://es-graphql-1q5xcqmja6dvh4ctc4t9.zeepki.st/
[Info   :Zeepkist GTR] 20:02:14 Sending HTTP request "POST" https://es-graphql-1q5xcqmja6dvh4ctc4t9.zeepki.st/
[Info   :Zeepkist GTR] 20:02:14 Stopping existing recorder if any
[Info   :Zeepkist GTR] 20:02:14 Creating new recorder
[Info   :Zeepkist GTR] 20:02:14 Received HTTP response headers after 58.7273ms - 200
[Info   :Zeepkist GTR] 20:02:14 End processing HTTP request after 59.0236ms - 200
[Info   :Zeepkist GTR] 20:02:14 End processing HTTP request after 61.7911ms - 200
[Info   :Zeepkist GTR] 20:02:14 Start processing HTTP request "GET" https://cdn.zeepki.st/ghosts/01M2NP3RZ261JM0QPG421ZPR5S.bin
[Info   :Zeepkist GTR] 20:02:14 Sending HTTP request "GET" https://cdn.zeepki.st/ghosts/01M2NP3RZ261JM0QPG421ZPR5S.bin
[Info   :Zeepkist GTR] 20:02:16 Starting recorder
[Info   :Zeepkist Bingo] [BINGO] === PLAYER SPAWNED ===
[Info   :Zeepkist Bingo] [BINGO] IsInActiveSession: False
[Info   :Zeepkist Bingo] [BINGO] Not in active session, skipping timer reset
[Info   :Zeepkist GTR] 20:02:30 Loading personal best...
[Info   :Zeepkist GTR] 20:02:30 Start processing HTTP request "POST" https://es-graphql-1q5xcqmja6dvh4ctc4t9.zeepki.st/
[Info   :Zeepkist GTR] 20:02:30 Start processing HTTP request "POST" https://es-graphql-1q5xcqmja6dvh4ctc4t9.zeepki.st/
[Info   :Zeepkist GTR] 20:02:30 Sending HTTP request "POST" https://es-graphql-1q5xcqmja6dvh4ctc4t9.zeepki.st/
[Info   :Zeepkist GTR] 20:02:30 Stopping existing recorder if any
[Info   :Zeepkist GTR] 20:02:30 Creating new recorder
[Info   :Zeepkist GTR] 20:02:30 Received HTTP response headers after 266.6321ms - 200
[Info   :Zeepkist GTR] 20:02:30 End processing HTTP request after 266.8431ms - 200
[Info   :Zeepkist GTR] 20:02:30 End processing HTTP request after 273.6972ms - 200
[Info   :Zeepkist GTR] 20:02:31 Start processing HTTP request "GET" https://cdn.zeepki.st/ghosts/01M2NP3RZ261JM0QPG421ZPR5S.bin
[Info   :Zeepkist GTR] 20:02:31 Sending HTTP request "GET" https://cdn.zeepki.st/ghosts/01M2NP3RZ261JM0QPG421ZPR5S.bin
[Info   :Zeepkist GTR] 20:02:32 Starting recorder
[Info   :Zeepkist GTR] 20:02:56 Stopping recorder
[Info   :Zeepkist GTR] 20:02:56 Collecting extra information
[Info   :Zeepkist GTR] 20:02:56 Resolved workshop ID "3802362759" from lobby 3802362759 and level 0
[Info   :Zeepkist GTR] 20:02:56 Processing ghost data
[Info   :Zeepkist GTR] 20:02:56 Creating stream
[Info   :Zeepkist GTR] 20:02:56 Writing to stream
[Info   :Zeepkist GTR] 20:02:56 Converting to base64
[Info   :Zeepkist GTR] 20:02:56 Creating resource
[Info   :Zeepkist GTR] 20:02:56 Start processing HTTP request "POST" https://es-backend-5eu0pg2dcfyp6u2v33lz.zeepki.st/record/submit
[Info   :Zeepkist GTR] 20:02:56 Start processing HTTP request "POST" https://es-backend-5eu0pg2dcfyp6u2v33lz.zeepki.st/record/submit
[Info   :Zeepkist GTR] 20:02:56 Sending HTTP request "POST" https://es-backend-5eu0pg2dcfyp6u2v33lz.zeepki.st/record/submit
[Info   :Zeepkist GTR] 20:02:57 Received HTTP response headers after 428.2508ms - 200
[Info   :Zeepkist GTR] 20:02:57 End processing HTTP request after 428.4755ms - 200
[Info   :Zeepkist GTR] 20:02:57 End processing HTTP request after 430.1227ms - 200
[Info   :Zeepkist Bingo] [BINGO] === PLAYER SPAWNED ===
[Info   :Zeepkist Bingo] [BINGO] IsInActiveSession: False
[Info   :Zeepkist Bingo] [BINGO] Not in active session, skipping timer reset
[Info   :Zeepkist GTR] 20:02:59 Loading personal best...
[Info   :Zeepkist GTR] 20:02:59 Start processing HTTP request "POST" https://es-graphql-1q5xcqmja6dvh4ctc4t9.zeepki.st/
[Info   :Zeepkist GTR] 20:02:59 Start processing HTTP request "POST" https://es-graphql-1q5xcqmja6dvh4ctc4t9.zeepki.st/
[Info   :Zeepkist GTR] 20:02:59 Sending HTTP request "POST" https://es-graphql-1q5xcqmja6dvh4ctc4t9.zeepki.st/
[Info   :Zeepkist GTR] 20:02:59 Stopping existing recorder if any
[Info   :Zeepkist GTR] 20:02:59 Creating new recorder
[Info   :Zeepkist GTR] 20:02:59 Received HTTP response headers after 75.8281ms - 200
[Info   :Zeepkist GTR] 20:02:59 End processing HTTP request after 76.0409ms - 200
[Info   :Zeepkist GTR] 20:02:59 End processing HTTP request after 82.8037ms - 200
[Info   :Zeepkist GTR] 20:02:59 Start processing HTTP request "GET" https://cdn.zeepki.st/ghosts/01M2NP5N0TWNXT1C53C3P2GC4S.bin
[Info   :Zeepkist GTR] 20:02:59 Sending HTTP request "GET" https://cdn.zeepki.st/ghosts/01M2NP5N0TWNXT1C53C3P2GC4S.bin
[Info   :Zeepkist GTR] 20:03:01 Starting recorder
[Info   :Zeepkist Bingo] [BINGO] === PLAYER SPAWNED ===
[Info   :Zeepkist Bingo] [BINGO] IsInActiveSession: False
[Info   :Zeepkist Bingo] [BINGO] Not in active session, skipping timer reset
[Info   :Zeepkist GTR] 20:03:09 Loading personal best...
[Info   :Zeepkist GTR] 20:03:09 Start processing HTTP request "POST" https://es-graphql-1q5xcqmja6dvh4ctc4t9.zeepki.st/
[Info   :Zeepkist GTR] 20:03:09 Start processing HTTP request "POST" https://es-graphql-1q5xcqmja6dvh4ctc4t9.zeepki.st/
[Info   :Zeepkist GTR] 20:03:09 Sending HTTP request "POST" https://es-graphql-1q5xcqmja6dvh4ctc4t9.zeepki.st/
[Info   :Zeepkist GTR] 20:03:09 Stopping existing recorder if any
[Info   :Zeepkist GTR] 20:03:09 Creating new recorder
[Info   :Zeepkist GTR] 20:03:09 Received HTTP response headers after 132.2184ms - 200
[Info   :Zeepkist GTR] 20:03:09 End processing HTTP request after 132.4613ms - 200
[Info   :Zeepkist GTR] 20:03:09 End processing HTTP request after 134.9797ms - 200
[Info   :Zeepkist GTR] 20:03:09 Start processing HTTP request "GET" https://cdn.zeepki.st/ghosts/01M2NP5N0TWNXT1C53C3P2GC4S.bin
[Info   :Zeepkist GTR] 20:03:09 Sending HTTP request "GET" https://cdn.zeepki.st/ghosts/01M2NP5N0TWNXT1C53C3P2GC4S.bin
[Info   :Zeepkist GTR] 20:03:11 Starting recorder
[Info   :Zeepkist Bingo] [BINGO] === PLAYER SPAWNED ===
[Info   :Zeepkist Bingo] [BINGO] IsInActiveSession: False
[Info   :Zeepkist Bingo] [BINGO] Not in active session, skipping timer reset
[Info   :Zeepkist GTR] 20:03:20 Loading personal best...
[Info   :Zeepkist GTR] 20:03:20 Start processing HTTP request "POST" https://es-graphql-1q5xcqmja6dvh4ctc4t9.zeepki.st/
[Info   :Zeepkist GTR] 20:03:20 Start processing HTTP request "POST" https://es-graphql-1q5xcqmja6dvh4ctc4t9.zeepki.st/
[Info   :Zeepkist GTR] 20:03:20 Sending HTTP request "POST" https://es-graphql-1q5xcqmja6dvh4ctc4t9.zeepki.st/
[Info   :Zeepkist GTR] 20:03:20 Stopping existing recorder if any
[Info   :Zeepkist GTR] 20:03:20 Creating new recorder
[Info   :Zeepkist GTR] 20:03:20 Received HTTP response headers after 78.5209ms - 200
[Info   :Zeepkist GTR] 20:03:20 End processing HTTP request after 78.7431ms - 200
[Info   :Zeepkist GTR] 20:03:20 End processing HTTP request after 84.7394ms - 200
[Info   :Zeepkist GTR] 20:03:20 Start processing HTTP request "GET" https://cdn.zeepki.st/ghosts/01M2NP5N0TWNXT1C53C3P2GC4S.bin
[Info   :Zeepkist GTR] 20:03:20 Sending HTTP request "GET" https://cdn.zeepki.st/ghosts/01M2NP5N0TWNXT1C53C3P2GC4S.bin
[Info   :Zeepkist GTR] 20:03:22 Starting recorder
[Info   :Zeepkist GTR] 20:03:22 Start processing HTTP request "POST" https://es-graphql-1q5xcqmja6dvh4ctc4t9.zeepki.st/
[Info   :Zeepkist GTR] 20:03:22 Start processing HTTP request "POST" https://es-graphql-1q5xcqmja6dvh4ctc4t9.zeepki.st/
[Info   :Zeepkist GTR] 20:03:22 Sending HTTP request "POST" https://es-graphql-1q5xcqmja6dvh4ctc4t9.zeepki.st/
[Info   :Zeepkist GTR] 20:03:22 Received HTTP response headers after 140.6857ms - 200
[Info   :Zeepkist GTR] 20:03:22 End processing HTTP request after 140.9294ms - 200
[Info   :Zeepkist GTR] 20:03:22 End processing HTTP request after 145.4977ms - 200
[Info   :Zeepkist Bingo] [BINGO] === PLAYER SPAWNED ===
[Info   :Zeepkist Bingo] [BINGO] IsInActiveSession: False
[Info   :Zeepkist Bingo] [BINGO] Not in active session, skipping timer reset
[Info   :Zeepkist GTR] 20:03:31 Loading personal best...
[Info   :Zeepkist GTR] 20:03:31 Start processing HTTP request "POST" https://es-graphql-1q5xcqmja6dvh4ctc4t9.zeepki.st/
[Info   :Zeepkist GTR] 20:03:31 Start processing HTTP request "POST" https://es-graphql-1q5xcqmja6dvh4ctc4t9.zeepki.st/
[Info   :Zeepkist GTR] 20:03:31 Sending HTTP request "POST" https://es-graphql-1q5xcqmja6dvh4ctc4t9.zeepki.st/
[Info   :Zeepkist GTR] 20:03:31 Stopping existing recorder if any
[Info   :Zeepkist GTR] 20:03:31 Creating new recorder
[Info   :Zeepkist GTR] 20:03:31 Received HTTP response headers after 57.5891ms - 200
[Info   :Zeepkist GTR] 20:03:31 End processing HTTP request after 57.8163ms - 200
[Info   :Zeepkist GTR] 20:03:31 End processing HTTP request after 59.982ms - 200
[Info   :Zeepkist GTR] 20:03:31 Start processing HTTP request "GET" https://cdn.zeepki.st/ghosts/01M2NP5N0TWNXT1C53C3P2GC4S.bin
[Info   :Zeepkist GTR] 20:03:31 Sending HTTP request "GET" https://cdn.zeepki.st/ghosts/01M2NP5N0TWNXT1C53C3P2GC4S.bin
[Info   :Zeepkist GTR] 20:03:33 Starting recorder
[Info   :Zeepkist GTR] 20:03:57 Stopping recorder
[Info   :Zeepkist GTR] 20:03:57 Collecting extra information
[Info   :Zeepkist GTR] 20:03:57 Resolved workshop ID "3802362759" from lobby 3802362759 and level 0
[Info   :Zeepkist GTR] 20:03:57 Processing ghost data
[Info   :Zeepkist GTR] 20:03:57 Creating stream
[Info   :Zeepkist GTR] 20:03:57 Writing to stream
[Info   :Zeepkist GTR] 20:03:57 Converting to base64
[Info   :Zeepkist GTR] 20:03:57 Creating resource
[Info   :Zeepkist GTR] 20:03:57 Start processing HTTP request "POST" https://es-backend-5eu0pg2dcfyp6u2v33lz.zeepki.st/record/submit
[Info   :Zeepkist GTR] 20:03:57 Start processing HTTP request "POST" https://es-backend-5eu0pg2dcfyp6u2v33lz.zeepki.st/record/submit
[Info   :Zeepkist GTR] 20:03:57 Sending HTTP request "POST" https://es-backend-5eu0pg2dcfyp6u2v33lz.zeepki.st/record/submit
[Info   :Zeepkist GTR] 20:03:58 Received HTTP response headers after 1101.4938ms - 200
[Info   :Zeepkist GTR] 20:03:58 End processing HTTP request after 1101.7046ms - 200
[Info   :Zeepkist GTR] 20:03:58 End processing HTTP request after 1109.8615ms - 200
[Info   :Zeepkist Bingo] [BINGO] === PLAYER SPAWNED ===
[Info   :Zeepkist Bingo] [BINGO] IsInActiveSession: False
[Info   :Zeepkist Bingo] [BINGO] Not in active session, skipping timer reset
[Info   :Zeepkist GTR] 20:04:00 Loading personal best...
[Info   :Zeepkist GTR] 20:04:00 Start processing HTTP request "POST" https://es-graphql-1q5xcqmja6dvh4ctc4t9.zeepki.st/
[Info   :Zeepkist GTR] 20:04:00 Start processing HTTP request "POST" https://es-graphql-1q5xcqmja6dvh4ctc4t9.zeepki.st/
[Info   :Zeepkist GTR] 20:04:00 Sending HTTP request "POST" https://es-graphql-1q5xcqmja6dvh4ctc4t9.zeepki.st/
[Info   :Zeepkist GTR] 20:04:00 Stopping existing recorder if any
[Info   :Zeepkist GTR] 20:04:00 Creating new recorder
[Info   :Zeepkist GTR] 20:04:00 Received HTTP response headers after 70.9396ms - 200
[Info   :Zeepkist GTR] 20:04:00 End processing HTTP request after 71.1519ms - 200
[Info   :Zeepkist GTR] 20:04:00 End processing HTTP request after 75.2547ms - 200
[Info   :Zeepkist GTR] 20:04:00 Start processing HTTP request "GET" https://cdn.zeepki.st/ghosts/01M2NP7GPK2S0W9ECFQ2SADPFR.bin
[Info   :Zeepkist GTR] 20:04:00 Sending HTTP request "GET" https://cdn.zeepki.st/ghosts/01M2NP7GPK2S0W9ECFQ2SADPFR.bin
[Info   :Zeepkist GTR] 20:04:02 Starting recorder
[Info   :Zeepkist GTR] 20:04:12 Start processing HTTP request "POST" https://es-graphql-1q5xcqmja6dvh4ctc4t9.zeepki.st/
[Info   :Zeepkist GTR] 20:04:12 Start processing HTTP request "POST" https://es-graphql-1q5xcqmja6dvh4ctc4t9.zeepki.st/
[Info   :Zeepkist GTR] 20:04:12 Sending HTTP request "POST" https://es-graphql-1q5xcqmja6dvh4ctc4t9.zeepki.st/
[Info   :Zeepkist GTR] 20:04:12 Received HTTP response headers after 64.1738ms - 200
[Info   :Zeepkist GTR] 20:04:12 End processing HTTP request after 64.3884ms - 200
[Info   :Zeepkist GTR] 20:04:12 End processing HTTP request after 65.984ms - 200
[Info   :Zeepkist GTR] 20:04:26 Stopping recorder
[Info   :Zeepkist GTR] 20:04:26 Collecting extra information
[Info   :Zeepkist GTR] 20:04:26 Resolved workshop ID "3802362759" from lobby 3802362759 and level 0
[Info   :Zeepkist GTR] 20:04:26 Processing ghost data
[Info   :Zeepkist GTR] 20:04:26 Creating stream
[Info   :Zeepkist GTR] 20:04:26 Writing to stream
[Info   :Zeepkist GTR] 20:04:26 Converting to base64
[Info   :Zeepkist GTR] 20:04:26 Creating resource
[Info   :Zeepkist GTR] 20:04:26 Start processing HTTP request "POST" https://es-backend-5eu0pg2dcfyp6u2v33lz.zeepki.st/record/submit
[Info   :Zeepkist GTR] 20:04:26 Start processing HTTP request "POST" https://es-backend-5eu0pg2dcfyp6u2v33lz.zeepki.st/record/submit
[Info   :Zeepkist GTR] 20:04:26 Sending HTTP request "POST" https://es-backend-5eu0pg2dcfyp6u2v33lz.zeepki.st/record/submit
[Info   :Zeepkist GTR] 20:04:28 Received HTTP response headers after 2026.884ms - 200
[Info   :Zeepkist GTR] 20:04:28 End processing HTTP request after 2027.0889ms - 200
[Info   :Zeepkist GTR] 20:04:28 End processing HTTP request after 2034.2216ms - 200
[Info   :Zeepkist Bingo] [BINGO] === PLAYER SPAWNED ===
[Info   :Zeepkist Bingo] [BINGO] IsInActiveSession: False
[Info   :Zeepkist Bingo] [BINGO] Not in active session, skipping timer reset
[Info   :Zeepkist GTR] 20:04:29 Loading personal best...
[Info   :Zeepkist GTR] 20:04:29 Start processing HTTP request "POST" https://es-graphql-1q5xcqmja6dvh4ctc4t9.zeepki.st/
[Info   :Zeepkist GTR] 20:04:29 Start processing HTTP request "POST" https://es-graphql-1q5xcqmja6dvh4ctc4t9.zeepki.st/
[Info   :Zeepkist GTR] 20:04:29 Sending HTTP request "POST" https://es-graphql-1q5xcqmja6dvh4ctc4t9.zeepki.st/
[Info   :Zeepkist GTR] 20:04:29 Stopping existing recorder if any
[Info   :Zeepkist GTR] 20:04:29 Creating new recorder
[Info   :Zeepkist GTR] 20:04:29 Received HTTP response headers after 71.6192ms - 200
[Info   :Zeepkist GTR] 20:04:29 End processing HTTP request after 71.879ms - 200
[Info   :Zeepkist GTR] 20:04:29 End processing HTTP request after 76.9511ms - 200
[Info   :Zeepkist GTR] 20:04:29 Start processing HTTP request "GET" https://cdn.zeepki.st/ghosts/01M2NP7GPK2S0W9ECFQ2SADPFR.bin
[Info   :Zeepkist GTR] 20:04:29 Sending HTTP request "GET" https://cdn.zeepki.st/ghosts/01M2NP7GPK2S0W9ECFQ2SADPFR.bin
[Info   :Zeepkist GTR] 20:04:30 Starting recorder
[Info   :Zeepkist GTR] 20:04:34 Start processing HTTP request "POST" https://es-graphql-1q5xcqmja6dvh4ctc4t9.zeepki.st/
[Info   :Zeepkist GTR] 20:04:34 Start processing HTTP request "POST" https://es-graphql-1q5xcqmja6dvh4ctc4t9.zeepki.st/
[Info   :Zeepkist GTR] 20:04:34 Sending HTTP request "POST" https://es-graphql-1q5xcqmja6dvh4ctc4t9.zeepki.st/
[Info   :Zeepkist Bingo] [CHAT] Intercepted message: !sof
[Info   :Zeepkist Bingo] [CHAT] Not relaying - no bingo session
[Info   :Zeepkist GTR] 20:04:34 Received HTTP response headers after 256.6727ms - 200
[Info   :Zeepkist GTR] 20:04:34 End processing HTTP request after 256.8897ms - 200
[Info   :Zeepkist GTR] 20:04:34 End processing HTTP request after 260.4088ms - 200
[Info   :Zeepkist Bingo] [BINGO] === PLAYER SPAWNED ===
[Info   :Zeepkist Bingo] [BINGO] IsInActiveSession: False
[Info   :Zeepkist Bingo] [BINGO] Not in active session, skipping timer reset
[Info   :Zeepkist GTR] 20:04:35 Loading personal best...
[Info   :Zeepkist GTR] 20:04:35 Start processing HTTP request "POST" https://es-graphql-1q5xcqmja6dvh4ctc4t9.zeepki.st/
[Info   :Zeepkist GTR] 20:04:35 Start processing HTTP request "POST" https://es-graphql-1q5xcqmja6dvh4ctc4t9.zeepki.st/
[Info   :Zeepkist GTR] 20:04:35 Sending HTTP request "POST" https://es-graphql-1q5xcqmja6dvh4ctc4t9.zeepki.st/
[Info   :Zeepkist GTR] 20:04:35 Stopping existing recorder if any
[Info   :Zeepkist GTR] 20:04:35 Creating new recorder
[Info   :Zeepkist GTR] 20:04:35 Received HTTP response headers after 84.2903ms - 200
[Info   :Zeepkist GTR] 20:04:35 End processing HTTP request after 84.5429ms - 200
[Info   :Zeepkist GTR] 20:04:35 End processing HTTP request after 86.6296ms - 200
[Info   :Zeepkist GTR] 20:04:35 Start processing HTTP request "GET" https://cdn.zeepki.st/ghosts/01M2NP7GPK2S0W9ECFQ2SADPFR.bin
[Info   :Zeepkist GTR] 20:04:35 Sending HTTP request "GET" https://cdn.zeepki.st/ghosts/01M2NP7GPK2S0W9ECFQ2SADPFR.bin
[Info   :Zeepkist GTR] 20:04:37 Starting recorder
[Info   :Zeepkist Bingo] [CHAT] Intercepted message: yes
[Info   :Zeepkist Bingo] [CHAT] Not relaying - no bingo session
[Info   :Zeepkist Bingo] [BINGO] === PLAYER SPAWNED ===
[Info   :Zeepkist Bingo] [BINGO] IsInActiveSession: False
[Info   :Zeepkist Bingo] [BINGO] Not in active session, skipping timer reset
[Info   :Zeepkist GTR] 20:04:39 Loading personal best...
[Info   :Zeepkist GTR] 20:04:39 Start processing HTTP request "POST" https://es-graphql-1q5xcqmja6dvh4ctc4t9.zeepki.st/
[Info   :Zeepkist GTR] 20:04:39 Start processing HTTP request "POST" https://es-graphql-1q5xcqmja6dvh4ctc4t9.zeepki.st/
[Info   :Zeepkist GTR] 20:04:39 Sending HTTP request "POST" https://es-graphql-1q5xcqmja6dvh4ctc4t9.zeepki.st/
[Info   :Zeepkist GTR] 20:04:39 Stopping existing recorder if any
[Info   :Zeepkist GTR] 20:04:39 Creating new recorder
[Info   :Zeepkist GTR] 20:04:39 Received HTTP response headers after 86.8681ms - 200
[Info   :Zeepkist GTR] 20:04:39 End processing HTTP request after 87.0693ms - 200
[Info   :Zeepkist GTR] 20:04:39 End processing HTTP request after 99.4517ms - 200
[Info   :Zeepkist GTR] 20:04:39 Start processing HTTP request "GET" https://cdn.zeepki.st/ghosts/01M2NP7GPK2S0W9ECFQ2SADPFR.bin
[Info   :Zeepkist GTR] 20:04:39 Sending HTTP request "GET" https://cdn.zeepki.st/ghosts/01M2NP7GPK2S0W9ECFQ2SADPFR.bin
[Info   :Zeepkist GTR] 20:04:40 Starting recorder
[Info   :Zeepkist Bingo] [BINGO] === PLAYER SPAWNED ===
[Info   :Zeepkist Bingo] [BINGO] IsInActiveSession: False
[Info   :Zeepkist Bingo] [BINGO] Not in active session, skipping timer reset
[Info   :Zeepkist GTR] 20:04:52 Loading personal best...
[Info   :Zeepkist GTR] 20:04:52 Start processing HTTP request "POST" https://es-graphql-1q5xcqmja6dvh4ctc4t9.zeepki.st/
[Info   :Zeepkist GTR] 20:04:52 Start processing HTTP request "POST" https://es-graphql-1q5xcqmja6dvh4ctc4t9.zeepki.st/
[Info   :Zeepkist GTR] 20:04:52 Sending HTTP request "POST" https://es-graphql-1q5xcqmja6dvh4ctc4t9.zeepki.st/
[Info   :Zeepkist GTR] 20:04:52 Stopping existing recorder if any
[Info   :Zeepkist GTR] 20:04:52 Creating new recorder
[Info   :Zeepkist GTR] 20:04:52 Received HTTP response headers after 66.5229ms - 200
[Info   :Zeepkist GTR] 20:04:52 End processing HTTP request after 66.726ms - 200
[Info   :Zeepkist GTR] 20:04:52 End processing HTTP request after 74.098ms - 200
[Info   :Zeepkist GTR] 20:04:52 Start processing HTTP request "GET" https://cdn.zeepki.st/ghosts/01M2NP7GPK2S0W9ECFQ2SADPFR.bin
[Info   :Zeepkist GTR] 20:04:52 Sending HTTP request "GET" https://cdn.zeepki.st/ghosts/01M2NP7GPK2S0W9ECFQ2SADPFR.bin
[Info   :Zeepkist GTR] 20:04:53 Starting recorder
[Info   :Zeepkist Bingo] [BINGO] === PLAYER SPAWNED ===
[Info   :Zeepkist Bingo] [BINGO] IsInActiveSession: False
[Info   :Zeepkist Bingo] [BINGO] Not in active session, skipping timer reset
[Info   :Zeepkist GTR] 20:05:02 Loading personal best...
[Info   :Zeepkist GTR] 20:05:02 Start processing HTTP request "POST" https://es-graphql-1q5xcqmja6dvh4ctc4t9.zeepki.st/
[Info   :Zeepkist GTR] 20:05:02 Start processing HTTP request "POST" https://es-graphql-1q5xcqmja6dvh4ctc4t9.zeepki.st/
[Info   :Zeepkist GTR] 20:05:02 Sending HTTP request "POST" https://es-graphql-1q5xcqmja6dvh4ctc4t9.zeepki.st/
[Info   :Zeepkist GTR] 20:05:02 Stopping existing recorder if any
[Info   :Zeepkist GTR] 20:05:02 Creating new recorder
[Info   :Zeepkist GTR] 20:05:02 Received HTTP response headers after 86.5583ms - 200
[Info   :Zeepkist GTR] 20:05:02 End processing HTTP request after 86.7726ms - 200
[Info   :Zeepkist GTR] 20:05:02 End processing HTTP request after 94.4436ms - 200
[Info   :Zeepkist GTR] 20:05:02 Start processing HTTP request "GET" https://cdn.zeepki.st/ghosts/01M2NP7GPK2S0W9ECFQ2SADPFR.bin
[Info   :Zeepkist GTR] 20:05:02 Sending HTTP request "GET" https://cdn.zeepki.st/ghosts/01M2NP7GPK2S0W9ECFQ2SADPFR.bin
[Info   :Zeepkist GTR] 20:05:04 Starting recorder
[Info   :Zeepkist GTR] 20:05:04 Discarding recorder
[Info   :Zeepkist Bingo] [BINGO] Level loaded
[Info   :Zeepkist GTR] 20:05:18 Start processing HTTP request "POST" https://es-backend-5eu0pg2dcfyp6u2v33lz.zeepki.st/level/request
[Info   :Zeepkist GTR] 20:05:18 Start processing HTTP request "POST" https://es-backend-5eu0pg2dcfyp6u2v33lz.zeepki.st/level/request
[Info   :Zeepkist GTR] 20:05:18 Sending HTTP request "POST" https://es-backend-5eu0pg2dcfyp6u2v33lz.zeepki.st/level/request
[Info   :Zeepkist GTR] 20:05:18 Start processing HTTP request "POST" https://es-graphql-1q5xcqmja6dvh4ctc4t9.zeepki.st/
[Info   :Zeepkist GTR] 20:05:18 Start processing HTTP request "POST" https://es-graphql-1q5xcqmja6dvh4ctc4t9.zeepki.st/
[Info   :Zeepkist GTR] 20:05:18 Sending HTTP request "POST" https://es-graphql-1q5xcqmja6dvh4ctc4t9.zeepki.st/
[Info   :Zeepkist GTR] 20:05:18 Start processing HTTP request "POST" https://es-graphql-1q5xcqmja6dvh4ctc4t9.zeepki.st/
[Warning:Zeepkist GTR] 20:05:18 Current-level record subscription failed
[Info   :Zeepkist GTR] 20:05:18 Start processing HTTP request "POST" https://es-graphql-1q5xcqmja6dvh4ctc4t9.zeepki.st/
[Info   :Zeepkist GTR] 20:05:18 Sending HTTP request "POST" https://es-graphql-1q5xcqmja6dvh4ctc4t9.zeepki.st/
[Info   :BetterSplits] getting gtr splits
[Error  :BetterSplits] cannot get splits, no gtr id
[Info   :Zeepkist Bingo] [BINGO] === PLAYER SPAWNED ===
[Info   :Zeepkist Bingo] [BINGO] IsInActiveSession: False
[Info   :Zeepkist Bingo] [BINGO] Not in active session, skipping timer reset
[Info   :Zeepkist GTR] 20:05:18 Loading personal best...
[Info   :Zeepkist GTR] 20:05:18 Start processing HTTP request "POST" https://es-graphql-1q5xcqmja6dvh4ctc4t9.zeepki.st/
[Info   :Zeepkist GTR] 20:05:18 Start processing HTTP request "POST" https://es-graphql-1q5xcqmja6dvh4ctc4t9.zeepki.st/
[Info   :Zeepkist GTR] 20:05:18 Sending HTTP request "POST" https://es-graphql-1q5xcqmja6dvh4ctc4t9.zeepki.st/
[Info   :Zeepkist GTR] 20:05:18 Stopping existing recorder if any
[Info   :Zeepkist GTR] 20:05:18 Creating new recorder
[Info   :Zeepkist GTR] 20:05:18 Received HTTP response headers after 316.5988ms - 200
[Info   :Zeepkist GTR] 20:05:18 End processing HTTP request after 316.8216ms - 200
[Info   :Zeepkist GTR] 20:05:18 End processing HTTP request after 321.5385ms - 200
[Warning:Zeepkist GTR] 20:05:18 Unable to resolve current level GraphQL ID
[Info   :Zeepkist GTR] 20:05:19 Received HTTP response headers after 440.8502ms - 200
[Info   :Zeepkist GTR] 20:05:19 Received HTTP response headers after 439.792ms - 200
[Info   :Zeepkist GTR] 20:05:19 End processing HTTP request after 441.1059ms - 200
[Info   :Zeepkist GTR] 20:05:19 End processing HTTP request after 440.0301ms - 200
[Info   :Zeepkist GTR] 20:05:19 End processing HTTP request after 447.647ms - 200
[Info   :Zeepkist GTR] 20:05:19 End processing HTTP request after 446.5558ms - 200
[Info   :Zeepkist GTR] 20:05:19 Received HTTP response headers after 543.3464ms - 200
[Info   :Zeepkist GTR] 20:05:19 End processing HTTP request after 543.5678ms - 200
[Info   :Zeepkist GTR] 20:05:19 End processing HTTP request after 545.9762ms - 200
[Info   :Zeepkist GTR] 20:05:20 Starting recorder
[Info   :   Console] Download started for AppId: 1440670, FileId: 3801853512, Result: OK
[Info   :Zeepkist Bingo] [BINGO] === PLAYER SPAWNED ===
[Info   :Zeepkist Bingo] [BINGO] IsInActiveSession: False
[Info   :Zeepkist Bingo] [BINGO] Not in active session, skipping timer reset
[Info   :Zeepkist GTR] 20:05:26 Loading personal best...
[Info   :Zeepkist GTR] 20:05:26 Start processing HTTP request "POST" https://es-graphql-1q5xcqmja6dvh4ctc4t9.zeepki.st/
[Info   :Zeepkist GTR] 20:05:26 Start processing HTTP request "POST" https://es-graphql-1q5xcqmja6dvh4ctc4t9.zeepki.st/
[Info   :Zeepkist GTR] 20:05:26 Sending HTTP request "POST" https://es-graphql-1q5xcqmja6dvh4ctc4t9.zeepki.st/
[Info   :Zeepkist GTR] 20:05:26 Start processing HTTP request "POST" https://es-graphql-1q5xcqmja6dvh4ctc4t9.zeepki.st/
[Info   :Zeepkist GTR] 20:05:26 Start processing HTTP request "POST" https://es-graphql-1q5xcqmja6dvh4ctc4t9.zeepki.st/
[Info   :Zeepkist GTR] 20:05:26 Sending HTTP request "POST" https://es-graphql-1q5xcqmja6dvh4ctc4t9.zeepki.st/
[Info   :Zeepkist GTR] 20:05:26 Stopping existing recorder if any
[Info   :Zeepkist GTR] 20:05:26 Creating new recorder
[Info   :Zeepkist GTR] 20:05:26 Received HTTP response headers after 52.8399ms - 200
[Info   :Zeepkist GTR] 20:05:26 End processing HTTP request after 53.0563ms - 200
[Info   :Zeepkist GTR] 20:05:26 End processing HTTP request after 54.1456ms - 200
[Info   :Zeepkist GTR] 20:05:26 Received HTTP response headers after 63.653ms - 200
[Info   :Zeepkist GTR] 20:05:26 End processing HTTP request after 63.8642ms - 200
[Warning:Zeepkist GTR] 20:05:26 Unable to resolve current level GraphQL ID
[Info   :Zeepkist GTR] 20:05:26 End processing HTTP request after 68.5578ms - 200
[Info   :Zeepkist GTR] 20:05:27 Starting recorder
[Info   :Zeepkist Bingo] [BINGO] === PLAYER SPAWNED ===
[Info   :Zeepkist Bingo] [BINGO] IsInActiveSession: False
[Info   :Zeepkist Bingo] [BINGO] Not in active session, skipping timer reset
[Info   :Zeepkist GTR] 20:05:32 Loading personal best...
[Info   :Zeepkist GTR] 20:05:32 Start processing HTTP request "POST" https://es-graphql-1q5xcqmja6dvh4ctc4t9.zeepki.st/
[Info   :Zeepkist GTR] 20:05:32 Start processing HTTP request "POST" https://es-graphql-1q5xcqmja6dvh4ctc4t9.zeepki.st/
[Info   :Zeepkist GTR] 20:05:32 Sending HTTP request "POST" https://es-graphql-1q5xcqmja6dvh4ctc4t9.zeepki.st/
[Info   :Zeepkist GTR] 20:05:32 Start processing HTTP request "POST" https://es-graphql-1q5xcqmja6dvh4ctc4t9.zeepki.st/
[Info   :Zeepkist GTR] 20:05:32 Start processing HTTP request "POST" https://es-graphql-1q5xcqmja6dvh4ctc4t9.zeepki.st/
[Info   :Zeepkist GTR] 20:05:32 Sending HTTP request "POST" https://es-graphql-1q5xcqmja6dvh4ctc4t9.zeepki.st/
[Info   :Zeepkist GTR] 20:05:32 Stopping existing recorder if any
[Info   :Zeepkist GTR] 20:05:32 Creating new recorder
[Info   :Zeepkist GTR] 20:05:32 Received HTTP response headers after 52.8004ms - 200
[Info   :Zeepkist GTR] 20:05:32 End processing HTTP request after 53.029ms - 200
[Info   :Zeepkist GTR] 20:05:32 End processing HTTP request after 55.2706ms - 200
[Info   :Zeepkist GTR] 20:05:32 Received HTTP response headers after 58.074ms - 200
[Info   :Zeepkist GTR] 20:05:32 End processing HTTP request after 58.2712ms - 200
[Info   :Zeepkist GTR] 20:05:32 End processing HTTP request after 63.2239ms - 200
[Info   :Zeepkist GTR] 20:05:34 Starting recorder
[Info   :Zeepkist GTR] 20:05:57 Stopping recorder
[Info   :Zeepkist GTR] 20:05:57 Collecting extra information
[Info   :Zeepkist GTR] 20:05:57 Resolved workshop ID "3801853512" from lobby 3801853512 and level 0
[Info   :Zeepkist GTR] 20:05:57 Processing ghost data
[Info   :Zeepkist GTR] 20:05:57 Creating stream
[Info   :Zeepkist GTR] 20:05:57 Writing to stream
[Info   :Zeepkist GTR] 20:05:58 Converting to base64
[Info   :Zeepkist GTR] 20:05:58 Creating resource
[Info   :Zeepkist GTR] 20:05:58 Start processing HTTP request "POST" https://es-backend-5eu0pg2dcfyp6u2v33lz.zeepki.st/auth/refresh
[Info   :Zeepkist GTR] 20:05:58 Start processing HTTP request "POST" https://es-backend-5eu0pg2dcfyp6u2v33lz.zeepki.st/auth/refresh
[Info   :Zeepkist GTR] 20:05:58 Sending HTTP request "POST" https://es-backend-5eu0pg2dcfyp6u2v33lz.zeepki.st/auth/refresh
[Info   :Zeepkist GTR] 20:05:58 Received HTTP response headers after 81.4771ms - 200
[Info   :Zeepkist GTR] 20:05:58 End processing HTTP request after 81.6935ms - 200
[Info   :Zeepkist GTR] 20:05:58 End processing HTTP request after 82.8854ms - 200
[Info   :Zeepkist GTR] 20:05:58 Start processing HTTP request "POST" https://es-backend-5eu0pg2dcfyp6u2v33lz.zeepki.st/record/submit
[Info   :Zeepkist GTR] 20:05:58 Start processing HTTP request "POST" https://es-backend-5eu0pg2dcfyp6u2v33lz.zeepki.st/record/submit
[Info   :Zeepkist GTR] 20:05:58 Sending HTTP request "POST" https://es-backend-5eu0pg2dcfyp6u2v33lz.zeepki.st/record/submit
[Info   :Zeepkist GTR] 20:05:58 Received HTTP response headers after 553.1409ms - 200
[Info   :Zeepkist GTR] 20:05:58 End processing HTTP request after 553.3509ms - 200
[Info   :Zeepkist GTR] 20:05:58 End processing HTTP request after 554.2753ms - 200
[Info   :Zeepkist Bingo] [BINGO] === PLAYER SPAWNED ===
[Info   :Zeepkist Bingo] [BINGO] IsInActiveSession: False
[Info   :Zeepkist Bingo] [BINGO] Not in active session, skipping timer reset
[Info   :Zeepkist GTR] 20:05:59 Loading personal best...
[Info   :Zeepkist GTR] 20:05:59 Start processing HTTP request "POST" https://es-graphql-1q5xcqmja6dvh4ctc4t9.zeepki.st/
[Info   :Zeepkist GTR] 20:05:59 Start processing HTTP request "POST" https://es-graphql-1q5xcqmja6dvh4ctc4t9.zeepki.st/
[Info   :Zeepkist GTR] 20:05:59 Sending HTTP request "POST" https://es-graphql-1q5xcqmja6dvh4ctc4t9.zeepki.st/
[Info   :Zeepkist GTR] 20:05:59 Stopping existing recorder if any
[Info   :Zeepkist GTR] 20:05:59 Creating new recorder
[Info   :Zeepkist GTR] 20:05:59 Received HTTP response headers after 86.3868ms - 200
[Info   :Zeepkist GTR] 20:05:59 End processing HTTP request after 86.7328ms - 200
[Info   :Zeepkist GTR] 20:05:59 End processing HTTP request after 91.4923ms - 200
[Info   :Zeepkist GTR] 20:05:59 Start processing HTTP request "GET" https://cdn.zeepki.st/ghosts/01M2NPB64C9S84AKQ6KN9EVBBF.bin
[Info   :Zeepkist GTR] 20:05:59 Sending HTTP request "GET" https://cdn.zeepki.st/ghosts/01M2NPB64C9S84AKQ6KN9EVBBF.bin
[Info   :Zeepkist GTR] 20:06:00 Start processing HTTP request "POST" https://es-graphql-1q5xcqmja6dvh4ctc4t9.zeepki.st/
[Info   :Zeepkist GTR] 20:06:00 Start processing HTTP request "POST" https://es-graphql-1q5xcqmja6dvh4ctc4t9.zeepki.st/
[Info   :Zeepkist GTR] 20:06:00 Sending HTTP request "POST" https://es-graphql-1q5xcqmja6dvh4ctc4t9.zeepki.st/
[Info   :Zeepkist GTR] 20:06:00 Received HTTP response headers after 56.6862ms - 200
[Info   :Zeepkist GTR] 20:06:00 End processing HTTP request after 56.9182ms - 200
[Info   :Zeepkist GTR] 20:06:00 End processing HTTP request after 61.803ms - 200
[Info   :Zeepkist GTR] 20:06:00 Starting recorder
[Info   :Zeepkist Bingo] [BINGO] === PLAYER SPAWNED ===
[Info   :Zeepkist Bingo] [BINGO] IsInActiveSession: False
[Info   :Zeepkist Bingo] [BINGO] Not in active session, skipping timer reset
[Info   :Zeepkist GTR] 20:06:04 Loading personal best...
[Info   :Zeepkist GTR] 20:06:04 Start processing HTTP request "POST" https://es-graphql-1q5xcqmja6dvh4ctc4t9.zeepki.st/
[Info   :Zeepkist GTR] 20:06:04 Start processing HTTP request "POST" https://es-graphql-1q5xcqmja6dvh4ctc4t9.zeepki.st/
[Info   :Zeepkist GTR] 20:06:04 Sending HTTP request "POST" https://es-graphql-1q5xcqmja6dvh4ctc4t9.zeepki.st/
[Info   :Zeepkist GTR] 20:06:04 Stopping existing recorder if any
[Info   :Zeepkist GTR] 20:06:04 Creating new recorder
[Info   :Zeepkist GTR] 20:06:04 Received HTTP response headers after 70.7222ms - 200
[Info   :Zeepkist GTR] 20:06:04 End processing HTTP request after 70.9398ms - 200
[Info   :Zeepkist GTR] 20:06:04 End processing HTTP request after 73.0126ms - 200
[Info   :Zeepkist GTR] 20:06:04 Start processing HTTP request "GET" https://cdn.zeepki.st/ghosts/01M2NPB64C9S84AKQ6KN9EVBBF.bin
[Info   :Zeepkist GTR] 20:06:04 Sending HTTP request "GET" https://cdn.zeepki.st/ghosts/01M2NPB64C9S84AKQ6KN9EVBBF.bin
[Info   :Zeepkist GTR] 20:06:06 Starting recorder
[Info   :Zeepkist Bingo] [CHAT] Intercepted message: wait do you have to brake the jump?
[Info   :Zeepkist Bingo] [CHAT] Not relaying - no bingo session
[Info   :Zeepkist Bingo] [BINGO] === PLAYER SPAWNED ===
[Info   :Zeepkist Bingo] [BINGO] IsInActiveSession: False
[Info   :Zeepkist Bingo] [BINGO] Not in active session, skipping timer reset
[Info   :Zeepkist GTR] 20:06:32 Loading personal best...
[Info   :Zeepkist GTR] 20:06:32 Start processing HTTP request "POST" https://es-graphql-1q5xcqmja6dvh4ctc4t9.zeepki.st/
[Info   :Zeepkist GTR] 20:06:32 Start processing HTTP request "POST" https://es-graphql-1q5xcqmja6dvh4ctc4t9.zeepki.st/
[Info   :Zeepkist GTR] 20:06:32 Sending HTTP request "POST" https://es-graphql-1q5xcqmja6dvh4ctc4t9.zeepki.st/
[Info   :Zeepkist GTR] 20:06:32 Stopping existing recorder if any
[Info   :Zeepkist GTR] 20:06:32 Creating new recorder
[Info   :Zeepkist GTR] 20:06:32 Received HTTP response headers after 58.7578ms - 200
[Info   :Zeepkist GTR] 20:06:32 End processing HTTP request after 58.9638ms - 200
[Info   :Zeepkist GTR] 20:06:32 End processing HTTP request after 60.5246ms - 200
[Info   :Zeepkist GTR] 20:06:32 Start processing HTTP request "GET" https://cdn.zeepki.st/ghosts/01M2NPB64C9S84AKQ6KN9EVBBF.bin
[Info   :Zeepkist GTR] 20:06:32 Sending HTTP request "GET" https://cdn.zeepki.st/ghosts/01M2NPB64C9S84AKQ6KN9EVBBF.bin
[Info   :Zeepkist GTR] 20:06:34 Starting recorder
[Info   :Zeepkist Bingo] [BINGO] === PLAYER SPAWNED ===
[Info   :Zeepkist Bingo] [BINGO] IsInActiveSession: False
[Info   :Zeepkist Bingo] [BINGO] Not in active session, skipping timer reset
[Info   :Zeepkist GTR] 20:06:38 Loading personal best...
[Info   :Zeepkist GTR] 20:06:38 Start processing HTTP request "POST" https://es-graphql-1q5xcqmja6dvh4ctc4t9.zeepki.st/
[Info   :Zeepkist GTR] 20:06:38 Start processing HTTP request "POST" https://es-graphql-1q5xcqmja6dvh4ctc4t9.zeepki.st/
[Info   :Zeepkist GTR] 20:06:38 Sending HTTP request "POST" https://es-graphql-1q5xcqmja6dvh4ctc4t9.zeepki.st/
[Info   :Zeepkist GTR] 20:06:38 Stopping existing recorder if any
[Info   :Zeepkist GTR] 20:06:38 Creating new recorder
[Info   :Zeepkist GTR] 20:06:39 Received HTTP response headers after 255.1594ms - 200
[Info   :Zeepkist GTR] 20:06:39 End processing HTTP request after 255.3801ms - 200
[Info   :Zeepkist GTR] 20:06:39 End processing HTTP request after 262.4889ms - 200
[Info   :Zeepkist GTR] 20:06:39 Start processing HTTP request "GET" https://cdn.zeepki.st/ghosts/01M2NPB64C9S84AKQ6KN9EVBBF.bin
[Info   :Zeepkist GTR] 20:06:39 Sending HTTP request "GET" https://cdn.zeepki.st/ghosts/01M2NPB64C9S84AKQ6KN9EVBBF.bin
[Info   :Zeepkist GTR] 20:06:40 Starting recorder
[Info   :Zeepkist Bingo] [BINGO] === PLAYER SPAWNED ===
[Info   :Zeepkist Bingo] [BINGO] IsInActiveSession: False
[Info   :Zeepkist Bingo] [BINGO] Not in active session, skipping timer reset
[Info   :Zeepkist GTR] 20:07:04 Loading personal best...
[Info   :Zeepkist GTR] 20:07:04 Start processing HTTP request "POST" https://es-graphql-1q5xcqmja6dvh4ctc4t9.zeepki.st/
[Info   :Zeepkist GTR] 20:07:04 Start processing HTTP request "POST" https://es-graphql-1q5xcqmja6dvh4ctc4t9.zeepki.st/
[Info   :Zeepkist GTR] 20:07:04 Sending HTTP request "POST" https://es-graphql-1q5xcqmja6dvh4ctc4t9.zeepki.st/
[Info   :Zeepkist GTR] 20:07:04 Stopping existing recorder if any
[Info   :Zeepkist GTR] 20:07:04 Creating new recorder
[Info   :Zeepkist GTR] 20:07:04 Received HTTP response headers after 58.7362ms - 200
[Info   :Zeepkist GTR] 20:07:04 End processing HTTP request after 58.9477ms - 200
[Info   :Zeepkist GTR] 20:07:04 End processing HTTP request after 66.8533ms - 200
[Info   :Zeepkist GTR] 20:07:04 Start processing HTTP request "GET" https://cdn.zeepki.st/ghosts/01M2NPB64C9S84AKQ6KN9EVBBF.bin
[Info   :Zeepkist GTR] 20:07:04 Sending HTTP request "GET" https://cdn.zeepki.st/ghosts/01M2NPB64C9S84AKQ6KN9EVBBF.bin
[Info   :Zeepkist GTR] 20:07:05 Starting recorder
[Info   :Zeepkist Bingo] [BINGO] === PLAYER SPAWNED ===
[Info   :Zeepkist Bingo] [BINGO] IsInActiveSession: False
[Info   :Zeepkist Bingo] [BINGO] Not in active session, skipping timer reset
[Info   :Zeepkist GTR] 20:07:10 Loading personal best...
[Info   :Zeepkist GTR] 20:07:10 Start processing HTTP request "POST" https://es-graphql-1q5xcqmja6dvh4ctc4t9.zeepki.st/
[Info   :Zeepkist GTR] 20:07:10 Start processing HTTP request "POST" https://es-graphql-1q5xcqmja6dvh4ctc4t9.zeepki.st/
[Info   :Zeepkist GTR] 20:07:10 Sending HTTP request "POST" https://es-graphql-1q5xcqmja6dvh4ctc4t9.zeepki.st/
[Info   :Zeepkist GTR] 20:07:10 Stopping existing recorder if any
[Info   :Zeepkist GTR] 20:07:10 Creating new recorder
[Info   :Zeepkist GTR] 20:07:10 Received HTTP response headers after 73.314ms - 200
[Info   :Zeepkist GTR] 20:07:10 End processing HTTP request after 73.5518ms - 200
[Info   :Zeepkist GTR] 20:07:10 End processing HTTP request after 78.62ms - 200
[Info   :Zeepkist GTR] 20:07:10 Start processing HTTP request "GET" https://cdn.zeepki.st/ghosts/01M2NPB64C9S84AKQ6KN9EVBBF.bin
[Info   :Zeepkist GTR] 20:07:10 Sending HTTP request "GET" https://cdn.zeepki.st/ghosts/01M2NPB64C9S84AKQ6KN9EVBBF.bin
[Info   :Zeepkist GTR] 20:07:12 Starting recorder
[Info   :Zeepkist Bingo] [BINGO] === PLAYER SPAWNED ===
[Info   :Zeepkist Bingo] [BINGO] IsInActiveSession: False
[Info   :Zeepkist Bingo] [BINGO] Not in active session, skipping timer reset
[Info   :Zeepkist GTR] 20:07:28 Loading personal best...
[Info   :Zeepkist GTR] 20:07:28 Start processing HTTP request "POST" https://es-graphql-1q5xcqmja6dvh4ctc4t9.zeepki.st/
[Info   :Zeepkist GTR] 20:07:28 Start processing HTTP request "POST" https://es-graphql-1q5xcqmja6dvh4ctc4t9.zeepki.st/
[Info   :Zeepkist GTR] 20:07:28 Sending HTTP request "POST" https://es-graphql-1q5xcqmja6dvh4ctc4t9.zeepki.st/
[Info   :Zeepkist GTR] 20:07:28 Stopping existing recorder if any
[Info   :Zeepkist GTR] 20:07:28 Creating new recorder
[Info   :Zeepkist GTR] 20:07:28 Received HTTP response headers after 58.8402ms - 200
[Info   :Zeepkist GTR] 20:07:28 End processing HTTP request after 59.1353ms - 200
[Info   :Zeepkist GTR] 20:07:28 End processing HTTP request after 61.3299ms - 200
[Info   :Zeepkist GTR] 20:07:28 Start processing HTTP request "GET" https://cdn.zeepki.st/ghosts/01M2NPB64C9S84AKQ6KN9EVBBF.bin
[Info   :Zeepkist GTR] 20:07:28 Sending HTTP request "GET" https://cdn.zeepki.st/ghosts/01M2NPB64C9S84AKQ6KN9EVBBF.bin
[Info   :Zeepkist GTR] 20:07:30 Starting recorder
[Info   :Zeepkist Bingo] [BINGO] === PLAYER SPAWNED ===
[Info   :Zeepkist Bingo] [BINGO] IsInActiveSession: False
[Info   :Zeepkist Bingo] [BINGO] Not in active session, skipping timer reset
[Info   :Zeepkist GTR] 20:07:46 Loading personal best...
[Info   :Zeepkist GTR] 20:07:46 Start processing HTTP request "POST" https://es-graphql-1q5xcqmja6dvh4ctc4t9.zeepki.st/
[Info   :Zeepkist GTR] 20:07:46 Start processing HTTP request "POST" https://es-graphql-1q5xcqmja6dvh4ctc4t9.zeepki.st/
[Info   :Zeepkist GTR] 20:07:46 Sending HTTP request "POST" https://es-graphql-1q5xcqmja6dvh4ctc4t9.zeepki.st/
[Info   :Zeepkist GTR] 20:07:46 Stopping existing recorder if any
[Info   :Zeepkist GTR] 20:07:46 Creating new recorder
[Info   :Zeepkist GTR] 20:07:46 Received HTTP response headers after 101.8243ms - 200
[Info   :Zeepkist GTR] 20:07:46 End processing HTTP request after 102.051ms - 200
[Info   :Zeepkist GTR] 20:07:46 End processing HTTP request after 109.9261ms - 200
[Info   :Zeepkist GTR] 20:07:46 Start processing HTTP request "GET" https://cdn.zeepki.st/ghosts/01M2NPB64C9S84AKQ6KN9EVBBF.bin
[Info   :Zeepkist GTR] 20:07:46 Sending HTTP request "GET" https://cdn.zeepki.st/ghosts/01M2NPB64C9S84AKQ6KN9EVBBF.bin
[Info   :Zeepkist GTR] 20:07:48 Starting recorder
[Info   :Zeepkist Bingo] [BINGO] === PLAYER SPAWNED ===
[Info   :Zeepkist Bingo] [BINGO] IsInActiveSession: False
[Info   :Zeepkist Bingo] [BINGO] Not in active session, skipping timer reset
[Info   :Zeepkist GTR] 20:07:52 Loading personal best...
[Info   :Zeepkist GTR] 20:07:52 Start processing HTTP request "POST" https://es-graphql-1q5xcqmja6dvh4ctc4t9.zeepki.st/
[Info   :Zeepkist GTR] 20:07:52 Start processing HTTP request "POST" https://es-graphql-1q5xcqmja6dvh4ctc4t9.zeepki.st/
[Info   :Zeepkist GTR] 20:07:52 Sending HTTP request "POST" https://es-graphql-1q5xcqmja6dvh4ctc4t9.zeepki.st/
[Info   :Zeepkist GTR] 20:07:52 Stopping existing recorder if any
[Info   :Zeepkist GTR] 20:07:52 Creating new recorder
[Info   :Zeepkist GTR] 20:07:52 Received HTTP response headers after 79.7273ms - 200
[Info   :Zeepkist GTR] 20:07:52 End processing HTTP request after 80.0585ms - 200
[Info   :Zeepkist GTR] 20:07:52 End processing HTTP request after 82.047ms - 200
[Info   :Zeepkist GTR] 20:07:52 Start processing HTTP request "GET" https://cdn.zeepki.st/ghosts/01M2NPB64C9S84AKQ6KN9EVBBF.bin
[Info   :Zeepkist GTR] 20:07:52 Sending HTTP request "GET" https://cdn.zeepki.st/ghosts/01M2NPB64C9S84AKQ6KN9EVBBF.bin
[Info   :Zeepkist GTR] 20:07:53 Starting recorder
[Info   :Zeepkist Bingo] [BINGO] === PLAYER SPAWNED ===
[Info   :Zeepkist Bingo] [BINGO] IsInActiveSession: False
[Info   :Zeepkist Bingo] [BINGO] Not in active session, skipping timer reset
[Info   :Zeepkist GTR] 20:07:59 Loading personal best...
[Info   :Zeepkist GTR] 20:07:59 Start processing HTTP request "POST" https://es-graphql-1q5xcqmja6dvh4ctc4t9.zeepki.st/
[Info   :Zeepkist GTR] 20:07:59 Start processing HTTP request "POST" https://es-graphql-1q5xcqmja6dvh4ctc4t9.zeepki.st/
[Info   :Zeepkist GTR] 20:07:59 Sending HTTP request "POST" https://es-graphql-1q5xcqmja6dvh4ctc4t9.zeepki.st/
[Info   :Zeepkist GTR] 20:07:59 Stopping existing recorder if any
[Info   :Zeepkist GTR] 20:07:59 Creating new recorder
[Info   :Zeepkist GTR] 20:07:59 Received HTTP response headers after 88.0304ms - 200
[Info   :Zeepkist GTR] 20:07:59 End processing HTTP request after 88.2618ms - 200
[Info   :Zeepkist GTR] 20:07:59 End processing HTTP request after 92.1119ms - 200
[Info   :Zeepkist GTR] 20:07:59 Start processing HTTP request "GET" https://cdn.zeepki.st/ghosts/01M2NPB64C9S84AKQ6KN9EVBBF.bin
[Info   :Zeepkist GTR] 20:07:59 Sending HTTP request "GET" https://cdn.zeepki.st/ghosts/01M2NPB64C9S84AKQ6KN9EVBBF.bin
[Info   :Zeepkist GTR] 20:08:00 Starting recorder
[Info   :Zeepkist Bingo] [BINGO] === PLAYER SPAWNED ===
[Info   :Zeepkist Bingo] [BINGO] IsInActiveSession: False
[Info   :Zeepkist Bingo] [BINGO] Not in active session, skipping timer reset
[Info   :Zeepkist GTR] 20:08:16 Loading personal best...
[Info   :Zeepkist GTR] 20:08:16 Start processing HTTP request "POST" https://es-graphql-1q5xcqmja6dvh4ctc4t9.zeepki.st/
[Info   :Zeepkist GTR] 20:08:16 Start processing HTTP request "POST" https://es-graphql-1q5xcqmja6dvh4ctc4t9.zeepki.st/
[Info   :Zeepkist GTR] 20:08:16 Sending HTTP request "POST" https://es-graphql-1q5xcqmja6dvh4ctc4t9.zeepki.st/
[Info   :Zeepkist GTR] 20:08:16 Stopping existing recorder if any
[Info   :Zeepkist GTR] 20:08:16 Creating new recorder
[Info   :Zeepkist GTR] 20:08:16 Received HTTP response headers after 92.7442ms - 200
[Info   :Zeepkist GTR] 20:08:16 End processing HTTP request after 92.9627ms - 200
[Info   :Zeepkist GTR] 20:08:16 End processing HTTP request after 93.7099ms - 200
[Info   :Zeepkist GTR] 20:08:16 Start processing HTTP request "GET" https://cdn.zeepki.st/ghosts/01M2NPB64C9S84AKQ6KN9EVBBF.bin
[Info   :Zeepkist GTR] 20:08:16 Sending HTTP request "GET" https://cdn.zeepki.st/ghosts/01M2NPB64C9S84AKQ6KN9EVBBF.bin
[Info   :Zeepkist GTR] 20:08:18 Starting recorder
[Info   :Zeepkist Bingo] [BINGO] === PLAYER SPAWNED ===
[Info   :Zeepkist Bingo] [BINGO] IsInActiveSession: False
[Info   :Zeepkist Bingo] [BINGO] Not in active session, skipping timer reset
[Info   :Zeepkist GTR] 20:08:22 Loading personal best...
[Info   :Zeepkist GTR] 20:08:22 Start processing HTTP request "POST" https://es-graphql-1q5xcqmja6dvh4ctc4t9.zeepki.st/
[Info   :Zeepkist GTR] 20:08:22 Start processing HTTP request "POST" https://es-graphql-1q5xcqmja6dvh4ctc4t9.zeepki.st/
[Info   :Zeepkist GTR] 20:08:22 Sending HTTP request "POST" https://es-graphql-1q5xcqmja6dvh4ctc4t9.zeepki.st/
[Info   :Zeepkist GTR] 20:08:22 Stopping existing recorder if any
[Info   :Zeepkist GTR] 20:08:22 Creating new recorder
[Info   :Zeepkist GTR] 20:08:22 Received HTTP response headers after 109.2669ms - 200
[Info   :Zeepkist GTR] 20:08:22 End processing HTTP request after 109.4992ms - 200
[Info   :Zeepkist GTR] 20:08:22 End processing HTTP request after 113.9067ms - 200
[Info   :Zeepkist GTR] 20:08:22 Start processing HTTP request "GET" https://cdn.zeepki.st/ghosts/01M2NPB64C9S84AKQ6KN9EVBBF.bin
[Info   :Zeepkist GTR] 20:08:22 Sending HTTP request "GET" https://cdn.zeepki.st/ghosts/01M2NPB64C9S84AKQ6KN9EVBBF.bin
[Info   :Zeepkist GTR] 20:08:24 Starting recorder
[Info   :Zeepkist GTR] 20:08:46 Stopping recorder
[Info   :Zeepkist GTR] 20:08:46 Collecting extra information
[Info   :Zeepkist GTR] 20:08:46 Resolved workshop ID "3801853512" from lobby 3801853512 and level 0
[Info   :Zeepkist GTR] 20:08:46 Processing ghost data
[Info   :Zeepkist GTR] 20:08:46 Creating stream
[Info   :Zeepkist GTR] 20:08:46 Writing to stream
[Info   :Zeepkist GTR] 20:08:46 Converting to base64
[Info   :Zeepkist GTR] 20:08:46 Creating resource
[Info   :Zeepkist GTR] 20:08:46 Start processing HTTP request "POST" https://es-backend-5eu0pg2dcfyp6u2v33lz.zeepki.st/record/submit
[Info   :Zeepkist GTR] 20:08:46 Start processing HTTP request "POST" https://es-backend-5eu0pg2dcfyp6u2v33lz.zeepki.st/record/submit
[Info   :Zeepkist GTR] 20:08:46 Sending HTTP request "POST" https://es-backend-5eu0pg2dcfyp6u2v33lz.zeepki.st/record/submit
[Info   :Zeepkist GTR] 20:08:47 Received HTTP response headers after 679.4938ms - 200
[Info   :Zeepkist GTR] 20:08:47 End processing HTTP request after 679.7125ms - 200
[Info   :Zeepkist GTR] 20:08:47 End processing HTTP request after 685.932ms - 200
[Info   :Zeepkist Bingo] [BINGO] === PLAYER SPAWNED ===
[Info   :Zeepkist Bingo] [BINGO] IsInActiveSession: False
[Info   :Zeepkist Bingo] [BINGO] Not in active session, skipping timer reset
[Info   :Zeepkist GTR] 20:08:49 Loading personal best...
[Info   :Zeepkist GTR] 20:08:49 Start processing HTTP request "POST" https://es-graphql-1q5xcqmja6dvh4ctc4t9.zeepki.st/
[Info   :Zeepkist GTR] 20:08:49 Start processing HTTP request "POST" https://es-graphql-1q5xcqmja6dvh4ctc4t9.zeepki.st/
[Info   :Zeepkist GTR] 20:08:49 Sending HTTP request "POST" https://es-graphql-1q5xcqmja6dvh4ctc4t9.zeepki.st/
[Info   :Zeepkist GTR] 20:08:49 Stopping existing recorder if any
[Info   :Zeepkist GTR] 20:08:49 Creating new recorder
[Info   :Zeepkist GTR] 20:08:50 Received HTTP response headers after 258.4201ms - 200
[Info   :Zeepkist GTR] 20:08:50 End processing HTTP request after 258.6389ms - 200
[Info   :Zeepkist GTR] 20:08:50 End processing HTTP request after 259.7567ms - 200
[Info   :Zeepkist GTR] 20:08:50 Start processing HTTP request "GET" https://cdn.zeepki.st/ghosts/01M2NPGAQ30PGP4EF8T2A32BTN.bin
[Info   :Zeepkist GTR] 20:08:50 Sending HTTP request "GET" https://cdn.zeepki.st/ghosts/01M2NPGAQ30PGP4EF8T2A32BTN.bin
[Info   :Zeepkist GTR] 20:08:51 Starting recorder
[Info   :Zeepkist Bingo] [BINGO] === PLAYER SPAWNED ===
[Info   :Zeepkist Bingo] [BINGO] IsInActiveSession: False
[Info   :Zeepkist Bingo] [BINGO] Not in active session, skipping timer reset
[Info   :Zeepkist GTR] 20:08:55 Loading personal best...
[Info   :Zeepkist GTR] 20:08:55 Start processing HTTP request "POST" https://es-graphql-1q5xcqmja6dvh4ctc4t9.zeepki.st/
[Info   :Zeepkist GTR] 20:08:55 Start processing HTTP request "POST" https://es-graphql-1q5xcqmja6dvh4ctc4t9.zeepki.st/
[Info   :Zeepkist GTR] 20:08:55 Sending HTTP request "POST" https://es-graphql-1q5xcqmja6dvh4ctc4t9.zeepki.st/
[Info   :Zeepkist GTR] 20:08:55 Stopping existing recorder if any
[Info   :Zeepkist GTR] 20:08:55 Creating new recorder
[Info   :Zeepkist GTR] 20:08:55 Received HTTP response headers after 57.7982ms - 200
[Info   :Zeepkist GTR] 20:08:55 End processing HTTP request after 58.0245ms - 200
[Info   :Zeepkist GTR] 20:08:55 End processing HTTP request after 62.6302ms - 200
[Info   :Zeepkist GTR] 20:08:55 Start processing HTTP request "GET" https://cdn.zeepki.st/ghosts/01M2NPGAQ30PGP4EF8T2A32BTN.bin
[Info   :Zeepkist GTR] 20:08:55 Sending HTTP request "GET" https://cdn.zeepki.st/ghosts/01M2NPGAQ30PGP4EF8T2A32BTN.bin
[Info   :Zeepkist GTR] 20:08:57 Starting recorder
[Info   :Zeepkist Bingo] [BINGO] === PLAYER SPAWNED ===
[Info   :Zeepkist Bingo] [BINGO] IsInActiveSession: False
[Info   :Zeepkist Bingo] [BINGO] Not in active session, skipping timer reset
[Info   :Zeepkist GTR] 20:09:01 Loading personal best...
[Info   :Zeepkist GTR] 20:09:01 Start processing HTTP request "POST" https://es-graphql-1q5xcqmja6dvh4ctc4t9.zeepki.st/
[Info   :Zeepkist GTR] 20:09:01 Start processing HTTP request "POST" https://es-graphql-1q5xcqmja6dvh4ctc4t9.zeepki.st/
[Info   :Zeepkist GTR] 20:09:01 Sending HTTP request "POST" https://es-graphql-1q5xcqmja6dvh4ctc4t9.zeepki.st/
[Info   :Zeepkist GTR] 20:09:01 Stopping existing recorder if any
[Info   :Zeepkist GTR] 20:09:01 Creating new recorder
[Info   :Zeepkist GTR] 20:09:02 Received HTTP response headers after 69.0787ms - 200
[Info   :Zeepkist GTR] 20:09:02 End processing HTTP request after 69.2929ms - 200
[Info   :Zeepkist GTR] 20:09:02 End processing HTTP request after 70.4464ms - 200
[Info   :Zeepkist GTR] 20:09:02 Start processing HTTP request "GET" https://cdn.zeepki.st/ghosts/01M2NPGAQ30PGP4EF8T2A32BTN.bin
[Info   :Zeepkist GTR] 20:09:02 Sending HTTP request "GET" https://cdn.zeepki.st/ghosts/01M2NPGAQ30PGP4EF8T2A32BTN.bin
[Info   :Zeepkist GTR] 20:09:03 Starting recorder
[Info   :Zeepkist Bingo] [BINGO] === PLAYER SPAWNED ===
[Info   :Zeepkist Bingo] [BINGO] IsInActiveSession: False
[Info   :Zeepkist Bingo] [BINGO] Not in active session, skipping timer reset
[Info   :Zeepkist GTR] 20:09:07 Loading personal best...
[Info   :Zeepkist GTR] 20:09:07 Start processing HTTP request "POST" https://es-graphql-1q5xcqmja6dvh4ctc4t9.zeepki.st/
[Info   :Zeepkist GTR] 20:09:07 Start processing HTTP request "POST" https://es-graphql-1q5xcqmja6dvh4ctc4t9.zeepki.st/
[Info   :Zeepkist GTR] 20:09:07 Sending HTTP request "POST" https://es-graphql-1q5xcqmja6dvh4ctc4t9.zeepki.st/
[Info   :Zeepkist GTR] 20:09:07 Stopping existing recorder if any
[Info   :Zeepkist GTR] 20:09:07 Creating new recorder
[Info   :Zeepkist GTR] 20:09:07 Received HTTP response headers after 55.9878ms - 200
[Info   :Zeepkist GTR] 20:09:07 End processing HTTP request after 56.2048ms - 200
[Info   :Zeepkist GTR] 20:09:07 End processing HTTP request after 57.8051ms - 200
[Info   :Zeepkist GTR] 20:09:07 Start processing HTTP request "GET" https://cdn.zeepki.st/ghosts/01M2NPGAQ30PGP4EF8T2A32BTN.bin
[Info   :Zeepkist GTR] 20:09:07 Sending HTTP request "GET" https://cdn.zeepki.st/ghosts/01M2NPGAQ30PGP4EF8T2A32BTN.bin
[Info   :Zeepkist GTR] 20:09:09 Starting recorder
[Info   :Zeepkist GTR] 20:09:13 Start processing HTTP request "POST" https://es-graphql-1q5xcqmja6dvh4ctc4t9.zeepki.st/
[Info   :Zeepkist GTR] 20:09:13 Start processing HTTP request "POST" https://es-graphql-1q5xcqmja6dvh4ctc4t9.zeepki.st/
[Info   :Zeepkist GTR] 20:09:13 Sending HTTP request "POST" https://es-graphql-1q5xcqmja6dvh4ctc4t9.zeepki.st/
[Info   :Zeepkist GTR] 20:09:13 Received HTTP response headers after 58.3938ms - 200
[Info   :Zeepkist GTR] 20:09:13 End processing HTTP request after 58.61ms - 200
[Info   :Zeepkist GTR] 20:09:13 End processing HTTP request after 68.7048ms - 200
[Info   :Zeepkist Bingo] [BINGO] === PLAYER SPAWNED ===
[Info   :Zeepkist Bingo] [BINGO] IsInActiveSession: False
[Info   :Zeepkist Bingo] [BINGO] Not in active session, skipping timer reset
[Info   :Zeepkist GTR] 20:09:13 Loading personal best...
[Info   :Zeepkist GTR] 20:09:13 Start processing HTTP request "POST" https://es-graphql-1q5xcqmja6dvh4ctc4t9.zeepki.st/
[Info   :Zeepkist GTR] 20:09:13 Start processing HTTP request "POST" https://es-graphql-1q5xcqmja6dvh4ctc4t9.zeepki.st/
[Info   :Zeepkist GTR] 20:09:13 Sending HTTP request "POST" https://es-graphql-1q5xcqmja6dvh4ctc4t9.zeepki.st/
[Info   :Zeepkist GTR] 20:09:13 Stopping existing recorder if any
[Info   :Zeepkist GTR] 20:09:13 Creating new recorder
[Info   :Zeepkist GTR] 20:09:13 Received HTTP response headers after 61.1586ms - 200
[Info   :Zeepkist GTR] 20:09:13 End processing HTTP request after 61.4092ms - 200
[Info   :Zeepkist GTR] 20:09:13 End processing HTTP request after 67.8678ms - 200
[Info   :Zeepkist GTR] 20:09:14 Start processing HTTP request "GET" https://cdn.zeepki.st/ghosts/01M2NPGAQ30PGP4EF8T2A32BTN.bin
[Info   :Zeepkist GTR] 20:09:14 Sending HTTP request "GET" https://cdn.zeepki.st/ghosts/01M2NPGAQ30PGP4EF8T2A32BTN.bin
[Info   :Zeepkist GTR] 20:09:15 Starting recorder
[Info   :COTDTracker] Starting cup with exclude list: 
[Info   :Zeepkist GTR] 20:09:37 Stopping recorder
[Info   :Zeepkist GTR] 20:09:37 Collecting extra information
[Info   :Zeepkist GTR] 20:09:37 Resolved workshop ID "3801853512" from lobby 3801853512 and level 0
[Info   :Zeepkist GTR] 20:09:37 Processing ghost data
[Info   :Zeepkist GTR] 20:09:37 Creating stream
[Info   :Zeepkist GTR] 20:09:37 Writing to stream
[Info   :Zeepkist GTR] 20:09:37 Converting to base64
[Info   :Zeepkist GTR] 20:09:37 Creating resource
[Info   :Zeepkist GTR] 20:09:37 Start processing HTTP request "POST" https://es-backend-5eu0pg2dcfyp6u2v33lz.zeepki.st/record/submit
[Info   :Zeepkist GTR] 20:09:37 Start processing HTTP request "POST" https://es-backend-5eu0pg2dcfyp6u2v33lz.zeepki.st/record/submit
[Info   :Zeepkist GTR] 20:09:37 Sending HTTP request "POST" https://es-backend-5eu0pg2dcfyp6u2v33lz.zeepki.st/record/submit
[Info   :Zeepkist GTR] 20:09:38 Received HTTP response headers after 192.9295ms - 200
[Info   :Zeepkist GTR] 20:09:38 End processing HTTP request after 193.1387ms - 200
[Info   :Zeepkist GTR] 20:09:38 End processing HTTP request after 194.5531ms - 200
[Info   :Zeepkist Bingo] [BINGO] === PLAYER SPAWNED ===
[Info   :Zeepkist Bingo] [BINGO] IsInActiveSession: False
[Info   :Zeepkist Bingo] [BINGO] Not in active session, skipping timer reset
[Info   :Zeepkist GTR] 20:09:40 Loading personal best...
[Info   :Zeepkist GTR] 20:09:40 Start processing HTTP request "POST" https://es-graphql-1q5xcqmja6dvh4ctc4t9.zeepki.st/
[Info   :Zeepkist GTR] 20:09:40 Start processing HTTP request "POST" https://es-graphql-1q5xcqmja6dvh4ctc4t9.zeepki.st/
[Info   :Zeepkist GTR] 20:09:40 Sending HTTP request "POST" https://es-graphql-1q5xcqmja6dvh4ctc4t9.zeepki.st/
[Info   :Zeepkist GTR] 20:09:40 Stopping existing recorder if any
[Info   :Zeepkist GTR] 20:09:40 Creating new recorder
[Info   :Zeepkist GTR] 20:09:40 Received HTTP response headers after 91.9245ms - 200
[Info   :Zeepkist GTR] 20:09:40 End processing HTTP request after 92.1466ms - 200
[Info   :Zeepkist GTR] 20:09:40 End processing HTTP request after 96.2712ms - 200
[Info   :Zeepkist GTR] 20:09:40 Start processing HTTP request "GET" https://cdn.zeepki.st/ghosts/01M2NPGAQ30PGP4EF8T2A32BTN.bin
[Info   :Zeepkist GTR] 20:09:40 Sending HTTP request "GET" https://cdn.zeepki.st/ghosts/01M2NPGAQ30PGP4EF8T2A32BTN.bin
[Info   :Zeepkist GTR] 20:09:42 Starting recorder
[Info   :Zeepkist Bingo] [BINGO] === PLAYER SPAWNED ===
[Info   :Zeepkist Bingo] [BINGO] IsInActiveSession: False
[Info   :Zeepkist Bingo] [BINGO] Not in active session, skipping timer reset
[Info   :Zeepkist GTR] 20:09:46 Loading personal best...
[Info   :Zeepkist GTR] 20:09:46 Start processing HTTP request "POST" https://es-graphql-1q5xcqmja6dvh4ctc4t9.zeepki.st/
[Info   :Zeepkist GTR] 20:09:46 Start processing HTTP request "POST" https://es-graphql-1q5xcqmja6dvh4ctc4t9.zeepki.st/
[Info   :Zeepkist GTR] 20:09:46 Sending HTTP request "POST" https://es-graphql-1q5xcqmja6dvh4ctc4t9.zeepki.st/
[Info   :Zeepkist GTR] 20:09:46 Stopping existing recorder if any
[Info   :Zeepkist GTR] 20:09:46 Creating new recorder
[Info   :Zeepkist GTR] 20:09:46 Received HTTP response headers after 65.9191ms - 200
[Info   :Zeepkist GTR] 20:09:46 End processing HTTP request after 66.1464ms - 200
[Info   :Zeepkist GTR] 20:09:46 End processing HTTP request after 69.4684ms - 200
[Info   :Zeepkist GTR] 20:09:46 Start processing HTTP request "GET" https://cdn.zeepki.st/ghosts/01M2NPGAQ30PGP4EF8T2A32BTN.bin
[Info   :Zeepkist GTR] 20:09:46 Sending HTTP request "GET" https://cdn.zeepki.st/ghosts/01M2NPGAQ30PGP4EF8T2A32BTN.bin
[Info   :Zeepkist GTR] 20:09:47 Start processing HTTP request "POST" https://es-graphql-1q5xcqmja6dvh4ctc4t9.zeepki.st/
[Info   :Zeepkist GTR] 20:09:47 Start processing HTTP request "POST" https://es-graphql-1q5xcqmja6dvh4ctc4t9.zeepki.st/
[Info   :Zeepkist GTR] 20:09:47 Sending HTTP request "POST" https://es-graphql-1q5xcqmja6dvh4ctc4t9.zeepki.st/
[Info   :Zeepkist GTR] 20:09:47 Received HTTP response headers after 191.3506ms - 200
[Info   :Zeepkist GTR] 20:09:47 End processing HTTP request after 191.5798ms - 200
[Info   :Zeepkist GTR] 20:09:47 End processing HTTP request after 195.7811ms - 200
[Info   :Zeepkist GTR] 20:09:48 Starting recorder
[Info   :Zeepkist Bingo] [BINGO] === PLAYER SPAWNED ===
[Info   :Zeepkist Bingo] [BINGO] IsInActiveSession: False
[Info   :Zeepkist Bingo] [BINGO] Not in active session, skipping timer reset
[Info   :Zeepkist GTR] 20:09:52 Loading personal best...
[Info   :Zeepkist GTR] 20:09:52 Start processing HTTP request "POST" https://es-graphql-1q5xcqmja6dvh4ctc4t9.zeepki.st/
[Info   :Zeepkist GTR] 20:09:52 Start processing HTTP request "POST" https://es-graphql-1q5xcqmja6dvh4ctc4t9.zeepki.st/
[Info   :Zeepkist GTR] 20:09:52 Sending HTTP request "POST" https://es-graphql-1q5xcqmja6dvh4ctc4t9.zeepki.st/
[Info   :Zeepkist GTR] 20:09:52 Stopping existing recorder if any
[Info   :Zeepkist GTR] 20:09:52 Creating new recorder
[Info   :Zeepkist GTR] 20:09:53 Received HTTP response headers after 66.0822ms - 200
[Info   :Zeepkist GTR] 20:09:53 End processing HTTP request after 66.3337ms - 200
[Info   :Zeepkist GTR] 20:09:53 End processing HTTP request after 72.4553ms - 200
[Info   :Zeepkist GTR] 20:09:53 Start processing HTTP request "GET" https://cdn.zeepki.st/ghosts/01M2NPGAQ30PGP4EF8T2A32BTN.bin
[Info   :Zeepkist GTR] 20:09:53 Sending HTTP request "GET" https://cdn.zeepki.st/ghosts/01M2NPGAQ30PGP4EF8T2A32BTN.bin
[Info   :Zeepkist GTR] 20:09:54 Starting recorder
[Info   :Zeepkist GTR] 20:09:55 Start processing HTTP request "POST" https://es-backend-5eu0pg2dcfyp6u2v33lz.zeepki.st/vote/submit
[Info   :Zeepkist GTR] 20:09:55 Start processing HTTP request "POST" https://es-backend-5eu0pg2dcfyp6u2v33lz.zeepki.st/vote/submit
[Info   :Zeepkist GTR] 20:09:55 Sending HTTP request "POST" https://es-backend-5eu0pg2dcfyp6u2v33lz.zeepki.st/vote/submit
[Info   :Zeepkist Bingo] [CHAT] Intercepted message: +
[Info   :Zeepkist Bingo] [CHAT] Not relaying - no bingo session
[Info   :Zeepkist GTR] 20:09:55 Received HTTP response headers after 86.4007ms - 200
[Info   :Zeepkist GTR] 20:09:55 End processing HTTP request after 86.6271ms - 200
[Info   :Zeepkist GTR] 20:09:55 End processing HTTP request after 89.0007ms - 200
[Info   :Zeepkist GTR] 20:10:17 Stopping recorder
[Info   :Zeepkist GTR] 20:10:17 Collecting extra information
[Info   :Zeepkist GTR] 20:10:17 Resolved workshop ID "3801853512" from lobby 3801853512 and level 0
[Info   :Zeepkist GTR] 20:10:17 Processing ghost data
[Info   :Zeepkist GTR] 20:10:17 Creating stream
[Info   :Zeepkist GTR] 20:10:17 Writing to stream
[Info   :Zeepkist GTR] 20:10:17 Converting to base64
[Info   :Zeepkist GTR] 20:10:17 Creating resource
[Info   :Zeepkist GTR] 20:10:17 Start processing HTTP request "POST" https://es-backend-5eu0pg2dcfyp6u2v33lz.zeepki.st/record/submit
[Info   :Zeepkist GTR] 20:10:17 Start processing HTTP request "POST" https://es-backend-5eu0pg2dcfyp6u2v33lz.zeepki.st/record/submit
[Info   :Zeepkist GTR] 20:10:17 Sending HTTP request "POST" https://es-backend-5eu0pg2dcfyp6u2v33lz.zeepki.st/record/submit
[Info   :Zeepkist GTR] 20:10:17 Discarding recorder
[Info   :Zeepkist GTR] 20:10:17 Received HTTP response headers after 159.7741ms - 200
[Info   :Zeepkist GTR] 20:10:17 End processing HTTP request after 159.9896ms - 200
[Info   :Zeepkist GTR] 20:10:17 End processing HTTP request after 165.478ms - 200
[Info   :COTDTracker] Doing eliminations with leaderboard:
[Info   :COTDTracker] Player ZOMAN: Time: 20,71646
[Info   :COTDTracker] Player [KURK] Quickracer10: Time: 20,74643
[Info   :COTDTracker] Player Jake: Time: 20,75944
[Info   :COTDTracker] Player [KBW]Kernkob: Time: 20,80833
[Info   :COTDTracker] Player Eclipse135: Time: 20,87783
[Info   :COTDTracker] Player brrryy: Time: 21,00451
[Info   :COTDTracker] Player justMaki: Time: 21,03707
[Info   :COTDTracker] Player Warsnac: Time: 21,09438
[Info   :COTDTracker] Player Minkus: Time: 21,1274
[Info   :COTDTracker] Player [EG]Victor: Time: 21,14188
[Info   :COTDTracker] Player gilgool: Time: 21,14671
[Info   :COTDTracker] Player MALIYO: Time: 21,18594
[Info   :COTDTracker] Player RoundNzt: Time: 21,25147
[Info   :COTDTracker] Player tatari_lover2008: Time: 21,35145
[Info   :COTDTracker] Player [CSC] PlusMicron: Time: 21,43791
[Info   :COTDTracker] Player Naomi :3: Time: 21,57305
[Info   :COTDTracker] Player Mμ: Time: 21,67397
[Info   :COTDTracker] Player Six: Time: 21,88229
[Info   :COTDTracker] Player Noxitu: Time: 21,9363
[Info   :COTDTracker] Player [CTR]Mortishade: Time: 21,95965
[Info   :COTDTracker] Player CodeingerCat: Time: 21,98217
[Info   :COTDTracker] Player aizpun: Time: 22,01386
[Info   :COTDTracker] Player Gimpel: Time: 22,07293
[Info   :COTDTracker] Player [IVD3]kentback: Time: 22,07715
[Info   :COTDTracker] Player [EEN] Hang Chang-Pang: Time: 22,19252
[Info   :COTDTracker] Player Lexer: Time: 22,30659
[Info   :COTDTracker] Player [MMM]Kreeeeee: Time: 22,62564
[Info   :COTDTracker] Player Matic_D: Time: 22,62713
[Info   :COTDTracker] Player wokonbike: Time: 22,63828
[Info   :COTDTracker] Player Orb Bee Bob: Time: 23,60245
[Info   :COTDTracker] Player Cypher Ocelot: Time: 24,74929
[Info   :COTDTracker] Player liz1rd: Time: 25,85207
[Info   :COTDTracker] Player LKat: Time: DNF
[Info   :COTDTracker] Player [CCC]Shinikage221: Time: DNF
[Info   :COTDTracker] Player Squarefish: Time: DNF
[Info   :COTDTracker] Player Hibbie: Time: DNF
[Info   :Zeepkist Bingo] [BINGO] Level loaded
[Info   :Zeepkist GTR] 20:10:31 Start processing HTTP request "POST" https://es-backend-5eu0pg2dcfyp6u2v33lz.zeepki.st/level/request
[Info   :Zeepkist GTR] 20:10:31 Start processing HTTP request "POST" https://es-backend-5eu0pg2dcfyp6u2v33lz.zeepki.st/level/request
[Info   :Zeepkist GTR] 20:10:31 Sending HTTP request "POST" https://es-backend-5eu0pg2dcfyp6u2v33lz.zeepki.st/level/request
[Info   :Zeepkist GTR] 20:10:31 Start processing HTTP request "POST" https://es-graphql-1q5xcqmja6dvh4ctc4t9.zeepki.st/
[Info   :Zeepkist GTR] 20:10:31 Start processing HTTP request "POST" https://es-graphql-1q5xcqmja6dvh4ctc4t9.zeepki.st/
[Info   :Zeepkist GTR] 20:10:31 Sending HTTP request "POST" https://es-graphql-1q5xcqmja6dvh4ctc4t9.zeepki.st/
[Warning:Zeepkist GTR] 20:10:31 Current-level record subscription failed
[Info   :Zeepkist GTR] 20:10:31 Start processing HTTP request "POST" https://es-graphql-1q5xcqmja6dvh4ctc4t9.zeepki.st/
[Info   :Zeepkist GTR] 20:10:31 Start processing HTTP request "POST" https://es-graphql-1q5xcqmja6dvh4ctc4t9.zeepki.st/
[Info   :Zeepkist GTR] 20:10:31 Sending HTTP request "POST" https://es-graphql-1q5xcqmja6dvh4ctc4t9.zeepki.st/
[Info   :BetterSplits] getting gtr splits
[Error  :BetterSplits] cannot get splits, no gtr id
[Info   :Zeepkist GTR] 20:10:31 Received HTTP response headers after 55.3057ms - 200
[Info   :Zeepkist GTR] 20:10:31 End processing HTTP request after 55.522ms - 200
[Info   :Zeepkist GTR] 20:10:31 End processing HTTP request after 56.7164ms - 200
[Info   :Zeepkist GTR] 20:10:31 Received HTTP response headers after 58.1559ms - 200
[Info   :Zeepkist GTR] 20:10:31 End processing HTTP request after 58.3407ms - 200
[Info   :Zeepkist Bingo] [BINGO] === PLAYER SPAWNED ===
[Info   :Zeepkist Bingo] [BINGO] IsInActiveSession: False
[Info   :Zeepkist Bingo] [BINGO] Not in active session, skipping timer reset
[Info   :Zeepkist GTR] 20:10:31 Loading personal best...
[Info   :Zeepkist GTR] 20:10:31 Start processing HTTP request "POST" https://es-graphql-1q5xcqmja6dvh4ctc4t9.zeepki.st/
[Info   :Zeepkist GTR] 20:10:31 Start processing HTTP request "POST" https://es-graphql-1q5xcqmja6dvh4ctc4t9.zeepki.st/
[Info   :Zeepkist GTR] 20:10:31 Sending HTTP request "POST" https://es-graphql-1q5xcqmja6dvh4ctc4t9.zeepki.st/
[Info   :Zeepkist GTR] 20:10:31 Stopping existing recorder if any
[Info   :Zeepkist GTR] 20:10:31 Creating new recorder
[Info   :Zeepkist GTR] 20:10:31 End processing HTTP request after 95.0793ms - 200
[Info   :Zeepkist GTR] 20:10:31 Received HTTP response headers after 80.7128ms - 200
[Info   :Zeepkist GTR] 20:10:31 End processing HTTP request after 80.9267ms - 200
[Info   :Zeepkist GTR] 20:10:31 End processing HTTP request after 84.2642ms - 200
[Info   :Zeepkist GTR] 20:10:31 Start processing HTTP request "GET" https://cdn.zeepki.st/ghosts/01M2NP7GPK2S0W9ECFQ2SADPFR.bin
[Info   :Zeepkist GTR] 20:10:31 Sending HTTP request "GET" https://cdn.zeepki.st/ghosts/01M2NP7GPK2S0W9ECFQ2SADPFR.bin
[Info   :Zeepkist GTR] 20:10:32 Received HTTP response headers after 518.8405ms - 200
[Info   :Zeepkist GTR] 20:10:32 End processing HTTP request after 519.1541ms - 200
[Info   :Zeepkist GTR] 20:10:32 End processing HTTP request after 522.1312ms - 200
[Info   :Zeepkist GTR] 20:10:33 Starting recorder
[Info   :Zeepkist Bingo] [BINGO] === PLAYER SPAWNED ===
[Info   :Zeepkist Bingo] [BINGO] IsInActiveSession: False
[Info   :Zeepkist Bingo] [BINGO] Not in active session, skipping timer reset
[Info   :Zeepkist GTR] 20:10:40 Loading personal best...
[Info   :Zeepkist GTR] 20:10:40 Start processing HTTP request "POST" https://es-graphql-1q5xcqmja6dvh4ctc4t9.zeepki.st/
[Info   :Zeepkist GTR] 20:10:40 Start processing HTTP request "POST" https://es-graphql-1q5xcqmja6dvh4ctc4t9.zeepki.st/
[Info   :Zeepkist GTR] 20:10:40 Sending HTTP request "POST" https://es-graphql-1q5xcqmja6dvh4ctc4t9.zeepki.st/
[Info   :Zeepkist GTR] 20:10:40 Stopping existing recorder if any
[Info   :Zeepkist GTR] 20:10:40 Creating new recorder
[Info   :Zeepkist GTR] 20:10:40 Received HTTP response headers after 56.443ms - 200
[Info   :Zeepkist GTR] 20:10:40 End processing HTTP request after 56.6618ms - 200
[Info   :Zeepkist GTR] 20:10:40 End processing HTTP request after 61.5377ms - 200
[Info   :Zeepkist GTR] 20:10:41 Start processing HTTP request "GET" https://cdn.zeepki.st/ghosts/01M2NP7GPK2S0W9ECFQ2SADPFR.bin
[Info   :Zeepkist GTR] 20:10:41 Sending HTTP request "GET" https://cdn.zeepki.st/ghosts/01M2NP7GPK2S0W9ECFQ2SADPFR.bin
[Info   :Zeepkist GTR] 20:10:42 Starting recorder
[Info   :Zeepkist GTR] 20:11:07 Stopping recorder
[Info   :Zeepkist GTR] 20:11:07 Collecting extra information
[Info   :Zeepkist GTR] 20:11:07 Resolved workshop ID "3802362759" from lobby 3802362759 and level 0
[Info   :Zeepkist GTR] 20:11:07 Processing ghost data
[Info   :Zeepkist GTR] 20:11:07 Creating stream
[Info   :Zeepkist GTR] 20:11:07 Writing to stream
[Info   :Zeepkist GTR] 20:11:07 Converting to base64
[Info   :Zeepkist GTR] 20:11:07 Creating resource
[Info   :Zeepkist GTR] 20:11:07 Start processing HTTP request "POST" https://es-backend-5eu0pg2dcfyp6u2v33lz.zeepki.st/record/submit
[Info   :Zeepkist GTR] 20:11:07 Start processing HTTP request "POST" https://es-backend-5eu0pg2dcfyp6u2v33lz.zeepki.st/record/submit
[Info   :Zeepkist GTR] 20:11:07 Sending HTTP request "POST" https://es-backend-5eu0pg2dcfyp6u2v33lz.zeepki.st/record/submit
[Info   :Zeepkist Bingo] [BINGO] === PLAYER SPAWNED ===
[Info   :Zeepkist Bingo] [BINGO] IsInActiveSession: False
[Info   :Zeepkist Bingo] [BINGO] Not in active session, skipping timer reset
[Info   :Zeepkist GTR] 20:11:09 Loading personal best...
[Info   :Zeepkist GTR] 20:11:09 Start processing HTTP request "POST" https://es-graphql-1q5xcqmja6dvh4ctc4t9.zeepki.st/
[Info   :Zeepkist GTR] 20:11:09 Start processing HTTP request "POST" https://es-graphql-1q5xcqmja6dvh4ctc4t9.zeepki.st/
[Info   :Zeepkist GTR] 20:11:09 Sending HTTP request "POST" https://es-graphql-1q5xcqmja6dvh4ctc4t9.zeepki.st/
[Info   :Zeepkist GTR] 20:11:09 Stopping existing recorder if any
[Info   :Zeepkist GTR] 20:11:09 Creating new recorder
[Info   :Zeepkist GTR] 20:11:09 Received HTTP response headers after 216.5756ms - 200
[Info   :Zeepkist GTR] 20:11:09 End processing HTTP request after 216.8078ms - 200
[Info   :Zeepkist GTR] 20:11:09 End processing HTTP request after 220.8939ms - 200
[Info   :Zeepkist GTR] 20:11:09 Start processing HTTP request "GET" https://cdn.zeepki.st/ghosts/01M2NP7GPK2S0W9ECFQ2SADPFR.bin
[Info   :Zeepkist GTR] 20:11:09 Sending HTTP request "GET" https://cdn.zeepki.st/ghosts/01M2NP7GPK2S0W9ECFQ2SADPFR.bin
[Info   :Zeepkist GTR] 20:11:11 Starting recorder
[Info   :Zeepkist GTR] 20:11:12 Start processing HTTP request "POST" https://es-graphql-1q5xcqmja6dvh4ctc4t9.zeepki.st/
[Info   :Zeepkist GTR] 20:11:12 Start processing HTTP request "POST" https://es-graphql-1q5xcqmja6dvh4ctc4t9.zeepki.st/
[Info   :Zeepkist GTR] 20:11:12 Sending HTTP request "POST" https://es-graphql-1q5xcqmja6dvh4ctc4t9.zeepki.st/
[Info   :Zeepkist GTR] 20:11:12 Received HTTP response headers after 210.9901ms - 200
[Info   :Zeepkist GTR] 20:11:12 End processing HTTP request after 211.2393ms - 200
[Info   :Zeepkist GTR] 20:11:12 End processing HTTP request after 216.9679ms - 200
[Error  :Zeepkist GTR] 20:11:17 Failed to submit record
[Info   :Zeepkist GTR] 20:11:35 Stopping recorder
[Info   :Zeepkist GTR] 20:11:35 Collecting extra information
[Info   :Zeepkist GTR] 20:11:35 Resolved workshop ID "3802362759" from lobby 3802362759 and level 0
[Info   :Zeepkist GTR] 20:11:35 Processing ghost data
[Info   :Zeepkist GTR] 20:11:35 Creating stream
[Info   :Zeepkist GTR] 20:11:35 Writing to stream
[Info   :Zeepkist GTR] 20:11:35 Converting to base64
[Info   :Zeepkist GTR] 20:11:35 Creating resource
[Info   :Zeepkist GTR] 20:11:35 Start processing HTTP request "POST" https://es-backend-5eu0pg2dcfyp6u2v33lz.zeepki.st/record/submit
[Info   :Zeepkist GTR] 20:11:35 Start processing HTTP request "POST" https://es-backend-5eu0pg2dcfyp6u2v33lz.zeepki.st/record/submit
[Info   :Zeepkist GTR] 20:11:35 Sending HTTP request "POST" https://es-backend-5eu0pg2dcfyp6u2v33lz.zeepki.st/record/submit
[Info   :Zeepkist GTR] 20:11:36 Received HTTP response headers after 490.0294ms - 200
[Info   :Zeepkist GTR] 20:11:36 End processing HTTP request after 490.2636ms - 200
[Info   :Zeepkist GTR] 20:11:36 End processing HTTP request after 492.5758ms - 200
[Info   :Zeepkist GTR] 20:11:42 Discarding recorder
[Info   :COTDTracker] Doing eliminations with leaderboard:
[Info   :COTDTracker] Player [KBW]Kernkob: Time: 23,57839
[Info   :COTDTracker] Player ZOMAN: Time: 23,68472
[Info   :COTDTracker] Player [KURK] Quickracer10: Time: 23,74382
[Info   :COTDTracker] Player Jake: Time: 23,79772
[Info   :COTDTracker] Player justMaki: Time: 23,80537
[Info   :COTDTracker] Player Minkus: Time: 23,82705
[Info   :COTDTracker] Player [CTR]Mortishade: Time: 23,84567
[Info   :COTDTracker] Player Mμ: Time: 23,86391
[Info   :COTDTracker] Player RoundNzt: Time: 23,86536
[Info   :COTDTracker] Player [CSC] PlusMicron: Time: 23,87513
[Info   :COTDTracker] Player tatari_lover2008: Time: 23,89687
[Info   :COTDTracker] Player MALIYO: Time: 23,906
[Info   :COTDTracker] Player [EG]Victor: Time: 23,90627
[Info   :COTDTracker] Player Naomi :3: Time: 23,93739
[Info   :COTDTracker] Player Lexer: Time: 23,95064
[Info   :COTDTracker] Player brrryy: Time: 23,95852
[Info   :COTDTracker] Player Eclipse135: Time: 23,96607
[Info   :COTDTracker] Player Warsnac: Time: 23,9693
[Info   :COTDTracker] Player Gimpel: Time: 24,15767
[Info   :COTDTracker] Player Matic_D: Time: 24,16501
[Info   :COTDTracker] Player gilgool: Time: 24,34453
[Info   :COTDTracker] Player Six: Time: 24,3898
[Info   :COTDTracker] Player Noxitu: Time: 24,43514
[Info   :COTDTracker] Player [EEN] Hang Chang-Pang: Time: 24,51716
[Info   :COTDTracker] Player aizpun: Time: 24,55903
[Info   :COTDTracker] Player [IVD3]kentback: Time: 24,71426
[Info   :COTDTracker] Player CodeingerCat: Time: 24,77228
[Info   :COTDTracker] Player Hibbie: Time: 25,21895
[Info   :COTDTracker] Player [CCC]Shinikage221: Time: 25,87307
[Info   :COTDTracker] Player LKat: Time: 26,30492
[Info   :COTDTracker] Player Squarefish: Time: 27,58322
[Info   :COTDTracker] Player Cypher Ocelot: Time: 29,55771
[Info   :COTDTracker] Player [MMM]Kreeeeee: Time: DNF
[Info   :COTDTracker] Player wokonbike: Time: DNF
[Info   :COTDTracker] Player Orb Bee Bob: Time: DNF
[Info   :COTDTracker] Player liz1rd: Time: DNF
[Info   :COTDTracker] Eliminating DNF: liz1rd
[Info   :COTDTracker] Eliminating DNF: Orb Bee Bob
[Info   :COTDTracker] Eliminating DNF: wokonbike
[Info   :COTDTracker] Eliminating DNF: [MMM]Kreeeeee
[Info   :COTDTracker] Eliminated 4 DNF players
[Info   :COTDTracker] Eliminating 4 players: 
[Info   :COTDTracker] liz1rd
[Info   :COTDTracker] Orb Bee Bob
[Info   :COTDTracker] wokonbike
[Info   :COTDTracker] [MMM]Kreeeeee
[Info   :COTDTracker] Running update tab leaderboard function
[Info   :COTDTracker] Running update tab leaderboard function
[Info   :Zeepkist Bingo] [BINGO] Level loaded
[Info   :Zeepkist GTR] 20:11:56 Start processing HTTP request "POST" https://es-backend-5eu0pg2dcfyp6u2v33lz.zeepki.st/level/request
[Info   :Zeepkist GTR] 20:11:56 Start processing HTTP request "POST" https://es-backend-5eu0pg2dcfyp6u2v33lz.zeepki.st/level/request
[Info   :Zeepkist GTR] 20:11:56 Sending HTTP request "POST" https://es-backend-5eu0pg2dcfyp6u2v33lz.zeepki.st/level/request
[Info   :Zeepkist GTR] 20:11:56 Start processing HTTP request "POST" https://es-graphql-1q5xcqmja6dvh4ctc4t9.zeepki.st/
[Info   :Zeepkist GTR] 20:11:56 Start processing HTTP request "POST" https://es-graphql-1q5xcqmja6dvh4ctc4t9.zeepki.st/
[Info   :Zeepkist GTR] 20:11:56 Sending HTTP request "POST" https://es-graphql-1q5xcqmja6dvh4ctc4t9.zeepki.st/
[Warning:Zeepkist GTR] 20:11:56 Current-level record subscription failed
[Info   :Zeepkist GTR] 20:11:56 Start processing HTTP request "POST" https://es-graphql-1q5xcqmja6dvh4ctc4t9.zeepki.st/
[Info   :Zeepkist GTR] 20:11:56 Start processing HTTP request "POST" https://es-graphql-1q5xcqmja6dvh4ctc4t9.zeepki.st/
[Info   :Zeepkist GTR] 20:11:56 Sending HTTP request "POST" https://es-graphql-1q5xcqmja6dvh4ctc4t9.zeepki.st/
[Info   :BetterSplits] getting gtr splits
[Error  :BetterSplits] cannot get splits, no gtr id
[Info   :Zeepkist GTR] 20:11:56 Received HTTP response headers after 49.9235ms - 200
[Info   :Zeepkist GTR] 20:11:56 End processing HTTP request after 50.1431ms - 200
[Info   :Zeepkist GTR] 20:11:56 End processing HTTP request after 52.9506ms - 200
[Info   :Zeepkist GTR] 20:11:56 Received HTTP response headers after 56.715ms - 200
[Info   :Zeepkist GTR] 20:11:56 End processing HTTP request after 56.928ms - 200
[Info   :Zeepkist Bingo] [BINGO] === PLAYER SPAWNED ===
[Info   :Zeepkist Bingo] [BINGO] IsInActiveSession: False
[Info   :Zeepkist Bingo] [BINGO] Not in active session, skipping timer reset
[Info   :Zeepkist GTR] 20:11:56 Loading personal best...
[Info   :Zeepkist GTR] 20:11:56 Start processing HTTP request "POST" https://es-graphql-1q5xcqmja6dvh4ctc4t9.zeepki.st/
[Info   :Zeepkist GTR] 20:11:56 Start processing HTTP request "POST" https://es-graphql-1q5xcqmja6dvh4ctc4t9.zeepki.st/
[Info   :Zeepkist GTR] 20:11:56 Sending HTTP request "POST" https://es-graphql-1q5xcqmja6dvh4ctc4t9.zeepki.st/
[Info   :Zeepkist GTR] 20:11:56 Stopping existing recorder if any
[Info   :Zeepkist GTR] 20:11:56 Creating new recorder
[Info   :Zeepkist GTR] 20:11:56 End processing HTTP request after 92.217ms - 200
[Info   :Zeepkist GTR] 20:11:56 Received HTTP response headers after 56.6515ms - 200
[Info   :Zeepkist GTR] 20:11:56 End processing HTTP request after 56.9012ms - 200
[Info   :Zeepkist GTR] 20:11:56 End processing HTTP request after 63.1344ms - 200
[Info   :Zeepkist GTR] 20:11:56 Start processing HTTP request "GET" https://cdn.zeepki.st/ghosts/01M2NPGAQ30PGP4EF8T2A32BTN.bin
[Info   :Zeepkist GTR] 20:11:56 Sending HTTP request "GET" https://cdn.zeepki.st/ghosts/01M2NPGAQ30PGP4EF8T2A32BTN.bin
[Info   :Zeepkist GTR] 20:11:56 Received HTTP response headers after 270.1045ms - 200
[Info   :Zeepkist GTR] 20:11:56 End processing HTTP request after 270.3377ms - 200
[Info   :Zeepkist GTR] 20:11:56 End processing HTTP request after 277.9076ms - 200
[Info   :Zeepkist GTR] 20:11:58 Starting recorder
[Info   :Zeepkist GTR] 20:12:20 Stopping recorder
[Info   :Zeepkist GTR] 20:12:20 Collecting extra information
[Info   :Zeepkist GTR] 20:12:20 Resolved workshop ID "3801853512" from lobby 3801853512 and level 0
[Info   :Zeepkist GTR] 20:12:20 Processing ghost data
[Info   :Zeepkist GTR] 20:12:20 Creating stream
[Info   :Zeepkist GTR] 20:12:20 Writing to stream
[Info   :Zeepkist GTR] 20:12:21 Converting to base64
[Info   :Zeepkist GTR] 20:12:21 Creating resource
[Info   :Zeepkist GTR] 20:12:21 Start processing HTTP request "POST" https://es-backend-5eu0pg2dcfyp6u2v33lz.zeepki.st/record/submit
[Info   :Zeepkist GTR] 20:12:21 Start processing HTTP request "POST" https://es-backend-5eu0pg2dcfyp6u2v33lz.zeepki.st/record/submit
[Info   :Zeepkist GTR] 20:12:21 Sending HTTP request "POST" https://es-backend-5eu0pg2dcfyp6u2v33lz.zeepki.st/record/submit
[Info   :Zeepkist Bingo] [BINGO] === PLAYER SPAWNED ===
[Info   :Zeepkist Bingo] [BINGO] IsInActiveSession: False
[Info   :Zeepkist Bingo] [BINGO] Not in active session, skipping timer reset
[Info   :Zeepkist GTR] 20:12:22 Loading personal best...
[Info   :Zeepkist GTR] 20:12:22 Start processing HTTP request "POST" https://es-graphql-1q5xcqmja6dvh4ctc4t9.zeepki.st/
[Info   :Zeepkist GTR] 20:12:22 Start processing HTTP request "POST" https://es-graphql-1q5xcqmja6dvh4ctc4t9.zeepki.st/
[Info   :Zeepkist GTR] 20:12:22 Sending HTTP request "POST" https://es-graphql-1q5xcqmja6dvh4ctc4t9.zeepki.st/
[Info   :Zeepkist GTR] 20:12:22 Stopping existing recorder if any
[Info   :Zeepkist GTR] 20:12:22 Creating new recorder
[Info   :Zeepkist GTR] 20:12:22 Received HTTP response headers after 66.9558ms - 200
[Info   :Zeepkist GTR] 20:12:22 End processing HTTP request after 67.1764ms - 200
[Info   :Zeepkist GTR] 20:12:22 End processing HTTP request after 73.0857ms - 200
[Info   :Zeepkist GTR] 20:12:22 Start processing HTTP request "GET" https://cdn.zeepki.st/ghosts/01M2NPGAQ30PGP4EF8T2A32BTN.bin
[Info   :Zeepkist GTR] 20:12:22 Sending HTTP request "GET" https://cdn.zeepki.st/ghosts/01M2NPGAQ30PGP4EF8T2A32BTN.bin
[Info   :Zeepkist GTR] 20:12:22 Received HTTP response headers after 1874.4757ms - 200
[Info   :Zeepkist GTR] 20:12:22 End processing HTTP request after 1874.6913ms - 200
[Info   :Zeepkist GTR] 20:12:22 End processing HTTP request after 1876.5071ms - 200
[Info   :Zeepkist GTR] 20:12:23 Starting recorder
[Info   :Zeepkist Bingo] [BINGO] === PLAYER SPAWNED ===
[Info   :Zeepkist Bingo] [BINGO] IsInActiveSession: False
[Info   :Zeepkist Bingo] [BINGO] Not in active session, skipping timer reset
[Info   :Zeepkist GTR] 20:12:27 Loading personal best...
[Info   :Zeepkist GTR] 20:12:27 Start processing HTTP request "POST" https://es-graphql-1q5xcqmja6dvh4ctc4t9.zeepki.st/
[Info   :Zeepkist GTR] 20:12:27 Start processing HTTP request "POST" https://es-graphql-1q5xcqmja6dvh4ctc4t9.zeepki.st/
[Info   :Zeepkist GTR] 20:12:27 Sending HTTP request "POST" https://es-graphql-1q5xcqmja6dvh4ctc4t9.zeepki.st/
[Info   :Zeepkist GTR] 20:12:27 Stopping existing recorder if any
[Info   :Zeepkist GTR] 20:12:27 Creating new recorder
[Info   :Zeepkist GTR] 20:12:27 Received HTTP response headers after 85.8259ms - 200
[Info   :Zeepkist GTR] 20:12:27 End processing HTTP request after 86.0369ms - 200
[Info   :Zeepkist GTR] 20:12:27 End processing HTTP request after 87.8172ms - 200
[Info   :Zeepkist GTR] 20:12:28 Start processing HTTP request "GET" https://cdn.zeepki.st/ghosts/01M2NPGAQ30PGP4EF8T2A32BTN.bin
[Info   :Zeepkist GTR] 20:12:28 Sending HTTP request "GET" https://cdn.zeepki.st/ghosts/01M2NPGAQ30PGP4EF8T2A32BTN.bin
[Info   :Zeepkist GTR] 20:12:29 Starting recorder
[Info   :Zeepkist GTR] 20:12:35 Start processing HTTP request "POST" https://es-graphql-1q5xcqmja6dvh4ctc4t9.zeepki.st/
[Info   :Zeepkist GTR] 20:12:35 Start processing HTTP request "POST" https://es-graphql-1q5xcqmja6dvh4ctc4t9.zeepki.st/
[Info   :Zeepkist GTR] 20:12:35 Sending HTTP request "POST" https://es-graphql-1q5xcqmja6dvh4ctc4t9.zeepki.st/
[Info   :Zeepkist Bingo] [BINGO] === PLAYER SPAWNED ===
[Info   :Zeepkist Bingo] [BINGO] IsInActiveSession: False
[Info   :Zeepkist Bingo] [BINGO] Not in active session, skipping timer reset
[Info   :Zeepkist GTR] 20:12:35 Loading personal best...
[Info   :Zeepkist GTR] 20:12:35 Start processing HTTP request "POST" https://es-graphql-1q5xcqmja6dvh4ctc4t9.zeepki.st/
[Info   :Zeepkist GTR] 20:12:35 Start processing HTTP request "POST" https://es-graphql-1q5xcqmja6dvh4ctc4t9.zeepki.st/
[Info   :Zeepkist GTR] 20:12:35 Sending HTTP request "POST" https://es-graphql-1q5xcqmja6dvh4ctc4t9.zeepki.st/
[Info   :Zeepkist GTR] 20:12:35 Stopping existing recorder if any
[Info   :Zeepkist GTR] 20:12:35 Creating new recorder
[Info   :Zeepkist GTR] 20:12:35 Received HTTP response headers after 169.5947ms - 200
[Info   :Zeepkist GTR] 20:12:35 End processing HTTP request after 169.8252ms - 200
[Info   :Zeepkist GTR] 20:12:35 Received HTTP response headers after 160.7862ms - 200
[Info   :Zeepkist GTR] 20:12:35 End processing HTTP request after 161.1114ms - 200
[Info   :Zeepkist GTR] 20:12:35 End processing HTTP request after 164.4715ms - 200
[Info   :Zeepkist GTR] 20:12:35 End processing HTTP request after 178.5008ms - 200
[Info   :Zeepkist GTR] 20:12:35 Start processing HTTP request "GET" https://cdn.zeepki.st/ghosts/01M2NPGAQ30PGP4EF8T2A32BTN.bin
[Info   :Zeepkist GTR] 20:12:35 Sending HTTP request "GET" https://cdn.zeepki.st/ghosts/01M2NPGAQ30PGP4EF8T2A32BTN.bin
[Info   :Zeepkist GTR] 20:12:37 Starting recorder
[Info   :Zeepkist GTR] 20:12:58 Stopping recorder
[Info   :Zeepkist GTR] 20:12:58 Collecting extra information
[Info   :Zeepkist GTR] 20:12:58 Resolved workshop ID "3801853512" from lobby 3801853512 and level 0
[Info   :Zeepkist GTR] 20:12:58 Processing ghost data
[Info   :Zeepkist GTR] 20:12:58 Creating stream
[Info   :Zeepkist GTR] 20:12:58 Writing to stream
[Info   :Zeepkist GTR] 20:12:58 Converting to base64
[Info   :Zeepkist GTR] 20:12:58 Creating resource
[Info   :Zeepkist GTR] 20:12:58 Start processing HTTP request "POST" https://es-backend-5eu0pg2dcfyp6u2v33lz.zeepki.st/record/submit
[Info   :Zeepkist GTR] 20:12:58 Start processing HTTP request "POST" https://es-backend-5eu0pg2dcfyp6u2v33lz.zeepki.st/record/submit
[Info   :Zeepkist GTR] 20:12:58 Sending HTTP request "POST" https://es-backend-5eu0pg2dcfyp6u2v33lz.zeepki.st/record/submit
[Info   :Zeepkist GTR] 20:12:59 Received HTTP response headers after 163.0727ms - 200
[Info   :Zeepkist GTR] 20:12:59 End processing HTTP request after 163.301ms - 200
[Info   :Zeepkist GTR] 20:12:59 End processing HTTP request after 166.2998ms - 200
[Info   :Zeepkist GTR] 20:13:01 Start processing HTTP request "POST" https://es-graphql-1q5xcqmja6dvh4ctc4t9.zeepki.st/
[Info   :Zeepkist GTR] 20:13:01 Start processing HTTP request "POST" https://es-graphql-1q5xcqmja6dvh4ctc4t9.zeepki.st/
[Info   :Zeepkist GTR] 20:13:01 Sending HTTP request "POST" https://es-graphql-1q5xcqmja6dvh4ctc4t9.zeepki.st/
[Info   :Zeepkist GTR] 20:13:01 Received HTTP response headers after 80.8335ms - 200
[Info   :Zeepkist GTR] 20:13:01 End processing HTTP request after 81.0704ms - 200
[Info   :Zeepkist GTR] 20:13:01 End processing HTTP request after 85.3863ms - 200
[Info   :Zeepkist GTR] 20:13:05 Discarding recorder
[Info   :COTDTracker] Running update tab leaderboard function
[Info   :COTDTracker] Running update tab leaderboard function
[Info   :COTDTracker] Doing eliminations with leaderboard:
[Info   :COTDTracker] Player Jake: Time: 20,72903
[Info   :COTDTracker] Player [KBW]Kernkob: Time: 20,83054
[Info   :COTDTracker] Player Eclipse135: Time: 20,9664
[Info   :COTDTracker] Player ZOMAN: Time: 20,97293
[Info   :COTDTracker] Player justMaki: Time: 20,99257
[Info   :COTDTracker] Player RoundNzt: Time: 21,14987
[Info   :COTDTracker] Player tatari_lover2008: Time: 21,17107
[Info   :COTDTracker] Player brrryy: Time: 21,26354
[Info   :COTDTracker] Player Lexer: Time: 21,36686
[Info   :COTDTracker] Player MALIYO: Time: 21,42043
[Info   :COTDTracker] Player Naomi :3: Time: 21,51005
[Info   :COTDTracker] Player Mμ: Time: 21,59373
[Info   :COTDTracker] Player [CSC] PlusMicron: Time: 21,65296
[Info   :COTDTracker] Player Minkus: Time: 21,65654
[Info   :COTDTracker] Player aizpun: Time: 21,6649
[Info   :COTDTracker] Player Warsnac: Time: 21,68301
[Info   :COTDTracker] Player [EG]Victor: Time: 21,77427
[Info   :COTDTracker] Player Six: Time: 21,91581
[Info   :COTDTracker] Player [EEN] Hang Chang-Pang: Time: 21,92598
[Info   :COTDTracker] Player [CTR]Mortishade: Time: 22,0349
[Info   :COTDTracker] Player Gimpel: Time: 22,08363
[Info   :COTDTracker] Player gilgool: Time: 22,28838
[Info   :COTDTracker] Player Noxitu: Time: 22,38026
[Info   :COTDTracker] Player Cypher Ocelot: Time: 25,22871
[Info   :COTDTracker] Player [KURK] Quickracer10: Time: DNF
[Info   :COTDTracker] Player Matic_D: Time: DNF
[Info   :COTDTracker] Player [IVD3]kentback: Time: DNF
[Info   :COTDTracker] Player CodeingerCat: Time: DNF
[Info   :COTDTracker] Player Hibbie: Time: DNF
[Info   :COTDTracker] Player [CCC]Shinikage221: Time: DNF
[Info   :COTDTracker] Player LKat: Time: DNF
[Info   :COTDTracker] Player Squarefish: Time: DNF
[Info   :COTDTracker] Eliminating DNF: Squarefish
[Info   :COTDTracker] Eliminating DNF: LKat
[Info   :COTDTracker] Eliminating DNF: [CCC]Shinikage221
[Info   :COTDTracker] Eliminating DNF: Hibbie
[Info   :COTDTracker] Eliminating DNF: CodeingerCat
[Info   :COTDTracker] Eliminating DNF: [IVD3]kentback
[Info   :COTDTracker] Eliminating DNF: Matic_D
[Info   :COTDTracker] Eliminating DNF: [KURK] Quickracer10
[Info   :COTDTracker] Eliminated 8 DNF players
[Info   :COTDTracker] Eliminating 8 players: 
[Info   :COTDTracker] Squarefish
[Info   :COTDTracker] LKat
[Info   :COTDTracker] [CCC]Shinikage221
[Info   :COTDTracker] Hibbie
[Info   :COTDTracker] CodeingerCat
[Info   :COTDTracker] [IVD3]kentback
[Info   :COTDTracker] Matic_D
[Info   :COTDTracker] [KURK] Quickracer10
[Info   :COTDTracker] Running update tab leaderboard function
[Info   :Zeepkist Bingo] [BINGO] Level loaded
[Info   :Zeepkist GTR] 20:13:19 Start processing HTTP request "POST" https://es-backend-5eu0pg2dcfyp6u2v33lz.zeepki.st/level/request
[Info   :Zeepkist GTR] 20:13:19 Start processing HTTP request "POST" https://es-backend-5eu0pg2dcfyp6u2v33lz.zeepki.st/level/request
[Info   :Zeepkist GTR] 20:13:19 Sending HTTP request "POST" https://es-backend-5eu0pg2dcfyp6u2v33lz.zeepki.st/level/request
[Info   :Zeepkist GTR] 20:13:19 Start processing HTTP request "POST" https://es-graphql-1q5xcqmja6dvh4ctc4t9.zeepki.st/
[Info   :Zeepkist GTR] 20:13:19 Start processing HTTP request "POST" https://es-graphql-1q5xcqmja6dvh4ctc4t9.zeepki.st/
[Info   :Zeepkist GTR] 20:13:19 Sending HTTP request "POST" https://es-graphql-1q5xcqmja6dvh4ctc4t9.zeepki.st/
[Info   :Zeepkist GTR] 20:13:19 Start processing HTTP request "POST" https://es-graphql-1q5xcqmja6dvh4ctc4t9.zeepki.st/
[Warning:Zeepkist GTR] 20:13:19 Current-level record subscription failed
[Info   :Zeepkist GTR] 20:13:19 Start processing HTTP request "POST" https://es-graphql-1q5xcqmja6dvh4ctc4t9.zeepki.st/
[Info   :Zeepkist GTR] 20:13:19 Sending HTTP request "POST" https://es-graphql-1q5xcqmja6dvh4ctc4t9.zeepki.st/
[Info   :BetterSplits] getting gtr splits
[Error  :BetterSplits] cannot get splits, no gtr id
[Info   :Zeepkist Bingo] [BINGO] === PLAYER SPAWNED ===
[Info   :Zeepkist Bingo] [BINGO] IsInActiveSession: False
[Info   :Zeepkist Bingo] [BINGO] Not in active session, skipping timer reset
[Info   :Zeepkist GTR] 20:13:19 Loading personal best...
[Info   :Zeepkist GTR] 20:13:19 Start processing HTTP request "POST" https://es-graphql-1q5xcqmja6dvh4ctc4t9.zeepki.st/
[Info   :Zeepkist GTR] 20:13:19 Start processing HTTP request "POST" https://es-graphql-1q5xcqmja6dvh4ctc4t9.zeepki.st/
[Info   :Zeepkist GTR] 20:13:19 Sending HTTP request "POST" https://es-graphql-1q5xcqmja6dvh4ctc4t9.zeepki.st/
[Info   :Zeepkist GTR] 20:13:19 Stopping existing recorder if any
[Info   :Zeepkist GTR] 20:13:19 Creating new recorder
[Info   :Zeepkist GTR] 20:13:19 Received HTTP response headers after 212.1751ms - 200
[Info   :Zeepkist GTR] 20:13:19 End processing HTTP request after 212.3955ms - 200
[Info   :Zeepkist GTR] 20:13:19 End processing HTTP request after 215.7613ms - 200
[Info   :Zeepkist GTR] 20:13:19 Received HTTP response headers after 218.317ms - 200
[Info   :Zeepkist GTR] 20:13:19 Received HTTP response headers after 218.8125ms - 200
[Info   :Zeepkist GTR] 20:13:19 End processing HTTP request after 218.5496ms - 200
[Info   :Zeepkist GTR] 20:13:19 End processing HTTP request after 219.0395ms - 200
[Info   :Zeepkist GTR] 20:13:19 End processing HTTP request after 228.1689ms - 200
[Info   :Zeepkist GTR] 20:13:19 End processing HTTP request after 228.6498ms - 200
[Info   :Zeepkist GTR] 20:13:19 Received HTTP response headers after 196.0948ms - 200
[Info   :Zeepkist GTR] 20:13:19 End processing HTTP request after 196.3037ms - 200
[Info   :Zeepkist GTR] 20:13:19 End processing HTTP request after 197.4006ms - 200
[Info   :Zeepkist GTR] 20:13:19 Start processing HTTP request "GET" https://cdn.zeepki.st/ghosts/01M2NP7GPK2S0W9ECFQ2SADPFR.bin
[Info   :Zeepkist GTR] 20:13:19 Sending HTTP request "GET" https://cdn.zeepki.st/ghosts/01M2NP7GPK2S0W9ECFQ2SADPFR.bin
[Info   :Zeepkist GTR] 20:13:21 Starting recorder
[Info   :Zeepkist Bingo] [BINGO] === PLAYER SPAWNED ===
[Info   :Zeepkist Bingo] [BINGO] IsInActiveSession: False
[Info   :Zeepkist Bingo] [BINGO] Not in active session, skipping timer reset
[Info   :Zeepkist GTR] 20:13:29 Loading personal best...
[Info   :Zeepkist GTR] 20:13:29 Start processing HTTP request "POST" https://es-graphql-1q5xcqmja6dvh4ctc4t9.zeepki.st/
[Info   :Zeepkist GTR] 20:13:29 Start processing HTTP request "POST" https://es-graphql-1q5xcqmja6dvh4ctc4t9.zeepki.st/
[Info   :Zeepkist GTR] 20:13:29 Sending HTTP request "POST" https://es-graphql-1q5xcqmja6dvh4ctc4t9.zeepki.st/
[Info   :Zeepkist GTR] 20:13:29 Stopping existing recorder if any
[Info   :Zeepkist GTR] 20:13:29 Creating new recorder
[Info   :Zeepkist GTR] 20:13:29 Received HTTP response headers after 75.3754ms - 200
[Info   :Zeepkist GTR] 20:13:29 End processing HTTP request after 75.5967ms - 200
[Info   :Zeepkist GTR] 20:13:29 End processing HTTP request after 80.4709ms - 200
[Info   :Zeepkist GTR] 20:13:29 Start processing HTTP request "GET" https://cdn.zeepki.st/ghosts/01M2NP7GPK2S0W9ECFQ2SADPFR.bin
[Info   :Zeepkist GTR] 20:13:29 Sending HTTP request "GET" https://cdn.zeepki.st/ghosts/01M2NP7GPK2S0W9ECFQ2SADPFR.bin
[Info   :Zeepkist GTR] 20:13:31 Starting recorder
[Info   :Zeepkist GTR] 20:13:55 Stopping recorder
[Info   :Zeepkist GTR] 20:13:55 Collecting extra information
[Info   :Zeepkist GTR] 20:13:55 Resolved workshop ID "3802362759" from lobby 3802362759 and level 0
[Info   :Zeepkist GTR] 20:13:55 Processing ghost data
[Info   :Zeepkist GTR] 20:13:55 Creating stream
[Info   :Zeepkist GTR] 20:13:55 Writing to stream
[Info   :Zeepkist GTR] 20:13:55 Converting to base64
[Info   :Zeepkist GTR] 20:13:55 Creating resource
[Info   :Zeepkist GTR] 20:13:55 Start processing HTTP request "POST" https://es-backend-5eu0pg2dcfyp6u2v33lz.zeepki.st/record/submit
[Info   :Zeepkist GTR] 20:13:55 Start processing HTTP request "POST" https://es-backend-5eu0pg2dcfyp6u2v33lz.zeepki.st/record/submit
[Info   :Zeepkist GTR] 20:13:55 Sending HTTP request "POST" https://es-backend-5eu0pg2dcfyp6u2v33lz.zeepki.st/record/submit
[Info   :Zeepkist GTR] 20:13:55 Received HTTP response headers after 249.946ms - 200
[Info   :Zeepkist GTR] 20:13:55 End processing HTTP request after 250.1692ms - 200
[Info   :Zeepkist GTR] 20:13:55 End processing HTTP request after 255.1333ms - 200
[Info   :Zeepkist Bingo] [BINGO] === PLAYER SPAWNED ===
[Info   :Zeepkist Bingo] [BINGO] IsInActiveSession: False
[Info   :Zeepkist Bingo] [BINGO] Not in active session, skipping timer reset
[Info   :Zeepkist GTR] 20:13:56 Loading personal best...
[Info   :Zeepkist GTR] 20:13:56 Start processing HTTP request "POST" https://es-graphql-1q5xcqmja6dvh4ctc4t9.zeepki.st/
[Info   :Zeepkist GTR] 20:13:56 Start processing HTTP request "POST" https://es-graphql-1q5xcqmja6dvh4ctc4t9.zeepki.st/
[Info   :Zeepkist GTR] 20:13:56 Sending HTTP request "POST" https://es-graphql-1q5xcqmja6dvh4ctc4t9.zeepki.st/
[Info   :Zeepkist GTR] 20:13:56 Stopping existing recorder if any
[Info   :Zeepkist GTR] 20:13:56 Creating new recorder
[Info   :Zeepkist GTR] 20:13:56 Received HTTP response headers after 62.7615ms - 200
[Info   :Zeepkist GTR] 20:13:56 End processing HTTP request after 62.9674ms - 200
[Info   :Zeepkist GTR] 20:13:56 End processing HTTP request after 63.4743ms - 200
[Info   :Zeepkist GTR] 20:13:56 Start processing HTTP request "GET" https://cdn.zeepki.st/ghosts/01M2NP7GPK2S0W9ECFQ2SADPFR.bin
[Info   :Zeepkist GTR] 20:13:56 Sending HTTP request "GET" https://cdn.zeepki.st/ghosts/01M2NP7GPK2S0W9ECFQ2SADPFR.bin
[Info   :Zeepkist GTR] 20:13:58 Start processing HTTP request "POST" https://es-graphql-1q5xcqmja6dvh4ctc4t9.zeepki.st/
[Info   :Zeepkist GTR] 20:13:58 Start processing HTTP request "POST" https://es-graphql-1q5xcqmja6dvh4ctc4t9.zeepki.st/
[Info   :Zeepkist GTR] 20:13:58 Sending HTTP request "POST" https://es-graphql-1q5xcqmja6dvh4ctc4t9.zeepki.st/
[Info   :Zeepkist GTR] 20:13:58 Received HTTP response headers after 215.5833ms - 200
[Info   :Zeepkist GTR] 20:13:58 End processing HTTP request after 215.7969ms - 200
[Info   :Zeepkist GTR] 20:13:58 End processing HTTP request after 217.3193ms - 200
[Info   :Zeepkist GTR] 20:13:58 Starting recorder
[Info   :Zeepkist GTR] 20:14:22 Stopping recorder
[Info   :Zeepkist GTR] 20:14:22 Collecting extra information
[Info   :Zeepkist GTR] 20:14:22 Resolved workshop ID "3802362759" from lobby 3802362759 and level 0
[Info   :Zeepkist GTR] 20:14:22 Processing ghost data
[Info   :Zeepkist GTR] 20:14:22 Creating stream
[Info   :Zeepkist GTR] 20:14:22 Writing to stream
[Info   :Zeepkist GTR] 20:14:22 Converting to base64
[Info   :Zeepkist GTR] 20:14:22 Creating resource
[Info   :Zeepkist GTR] 20:14:22 Start processing HTTP request "POST" https://es-backend-5eu0pg2dcfyp6u2v33lz.zeepki.st/record/submit
[Info   :Zeepkist GTR] 20:14:22 Start processing HTTP request "POST" https://es-backend-5eu0pg2dcfyp6u2v33lz.zeepki.st/record/submit
[Info   :Zeepkist GTR] 20:14:22 Sending HTTP request "POST" https://es-backend-5eu0pg2dcfyp6u2v33lz.zeepki.st/record/submit
[Info   :Zeepkist GTR] 20:14:23 Received HTTP response headers after 835.6215ms - 200
[Info   :Zeepkist GTR] 20:14:23 End processing HTTP request after 835.8603ms - 200
[Info   :Zeepkist GTR] 20:14:23 End processing HTTP request after 839.384ms - 200
[Info   :Zeepkist Bingo] [BINGO] === PLAYER SPAWNED ===
[Info   :Zeepkist Bingo] [BINGO] IsInActiveSession: False
[Info   :Zeepkist Bingo] [BINGO] Not in active session, skipping timer reset
[Info   :Zeepkist GTR] 20:14:24 Loading personal best...
[Info   :Zeepkist GTR] 20:14:24 Start processing HTTP request "POST" https://es-graphql-1q5xcqmja6dvh4ctc4t9.zeepki.st/
[Info   :Zeepkist GTR] 20:14:24 Start processing HTTP request "POST" https://es-graphql-1q5xcqmja6dvh4ctc4t9.zeepki.st/
[Info   :Zeepkist GTR] 20:14:24 Sending HTTP request "POST" https://es-graphql-1q5xcqmja6dvh4ctc4t9.zeepki.st/
[Info   :Zeepkist GTR] 20:14:24 Stopping existing recorder if any
[Info   :Zeepkist GTR] 20:14:24 Creating new recorder
[Info   :Zeepkist GTR] 20:14:24 Received HTTP response headers after 63.851ms - 200
[Info   :Zeepkist GTR] 20:14:24 End processing HTTP request after 64.0611ms - 200
[Info   :Zeepkist GTR] 20:14:24 End processing HTTP request after 67.0012ms - 200
[Info   :Zeepkist GTR] 20:14:24 Start processing HTTP request "GET" https://cdn.zeepki.st/ghosts/01M2NP7GPK2S0W9ECFQ2SADPFR.bin
[Info   :Zeepkist GTR] 20:14:24 Sending HTTP request "GET" https://cdn.zeepki.st/ghosts/01M2NP7GPK2S0W9ECFQ2SADPFR.bin
[Info   :Zeepkist GTR] 20:14:26 Starting recorder
[Info   :Zeepkist GTR] 20:14:28 Discarding recorder
[Info   :COTDTracker] Doing eliminations with leaderboard:
[Info   :COTDTracker] Player ZOMAN: Time: 23,56531
[Info   :COTDTracker] Player [KBW]Kernkob: Time: 23,56836
[Info   :COTDTracker] Player justMaki: Time: 23,6713
[Info   :COTDTracker] Player Jake: Time: 23,71869
[Info   :COTDTracker] Player Mμ: Time: 23,7397
[Info   :COTDTracker] Player MALIYO: Time: 23,78196
[Info   :COTDTracker] Player Minkus: Time: 23,7932
[Info   :COTDTracker] Player Lexer: Time: 23,79625
[Info   :COTDTracker] Player RoundNzt: Time: 23,83062
[Info   :COTDTracker] Player [EG]Victor: Time: 23,8645
[Info   :COTDTracker] Player [CTR]Mortishade: Time: 23,91903
[Info   :COTDTracker] Player [CSC] PlusMicron: Time: 23,92154
[Info   :COTDTracker] Player brrryy: Time: 23,92467
[Info   :COTDTracker] Player Warsnac: Time: 23,9953
[Info   :COTDTracker] Player Six: Time: 24,05986
[Info   :COTDTracker] Player aizpun: Time: 24,06982
[Info   :COTDTracker] Player Eclipse135: Time: 24,07268
[Info   :COTDTracker] Player tatari_lover2008: Time: 24,14987
[Info   :COTDTracker] Player Naomi :3: Time: 24,19328
[Info   :COTDTracker] Player [EEN] Hang Chang-Pang: Time: 24,34023
[Info   :COTDTracker] Player gilgool: Time: 24,55081
[Info   :COTDTracker] Player Noxitu: Time: 24,62123
[Info   :COTDTracker] Player Cypher Ocelot: Time: 27,73222
[Info   :COTDTracker] Player Gimpel: Time: DNF
[Info   :COTDTracker] Eliminating DNF: Gimpel
[Info   :COTDTracker] Eliminated 1 DNF players
[Info   :COTDTracker] Eliminating on time: Cypher Ocelot
[Info   :COTDTracker] Eliminating on time: Noxitu
[Info   :COTDTracker] Eliminating 3 players: 
[Info   :COTDTracker] Gimpel
[Info   :COTDTracker] Cypher Ocelot
[Info   :COTDTracker] Noxitu
[Info   :COTDTracker] Running update tab leaderboard function
[Info   :COTDTracker] Running update tab leaderboard function
[Info   :Zeepkist Bingo] [BINGO] Level loaded
[Info   :Zeepkist GTR] 20:14:42 Start processing HTTP request "POST" https://es-backend-5eu0pg2dcfyp6u2v33lz.zeepki.st/level/request
[Info   :Zeepkist GTR] 20:14:42 Start processing HTTP request "POST" https://es-backend-5eu0pg2dcfyp6u2v33lz.zeepki.st/level/request
[Info   :Zeepkist GTR] 20:14:42 Sending HTTP request "POST" https://es-backend-5eu0pg2dcfyp6u2v33lz.zeepki.st/level/request
[Info   :Zeepkist GTR] 20:14:42 Start processing HTTP request "POST" https://es-graphql-1q5xcqmja6dvh4ctc4t9.zeepki.st/
[Info   :Zeepkist GTR] 20:14:42 Start processing HTTP request "POST" https://es-graphql-1q5xcqmja6dvh4ctc4t9.zeepki.st/
[Info   :Zeepkist GTR] 20:14:42 Sending HTTP request "POST" https://es-graphql-1q5xcqmja6dvh4ctc4t9.zeepki.st/
[Warning:Zeepkist GTR] 20:14:42 Current-level record subscription failed
[Info   :Zeepkist GTR] 20:14:42 Start processing HTTP request "POST" https://es-graphql-1q5xcqmja6dvh4ctc4t9.zeepki.st/
[Info   :Zeepkist GTR] 20:14:42 Start processing HTTP request "POST" https://es-graphql-1q5xcqmja6dvh4ctc4t9.zeepki.st/
[Info   :Zeepkist GTR] 20:14:42 Sending HTTP request "POST" https://es-graphql-1q5xcqmja6dvh4ctc4t9.zeepki.st/
[Info   :BetterSplits] getting gtr splits
[Error  :BetterSplits] cannot get splits, no gtr id
[Info   :Zeepkist Bingo] [BINGO] === PLAYER SPAWNED ===
[Info   :Zeepkist Bingo] [BINGO] IsInActiveSession: False
[Info   :Zeepkist Bingo] [BINGO] Not in active session, skipping timer reset
[Info   :Zeepkist GTR] 20:14:42 Loading personal best...
[Info   :Zeepkist GTR] 20:14:42 Start processing HTTP request "POST" https://es-graphql-1q5xcqmja6dvh4ctc4t9.zeepki.st/
[Info   :Zeepkist GTR] 20:14:42 Start processing HTTP request "POST" https://es-graphql-1q5xcqmja6dvh4ctc4t9.zeepki.st/
[Info   :Zeepkist GTR] 20:14:42 Sending HTTP request "POST" https://es-graphql-1q5xcqmja6dvh4ctc4t9.zeepki.st/
[Info   :Zeepkist GTR] 20:14:42 Stopping existing recorder if any
[Info   :Zeepkist GTR] 20:14:42 Creating new recorder
[Info   :Zeepkist GTR] 20:14:42 Received HTTP response headers after 77.0649ms - 200
[Info   :Zeepkist GTR] 20:14:42 End processing HTTP request after 77.2456ms - 200
[Info   :Zeepkist GTR] 20:14:42 Received HTTP response headers after 77.4312ms - 200
[Info   :Zeepkist GTR] 20:14:42 End processing HTTP request after 77.627ms - 200
[Info   :Zeepkist GTR] 20:14:42 Received HTTP response headers after 78.0422ms - 200
[Info   :Zeepkist GTR] 20:14:42 End processing HTTP request after 78.2278ms - 200
[Info   :Zeepkist GTR] 20:14:42 End processing HTTP request after 86.5284ms - 200
[Info   :Zeepkist GTR] 20:14:42 End processing HTTP request after 86.0124ms - 200
[Info   :Zeepkist GTR] 20:14:42 End processing HTTP request after 87.1863ms - 200
[Info   :Zeepkist GTR] 20:14:42 Received HTTP response headers after 57.7892ms - 200
[Info   :Zeepkist GTR] 20:14:42 End processing HTTP request after 58.0005ms - 200
[Info   :Zeepkist GTR] 20:14:42 End processing HTTP request after 62.959ms - 200
[Info   :Zeepkist GTR] 20:14:42 Start processing HTTP request "GET" https://cdn.zeepki.st/ghosts/01M2NPR0N3TN7Y6XQ7HY0SFDMV.bin
[Info   :Zeepkist GTR] 20:14:42 Sending HTTP request "GET" https://cdn.zeepki.st/ghosts/01M2NPR0N3TN7Y6XQ7HY0SFDMV.bin
[Info   :Zeepkist GTR] 20:14:44 Starting recorder
[Info   :Zeepkist Bingo] [BINGO] === PLAYER SPAWNED ===
[Info   :Zeepkist Bingo] [BINGO] IsInActiveSession: False
[Info   :Zeepkist Bingo] [BINGO] Not in active session, skipping timer reset
[Info   :Zeepkist GTR] 20:14:48 Loading personal best...
[Info   :Zeepkist GTR] 20:14:48 Start processing HTTP request "POST" https://es-graphql-1q5xcqmja6dvh4ctc4t9.zeepki.st/
[Info   :Zeepkist GTR] 20:14:48 Start processing HTTP request "POST" https://es-graphql-1q5xcqmja6dvh4ctc4t9.zeepki.st/
[Info   :Zeepkist GTR] 20:14:48 Sending HTTP request "POST" https://es-graphql-1q5xcqmja6dvh4ctc4t9.zeepki.st/
[Info   :Zeepkist GTR] 20:14:48 Stopping existing recorder if any
[Info   :Zeepkist GTR] 20:14:48 Creating new recorder
[Info   :Zeepkist GTR] 20:14:48 Received HTTP response headers after 60.5812ms - 200
[Info   :Zeepkist GTR] 20:14:48 End processing HTTP request after 60.8004ms - 200
[Info   :Zeepkist GTR] 20:14:48 End processing HTTP request after 66.9315ms - 200
[Info   :Zeepkist GTR] 20:14:48 Start processing HTTP request "GET" https://cdn.zeepki.st/ghosts/01M2NPR0N3TN7Y6XQ7HY0SFDMV.bin
[Info   :Zeepkist GTR] 20:14:48 Sending HTTP request "GET" https://cdn.zeepki.st/ghosts/01M2NPR0N3TN7Y6XQ7HY0SFDMV.bin
[Info   :Zeepkist GTR] 20:14:50 Starting recorder
[Info   :Zeepkist Bingo] [BINGO] === PLAYER SPAWNED ===
[Info   :Zeepkist Bingo] [BINGO] IsInActiveSession: False
[Info   :Zeepkist Bingo] [BINGO] Not in active session, skipping timer reset
[Info   :Zeepkist GTR] 20:14:55 Loading personal best...
[Info   :Zeepkist GTR] 20:14:55 Start processing HTTP request "POST" https://es-graphql-1q5xcqmja6dvh4ctc4t9.zeepki.st/
[Info   :Zeepkist GTR] 20:14:55 Start processing HTTP request "POST" https://es-graphql-1q5xcqmja6dvh4ctc4t9.zeepki.st/
[Info   :Zeepkist GTR] 20:14:55 Sending HTTP request "POST" https://es-graphql-1q5xcqmja6dvh4ctc4t9.zeepki.st/
[Info   :Zeepkist GTR] 20:14:55 Stopping existing recorder if any
[Info   :Zeepkist GTR] 20:14:55 Creating new recorder
[Info   :Zeepkist GTR] 20:14:55 Received HTTP response headers after 57.4008ms - 200
[Info   :Zeepkist GTR] 20:14:55 End processing HTTP request after 57.6163ms - 200
[Info   :Zeepkist GTR] 20:14:55 End processing HTTP request after 63.167ms - 200
[Info   :Zeepkist GTR] 20:14:55 Start processing HTTP request "GET" https://cdn.zeepki.st/ghosts/01M2NPR0N3TN7Y6XQ7HY0SFDMV.bin
[Info   :Zeepkist GTR] 20:14:55 Sending HTTP request "GET" https://cdn.zeepki.st/ghosts/01M2NPR0N3TN7Y6XQ7HY0SFDMV.bin
[Info   :Zeepkist GTR] 20:14:57 Starting recorder
[Info   :Zeepkist Bingo] [BINGO] === PLAYER SPAWNED ===
[Info   :Zeepkist Bingo] [BINGO] IsInActiveSession: False
[Info   :Zeepkist Bingo] [BINGO] Not in active session, skipping timer reset
[Info   :Zeepkist GTR] 20:15:19 Loading personal best...
[Info   :Zeepkist GTR] 20:15:19 Start processing HTTP request "POST" https://es-graphql-1q5xcqmja6dvh4ctc4t9.zeepki.st/
[Info   :Zeepkist GTR] 20:15:19 Start processing HTTP request "POST" https://es-graphql-1q5xcqmja6dvh4ctc4t9.zeepki.st/
[Info   :Zeepkist GTR] 20:15:19 Sending HTTP request "POST" https://es-graphql-1q5xcqmja6dvh4ctc4t9.zeepki.st/
[Info   :Zeepkist GTR] 20:15:19 Stopping existing recorder if any
[Info   :Zeepkist GTR] 20:15:19 Creating new recorder
[Info   :Zeepkist GTR] 20:15:19 Received HTTP response headers after 95.2811ms - 200
[Info   :Zeepkist GTR] 20:15:19 End processing HTTP request after 95.5023ms - 200
[Info   :Zeepkist GTR] 20:15:19 End processing HTTP request after 101.7216ms - 200
[Info   :Zeepkist GTR] 20:15:19 Start processing HTTP request "GET" https://cdn.zeepki.st/ghosts/01M2NPR0N3TN7Y6XQ7HY0SFDMV.bin
[Info   :Zeepkist GTR] 20:15:19 Sending HTTP request "GET" https://cdn.zeepki.st/ghosts/01M2NPR0N3TN7Y6XQ7HY0SFDMV.bin
[Info   :Zeepkist GTR] 20:15:21 Starting recorder
[Info   :Zeepkist GTR] 20:15:21 Start processing HTTP request "POST" https://es-graphql-1q5xcqmja6dvh4ctc4t9.zeepki.st/
[Info   :Zeepkist GTR] 20:15:21 Start processing HTTP request "POST" https://es-graphql-1q5xcqmja6dvh4ctc4t9.zeepki.st/
[Info   :Zeepkist GTR] 20:15:21 Sending HTTP request "POST" https://es-graphql-1q5xcqmja6dvh4ctc4t9.zeepki.st/
[Info   :Zeepkist GTR] 20:15:21 Received HTTP response headers after 238.4935ms - 200
[Info   :Zeepkist GTR] 20:15:21 End processing HTTP request after 238.7524ms - 200
[Info   :Zeepkist GTR] 20:15:21 End processing HTTP request after 248.2849ms - 200
[Info   :Zeepkist GTR] 20:15:42 Stopping recorder
[Info   :Zeepkist GTR] 20:15:42 Collecting extra information
[Info   :Zeepkist GTR] 20:15:42 Resolved workshop ID "3801853512" from lobby 3801853512 and level 0
[Info   :Zeepkist GTR] 20:15:42 Processing ghost data
[Info   :Zeepkist GTR] 20:15:42 Creating stream
[Info   :Zeepkist GTR] 20:15:42 Writing to stream
[Info   :Zeepkist GTR] 20:15:42 Converting to base64
[Info   :Zeepkist GTR] 20:15:42 Creating resource
[Info   :Zeepkist GTR] 20:15:42 Start processing HTTP request "POST" https://es-backend-5eu0pg2dcfyp6u2v33lz.zeepki.st/record/submit
[Info   :Zeepkist GTR] 20:15:42 Start processing HTTP request "POST" https://es-backend-5eu0pg2dcfyp6u2v33lz.zeepki.st/record/submit
[Info   :Zeepkist GTR] 20:15:42 Sending HTTP request "POST" https://es-backend-5eu0pg2dcfyp6u2v33lz.zeepki.st/record/submit
[Info   :Zeepkist GTR] 20:15:43 Received HTTP response headers after 585.3979ms - 200
[Info   :Zeepkist GTR] 20:15:43 End processing HTTP request after 585.6431ms - 200
[Info   :Zeepkist GTR] 20:15:43 End processing HTTP request after 588.2813ms - 200
[Info   :Zeepkist GTR] 20:15:51 Discarding recorder
[Info   :COTDTracker] Running update tab leaderboard function
[Info   :COTDTracker] Running update tab leaderboard function
[Info   :COTDTracker] Doing eliminations with leaderboard:
[Info   :COTDTracker] Player [KBW]Kernkob: Time: 20,73331
[Info   :COTDTracker] Player justMaki: Time: 20,77053
[Info   :COTDTracker] Player ZOMAN: Time: 20,77787
[Info   :COTDTracker] Player tatari_lover2008: Time: 20,98264
[Info   :COTDTracker] Player Jake: Time: 21,04322
[Info   :COTDTracker] Player Lexer: Time: 21,13902
[Info   :COTDTracker] Player MALIYO: Time: 21,14803
[Info   :COTDTracker] Player [EG]Victor: Time: 21,15259
[Info   :COTDTracker] Player brrryy: Time: 21,17625
[Info   :COTDTracker] Player Warsnac: Time: 21,27858
[Info   :COTDTracker] Player Eclipse135: Time: 21,3964
[Info   :COTDTracker] Player RoundNzt: Time: 21,44907
[Info   :COTDTracker] Player [EEN] Hang Chang-Pang: Time: 21,48986
[Info   :COTDTracker] Player [CSC] PlusMicron: Time: 21,50539
[Info   :COTDTracker] Player aizpun: Time: 21,54191
[Info   :COTDTracker] Player Minkus: Time: 21,69295
[Info   :COTDTracker] Player Six: Time: 21,7427
[Info   :COTDTracker] Player Mμ: Time: 21,85372
[Info   :COTDTracker] Player Naomi :3: Time: 21,85456
[Info   :COTDTracker] Player [CTR]Mortishade: Time: 22,18977
[Info   :COTDTracker] Player gilgool: Time: DNF
[Info   :COTDTracker] Eliminating DNF: gilgool
[Info   :COTDTracker] Eliminated 1 DNF players
[Info   :COTDTracker] Eliminating on time: [CTR]Mortishade
[Info   :COTDTracker] Eliminating on time: Naomi :3
[Info   :COTDTracker] Eliminating 3 players: 
[Info   :COTDTracker] gilgool
[Info   :COTDTracker] [CTR]Mortishade
[Info   :COTDTracker] Naomi :3
[Info   :COTDTracker] Running update tab leaderboard function
[Info   :Zeepkist GTR] 20:15:59 Start processing HTTP request "POST" https://es-graphql-1q5xcqmja6dvh4ctc4t9.zeepki.st/
[Info   :Zeepkist GTR] 20:15:59 Start processing HTTP request "POST" https://es-graphql-1q5xcqmja6dvh4ctc4t9.zeepki.st/
[Info   :Zeepkist GTR] 20:15:59 Sending HTTP request "POST" https://es-graphql-1q5xcqmja6dvh4ctc4t9.zeepki.st/
[Info   :Zeepkist GTR] 20:15:59 Received HTTP response headers after 58.9123ms - 200
[Info   :Zeepkist GTR] 20:15:59 End processing HTTP request after 59.1382ms - 200
[Info   :Zeepkist GTR] 20:15:59 End processing HTTP request after 61.4594ms - 200
[Info   :Zeepkist Bingo] [BINGO] Level loaded
[Info   :Zeepkist GTR] 20:16:05 Start processing HTTP request "POST" https://es-backend-5eu0pg2dcfyp6u2v33lz.zeepki.st/level/request
[Info   :Zeepkist GTR] 20:16:05 Start processing HTTP request "POST" https://es-backend-5eu0pg2dcfyp6u2v33lz.zeepki.st/level/request
[Info   :Zeepkist GTR] 20:16:05 Sending HTTP request "POST" https://es-backend-5eu0pg2dcfyp6u2v33lz.zeepki.st/level/request
[Info   :Zeepkist GTR] 20:16:05 Start processing HTTP request "POST" https://es-graphql-1q5xcqmja6dvh4ctc4t9.zeepki.st/
[Info   :Zeepkist GTR] 20:16:05 Start processing HTTP request "POST" https://es-graphql-1q5xcqmja6dvh4ctc4t9.zeepki.st/
[Info   :Zeepkist GTR] 20:16:05 Sending HTTP request "POST" https://es-graphql-1q5xcqmja6dvh4ctc4t9.zeepki.st/
[Warning:Zeepkist GTR] 20:16:05 Current-level record subscription failed
[Info   :Zeepkist GTR] 20:16:05 Start processing HTTP request "POST" https://es-graphql-1q5xcqmja6dvh4ctc4t9.zeepki.st/
[Info   :Zeepkist GTR] 20:16:05 Start processing HTTP request "POST" https://es-graphql-1q5xcqmja6dvh4ctc4t9.zeepki.st/
[Info   :Zeepkist GTR] 20:16:05 Sending HTTP request "POST" https://es-graphql-1q5xcqmja6dvh4ctc4t9.zeepki.st/
[Info   :BetterSplits] getting gtr splits
[Error  :BetterSplits] cannot get splits, no gtr id
[Info   :Zeepkist Bingo] [BINGO] === PLAYER SPAWNED ===
[Info   :Zeepkist Bingo] [BINGO] IsInActiveSession: False
[Info   :Zeepkist Bingo] [BINGO] Not in active session, skipping timer reset
[Info   :Zeepkist GTR] 20:16:05 Loading personal best...
[Info   :Zeepkist GTR] 20:16:05 Start processing HTTP request "POST" https://es-graphql-1q5xcqmja6dvh4ctc4t9.zeepki.st/
[Info   :Zeepkist GTR] 20:16:05 Start processing HTTP request "POST" https://es-graphql-1q5xcqmja6dvh4ctc4t9.zeepki.st/
[Info   :Zeepkist GTR] 20:16:05 Sending HTTP request "POST" https://es-graphql-1q5xcqmja6dvh4ctc4t9.zeepki.st/
[Info   :Zeepkist GTR] 20:16:05 Stopping existing recorder if any
[Info   :Zeepkist GTR] 20:16:05 Creating new recorder
[Info   :Zeepkist GTR] 20:16:05 Received HTTP response headers after 81.6783ms - 200
[Info   :Zeepkist GTR] 20:16:05 End processing HTTP request after 81.8837ms - 200
[Info   :Zeepkist GTR] 20:16:05 End processing HTTP request after 89.2941ms - 200
[Info   :Zeepkist GTR] 20:16:05 Received HTTP response headers after 69.3552ms - 200
[Info   :Zeepkist GTR] 20:16:05 End processing HTTP request after 69.5764ms - 200
[Info   :Zeepkist GTR] 20:16:05 End processing HTTP request after 71.7864ms - 200
[Info   :Zeepkist GTR] 20:16:05 Received HTTP response headers after 149.4177ms - 200
[Info   :Zeepkist GTR] 20:16:05 End processing HTTP request after 149.6078ms - 200
[Info   :Zeepkist GTR] 20:16:05 End processing HTTP request after 157.1738ms - 200
[Info   :Zeepkist GTR] 20:16:05 Start processing HTTP request "GET" https://cdn.zeepki.st/ghosts/01M2NP7GPK2S0W9ECFQ2SADPFR.bin
[Info   :Zeepkist GTR] 20:16:05 Sending HTTP request "GET" https://cdn.zeepki.st/ghosts/01M2NP7GPK2S0W9ECFQ2SADPFR.bin
[Info   :Zeepkist GTR] 20:16:05 Received HTTP response headers after 206.7864ms - 200
[Info   :Zeepkist GTR] 20:16:05 End processing HTTP request after 207.0161ms - 200
[Info   :Zeepkist GTR] 20:16:05 End processing HTTP request after 211.5558ms - 200
[Info   :Zeepkist GTR] 20:16:07 Starting recorder
[Info   :Zeepkist Bingo] [BINGO] === PLAYER SPAWNED ===
[Info   :Zeepkist Bingo] [BINGO] IsInActiveSession: False
[Info   :Zeepkist Bingo] [BINGO] Not in active session, skipping timer reset
[Info   :Zeepkist GTR] 20:16:14 Loading personal best...
[Info   :Zeepkist GTR] 20:16:14 Start processing HTTP request "POST" https://es-graphql-1q5xcqmja6dvh4ctc4t9.zeepki.st/
[Info   :Zeepkist GTR] 20:16:14 Start processing HTTP request "POST" https://es-graphql-1q5xcqmja6dvh4ctc4t9.zeepki.st/
[Info   :Zeepkist GTR] 20:16:14 Sending HTTP request "POST" https://es-graphql-1q5xcqmja6dvh4ctc4t9.zeepki.st/
[Info   :Zeepkist GTR] 20:16:14 Stopping existing recorder if any
[Info   :Zeepkist GTR] 20:16:14 Creating new recorder
[Info   :Zeepkist GTR] 20:16:14 Received HTTP response headers after 57.2484ms - 200
[Info   :Zeepkist GTR] 20:16:14 End processing HTTP request after 57.481ms - 200
[Info   :Zeepkist GTR] 20:16:14 End processing HTTP request after 59.924ms - 200
[Info   :Zeepkist GTR] 20:16:14 Start processing HTTP request "GET" https://cdn.zeepki.st/ghosts/01M2NP7GPK2S0W9ECFQ2SADPFR.bin
[Info   :Zeepkist GTR] 20:16:14 Sending HTTP request "GET" https://cdn.zeepki.st/ghosts/01M2NP7GPK2S0W9ECFQ2SADPFR.bin
[Info   :Zeepkist GTR] 20:16:16 Starting recorder
[Info   :Zeepkist GTR] 20:16:40 Stopping recorder
[Info   :Zeepkist GTR] 20:16:40 Collecting extra information
[Info   :Zeepkist GTR] 20:16:40 Resolved workshop ID "3802362759" from lobby 3802362759 and level 0
[Info   :Zeepkist GTR] 20:16:40 Processing ghost data
[Info   :Zeepkist GTR] 20:16:40 Creating stream
[Info   :Zeepkist GTR] 20:16:40 Writing to stream
[Info   :Zeepkist GTR] 20:16:40 Converting to base64
[Info   :Zeepkist GTR] 20:16:40 Creating resource
[Info   :Zeepkist GTR] 20:16:40 Start processing HTTP request "POST" https://es-backend-5eu0pg2dcfyp6u2v33lz.zeepki.st/record/submit
[Info   :Zeepkist GTR] 20:16:40 Start processing HTTP request "POST" https://es-backend-5eu0pg2dcfyp6u2v33lz.zeepki.st/record/submit
[Info   :Zeepkist GTR] 20:16:40 Sending HTTP request "POST" https://es-backend-5eu0pg2dcfyp6u2v33lz.zeepki.st/record/submit
[Info   :Zeepkist Bingo] [BINGO] === PLAYER SPAWNED ===
[Info   :Zeepkist Bingo] [BINGO] IsInActiveSession: False
[Info   :Zeepkist Bingo] [BINGO] Not in active session, skipping timer reset
[Info   :Zeepkist GTR] 20:16:41 Loading personal best...
[Info   :Zeepkist GTR] 20:16:41 Start processing HTTP request "POST" https://es-graphql-1q5xcqmja6dvh4ctc4t9.zeepki.st/
[Info   :Zeepkist GTR] 20:16:41 Start processing HTTP request "POST" https://es-graphql-1q5xcqmja6dvh4ctc4t9.zeepki.st/
[Info   :Zeepkist GTR] 20:16:41 Sending HTTP request "POST" https://es-graphql-1q5xcqmja6dvh4ctc4t9.zeepki.st/
[Info   :Zeepkist GTR] 20:16:41 Stopping existing recorder if any
[Info   :Zeepkist GTR] 20:16:41 Creating new recorder
[Info   :Zeepkist GTR] 20:16:41 Received HTTP response headers after 76.0606ms - 200
[Info   :Zeepkist GTR] 20:16:41 End processing HTTP request after 76.2833ms - 200
[Info   :Zeepkist GTR] 20:16:41 End processing HTTP request after 78.0708ms - 200
[Info   :Zeepkist GTR] 20:16:41 Start processing HTTP request "GET" https://cdn.zeepki.st/ghosts/01M2NP7GPK2S0W9ECFQ2SADPFR.bin
[Info   :Zeepkist GTR] 20:16:41 Sending HTTP request "GET" https://cdn.zeepki.st/ghosts/01M2NP7GPK2S0W9ECFQ2SADPFR.bin
[Info   :Zeepkist GTR] 20:16:43 Starting recorder
[Info   :Zeepkist GTR] 20:16:44 Start processing HTTP request "POST" https://es-graphql-1q5xcqmja6dvh4ctc4t9.zeepki.st/
[Info   :Zeepkist GTR] 20:16:44 Start processing HTTP request "POST" https://es-graphql-1q5xcqmja6dvh4ctc4t9.zeepki.st/
[Info   :Zeepkist GTR] 20:16:44 Sending HTTP request "POST" https://es-graphql-1q5xcqmja6dvh4ctc4t9.zeepki.st/
[Info   :Zeepkist GTR] 20:16:44 Received HTTP response headers after 61.8118ms - 200
[Info   :Zeepkist GTR] 20:16:44 End processing HTTP request after 62.0416ms - 200
[Info   :Zeepkist GTR] 20:16:44 End processing HTTP request after 64.1314ms - 200
[Info   :Zeepkist GTR] 20:16:44 Received HTTP response headers after 4467.0365ms - 200
[Info   :Zeepkist GTR] 20:16:44 End processing HTTP request after 4467.2576ms - 200
[Info   :Zeepkist GTR] 20:16:44 End processing HTTP request after 4471.4223ms - 200
[Info   :Zeepkist Bingo] [BINGO] === PLAYER SPAWNED ===
[Info   :Zeepkist Bingo] [BINGO] IsInActiveSession: False
[Info   :Zeepkist Bingo] [BINGO] Not in active session, skipping timer reset
[Info   :Zeepkist GTR] 20:16:49 Loading personal best...
[Info   :Zeepkist GTR] 20:16:49 Start processing HTTP request "POST" https://es-graphql-1q5xcqmja6dvh4ctc4t9.zeepki.st/
[Info   :Zeepkist GTR] 20:16:49 Start processing HTTP request "POST" https://es-graphql-1q5xcqmja6dvh4ctc4t9.zeepki.st/
[Info   :Zeepkist GTR] 20:16:49 Sending HTTP request "POST" https://es-graphql-1q5xcqmja6dvh4ctc4t9.zeepki.st/
[Info   :Zeepkist GTR] 20:16:49 Stopping existing recorder if any
[Info   :Zeepkist GTR] 20:16:49 Creating new recorder
[Info   :Zeepkist GTR] 20:16:49 Received HTTP response headers after 63.4026ms - 200
[Info   :Zeepkist GTR] 20:16:49 End processing HTTP request after 63.6419ms - 200
[Info   :Zeepkist GTR] 20:16:49 End processing HTTP request after 66.0486ms - 200
[Info   :Zeepkist GTR] 20:16:49 Start processing HTTP request "GET" https://cdn.zeepki.st/ghosts/01M2NP7GPK2S0W9ECFQ2SADPFR.bin
[Info   :Zeepkist GTR] 20:16:49 Sending HTTP request "GET" https://cdn.zeepki.st/ghosts/01M2NP7GPK2S0W9ECFQ2SADPFR.bin
[Info   :Zeepkist GTR] 20:16:51 Starting recorder
[Info   :Zeepkist GTR] 20:17:14 Discarding recorder
[Info   :COTDTracker] Running update tab leaderboard function
[Info   :COTDTracker] Doing eliminations with leaderboard:
[Info   :COTDTracker] Player [KBW]Kernkob: Time: 23,54875
[Info   :COTDTracker] Player ZOMAN: Time: 23,60225
[Info   :COTDTracker] Player Jake: Time: 23,79388
[Info   :COTDTracker] Player justMaki: Time: 23,79471
[Info   :COTDTracker] Player [CSC] PlusMicron: Time: 23,82688
[Info   :COTDTracker] Player Minkus: Time: 23,82749
[Info   :COTDTracker] Player MALIYO: Time: 23,83737
[Info   :COTDTracker] Player Warsnac: Time: 23,87441
[Info   :COTDTracker] Player Mμ: Time: 23,87472
[Info   :COTDTracker] Player Eclipse135: Time: 23,87866
[Info   :COTDTracker] Player tatari_lover2008: Time: 23,8789
[Info   :COTDTracker] Player RoundNzt: Time: 23,88295
[Info   :COTDTracker] Player Lexer: Time: 23,8902
[Info   :COTDTracker] Player brrryy: Time: 23,91306
[Info   :COTDTracker] Player Six: Time: 23,93525
[Info   :COTDTracker] Player [EG]Victor: Time: 23,94371
[Info   :COTDTracker] Player aizpun: Time: 23,98693
[Info   :COTDTracker] Player [EEN] Hang Chang-Pang: Time: 24,1826
[Info   :COTDTracker] Eliminated 0 DNF players
[Info   :COTDTracker] Eliminating on time: [EEN] Hang Chang-Pang
[Info   :COTDTracker] Eliminating on time: aizpun
[Info   :COTDTracker] Eliminating on time: [EG]Victor
[Info   :COTDTracker] Eliminating 3 players: 
[Info   :COTDTracker] [EEN] Hang Chang-Pang
[Info   :COTDTracker] aizpun
[Info   :COTDTracker] [EG]Victor
[Info   :COTDTracker] Running update tab leaderboard function
[Info   :COTDTracker] Running update tab leaderboard function
[Info   :Zeepkist Bingo] [BINGO] Level loaded
[Info   :Zeepkist GTR] 20:17:28 Start processing HTTP request "POST" https://es-backend-5eu0pg2dcfyp6u2v33lz.zeepki.st/level/request
[Info   :Zeepkist GTR] 20:17:28 Start processing HTTP request "POST" https://es-backend-5eu0pg2dcfyp6u2v33lz.zeepki.st/level/request
[Info   :Zeepkist GTR] 20:17:28 Sending HTTP request "POST" https://es-backend-5eu0pg2dcfyp6u2v33lz.zeepki.st/level/request
[Info   :Zeepkist GTR] 20:17:28 Start processing HTTP request "POST" https://es-graphql-1q5xcqmja6dvh4ctc4t9.zeepki.st/
[Info   :Zeepkist GTR] 20:17:28 Start processing HTTP request "POST" https://es-graphql-1q5xcqmja6dvh4ctc4t9.zeepki.st/
[Info   :Zeepkist GTR] 20:17:28 Sending HTTP request "POST" https://es-graphql-1q5xcqmja6dvh4ctc4t9.zeepki.st/
[Warning:Zeepkist GTR] 20:17:28 Current-level record subscription failed
[Info   :Zeepkist GTR] 20:17:28 Start processing HTTP request "POST" https://es-graphql-1q5xcqmja6dvh4ctc4t9.zeepki.st/
[Info   :Zeepkist GTR] 20:17:28 Start processing HTTP request "POST" https://es-graphql-1q5xcqmja6dvh4ctc4t9.zeepki.st/
[Info   :Zeepkist GTR] 20:17:28 Sending HTTP request "POST" https://es-graphql-1q5xcqmja6dvh4ctc4t9.zeepki.st/
[Info   :BetterSplits] getting gtr splits
[Error  :BetterSplits] cannot get splits, no gtr id
[Info   :Zeepkist Bingo] [BINGO] === PLAYER SPAWNED ===
[Info   :Zeepkist Bingo] [BINGO] IsInActiveSession: False
[Info   :Zeepkist Bingo] [BINGO] Not in active session, skipping timer reset
[Info   :Zeepkist GTR] 20:17:28 Loading personal best...
[Info   :Zeepkist GTR] 20:17:28 Start processing HTTP request "POST" https://es-graphql-1q5xcqmja6dvh4ctc4t9.zeepki.st/
[Info   :Zeepkist GTR] 20:17:28 Start processing HTTP request "POST" https://es-graphql-1q5xcqmja6dvh4ctc4t9.zeepki.st/
[Info   :Zeepkist GTR] 20:17:28 Sending HTTP request "POST" https://es-graphql-1q5xcqmja6dvh4ctc4t9.zeepki.st/
[Info   :Zeepkist GTR] 20:17:28 Stopping existing recorder if any
[Info   :Zeepkist GTR] 20:17:28 Creating new recorder
[Info   :Zeepkist GTR] 20:17:28 Received HTTP response headers after 245.0487ms - 200
[Info   :Zeepkist GTR] 20:17:28 End processing HTTP request after 245.2675ms - 200
[Info   :Zeepkist GTR] 20:17:28 End processing HTTP request after 250.7255ms - 200
[Info   :Zeepkist GTR] 20:17:28 Received HTTP response headers after 255.4323ms - 200
[Info   :Zeepkist GTR] 20:17:28 End processing HTTP request after 255.6493ms - 200
[Info   :Zeepkist GTR] 20:17:28 End processing HTTP request after 256.9096ms - 200
[Info   :Zeepkist GTR] 20:17:28 Received HTTP response headers after 260.0515ms - 200
[Info   :Zeepkist GTR] 20:17:28 End processing HTTP request after 260.2465ms - 200
[Info   :Zeepkist GTR] 20:17:28 End processing HTTP request after 263.1266ms - 200
[Info   :Zeepkist GTR] 20:17:28 Received HTTP response headers after 282.9719ms - 200
[Info   :Zeepkist GTR] 20:17:28 End processing HTTP request after 283.1872ms - 200
[Info   :Zeepkist GTR] 20:17:28 End processing HTTP request after 290.9351ms - 200
[Info   :Zeepkist GTR] 20:17:28 Start processing HTTP request "GET" https://cdn.zeepki.st/ghosts/01M2NPX16XPP24YPFKNHRYMXY0.bin
[Info   :Zeepkist GTR] 20:17:28 Sending HTTP request "GET" https://cdn.zeepki.st/ghosts/01M2NPX16XPP24YPFKNHRYMXY0.bin
[Info   :Zeepkist GTR] 20:17:30 Starting recorder
[Info   :Zeepkist Bingo] [CHAT] Intercepted message: 23 is out :S
[Info   :Zeepkist Bingo] [CHAT] Not relaying - no bingo session
[Info   :COTDTracker] Running update tab leaderboard function
[Info   :COTDTracker] Running update tab leaderboard function
[Info   :COTDTracker] Running update tab leaderboard function
[Info   :COTDTracker] Running update tab leaderboard function
[Info   :COTDTracker] Running update tab leaderboard function
[Info   :COTDTracker] Running update tab leaderboard function
[Info   :COTDTracker] Running update tab leaderboard function
[Info   :Zeepkist GTR] 20:18:07 Start processing HTTP request "POST" https://es-graphql-1q5xcqmja6dvh4ctc4t9.zeepki.st/
[Info   :Zeepkist GTR] 20:18:07 Start processing HTTP request "POST" https://es-graphql-1q5xcqmja6dvh4ctc4t9.zeepki.st/
[Info   :Zeepkist GTR] 20:18:07 Sending HTTP request "POST" https://es-graphql-1q5xcqmja6dvh4ctc4t9.zeepki.st/
[Info   :Zeepkist GTR] 20:18:07 Received HTTP response headers after 63.5361ms - 200
[Info   :Zeepkist GTR] 20:18:07 End processing HTTP request after 63.7823ms - 200
[Info   :Zeepkist GTR] 20:18:07 End processing HTTP request after 70.5528ms - 200
[Warning:Zeepkist GTR] 20:18:11 Unable to download ghost 3942525
[Error  :Zeepkist GTR] 20:18:11 Unable to get ghost from repository: "Result: IsSuccess='False', Reasons='ExceptionalError with Message='An error occurred while sending the request', Exception='System.Net.Http.HttpRequestException: An error occurred while sending the request ---> System.Net.WebException: Error: ConnectFailure (Se produjo un error durante el intento de conexión ya que la parte conectada no respondió adecuadamente tras un periodo de tiempo, o bien se produjo un error en la conexión establecida ya que el host conectado no ha podido responder.
                     ) ---> System.Net.Sockets.SocketException: Se produjo un error durante el intento de conexión ya que la parte conectada no respondió adecuadamente tras un periodo de tiempo, o bien se produjo un error en la conexión establecida ya que el host conectado no ha podido responder.
                     
  at System.Net.Sockets.SocketAsyncResult.CheckIfThrowDelayedException () [0x00014] in <a971fed4bf844502b6501dbde9cced46>:0 
  at System.Net.Sockets.Socket.EndConnect (System.IAsyncResult asyncResult) [0x0002c] in <a971fed4bf844502b6501dbde9cced46>:0 
  at System.Net.WebConnection+<>c.<Connect>b__16_1 (System.IAsyncResult asyncResult) [0x00006] in <a971fed4bf844502b6501dbde9cced46>:0 
  at System.Threading.Tasks.TaskFactory`1[TResult].FromAsyncCoreLogic (System.IAsyncResult iar, System.Func`2[T,TResult] endFunction, System.Action`1[T] endAction, System.Threading.Tasks.Task`1[TResult] promise, System.Boolean requiresSynchronization) [0x00019] in <9aad1b3a47484d63ba2b3985692d80e9>:0 
--- End of stack trace from previous location where exception was thrown ---

  at System.Net.WebConnection.Connect (System.Net.WebOperation operation, System.Threading.CancellationToken cancellationToken) [0x001e1] in <a971fed4bf844502b6501dbde9cced46>:0 
   --- End of inner exception stack trace ---
  at System.Net.WebConnection.Connect (System.Net.WebOperation operation, System.Threading.CancellationToken cancellationToken) [0x0025d] in <a971fed4bf844502b6501dbde9cced46>:0 
  at System.Net.WebConnection.InitConnection (System.Net.WebOperation operation, System.Threading.CancellationToken cancellationToken) [0x000cc] in <a971fed4bf844502b6501dbde9cced46>:0 
  at System.Net.WebOperation.Run () [0x0009a] in <a971fed4bf844502b6501dbde9cced46>:0 
  at System.Net.WebCompletionSource`1[T].WaitForCompletion () [0x00094] in <a971fed4bf844502b6501dbde9cced46>:0 
  at System.Net.HttpWebRequest.RunWithTimeoutWorker[T] (System.Threading.Tasks.Task`1[TResult] workerTask, System.Int32 timeout, System.Action abort, System.Func`1[TResult] aborted, System.Threading.CancellationTokenSource cts) [0x000f8] in <a971fed4bf844502b6501dbde9cced46>:0 
  at System.Net.HttpWebRequest.EndGetResponse (System.IAsyncResult asyncResult) [0x00020] in <a971fed4bf844502b6501dbde9cced46>:0 
  at System.Threading.Tasks.TaskFactory`1[TResult].FromAsyncCoreLogic (System.IAsyncResult iar, System.Func`2[T,TResult] endFunction, System.Action`1[T] endAction, System.Threading.Tasks.Task`1[TResult] promise, System.Boolean requiresSynchronization) [0x0000f] in <9aad1b3a47484d63ba2b3985692d80e9>:0 
--- End of stack trace from previous location where exception was thrown ---

  at System.Net.Http.MonoWebRequestHandler.SendAsync (System.Net.Http.HttpRequestMessage request, System.Threading.CancellationToken cancellationToken) [0x004ae] in <1461f1930feb4705bca8b5d7908e9fa7>:0 
   --- End of inner exception stack trace ---
  at System.Net.Http.MonoWebRequestHandler.SendAsync (System.Net.Http.HttpRequestMessage request, System.Threading.CancellationToken cancellationToken) [0x00509] in <1461f1930feb4705bca8b5d7908e9fa7>:0 
  at Microsoft.Extensions.Http.Logging.LoggingHttpMessageHandler.SendAsync (System.Net.Http.HttpRequestMessage request, System.Threading.CancellationToken cancellationToken) [0x000d7] in <eb702e06450043b2b2cf918768e3c012>:0 
  at Microsoft.Extensions.Http.Logging.LoggingScopeHttpMessageHandler.SendAsync (System.Net.Http.HttpRequestMessage request, System.Threading.CancellationToken cancellationToken) [0x000ef] in <eb702e06450043b2b2cf918768e3c012>:0 
  at System.Net.Http.HttpClient.SendAsyncWorker (System.Net.Http.HttpRequestMessage request, System.Net.Http.HttpCompletionOption completionOption, System.Threading.CancellationToken cancellationToken) [0x000e8] in <1461f1930feb4705bca8b5d7908e9fa7>:0 
  at TNRD.Zeepkist.GTR.Ghosting.Playback.GhostRepository.DownloadGhost (System.Int32 recordId, System.String ghostUrl, System.Threading.CancellationToken cancellationToken) [0x000f0] in D:\a\Zeepkist.GTR.Mod\Zeepkist.GTR.Mod\Ghosting\Playback\GhostRepository.cs:124 '', "
[Info   :Zeepkist GTR] 20:18:37 Discarding recorder
[Info   :COTDTracker] Doing eliminations with leaderboard:
[Info   :COTDTracker] Player ZOMAN: Time: 20,87959
[Info   :COTDTracker] Player [KBW]Kernkob: Time: 20,92439
[Info   :COTDTracker] Player justMaki: Time: 20,95602
[Info   :COTDTracker] Player Jake: Time: 21,00223
[Info   :COTDTracker] Player MALIYO: Time: 21,05786
[Info   :COTDTracker] Player Mμ: Time: 21,05829
[Info   :COTDTracker] Player tatari_lover2008: Time: 21,21124
[Info   :COTDTracker] Player brrryy: Time: 21,3239
[Info   :COTDTracker] Player Eclipse135: Time: 21,35138
[Info   :COTDTracker] Player [CSC] PlusMicron: Time: 21,3895
[Info   :COTDTracker] Player Lexer: Time: 21,41201
[Info   :COTDTracker] Player RoundNzt: Time: 21,45273
[Info   :COTDTracker] Player Warsnac: Time: 21,63702
[Info   :COTDTracker] Player Minkus: Time: 21,71365
[Info   :COTDTracker] Player Six: Time: 21,81791
[Info   :COTDTracker] Eliminated 0 DNF players
[Info   :COTDTracker] Eliminating on time: Six
[Info   :COTDTracker] Eliminating on time: Minkus
[Info   :COTDTracker] Eliminating on time: Warsnac
[Info   :COTDTracker] Eliminating 3 players: 
[Info   :COTDTracker] Six
[Info   :COTDTracker] Minkus
[Info   :COTDTracker] Warsnac
[Info   :Zeepkist Bingo] [BINGO] Level loaded
[Info   :Zeepkist GTR] 20:18:51 Start processing HTTP request "POST" https://es-backend-5eu0pg2dcfyp6u2v33lz.zeepki.st/level/request
[Info   :Zeepkist GTR] 20:18:51 Start processing HTTP request "POST" https://es-backend-5eu0pg2dcfyp6u2v33lz.zeepki.st/level/request
[Info   :Zeepkist GTR] 20:18:51 Sending HTTP request "POST" https://es-backend-5eu0pg2dcfyp6u2v33lz.zeepki.st/level/request
[Info   :Zeepkist GTR] 20:18:51 Start processing HTTP request "POST" https://es-graphql-1q5xcqmja6dvh4ctc4t9.zeepki.st/
[Info   :Zeepkist GTR] 20:18:51 Start processing HTTP request "POST" https://es-graphql-1q5xcqmja6dvh4ctc4t9.zeepki.st/
[Info   :Zeepkist GTR] 20:18:51 Sending HTTP request "POST" https://es-graphql-1q5xcqmja6dvh4ctc4t9.zeepki.st/
[Warning:Zeepkist GTR] 20:18:51 Current-level record subscription failed
[Info   :Zeepkist GTR] 20:18:51 Start processing HTTP request "POST" https://es-graphql-1q5xcqmja6dvh4ctc4t9.zeepki.st/
[Info   :Zeepkist GTR] 20:18:51 Start processing HTTP request "POST" https://es-graphql-1q5xcqmja6dvh4ctc4t9.zeepki.st/
[Info   :Zeepkist GTR] 20:18:51 Sending HTTP request "POST" https://es-graphql-1q5xcqmja6dvh4ctc4t9.zeepki.st/
[Info   :BetterSplits] getting gtr splits
[Error  :BetterSplits] cannot get splits, no gtr id
[Info   :Zeepkist GTR] 20:18:51 Received HTTP response headers after 54.9573ms - 200
[Info   :Zeepkist GTR] 20:18:51 Received HTTP response headers after 55.4666ms - 200
[Info   :Zeepkist GTR] 20:18:51 End processing HTTP request after 55.7061ms - 200
[Info   :Zeepkist GTR] 20:18:51 End processing HTTP request after 55.1958ms - 200
[Info   :Zeepkist Bingo] [BINGO] === PLAYER SPAWNED ===
[Info   :Zeepkist Bingo] [BINGO] IsInActiveSession: False
[Info   :Zeepkist Bingo] [BINGO] Not in active session, skipping timer reset
[Info   :Zeepkist GTR] 20:18:51 Loading personal best...
[Info   :Zeepkist GTR] 20:18:51 Start processing HTTP request "POST" https://es-graphql-1q5xcqmja6dvh4ctc4t9.zeepki.st/
[Info   :Zeepkist GTR] 20:18:51 Start processing HTTP request "POST" https://es-graphql-1q5xcqmja6dvh4ctc4t9.zeepki.st/
[Info   :Zeepkist GTR] 20:18:51 Sending HTTP request "POST" https://es-graphql-1q5xcqmja6dvh4ctc4t9.zeepki.st/
[Info   :Zeepkist GTR] 20:18:51 Stopping existing recorder if any
[Info   :Zeepkist GTR] 20:18:51 Creating new recorder
[Info   :Zeepkist GTR] 20:18:51 End processing HTTP request after 89.1972ms - 200
[Info   :Zeepkist GTR] 20:18:51 End processing HTTP request after 88.6845ms - 200
[Info   :Zeepkist GTR] 20:18:51 Received HTTP response headers after 93.0902ms - 200
[Info   :Zeepkist GTR] 20:18:51 End processing HTTP request after 93.3043ms - 200
[Info   :Zeepkist GTR] 20:18:51 End processing HTTP request after 97.7856ms - 200
[Info   :Zeepkist GTR] 20:18:51 Received HTTP response headers after 72.9294ms - 200
[Info   :Zeepkist GTR] 20:18:51 End processing HTTP request after 73.1876ms - 200
[Info   :Zeepkist GTR] 20:18:51 End processing HTTP request after 75.3199ms - 200
[Info   :Zeepkist GTR] 20:18:51 Start processing HTTP request "GET" https://cdn.zeepki.st/ghosts/01M2NP7GPK2S0W9ECFQ2SADPFR.bin
[Info   :Zeepkist GTR] 20:18:51 Sending HTTP request "GET" https://cdn.zeepki.st/ghosts/01M2NP7GPK2S0W9ECFQ2SADPFR.bin
[Info   :Zeepkist GTR] 20:18:53 Starting recorder
[Info   :Zeepkist GTR] 20:19:30 Start processing HTTP request "POST" https://es-graphql-1q5xcqmja6dvh4ctc4t9.zeepki.st/
[Info   :Zeepkist GTR] 20:19:30 Start processing HTTP request "POST" https://es-graphql-1q5xcqmja6dvh4ctc4t9.zeepki.st/
[Info   :Zeepkist GTR] 20:19:30 Sending HTTP request "POST" https://es-graphql-1q5xcqmja6dvh4ctc4t9.zeepki.st/
[Info   :Zeepkist GTR] 20:19:30 Received HTTP response headers after 221.4752ms - 200
[Info   :Zeepkist GTR] 20:19:30 End processing HTTP request after 221.6873ms - 200
[Info   :Zeepkist GTR] 20:19:30 End processing HTTP request after 222.7327ms - 200
[Warning:Zeepkist GTR] 20:19:33 Unable to download ghost 3942251
[Error  :Zeepkist GTR] 20:19:33 Unable to get ghost from repository: "Result: IsSuccess='False', Reasons='ExceptionalError with Message='An error occurred while sending the request', Exception='System.Net.Http.HttpRequestException: An error occurred while sending the request ---> System.Net.WebException: Error: ConnectFailure (Se produjo un error durante el intento de conexión ya que la parte conectada no respondió adecuadamente tras un periodo de tiempo, o bien se produjo un error en la conexión establecida ya que el host conectado no ha podido responder.
                     ) ---> System.Net.Sockets.SocketException: Se produjo un error durante el intento de conexión ya que la parte conectada no respondió adecuadamente tras un periodo de tiempo, o bien se produjo un error en la conexión establecida ya que el host conectado no ha podido responder.
                     
  at System.Net.Sockets.SocketAsyncResult.CheckIfThrowDelayedException () [0x00014] in <a971fed4bf844502b6501dbde9cced46>:0 
  at System.Net.Sockets.Socket.EndConnect (System.IAsyncResult asyncResult) [0x0002c] in <a971fed4bf844502b6501dbde9cced46>:0 
  at System.Net.WebConnection+<>c.<Connect>b__16_1 (System.IAsyncResult asyncResult) [0x00006] in <a971fed4bf844502b6501dbde9cced46>:0 
  at System.Threading.Tasks.TaskFactory`1[TResult].FromAsyncCoreLogic (System.IAsyncResult iar, System.Func`2[T,TResult] endFunction, System.Action`1[T] endAction, System.Threading.Tasks.Task`1[TResult] promise, System.Boolean requiresSynchronization) [0x00019] in <9aad1b3a47484d63ba2b3985692d80e9>:0 
--- End of stack trace from previous location where exception was thrown ---

  at System.Net.WebConnection.Connect (System.Net.WebOperation operation, System.Threading.CancellationToken cancellationToken) [0x001e1] in <a971fed4bf844502b6501dbde9cced46>:0 
   --- End of inner exception stack trace ---
  at System.Net.WebConnection.Connect (System.Net.WebOperation operation, System.Threading.CancellationToken cancellationToken) [0x0025d] in <a971fed4bf844502b6501dbde9cced46>:0 
  at System.Net.WebConnection.InitConnection (System.Net.WebOperation operation, System.Threading.CancellationToken cancellationToken) [0x000cc] in <a971fed4bf844502b6501dbde9cced46>:0 
  at System.Net.WebOperation.Run () [0x0009a] in <a971fed4bf844502b6501dbde9cced46>:0 
  at System.Net.WebCompletionSource`1[T].WaitForCompletion () [0x00094] in <a971fed4bf844502b6501dbde9cced46>:0 
  at System.Net.HttpWebRequest.RunWithTimeoutWorker[T] (System.Threading.Tasks.Task`1[TResult] workerTask, System.Int32 timeout, System.Action abort, System.Func`1[TResult] aborted, System.Threading.CancellationTokenSource cts) [0x000f8] in <a971fed4bf844502b6501dbde9cced46>:0 
  at System.Net.HttpWebRequest.EndGetResponse (System.IAsyncResult asyncResult) [0x00020] in <a971fed4bf844502b6501dbde9cced46>:0 
  at System.Threading.Tasks.TaskFactory`1[TResult].FromAsyncCoreLogic (System.IAsyncResult iar, System.Func`2[T,TResult] endFunction, System.Action`1[T] endAction, System.Threading.Tasks.Task`1[TResult] promise, System.Boolean requiresSynchronization) [0x0000f] in <9aad1b3a47484d63ba2b3985692d80e9>:0 
--- End of stack trace from previous location where exception was thrown ---

  at System.Net.Http.MonoWebRequestHandler.SendAsync (System.Net.Http.HttpRequestMessage request, System.Threading.CancellationToken cancellationToken) [0x004ae] in <1461f1930feb4705bca8b5d7908e9fa7>:0 
   --- End of inner exception stack trace ---
  at System.Net.Http.MonoWebRequestHandler.SendAsync (System.Net.Http.HttpRequestMessage request, System.Threading.CancellationToken cancellationToken) [0x00509] in <1461f1930feb4705bca8b5d7908e9fa7>:0 
  at Microsoft.Extensions.Http.Logging.LoggingHttpMessageHandler.SendAsync (System.Net.Http.HttpRequestMessage request, System.Threading.CancellationToken cancellationToken) [0x000d7] in <eb702e06450043b2b2cf918768e3c012>:0 
  at Microsoft.Extensions.Http.Logging.LoggingScopeHttpMessageHandler.SendAsync (System.Net.Http.HttpRequestMessage request, System.Threading.CancellationToken cancellationToken) [0x000ef] in <eb702e06450043b2b2cf918768e3c012>:0 
  at System.Net.Http.HttpClient.SendAsyncWorker (System.Net.Http.HttpRequestMessage request, System.Net.Http.HttpCompletionOption completionOption, System.Threading.CancellationToken cancellationToken) [0x000e8] in <1461f1930feb4705bca8b5d7908e9fa7>:0 
  at TNRD.Zeepkist.GTR.Ghosting.Playback.GhostRepository.DownloadGhost (System.Int32 recordId, System.String ghostUrl, System.Threading.CancellationToken cancellationToken) [0x000f0] in D:\a\Zeepkist.GTR.Mod\Zeepkist.GTR.Mod\Ghosting\Playback\GhostRepository.cs:124 '', "
[Info   :Zeepkist GTR] 20:20:00 Discarding recorder
[Info   :COTDTracker] Doing eliminations with leaderboard:
[Info   :COTDTracker] Player [KBW]Kernkob: Time: 23,5814
[Info   :COTDTracker] Player RoundNzt: Time: 23,61074
[Info   :COTDTracker] Player justMaki: Time: 23,61231
[Info   :COTDTracker] Player Lexer: Time: 23,67191
[Info   :COTDTracker] Player MALIYO: Time: 23,67508
[Info   :COTDTracker] Player brrryy: Time: 23,73158
[Info   :COTDTracker] Player Jake: Time: 23,75849
[Info   :COTDTracker] Player Eclipse135: Time: 23,78764
[Info   :COTDTracker] Player Mμ: Time: 23,80789
[Info   :COTDTracker] Player [CSC] PlusMicron: Time: 23,83788
[Info   :COTDTracker] Player ZOMAN: Time: 23,91888
[Info   :COTDTracker] Player tatari_lover2008: Time: DNF
[Info   :COTDTracker] Eliminating DNF: tatari_lover2008
[Info   :COTDTracker] Eliminated 1 DNF players
[Info   :COTDTracker] Eliminating 1 players: 
[Info   :COTDTracker] tatari_lover2008
[Info   :Zeepkist Bingo] [BINGO] Level loaded
[Info   :Zeepkist GTR] 20:20:14 Start processing HTTP request "POST" https://es-backend-5eu0pg2dcfyp6u2v33lz.zeepki.st/level/request
[Info   :Zeepkist GTR] 20:20:14 Start processing HTTP request "POST" https://es-backend-5eu0pg2dcfyp6u2v33lz.zeepki.st/level/request
[Info   :Zeepkist GTR] 20:20:14 Sending HTTP request "POST" https://es-backend-5eu0pg2dcfyp6u2v33lz.zeepki.st/level/request
[Info   :Zeepkist GTR] 20:20:14 Start processing HTTP request "POST" https://es-graphql-1q5xcqmja6dvh4ctc4t9.zeepki.st/
[Info   :Zeepkist GTR] 20:20:14 Start processing HTTP request "POST" https://es-graphql-1q5xcqmja6dvh4ctc4t9.zeepki.st/
[Info   :Zeepkist GTR] 20:20:14 Sending HTTP request "POST" https://es-graphql-1q5xcqmja6dvh4ctc4t9.zeepki.st/
[Info   :Zeepkist GTR] 20:20:14 Start processing HTTP request "POST" https://es-graphql-1q5xcqmja6dvh4ctc4t9.zeepki.st/
[Warning:Zeepkist GTR] 20:20:14 Current-level record subscription failed
[Info   :Zeepkist GTR] 20:20:14 Start processing HTTP request "POST" https://es-graphql-1q5xcqmja6dvh4ctc4t9.zeepki.st/
[Info   :Zeepkist GTR] 20:20:14 Sending HTTP request "POST" https://es-graphql-1q5xcqmja6dvh4ctc4t9.zeepki.st/
[Info   :BetterSplits] getting gtr splits
[Error  :BetterSplits] cannot get splits, no gtr id
[Info   :Zeepkist Bingo] [BINGO] === PLAYER SPAWNED ===
[Info   :Zeepkist Bingo] [BINGO] IsInActiveSession: False
[Info   :Zeepkist Bingo] [BINGO] Not in active session, skipping timer reset
[Info   :Zeepkist GTR] 20:20:14 Loading personal best...
[Info   :Zeepkist GTR] 20:20:14 Start processing HTTP request "POST" https://es-graphql-1q5xcqmja6dvh4ctc4t9.zeepki.st/
[Info   :Zeepkist GTR] 20:20:14 Start processing HTTP request "POST" https://es-graphql-1q5xcqmja6dvh4ctc4t9.zeepki.st/
[Info   :Zeepkist GTR] 20:20:14 Sending HTTP request "POST" https://es-graphql-1q5xcqmja6dvh4ctc4t9.zeepki.st/
[Info   :Zeepkist GTR] 20:20:14 Stopping existing recorder if any
[Info   :Zeepkist GTR] 20:20:14 Creating new recorder
[Info   :Zeepkist GTR] 20:20:14 Received HTTP response headers after 107.5615ms - 200
[Info   :Zeepkist GTR] 20:20:14 End processing HTTP request after 107.7868ms - 200
[Info   :Zeepkist GTR] 20:20:14 End processing HTTP request after 113.6792ms - 200
[Info   :Zeepkist GTR] 20:20:14 Received HTTP response headers after 125.3931ms - 200
[Info   :Zeepkist GTR] 20:20:14 End processing HTTP request after 125.623ms - 200
[Info   :Zeepkist GTR] 20:20:14 End processing HTTP request after 129.7412ms - 200
[Info   :Zeepkist GTR] 20:20:14 Start processing HTTP request "GET" https://cdn.zeepki.st/ghosts/01M2NPX16XPP24YPFKNHRYMXY0.bin
[Info   :Zeepkist GTR] 20:20:14 Sending HTTP request "GET" https://cdn.zeepki.st/ghosts/01M2NPX16XPP24YPFKNHRYMXY0.bin
[Info   :Zeepkist GTR] 20:20:14 Received HTTP response headers after 292.0918ms - 200
[Info   :Zeepkist GTR] 20:20:14 Received HTTP response headers after 293.1853ms - 200
[Info   :Zeepkist GTR] 20:20:14 End processing HTTP request after 292.3159ms - 200
[Info   :Zeepkist GTR] 20:20:14 End processing HTTP request after 293.4213ms - 200
[Info   :Zeepkist GTR] 20:20:14 End processing HTTP request after 298.5172ms - 200
[Info   :Zeepkist GTR] 20:20:14 End processing HTTP request after 299.601ms - 200
[Info   :Zeepkist GTR] 20:20:16 Starting recorder
[Info   :Zeepkist GTR] 20:20:53 Start processing HTTP request "POST" https://es-graphql-1q5xcqmja6dvh4ctc4t9.zeepki.st/
[Info   :Zeepkist GTR] 20:20:53 Start processing HTTP request "POST" https://es-graphql-1q5xcqmja6dvh4ctc4t9.zeepki.st/
[Info   :Zeepkist GTR] 20:20:53 Sending HTTP request "POST" https://es-graphql-1q5xcqmja6dvh4ctc4t9.zeepki.st/
[Info   :Zeepkist GTR] 20:20:53 Received HTTP response headers after 58.4942ms - 200
[Info   :Zeepkist GTR] 20:20:53 End processing HTTP request after 58.7159ms - 200
[Info   :Zeepkist GTR] 20:20:53 End processing HTTP request after 62.8203ms - 200
[Warning:Zeepkist GTR] 20:20:56 Unable to download ghost 3942525
[Error  :Zeepkist GTR] 20:20:56 Unable to get ghost from repository: "Result: IsSuccess='False', Reasons='ExceptionalError with Message='An error occurred while sending the request', Exception='System.Net.Http.HttpRequestException: An error occurred while sending the request ---> System.Net.WebException: Error: ConnectFailure (Se produjo un error durante el intento de conexión ya que la parte conectada no respondió adecuadamente tras un periodo de tiempo, o bien se produjo un error en la conexión establecida ya que el host conectado no ha podido responder.
                     ) ---> System.Net.Sockets.SocketException: Se produjo un error durante el intento de conexión ya que la parte conectada no respondió adecuadamente tras un periodo de tiempo, o bien se produjo un error en la conexión establecida ya que el host conectado no ha podido responder.
                     
  at System.Net.Sockets.SocketAsyncResult.CheckIfThrowDelayedException () [0x00014] in <a971fed4bf844502b6501dbde9cced46>:0 
  at System.Net.Sockets.Socket.EndConnect (System.IAsyncResult asyncResult) [0x0002c] in <a971fed4bf844502b6501dbde9cced46>:0 
  at System.Net.WebConnection+<>c.<Connect>b__16_1 (System.IAsyncResult asyncResult) [0x00006] in <a971fed4bf844502b6501dbde9cced46>:0 
  at System.Threading.Tasks.TaskFactory`1[TResult].FromAsyncCoreLogic (System.IAsyncResult iar, System.Func`2[T,TResult] endFunction, System.Action`1[T] endAction, System.Threading.Tasks.Task`1[TResult] promise, System.Boolean requiresSynchronization) [0x00019] in <9aad1b3a47484d63ba2b3985692d80e9>:0 
--- End of stack trace from previous location where exception was thrown ---

  at System.Net.WebConnection.Connect (System.Net.WebOperation operation, System.Threading.CancellationToken cancellationToken) [0x001e1] in <a971fed4bf844502b6501dbde9cced46>:0 
   --- End of inner exception stack trace ---
  at System.Net.WebConnection.Connect (System.Net.WebOperation operation, System.Threading.CancellationToken cancellationToken) [0x0025d] in <a971fed4bf844502b6501dbde9cced46>:0 
  at System.Net.WebConnection.InitConnection (System.Net.WebOperation operation, System.Threading.CancellationToken cancellationToken) [0x000cc] in <a971fed4bf844502b6501dbde9cced46>:0 
  at System.Net.WebOperation.Run () [0x0009a] in <a971fed4bf844502b6501dbde9cced46>:0 
  at System.Net.WebCompletionSource`1[T].WaitForCompletion () [0x00094] in <a971fed4bf844502b6501dbde9cced46>:0 
  at System.Net.HttpWebRequest.RunWithTimeoutWorker[T] (System.Threading.Tasks.Task`1[TResult] workerTask, System.Int32 timeout, System.Action abort, System.Func`1[TResult] aborted, System.Threading.CancellationTokenSource cts) [0x000f8] in <a971fed4bf844502b6501dbde9cced46>:0 
  at System.Net.HttpWebRequest.EndGetResponse (System.IAsyncResult asyncResult) [0x00020] in <a971fed4bf844502b6501dbde9cced46>:0 
  at System.Threading.Tasks.TaskFactory`1[TResult].FromAsyncCoreLogic (System.IAsyncResult iar, System.Func`2[T,TResult] endFunction, System.Action`1[T] endAction, System.Threading.Tasks.Task`1[TResult] promise, System.Boolean requiresSynchronization) [0x0000f] in <9aad1b3a47484d63ba2b3985692d80e9>:0 
--- End of stack trace from previous location where exception was thrown ---

  at System.Net.Http.MonoWebRequestHandler.SendAsync (System.Net.Http.HttpRequestMessage request, System.Threading.CancellationToken cancellationToken) [0x004ae] in <1461f1930feb4705bca8b5d7908e9fa7>:0 
   --- End of inner exception stack trace ---
  at System.Net.Http.MonoWebRequestHandler.SendAsync (System.Net.Http.HttpRequestMessage request, System.Threading.CancellationToken cancellationToken) [0x00509] in <1461f1930feb4705bca8b5d7908e9fa7>:0 
  at Microsoft.Extensions.Http.Logging.LoggingHttpMessageHandler.SendAsync (System.Net.Http.HttpRequestMessage request, System.Threading.CancellationToken cancellationToken) [0x000d7] in <eb702e06450043b2b2cf918768e3c012>:0 
  at Microsoft.Extensions.Http.Logging.LoggingScopeHttpMessageHandler.SendAsync (System.Net.Http.HttpRequestMessage request, System.Threading.CancellationToken cancellationToken) [0x000ef] in <eb702e06450043b2b2cf918768e3c012>:0 
  at System.Net.Http.HttpClient.SendAsyncWorker (System.Net.Http.HttpRequestMessage request, System.Net.Http.HttpCompletionOption completionOption, System.Threading.CancellationToken cancellationToken) [0x000e8] in <1461f1930feb4705bca8b5d7908e9fa7>:0 
  at TNRD.Zeepkist.GTR.Ghosting.Playback.GhostRepository.DownloadGhost (System.Int32 recordId, System.String ghostUrl, System.Threading.CancellationToken cancellationToken) [0x000f0] in D:\a\Zeepkist.GTR.Mod\Zeepkist.GTR.Mod\Ghosting\Playback\GhostRepository.cs:124 '', "
[Info   :Zeepkist GTR] 20:21:23 Discarding recorder
[Info   :COTDTracker] Running update tab leaderboard function
[Info   :COTDTracker] Doing eliminations with leaderboard:
[Info   :COTDTracker] Player [KBW]Kernkob: Time: 20,70873
[Info   :COTDTracker] Player justMaki: Time: 20,81095
[Info   :COTDTracker] Player Jake: Time: 20,89476
[Info   :COTDTracker] Player ZOMAN: Time: 20,99724
[Info   :COTDTracker] Player RoundNzt: Time: 21,01788
[Info   :COTDTracker] Player Mμ: Time: 21,13524
[Info   :COTDTracker] Player brrryy: Time: 21,1555
[Info   :COTDTracker] Player Eclipse135: Time: 21,23018
[Info   :COTDTracker] Player [CSC] PlusMicron: Time: 21,62854
[Info   :COTDTracker] Player Lexer: Time: DNF
[Info   :COTDTracker] Player MALIYO: Time: DNF
[Info   :COTDTracker] Eliminating DNF: MALIYO
[Info   :COTDTracker] Eliminating DNF: Lexer
[Info   :COTDTracker] Eliminated 2 DNF players
[Info   :COTDTracker] Eliminating 2 players: 
[Info   :COTDTracker] MALIYO
[Info   :COTDTracker] Lexer
[Info   :Zeepkist Bingo] [CHAT] Intercepted message: i agree with victor
[Info   :Zeepkist Bingo] [CHAT] Not relaying - no bingo session
[Info   :COTDTracker] Running update tab leaderboard function
[Info   :COTDTracker] Running update tab leaderboard function
[Info   :Zeepkist Bingo] [BINGO] Level loaded
[Info   :Zeepkist GTR] 20:21:37 Start processing HTTP request "POST" https://es-backend-5eu0pg2dcfyp6u2v33lz.zeepki.st/auth/refresh
[Info   :Zeepkist GTR] 20:21:37 Start processing HTTP request "POST" https://es-backend-5eu0pg2dcfyp6u2v33lz.zeepki.st/auth/refresh
[Info   :Zeepkist GTR] 20:21:37 Sending HTTP request "POST" https://es-backend-5eu0pg2dcfyp6u2v33lz.zeepki.st/auth/refresh
[Info   :Zeepkist GTR] 20:21:37 Start processing HTTP request "POST" https://es-graphql-1q5xcqmja6dvh4ctc4t9.zeepki.st/
[Info   :Zeepkist GTR] 20:21:37 Start processing HTTP request "POST" https://es-graphql-1q5xcqmja6dvh4ctc4t9.zeepki.st/
[Info   :Zeepkist GTR] 20:21:37 Sending HTTP request "POST" https://es-graphql-1q5xcqmja6dvh4ctc4t9.zeepki.st/
[Info   :Zeepkist GTR] 20:21:37 Start processing HTTP request "POST" https://es-graphql-1q5xcqmja6dvh4ctc4t9.zeepki.st/
[Warning:Zeepkist GTR] 20:21:37 Current-level record subscription failed
[Info   :Zeepkist GTR] 20:21:37 Start processing HTTP request "POST" https://es-graphql-1q5xcqmja6dvh4ctc4t9.zeepki.st/
[Info   :Zeepkist GTR] 20:21:37 Sending HTTP request "POST" https://es-graphql-1q5xcqmja6dvh4ctc4t9.zeepki.st/
[Info   :BetterSplits] getting gtr splits
[Error  :BetterSplits] cannot get splits, no gtr id
[Info   :Zeepkist Bingo] [BINGO] === PLAYER SPAWNED ===
[Info   :Zeepkist Bingo] [BINGO] IsInActiveSession: False
[Info   :Zeepkist Bingo] [BINGO] Not in active session, skipping timer reset
[Info   :Zeepkist GTR] 20:21:37 Loading personal best...
[Info   :Zeepkist GTR] 20:21:37 Start processing HTTP request "POST" https://es-graphql-1q5xcqmja6dvh4ctc4t9.zeepki.st/
[Info   :Zeepkist GTR] 20:21:37 Start processing HTTP request "POST" https://es-graphql-1q5xcqmja6dvh4ctc4t9.zeepki.st/
[Info   :Zeepkist GTR] 20:21:37 Sending HTTP request "POST" https://es-graphql-1q5xcqmja6dvh4ctc4t9.zeepki.st/
[Info   :Zeepkist GTR] 20:21:37 Stopping existing recorder if any
[Info   :Zeepkist GTR] 20:21:37 Creating new recorder
[Info   :Zeepkist GTR] 20:21:37 Received HTTP response headers after 257.135ms - 200
[Info   :Zeepkist GTR] 20:21:37 End processing HTTP request after 257.3519ms - 200
[Info   :Zeepkist GTR] 20:21:37 End processing HTTP request after 257.8307ms - 200
[Info   :Zeepkist GTR] 20:21:37 Received HTTP response headers after 257.6395ms - 200
[Info   :Zeepkist GTR] 20:21:37 End processing HTTP request after 257.822ms - 200
[Info   :Zeepkist GTR] 20:21:37 Start processing HTTP request "POST" https://es-backend-5eu0pg2dcfyp6u2v33lz.zeepki.st/level/request
[Info   :Zeepkist GTR] 20:21:37 Start processing HTTP request "POST" https://es-backend-5eu0pg2dcfyp6u2v33lz.zeepki.st/level/request
[Info   :Zeepkist GTR] 20:21:37 Sending HTTP request "POST" https://es-backend-5eu0pg2dcfyp6u2v33lz.zeepki.st/level/request
[Info   :Zeepkist GTR] 20:21:37 End processing HTTP request after 264.6506ms - 200
[Info   :Zeepkist GTR] 20:21:37 Received HTTP response headers after 266.7719ms - 200
[Info   :Zeepkist GTR] 20:21:37 End processing HTTP request after 266.972ms - 200
[Info   :Zeepkist GTR] 20:21:37 End processing HTTP request after 270.1701ms - 200
[Info   :Zeepkist GTR] 20:21:37 Received HTTP response headers after 61.88ms - 200
[Info   :Zeepkist GTR] 20:21:37 Received HTTP response headers after 234.8412ms - 200
[Info   :Zeepkist GTR] 20:21:37 End processing HTTP request after 62.1007ms - 200
[Info   :Zeepkist GTR] 20:21:37 End processing HTTP request after 235.0643ms - 200
[Info   :Zeepkist GTR] 20:21:38 End processing HTTP request after 69.2333ms - 200
[Info   :Zeepkist GTR] 20:21:38 End processing HTTP request after 242.1617ms - 200
[Info   :Zeepkist GTR] 20:21:38 Start processing HTTP request "GET" https://cdn.zeepki.st/ghosts/01M2NP7GPK2S0W9ECFQ2SADPFR.bin
[Info   :Zeepkist GTR] 20:21:38 Sending HTTP request "GET" https://cdn.zeepki.st/ghosts/01M2NP7GPK2S0W9ECFQ2SADPFR.bin
[Info   :Zeepkist GTR] 20:21:39 Starting recorder
[Info   :Zeepkist GTR] 20:22:16 Start processing HTTP request "POST" https://es-graphql-1q5xcqmja6dvh4ctc4t9.zeepki.st/
[Info   :Zeepkist GTR] 20:22:16 Start processing HTTP request "POST" https://es-graphql-1q5xcqmja6dvh4ctc4t9.zeepki.st/
[Info   :Zeepkist GTR] 20:22:16 Sending HTTP request "POST" https://es-graphql-1q5xcqmja6dvh4ctc4t9.zeepki.st/
[Info   :Zeepkist GTR] 20:22:16 Received HTTP response headers after 59.441ms - 200
[Info   :Zeepkist GTR] 20:22:16 End processing HTTP request after 59.6514ms - 200
[Info   :Zeepkist GTR] 20:22:16 End processing HTTP request after 63.4875ms - 200
[Warning:Zeepkist GTR] 20:22:20 Unable to download ghost 3942251
[Error  :Zeepkist GTR] 20:22:20 Unable to get ghost from repository: "Result: IsSuccess='False', Reasons='ExceptionalError with Message='An error occurred while sending the request', Exception='System.Net.Http.HttpRequestException: An error occurred while sending the request ---> System.Net.WebException: Error: ConnectFailure (Se produjo un error durante el intento de conexión ya que la parte conectada no respondió adecuadamente tras un periodo de tiempo, o bien se produjo un error en la conexión establecida ya que el host conectado no ha podido responder.
                     ) ---> System.Net.Sockets.SocketException: Se produjo un error durante el intento de conexión ya que la parte conectada no respondió adecuadamente tras un periodo de tiempo, o bien se produjo un error en la conexión establecida ya que el host conectado no ha podido responder.
                     
  at System.Net.Sockets.SocketAsyncResult.CheckIfThrowDelayedException () [0x00014] in <a971fed4bf844502b6501dbde9cced46>:0 
  at System.Net.Sockets.Socket.EndConnect (System.IAsyncResult asyncResult) [0x0002c] in <a971fed4bf844502b6501dbde9cced46>:0 
  at System.Net.WebConnection+<>c.<Connect>b__16_1 (System.IAsyncResult asyncResult) [0x00006] in <a971fed4bf844502b6501dbde9cced46>:0 
  at System.Threading.Tasks.TaskFactory`1[TResult].FromAsyncCoreLogic (System.IAsyncResult iar, System.Func`2[T,TResult] endFunction, System.Action`1[T] endAction, System.Threading.Tasks.Task`1[TResult] promise, System.Boolean requiresSynchronization) [0x00019] in <9aad1b3a47484d63ba2b3985692d80e9>:0 
--- End of stack trace from previous location where exception was thrown ---

  at System.Net.WebConnection.Connect (System.Net.WebOperation operation, System.Threading.CancellationToken cancellationToken) [0x001e1] in <a971fed4bf844502b6501dbde9cced46>:0 
   --- End of inner exception stack trace ---
  at System.Net.WebConnection.Connect (System.Net.WebOperation operation, System.Threading.CancellationToken cancellationToken) [0x0025d] in <a971fed4bf844502b6501dbde9cced46>:0 
  at System.Net.WebConnection.InitConnection (System.Net.WebOperation operation, System.Threading.CancellationToken cancellationToken) [0x000cc] in <a971fed4bf844502b6501dbde9cced46>:0 
  at System.Net.WebOperation.Run () [0x0009a] in <a971fed4bf844502b6501dbde9cced46>:0 
  at System.Net.WebCompletionSource`1[T].WaitForCompletion () [0x00094] in <a971fed4bf844502b6501dbde9cced46>:0 
  at System.Net.HttpWebRequest.RunWithTimeoutWorker[T] (System.Threading.Tasks.Task`1[TResult] workerTask, System.Int32 timeout, System.Action abort, System.Func`1[TResult] aborted, System.Threading.CancellationTokenSource cts) [0x000f8] in <a971fed4bf844502b6501dbde9cced46>:0 
  at System.Net.HttpWebRequest.EndGetResponse (System.IAsyncResult asyncResult) [0x00020] in <a971fed4bf844502b6501dbde9cced46>:0 
  at System.Threading.Tasks.TaskFactory`1[TResult].FromAsyncCoreLogic (System.IAsyncResult iar, System.Func`2[T,TResult] endFunction, System.Action`1[T] endAction, System.Threading.Tasks.Task`1[TResult] promise, System.Boolean requiresSynchronization) [0x0000f] in <9aad1b3a47484d63ba2b3985692d80e9>:0 
--- End of stack trace from previous location where exception was thrown ---

  at System.Net.Http.MonoWebRequestHandler.SendAsync (System.Net.Http.HttpRequestMessage request, System.Threading.CancellationToken cancellationToken) [0x004ae] in <1461f1930feb4705bca8b5d7908e9fa7>:0 
   --- End of inner exception stack trace ---
  at System.Net.Http.MonoWebRequestHandler.SendAsync (System.Net.Http.HttpRequestMessage request, System.Threading.CancellationToken cancellationToken) [0x00509] in <1461f1930feb4705bca8b5d7908e9fa7>:0 
  at Microsoft.Extensions.Http.Logging.LoggingHttpMessageHandler.SendAsync (System.Net.Http.HttpRequestMessage request, System.Threading.CancellationToken cancellationToken) [0x000d7] in <eb702e06450043b2b2cf918768e3c012>:0 
  at Microsoft.Extensions.Http.Logging.LoggingScopeHttpMessageHandler.SendAsync (System.Net.Http.HttpRequestMessage request, System.Threading.CancellationToken cancellationToken) [0x000ef] in <eb702e06450043b2b2cf918768e3c012>:0 
  at System.Net.Http.HttpClient.SendAsyncWorker (System.Net.Http.HttpRequestMessage request, System.Net.Http.HttpCompletionOption completionOption, System.Threading.CancellationToken cancellationToken) [0x000e8] in <1461f1930feb4705bca8b5d7908e9fa7>:0 
  at TNRD.Zeepkist.GTR.Ghosting.Playback.GhostRepository.DownloadGhost (System.Int32 recordId, System.String ghostUrl, System.Threading.CancellationToken cancellationToken) [0x000f0] in D:\a\Zeepkist.GTR.Mod\Zeepkist.GTR.Mod\Ghosting\Playback\GhostRepository.cs:124 '', "
[Info   :Zeepkist GTR] 20:22:46 Discarding recorder
[Info   :COTDTracker] Doing eliminations with leaderboard:
[Info   :COTDTracker] Player [KBW]Kernkob: Time: 23,55648
[Info   :COTDTracker] Player justMaki: Time: 23,59819
[Info   :COTDTracker] Player ZOMAN: Time: 23,6196
[Info   :COTDTracker] Player Jake: Time: 23,65139
[Info   :COTDTracker] Player [CSC] PlusMicron: Time: 23,81876
[Info   :COTDTracker] Player Eclipse135: Time: 23,8435
[Info   :COTDTracker] Player RoundNzt: Time: 23,91327
[Info   :COTDTracker] Player Mμ: Time: 23,93152
[Info   :COTDTracker] Player brrryy: Time: 23,98139
[Info   :COTDTracker] Eliminated 0 DNF players
[Info   :COTDTracker] Eliminating on time: brrryy
[Info   :COTDTracker] Eliminating 1 players: 
[Info   :COTDTracker] brrryy
[Info   :Zeepkist Bingo] [BINGO] Level loaded
[Info   :Zeepkist GTR] 20:23:00 Start processing HTTP request "POST" https://es-backend-5eu0pg2dcfyp6u2v33lz.zeepki.st/level/request
[Info   :Zeepkist GTR] 20:23:00 Start processing HTTP request "POST" https://es-backend-5eu0pg2dcfyp6u2v33lz.zeepki.st/level/request
[Info   :Zeepkist GTR] 20:23:00 Sending HTTP request "POST" https://es-backend-5eu0pg2dcfyp6u2v33lz.zeepki.st/level/request
[Info   :Zeepkist GTR] 20:23:00 Start processing HTTP request "POST" https://es-graphql-1q5xcqmja6dvh4ctc4t9.zeepki.st/
[Info   :Zeepkist GTR] 20:23:00 Start processing HTTP request "POST" https://es-graphql-1q5xcqmja6dvh4ctc4t9.zeepki.st/
[Info   :Zeepkist GTR] 20:23:00 Sending HTTP request "POST" https://es-graphql-1q5xcqmja6dvh4ctc4t9.zeepki.st/
[Warning:Zeepkist GTR] 20:23:00 Current-level record subscription failed
[Info   :Zeepkist GTR] 20:23:00 Start processing HTTP request "POST" https://es-graphql-1q5xcqmja6dvh4ctc4t9.zeepki.st/
[Info   :Zeepkist GTR] 20:23:00 Start processing HTTP request "POST" https://es-graphql-1q5xcqmja6dvh4ctc4t9.zeepki.st/
[Info   :Zeepkist GTR] 20:23:00 Sending HTTP request "POST" https://es-graphql-1q5xcqmja6dvh4ctc4t9.zeepki.st/
[Info   :BetterSplits] getting gtr splits
[Error  :BetterSplits] cannot get splits, no gtr id
[Info   :Zeepkist GTR] 20:23:00 Received HTTP response headers after 61.4468ms - 200
[Info   :Zeepkist GTR] 20:23:00 Received HTTP response headers after 61.9432ms - 200
[Info   :Zeepkist GTR] 20:23:00 End processing HTTP request after 61.6676ms - 200
[Info   :Zeepkist GTR] 20:23:00 End processing HTTP request after 62.1969ms - 200
[Info   :Zeepkist Bingo] [BINGO] === PLAYER SPAWNED ===
[Info   :Zeepkist Bingo] [BINGO] IsInActiveSession: False
[Info   :Zeepkist Bingo] [BINGO] Not in active session, skipping timer reset
[Info   :Zeepkist GTR] 20:23:00 Loading personal best...
[Info   :Zeepkist GTR] 20:23:00 Start processing HTTP request "POST" https://es-graphql-1q5xcqmja6dvh4ctc4t9.zeepki.st/
[Info   :Zeepkist GTR] 20:23:00 Start processing HTTP request "POST" https://es-graphql-1q5xcqmja6dvh4ctc4t9.zeepki.st/
[Info   :Zeepkist GTR] 20:23:00 Sending HTTP request "POST" https://es-graphql-1q5xcqmja6dvh4ctc4t9.zeepki.st/
[Info   :Zeepkist GTR] 20:23:00 Stopping existing recorder if any
[Info   :Zeepkist GTR] 20:23:00 Creating new recorder
[Info   :Zeepkist GTR] 20:23:00 End processing HTTP request after 82.6558ms - 200
[Info   :Zeepkist GTR] 20:23:00 End processing HTTP request after 83.2458ms - 200
[Info   :Zeepkist GTR] 20:23:00 Received HTTP response headers after 96.334ms - 200
[Info   :Zeepkist GTR] 20:23:00 End processing HTTP request after 96.5696ms - 200
[Info   :Zeepkist GTR] 20:23:00 End processing HTTP request after 103.1548ms - 200
[Info   :Zeepkist GTR] 20:23:00 Received HTTP response headers after 65.0253ms - 200
[Info   :Zeepkist GTR] 20:23:00 End processing HTTP request after 65.2457ms - 200
[Info   :Zeepkist GTR] 20:23:00 End processing HTTP request after 71.7871ms - 200
[Info   :Zeepkist GTR] 20:23:00 Start processing HTTP request "GET" https://cdn.zeepki.st/ghosts/01M2NPX16XPP24YPFKNHRYMXY0.bin
[Info   :Zeepkist GTR] 20:23:00 Sending HTTP request "GET" https://cdn.zeepki.st/ghosts/01M2NPX16XPP24YPFKNHRYMXY0.bin
[Info   :Zeepkist GTR] 20:23:02 Starting recorder
[Info   :Zeepkist GTR] 20:23:39 Start processing HTTP request "POST" https://es-graphql-1q5xcqmja6dvh4ctc4t9.zeepki.st/
[Info   :Zeepkist GTR] 20:23:39 Start processing HTTP request "POST" https://es-graphql-1q5xcqmja6dvh4ctc4t9.zeepki.st/
[Info   :Zeepkist GTR] 20:23:39 Sending HTTP request "POST" https://es-graphql-1q5xcqmja6dvh4ctc4t9.zeepki.st/
[Info   :Zeepkist GTR] 20:23:39 Received HTTP response headers after 206.5668ms - 200
[Info   :Zeepkist GTR] 20:23:39 End processing HTTP request after 206.7906ms - 200
[Info   :Zeepkist GTR] 20:23:39 End processing HTTP request after 209.0724ms - 200
[Warning:Zeepkist GTR] 20:23:42 Unable to download ghost 3942525
[Error  :Zeepkist GTR] 20:23:42 Unable to get ghost from repository: "Result: IsSuccess='False', Reasons='ExceptionalError with Message='An error occurred while sending the request', Exception='System.Net.Http.HttpRequestException: An error occurred while sending the request ---> System.Net.WebException: Error: ConnectFailure (Se produjo un error durante el intento de conexión ya que la parte conectada no respondió adecuadamente tras un periodo de tiempo, o bien se produjo un error en la conexión establecida ya que el host conectado no ha podido responder.
                     ) ---> System.Net.Sockets.SocketException: Se produjo un error durante el intento de conexión ya que la parte conectada no respondió adecuadamente tras un periodo de tiempo, o bien se produjo un error en la conexión establecida ya que el host conectado no ha podido responder.
                     
  at System.Net.Sockets.SocketAsyncResult.CheckIfThrowDelayedException () [0x00014] in <a971fed4bf844502b6501dbde9cced46>:0 
  at System.Net.Sockets.Socket.EndConnect (System.IAsyncResult asyncResult) [0x0002c] in <a971fed4bf844502b6501dbde9cced46>:0 
  at System.Net.WebConnection+<>c.<Connect>b__16_1 (System.IAsyncResult asyncResult) [0x00006] in <a971fed4bf844502b6501dbde9cced46>:0 
  at System.Threading.Tasks.TaskFactory`1[TResult].FromAsyncCoreLogic (System.IAsyncResult iar, System.Func`2[T,TResult] endFunction, System.Action`1[T] endAction, System.Threading.Tasks.Task`1[TResult] promise, System.Boolean requiresSynchronization) [0x00019] in <9aad1b3a47484d63ba2b3985692d80e9>:0 
--- End of stack trace from previous location where exception was thrown ---

  at System.Net.WebConnection.Connect (System.Net.WebOperation operation, System.Threading.CancellationToken cancellationToken) [0x001e1] in <a971fed4bf844502b6501dbde9cced46>:0 
   --- End of inner exception stack trace ---
  at System.Net.WebConnection.Connect (System.Net.WebOperation operation, System.Threading.CancellationToken cancellationToken) [0x0025d] in <a971fed4bf844502b6501dbde9cced46>:0 
  at System.Net.WebConnection.InitConnection (System.Net.WebOperation operation, System.Threading.CancellationToken cancellationToken) [0x000cc] in <a971fed4bf844502b6501dbde9cced46>:0 
  at System.Net.WebOperation.Run () [0x0009a] in <a971fed4bf844502b6501dbde9cced46>:0 
  at System.Net.WebCompletionSource`1[T].WaitForCompletion () [0x00094] in <a971fed4bf844502b6501dbde9cced46>:0 
  at System.Net.HttpWebRequest.RunWithTimeoutWorker[T] (System.Threading.Tasks.Task`1[TResult] workerTask, System.Int32 timeout, System.Action abort, System.Func`1[TResult] aborted, System.Threading.CancellationTokenSource cts) [0x000f8] in <a971fed4bf844502b6501dbde9cced46>:0 
  at System.Net.HttpWebRequest.EndGetResponse (System.IAsyncResult asyncResult) [0x00020] in <a971fed4bf844502b6501dbde9cced46>:0 
  at System.Threading.Tasks.TaskFactory`1[TResult].FromAsyncCoreLogic (System.IAsyncResult iar, System.Func`2[T,TResult] endFunction, System.Action`1[T] endAction, System.Threading.Tasks.Task`1[TResult] promise, System.Boolean requiresSynchronization) [0x0000f] in <9aad1b3a47484d63ba2b3985692d80e9>:0 
--- End of stack trace from previous location where exception was thrown ---

  at System.Net.Http.MonoWebRequestHandler.SendAsync (System.Net.Http.HttpRequestMessage request, System.Threading.CancellationToken cancellationToken) [0x004ae] in <1461f1930feb4705bca8b5d7908e9fa7>:0 
   --- End of inner exception stack trace ---
  at System.Net.Http.MonoWebRequestHandler.SendAsync (System.Net.Http.HttpRequestMessage request, System.Threading.CancellationToken cancellationToken) [0x00509] in <1461f1930feb4705bca8b5d7908e9fa7>:0 
  at Microsoft.Extensions.Http.Logging.LoggingHttpMessageHandler.SendAsync (System.Net.Http.HttpRequestMessage request, System.Threading.CancellationToken cancellationToken) [0x000d7] in <eb702e06450043b2b2cf918768e3c012>:0 
  at Microsoft.Extensions.Http.Logging.LoggingScopeHttpMessageHandler.SendAsync (System.Net.Http.HttpRequestMessage request, System.Threading.CancellationToken cancellationToken) [0x000ef] in <eb702e06450043b2b2cf918768e3c012>:0 
  at System.Net.Http.HttpClient.SendAsyncWorker (System.Net.Http.HttpRequestMessage request, System.Net.Http.HttpCompletionOption completionOption, System.Threading.CancellationToken cancellationToken) [0x000e8] in <1461f1930feb4705bca8b5d7908e9fa7>:0 
  at TNRD.Zeepkist.GTR.Ghosting.Playback.GhostRepository.DownloadGhost (System.Int32 recordId, System.String ghostUrl, System.Threading.CancellationToken cancellationToken) [0x000f0] in D:\a\Zeepkist.GTR.Mod\Zeepkist.GTR.Mod\Ghosting\Playback\GhostRepository.cs:124 '', "
[Info   :COTDTracker] Running update tab leaderboard function
[Info   :Zeepkist Bingo] [CHAT] Intercepted message: well at least its stacked so we get more good content
[Info   :Zeepkist Bingo] [CHAT] Not relaying - no bingo session
[Info   :Zeepkist GTR] 20:24:09 Discarding recorder
[Info   :COTDTracker] Doing eliminations with leaderboard:
[Info   :COTDTracker] Player ZOMAN: Time: 20,72917
[Info   :COTDTracker] Player Eclipse135: Time: 20,77223
[Info   :COTDTracker] Player Jake: Time: 20,87646
[Info   :COTDTracker] Player [KBW]Kernkob: Time: 20,87894
[Info   :COTDTracker] Player Mμ: Time: 20,91381
[Info   :COTDTracker] Player justMaki: Time: 20,95842
[Info   :COTDTracker] Player RoundNzt: Time: 21,1556
[Info   :COTDTracker] Player [CSC] PlusMicron: Time: 21,40471
[Info   :COTDTracker] Eliminated 0 DNF players
[Info   :COTDTracker] Eliminating on time: [CSC] PlusMicron
[Info   :COTDTracker] Eliminating 1 players: 
[Info   :COTDTracker] [CSC] PlusMicron
[Info   :Zeepkist Bingo] [BINGO] Level loaded
[Info   :Zeepkist GTR] 20:24:23 Start processing HTTP request "POST" https://es-backend-5eu0pg2dcfyp6u2v33lz.zeepki.st/level/request
[Info   :Zeepkist GTR] 20:24:23 Start processing HTTP request "POST" https://es-backend-5eu0pg2dcfyp6u2v33lz.zeepki.st/level/request
[Info   :Zeepkist GTR] 20:24:23 Sending HTTP request "POST" https://es-backend-5eu0pg2dcfyp6u2v33lz.zeepki.st/level/request
[Info   :Zeepkist GTR] 20:24:23 Start processing HTTP request "POST" https://es-graphql-1q5xcqmja6dvh4ctc4t9.zeepki.st/
[Info   :Zeepkist GTR] 20:24:23 Start processing HTTP request "POST" https://es-graphql-1q5xcqmja6dvh4ctc4t9.zeepki.st/
[Info   :Zeepkist GTR] 20:24:23 Sending HTTP request "POST" https://es-graphql-1q5xcqmja6dvh4ctc4t9.zeepki.st/
[Info   :Zeepkist GTR] 20:24:23 Start processing HTTP request "POST" https://es-graphql-1q5xcqmja6dvh4ctc4t9.zeepki.st/
[Warning:Zeepkist GTR] 20:24:23 Current-level record subscription failed
[Info   :Zeepkist GTR] 20:24:23 Start processing HTTP request "POST" https://es-graphql-1q5xcqmja6dvh4ctc4t9.zeepki.st/
[Info   :Zeepkist GTR] 20:24:23 Sending HTTP request "POST" https://es-graphql-1q5xcqmja6dvh4ctc4t9.zeepki.st/
[Info   :BetterSplits] getting gtr splits
[Error  :BetterSplits] cannot get splits, no gtr id
[Info   :Zeepkist GTR] 20:24:23 Received HTTP response headers after 49.9787ms - 200
[Info   :Zeepkist GTR] 20:24:23 End processing HTTP request after 50.1877ms - 200
[Info   :Zeepkist GTR] 20:24:23 End processing HTTP request after 50.6278ms - 200
[Info   :Zeepkist Bingo] [BINGO] === PLAYER SPAWNED ===
[Info   :Zeepkist Bingo] [BINGO] IsInActiveSession: False
[Info   :Zeepkist Bingo] [BINGO] Not in active session, skipping timer reset
[Info   :Zeepkist GTR] 20:24:23 Loading personal best...
[Info   :Zeepkist GTR] 20:24:23 Start processing HTTP request "POST" https://es-graphql-1q5xcqmja6dvh4ctc4t9.zeepki.st/
[Info   :Zeepkist GTR] 20:24:23 Start processing HTTP request "POST" https://es-graphql-1q5xcqmja6dvh4ctc4t9.zeepki.st/
[Info   :Zeepkist GTR] 20:24:23 Sending HTTP request "POST" https://es-graphql-1q5xcqmja6dvh4ctc4t9.zeepki.st/
[Info   :Zeepkist GTR] 20:24:23 Stopping existing recorder if any
[Info   :Zeepkist GTR] 20:24:23 Creating new recorder
[Info   :Zeepkist GTR] 20:24:23 Received HTTP response headers after 106.812ms - 200
[Info   :Zeepkist GTR] 20:24:23 End processing HTTP request after 107.0701ms - 200
[Info   :Zeepkist GTR] 20:24:23 End processing HTTP request after 111.9202ms - 200
[Info   :Zeepkist GTR] 20:24:23 Start processing HTTP request "GET" https://cdn.zeepki.st/ghosts/01M2NP7GPK2S0W9ECFQ2SADPFR.bin
[Info   :Zeepkist GTR] 20:24:23 Sending HTTP request "GET" https://cdn.zeepki.st/ghosts/01M2NP7GPK2S0W9ECFQ2SADPFR.bin
[Info   :Zeepkist GTR] 20:24:24 Received HTTP response headers after 305.8058ms - 200
[Info   :Zeepkist GTR] 20:24:24 End processing HTTP request after 306.0192ms - 200
[Info   :Zeepkist GTR] 20:24:24 End processing HTTP request after 313.7254ms - 200
[Info   :Zeepkist GTR] 20:24:24 Received HTTP response headers after 322.1627ms - 200
[Info   :Zeepkist GTR] 20:24:24 End processing HTTP request after 322.3834ms - 200
[Info   :Zeepkist GTR] 20:24:24 End processing HTTP request after 326.0342ms - 200
[Info   :Zeepkist GTR] 20:24:25 Starting recorder
[Info   :Zeepkist GTR] 20:25:02 Start processing HTTP request "POST" https://es-graphql-1q5xcqmja6dvh4ctc4t9.zeepki.st/
[Info   :Zeepkist GTR] 20:25:02 Start processing HTTP request "POST" https://es-graphql-1q5xcqmja6dvh4ctc4t9.zeepki.st/
[Info   :Zeepkist GTR] 20:25:02 Sending HTTP request "POST" https://es-graphql-1q5xcqmja6dvh4ctc4t9.zeepki.st/
[Info   :Zeepkist GTR] 20:25:02 Received HTTP response headers after 155.4894ms - 200
[Info   :Zeepkist GTR] 20:25:02 End processing HTTP request after 155.7296ms - 200
[Info   :Zeepkist GTR] 20:25:02 End processing HTTP request after 160.1459ms - 200
[Warning:Zeepkist GTR] 20:25:06 Unable to download ghost 3942251
[Error  :Zeepkist GTR] 20:25:06 Unable to get ghost from repository: "Result: IsSuccess='False', Reasons='ExceptionalError with Message='An error occurred while sending the request', Exception='System.Net.Http.HttpRequestException: An error occurred while sending the request ---> System.Net.WebException: Error: ConnectFailure (Se produjo un error durante el intento de conexión ya que la parte conectada no respondió adecuadamente tras un periodo de tiempo, o bien se produjo un error en la conexión establecida ya que el host conectado no ha podido responder.
                     ) ---> System.Net.Sockets.SocketException: Se produjo un error durante el intento de conexión ya que la parte conectada no respondió adecuadamente tras un periodo de tiempo, o bien se produjo un error en la conexión establecida ya que el host conectado no ha podido responder.
                     
  at System.Net.Sockets.SocketAsyncResult.CheckIfThrowDelayedException () [0x00014] in <a971fed4bf844502b6501dbde9cced46>:0 
  at System.Net.Sockets.Socket.EndConnect (System.IAsyncResult asyncResult) [0x0002c] in <a971fed4bf844502b6501dbde9cced46>:0 
  at System.Net.WebConnection+<>c.<Connect>b__16_1 (System.IAsyncResult asyncResult) [0x00006] in <a971fed4bf844502b6501dbde9cced46>:0 
  at System.Threading.Tasks.TaskFactory`1[TResult].FromAsyncCoreLogic (System.IAsyncResult iar, System.Func`2[T,TResult] endFunction, System.Action`1[T] endAction, System.Threading.Tasks.Task`1[TResult] promise, System.Boolean requiresSynchronization) [0x00019] in <9aad1b3a47484d63ba2b3985692d80e9>:0 
--- End of stack trace from previous location where exception was thrown ---

  at System.Net.WebConnection.Connect (System.Net.WebOperation operation, System.Threading.CancellationToken cancellationToken) [0x001e1] in <a971fed4bf844502b6501dbde9cced46>:0 
   --- End of inner exception stack trace ---
  at System.Net.WebConnection.Connect (System.Net.WebOperation operation, System.Threading.CancellationToken cancellationToken) [0x0025d] in <a971fed4bf844502b6501dbde9cced46>:0 
  at System.Net.WebConnection.InitConnection (System.Net.WebOperation operation, System.Threading.CancellationToken cancellationToken) [0x000cc] in <a971fed4bf844502b6501dbde9cced46>:0 
  at System.Net.WebOperation.Run () [0x0009a] in <a971fed4bf844502b6501dbde9cced46>:0 
  at System.Net.WebCompletionSource`1[T].WaitForCompletion () [0x00094] in <a971fed4bf844502b6501dbde9cced46>:0 
  at System.Net.HttpWebRequest.RunWithTimeoutWorker[T] (System.Threading.Tasks.Task`1[TResult] workerTask, System.Int32 timeout, System.Action abort, System.Func`1[TResult] aborted, System.Threading.CancellationTokenSource cts) [0x000f8] in <a971fed4bf844502b6501dbde9cced46>:0 
  at System.Net.HttpWebRequest.EndGetResponse (System.IAsyncResult asyncResult) [0x00020] in <a971fed4bf844502b6501dbde9cced46>:0 
  at System.Threading.Tasks.TaskFactory`1[TResult].FromAsyncCoreLogic (System.IAsyncResult iar, System.Func`2[T,TResult] endFunction, System.Action`1[T] endAction, System.Threading.Tasks.Task`1[TResult] promise, System.Boolean requiresSynchronization) [0x0000f] in <9aad1b3a47484d63ba2b3985692d80e9>:0 
--- End of stack trace from previous location where exception was thrown ---

  at System.Net.Http.MonoWebRequestHandler.SendAsync (System.Net.Http.HttpRequestMessage request, System.Threading.CancellationToken cancellationToken) [0x004ae] in <1461f1930feb4705bca8b5d7908e9fa7>:0 
   --- End of inner exception stack trace ---
  at System.Net.Http.MonoWebRequestHandler.SendAsync (System.Net.Http.HttpRequestMessage request, System.Threading.CancellationToken cancellationToken) [0x00509] in <1461f1930feb4705bca8b5d7908e9fa7>:0 
  at Microsoft.Extensions.Http.Logging.LoggingHttpMessageHandler.SendAsync (System.Net.Http.HttpRequestMessage request, System.Threading.CancellationToken cancellationToken) [0x000d7] in <eb702e06450043b2b2cf918768e3c012>:0 
  at Microsoft.Extensions.Http.Logging.LoggingScopeHttpMessageHandler.SendAsync (System.Net.Http.HttpRequestMessage request, System.Threading.CancellationToken cancellationToken) [0x000ef] in <eb702e06450043b2b2cf918768e3c012>:0 
  at System.Net.Http.HttpClient.SendAsyncWorker (System.Net.Http.HttpRequestMessage request, System.Net.Http.HttpCompletionOption completionOption, System.Threading.CancellationToken cancellationToken) [0x000e8] in <1461f1930feb4705bca8b5d7908e9fa7>:0 
  at TNRD.Zeepkist.GTR.Ghosting.Playback.GhostRepository.DownloadGhost (System.Int32 recordId, System.String ghostUrl, System.Threading.CancellationToken cancellationToken) [0x000f0] in D:\a\Zeepkist.GTR.Mod\Zeepkist.GTR.Mod\Ghosting\Playback\GhostRepository.cs:124 '', "
[Info   :Zeepkist GTR] 20:25:32 Discarding recorder
[Info   :COTDTracker] Doing eliminations with leaderboard:
[Info   :COTDTracker] Player justMaki: Time: 23,52102
[Info   :COTDTracker] Player ZOMAN: Time: 23,58538
[Info   :COTDTracker] Player [KBW]Kernkob: Time: 23,62691
[Info   :COTDTracker] Player Jake: Time: 23,6273
[Info   :COTDTracker] Player RoundNzt: Time: 23,63332
[Info   :COTDTracker] Player Eclipse135: Time: 23,74516
[Info   :COTDTracker] Player Mμ: Time: 23,82917
[Info   :COTDTracker] Eliminated 0 DNF players
[Info   :COTDTracker] Eliminating on time: Mμ
[Info   :COTDTracker] Eliminating 1 players: 
[Info   :COTDTracker] Mμ
[Info   :Zeepkist Bingo] [BINGO] Level loaded
[Info   :Zeepkist GTR] 20:25:46 Start processing HTTP request "POST" https://es-backend-5eu0pg2dcfyp6u2v33lz.zeepki.st/level/request
[Info   :Zeepkist GTR] 20:25:46 Start processing HTTP request "POST" https://es-backend-5eu0pg2dcfyp6u2v33lz.zeepki.st/level/request
[Info   :Zeepkist GTR] 20:25:46 Sending HTTP request "POST" https://es-backend-5eu0pg2dcfyp6u2v33lz.zeepki.st/level/request
[Info   :Zeepkist GTR] 20:25:46 Start processing HTTP request "POST" https://es-graphql-1q5xcqmja6dvh4ctc4t9.zeepki.st/
[Info   :Zeepkist GTR] 20:25:46 Start processing HTTP request "POST" https://es-graphql-1q5xcqmja6dvh4ctc4t9.zeepki.st/
[Info   :Zeepkist GTR] 20:25:46 Sending HTTP request "POST" https://es-graphql-1q5xcqmja6dvh4ctc4t9.zeepki.st/
[Info   :Zeepkist GTR] 20:25:46 Start processing HTTP request "POST" https://es-graphql-1q5xcqmja6dvh4ctc4t9.zeepki.st/
[Warning:Zeepkist GTR] 20:25:46 Current-level record subscription failed
[Info   :Zeepkist GTR] 20:25:46 Start processing HTTP request "POST" https://es-graphql-1q5xcqmja6dvh4ctc4t9.zeepki.st/
[Info   :Zeepkist GTR] 20:25:46 Sending HTTP request "POST" https://es-graphql-1q5xcqmja6dvh4ctc4t9.zeepki.st/
[Info   :BetterSplits] getting gtr splits
[Error  :BetterSplits] cannot get splits, no gtr id
[Info   :Zeepkist Bingo] [BINGO] === PLAYER SPAWNED ===
[Info   :Zeepkist Bingo] [BINGO] IsInActiveSession: False
[Info   :Zeepkist Bingo] [BINGO] Not in active session, skipping timer reset
[Info   :Zeepkist GTR] 20:25:46 Loading personal best...
[Info   :Zeepkist GTR] 20:25:46 Start processing HTTP request "POST" https://es-graphql-1q5xcqmja6dvh4ctc4t9.zeepki.st/
[Info   :Zeepkist GTR] 20:25:46 Start processing HTTP request "POST" https://es-graphql-1q5xcqmja6dvh4ctc4t9.zeepki.st/
[Info   :Zeepkist GTR] 20:25:46 Sending HTTP request "POST" https://es-graphql-1q5xcqmja6dvh4ctc4t9.zeepki.st/
[Info   :Zeepkist GTR] 20:25:46 Stopping existing recorder if any
[Info   :Zeepkist GTR] 20:25:46 Creating new recorder
[Info   :Zeepkist GTR] 20:25:48 Starting recorder
[Info   :COTDTracker] Running update tab leaderboard function
[Error  :Zeepkist GTR] 20:25:56 Failed to request level scan for workshop "3801853512" and hash "9517F98527BCD913386E3CC4B465A429"
[Info   :Zeepkist GTR] 20:26:25 Start processing HTTP request "POST" https://es-graphql-1q5xcqmja6dvh4ctc4t9.zeepki.st/
[Info   :Zeepkist GTR] 20:26:25 Start processing HTTP request "POST" https://es-graphql-1q5xcqmja6dvh4ctc4t9.zeepki.st/
[Info   :Zeepkist GTR] 20:26:25 Sending HTTP request "POST" https://es-graphql-1q5xcqmja6dvh4ctc4t9.zeepki.st/
[Error  :Zeepkist GTR] 20:26:35 Failed to get vote summary: "Result: IsSuccess='False', Reasons='ExceptionalError with Message='A task was canceled.', Exception='System.Threading.Tasks.TaskCanceledException: A task was canceled.
  at System.Net.Http.MonoWebRequestHandler.SendAsync (System.Net.Http.HttpRequestMessage request, System.Threading.CancellationToken cancellationToken) [0x00589] in <1461f1930feb4705bca8b5d7908e9fa7>:0 
  at Microsoft.Extensions.Http.Logging.LoggingHttpMessageHandler.SendAsync (System.Net.Http.HttpRequestMessage request, System.Threading.CancellationToken cancellationToken) [0x000d7] in <eb702e06450043b2b2cf918768e3c012>:0 
  at Microsoft.Extensions.Http.Logging.LoggingScopeHttpMessageHandler.SendAsync (System.Net.Http.HttpRequestMessage request, System.Threading.CancellationToken cancellationToken) [0x000ef] in <eb702e06450043b2b2cf918768e3c012>:0 
  at System.Net.Http.HttpClient.SendAsyncWorker (System.Net.Http.HttpRequestMessage request, System.Net.Http.HttpCompletionOption completionOption, System.Threading.CancellationToken cancellationToken) [0x000e8] in <1461f1930feb4705bca8b5d7908e9fa7>:0 
  at TNRD.Zeepkist.GTR.Connectivity.AlternativeDomainFallbackHandler.SendBufferedAsync (TNRD.Zeepkist.GTR.Connectivity.AlternativeDomainFallbackHandler+BufferedRequest bufferedRequest, System.Uri requestUri, System.Net.Http.HttpRequestMessage originalRequest, System.Threading.CancellationToken cancellationToken) [0x00069] in D:\a\Zeepkist.GTR.Mod\Zeepkist.GTR.Mod\Connectivity\AlternativeDomainFallbackHandler.cs:92 
  at TNRD.Zeepkist.GTR.Connectivity.AlternativeDomainFallbackHandler.SendAsync (System.Net.Http.HttpRequestMessage request, System.Threading.CancellationToken cancellationToken) [0x0018b] in D:\a\Zeepkist.GTR.Mod\Zeepkist.GTR.Mod\Connectivity\AlternativeDomainFallbackHandler.cs:44 
  at Microsoft.Extensions.Http.Logging.LoggingScopeHttpMessageHandler.SendAsync (System.Net.Http.HttpRequestMessage request, System.Threading.CancellationToken cancellationToken) [0x000ef] in <eb702e06450043b2b2cf918768e3c012>:0 
  at System.Net.Http.HttpClient.SendAsyncWorker (System.Net.Http.HttpRequestMessage request, System.Net.Http.HttpCompletionOption completionOption, System.Threading.CancellationToken cancellationToken) [0x000e8] in <1461f1930feb4705bca8b5d7908e9fa7>:0 
  at HotChocolate.Transport.Http.DefaultGraphQLHttpClient.ExecuteInternalAsync (HotChocolate.Transport.Http.GraphQLHttpRequest request, System.Uri requestUri, System.Threading.CancellationToken ct) [0x000b4] in <09151734df5848aa9a7bc160fd4a6a7f>:0 
  at StrawberryShake.Transport.Http.ResponseEnumerable+<GetAsyncEnumerator>d__3.MoveNext () [0x000f8] in <ff53e6b685134b3ba3e5c79775f59c09>:0 
  at System.Threading.Tasks.Sources.ManualResetValueTaskSourceCore`1[TResult].GetResult (System.Int16 token) [0x0001f] in <7b69b526073240d78fc73ce5db967a72>:0 
  at StrawberryShake.Transport.Http.ResponseEnumerable+<GetAsyncEnumerator>d__3.System.Threading.Tasks.Sources.IValueTaskSource<System.Boolean>.GetResult (System.Int16 token) [0x00000] in <ff53e6b685134b3ba3e5c79775f59c09>:0 
  at StrawberryShake.OperationExecutor`2[TData,TResult].ExecuteAsync (StrawberryShake.OperationRequest request, System.Threading.CancellationToken cancellationToken) [0x0018c] in <477cd25efd574ed694e416a1db52b995>:0 
  at StrawberryShake.OperationExecutor`2[TData,TResult].ExecuteAsync (StrawberryShake.OperationRequest request, System.Threading.CancellationToken cancellationToken) [0x00234] in <477cd25efd574ed694e416a1db52b995>:0 
  at TNRD.Zeepkist.GTR.GetLevelVoteSummaryQuery.ExecuteAsync (System.String xxHash, System.String steamId, System.Threading.CancellationToken cancellationToken) [0x00057] in D:\a\Zeepkist.GTR.Mod\Zeepkist.GTR.Mod\GraphQL\GtrClient.Client.cs:108163 
  at TNRD.Zeepkist.GTR.Voting.VotingGraphqlService.GetVoteSummary (System.String xxHash, System.UInt64 steamId, System.Threading.CancellationToken cancellationToken) [0x0004f] in D:\a\Zeepkist.GTR.Mod\Zeepkist.GTR.Mod\Voting\VotingGraphqlService.cs:26 '', "
[Info   :COTDTracker] Running update tab leaderboard function
[Info   :Zeepkist GTR] 20:26:55 Discarding recorder
[Info   :COTDTracker] Doing eliminations with leaderboard:
[Info   :COTDTracker] Player justMaki: Time: 20,81394
[Info   :COTDTracker] Player [KBW]Kernkob: Time: 20,87266
[Info   :COTDTracker] Player Jake: Time: 20,91211
[Info   :COTDTracker] Player RoundNzt: Time: 21,19109
[Info   :COTDTracker] Player Eclipse135: Time: 21,23281
[Info   :COTDTracker] Player ZOMAN: Time: DNF
[Info   :COTDTracker] Eliminating DNF: ZOMAN
[Info   :COTDTracker] Eliminated 1 DNF players
[Info   :COTDTracker] Eliminating 1 players: 
[Info   :COTDTracker] ZOMAN
[Info   :COTDTracker] Running update tab leaderboard function
[Info   :Zeepkist Bingo] [BINGO] Level loaded
[Info   :Zeepkist GTR] 20:27:09 Start processing HTTP request "POST" https://es-backend-5eu0pg2dcfyp6u2v33lz.zeepki.st/level/request
[Info   :Zeepkist GTR] 20:27:09 Start processing HTTP request "POST" https://es-backend-5eu0pg2dcfyp6u2v33lz.zeepki.st/level/request
[Info   :Zeepkist GTR] 20:27:09 Sending HTTP request "POST" https://es-backend-5eu0pg2dcfyp6u2v33lz.zeepki.st/level/request
[Info   :Zeepkist GTR] 20:27:09 Start processing HTTP request "POST" https://es-graphql-1q5xcqmja6dvh4ctc4t9.zeepki.st/
[Info   :Zeepkist GTR] 20:27:09 Start processing HTTP request "POST" https://es-graphql-1q5xcqmja6dvh4ctc4t9.zeepki.st/
[Info   :Zeepkist GTR] 20:27:09 Sending HTTP request "POST" https://es-graphql-1q5xcqmja6dvh4ctc4t9.zeepki.st/
[Info   :BetterSplits] getting gtr splits
[Error  :BetterSplits] cannot get splits, no gtr id
[Info   :Zeepkist Bingo] [BINGO] === PLAYER SPAWNED ===
[Info   :Zeepkist Bingo] [BINGO] IsInActiveSession: False
[Info   :Zeepkist Bingo] [BINGO] Not in active session, skipping timer reset
[Info   :Zeepkist GTR] 20:27:09 Loading personal best...
[Info   :Zeepkist GTR] 20:27:09 Start processing HTTP request "POST" https://es-graphql-1q5xcqmja6dvh4ctc4t9.zeepki.st/
[Info   :Zeepkist GTR] 20:27:09 Start processing HTTP request "POST" https://es-graphql-1q5xcqmja6dvh4ctc4t9.zeepki.st/
[Info   :Zeepkist GTR] 20:27:09 Sending HTTP request "POST" https://es-graphql-1q5xcqmja6dvh4ctc4t9.zeepki.st/
[Info   :Zeepkist GTR] 20:27:09 Stopping existing recorder if any
[Info   :Zeepkist GTR] 20:27:09 Creating new recorder
[Info   :Zeepkist GTR] 20:27:11 Starting recorder
[Error  :Zeepkist GTR] 20:27:19 Failed to request level scan for workshop "3802362759" and hash "393F1DFDE644FFF4D69A8C7E353419CE"
[Error  :Zeepkist RTM] 20:27:19 Unobserved task exception
[Error  :Zeepkist GTR] 20:27:19 Unobserved task exception
[Info   :Zeepkist GTR] 20:27:48 Start processing HTTP request "POST" https://es-graphql-1q5xcqmja6dvh4ctc4t9.zeepki.st/
[Info   :Zeepkist GTR] 20:27:48 Start processing HTTP request "POST" https://es-graphql-1q5xcqmja6dvh4ctc4t9.zeepki.st/
[Info   :Zeepkist GTR] 20:27:48 Sending HTTP request "POST" https://es-graphql-1q5xcqmja6dvh4ctc4t9.zeepki.st/
[Error  :Zeepkist GTR] 20:27:58 Failed to get vote summary: "Result: IsSuccess='False', Reasons='ExceptionalError with Message='A task was canceled.', Exception='System.Threading.Tasks.TaskCanceledException: A task was canceled.
  at System.Net.Http.MonoWebRequestHandler.SendAsync (System.Net.Http.HttpRequestMessage request, System.Threading.CancellationToken cancellationToken) [0x00589] in <1461f1930feb4705bca8b5d7908e9fa7>:0 
  at Microsoft.Extensions.Http.Logging.LoggingHttpMessageHandler.SendAsync (System.Net.Http.HttpRequestMessage request, System.Threading.CancellationToken cancellationToken) [0x000d7] in <eb702e06450043b2b2cf918768e3c012>:0 
  at Microsoft.Extensions.Http.Logging.LoggingScopeHttpMessageHandler.SendAsync (System.Net.Http.HttpRequestMessage request, System.Threading.CancellationToken cancellationToken) [0x000ef] in <eb702e06450043b2b2cf918768e3c012>:0 
  at System.Net.Http.HttpClient.SendAsyncWorker (System.Net.Http.HttpRequestMessage request, System.Net.Http.HttpCompletionOption completionOption, System.Threading.CancellationToken cancellationToken) [0x000e8] in <1461f1930feb4705bca8b5d7908e9fa7>:0 
  at TNRD.Zeepkist.GTR.Connectivity.AlternativeDomainFallbackHandler.SendBufferedAsync (TNRD.Zeepkist.GTR.Connectivity.AlternativeDomainFallbackHandler+BufferedRequest bufferedRequest, System.Uri requestUri, System.Net.Http.HttpRequestMessage originalRequest, System.Threading.CancellationToken cancellationToken) [0x00069] in D:\a\Zeepkist.GTR.Mod\Zeepkist.GTR.Mod\Connectivity\AlternativeDomainFallbackHandler.cs:92 
  at TNRD.Zeepkist.GTR.Connectivity.AlternativeDomainFallbackHandler.SendAsync (System.Net.Http.HttpRequestMessage request, System.Threading.CancellationToken cancellationToken) [0x0018b] in D:\a\Zeepkist.GTR.Mod\Zeepkist.GTR.Mod\Connectivity\AlternativeDomainFallbackHandler.cs:44 
  at Microsoft.Extensions.Http.Logging.LoggingScopeHttpMessageHandler.SendAsync (System.Net.Http.HttpRequestMessage request, System.Threading.CancellationToken cancellationToken) [0x000ef] in <eb702e06450043b2b2cf918768e3c012>:0 
  at System.Net.Http.HttpClient.SendAsyncWorker (System.Net.Http.HttpRequestMessage request, System.Net.Http.HttpCompletionOption completionOption, System.Threading.CancellationToken cancellationToken) [0x000e8] in <1461f1930feb4705bca8b5d7908e9fa7>:0 
  at HotChocolate.Transport.Http.DefaultGraphQLHttpClient.ExecuteInternalAsync (HotChocolate.Transport.Http.GraphQLHttpRequest request, System.Uri requestUri, System.Threading.CancellationToken ct) [0x000b4] in <09151734df5848aa9a7bc160fd4a6a7f>:0 
  at StrawberryShake.Transport.Http.ResponseEnumerable+<GetAsyncEnumerator>d__3.MoveNext () [0x000f8] in <ff53e6b685134b3ba3e5c79775f59c09>:0 
  at System.Threading.Tasks.Sources.ManualResetValueTaskSourceCore`1[TResult].GetResult (System.Int16 token) [0x0001f] in <7b69b526073240d78fc73ce5db967a72>:0 
  at StrawberryShake.Transport.Http.ResponseEnumerable+<GetAsyncEnumerator>d__3.System.Threading.Tasks.Sources.IValueTaskSource<System.Boolean>.GetResult (System.Int16 token) [0x00000] in <ff53e6b685134b3ba3e5c79775f59c09>:0 
  at StrawberryShake.OperationExecutor`2[TData,TResult].ExecuteAsync (StrawberryShake.OperationRequest request, System.Threading.CancellationToken cancellationToken) [0x0018c] in <477cd25efd574ed694e416a1db52b995>:0 
  at StrawberryShake.OperationExecutor`2[TData,TResult].ExecuteAsync (StrawberryShake.OperationRequest request, System.Threading.CancellationToken cancellationToken) [0x00234] in <477cd25efd574ed694e416a1db52b995>:0 
  at TNRD.Zeepkist.GTR.GetLevelVoteSummaryQuery.ExecuteAsync (System.String xxHash, System.String steamId, System.Threading.CancellationToken cancellationToken) [0x00057] in D:\a\Zeepkist.GTR.Mod\Zeepkist.GTR.Mod\GraphQL\GtrClient.Client.cs:108163 
  at TNRD.Zeepkist.GTR.Voting.VotingGraphqlService.GetVoteSummary (System.String xxHash, System.UInt64 steamId, System.Threading.CancellationToken cancellationToken) [0x0004f] in D:\a\Zeepkist.GTR.Mod\Zeepkist.GTR.Mod\Voting\VotingGraphqlService.cs:26 '', "
[Info   :Zeepkist GTR] 20:28:18 Discarding recorder
[Info   :COTDTracker] Doing eliminations with leaderboard:
[Info   :COTDTracker] Player [KBW]Kernkob: Time: 23,55144
[Info   :COTDTracker] Player Jake: Time: 23,63761
[Info   :COTDTracker] Player justMaki: Time: 23,66522
[Info   :COTDTracker] Player Eclipse135: Time: 23,95516
[Info   :COTDTracker] Player RoundNzt: Time: 23,97803
[Info   :COTDTracker] Eliminated 0 DNF players
[Info   :COTDTracker] Eliminating on time: RoundNzt
[Info   :COTDTracker] Eliminating 1 players: 
[Info   :COTDTracker] RoundNzt
[Info   :Zeepkist Bingo] [BINGO] Level loaded
[Info   :Zeepkist GTR] 20:28:32 Start processing HTTP request "POST" https://es-backend-5eu0pg2dcfyp6u2v33lz.zeepki.st/level/request
[Info   :Zeepkist GTR] 20:28:32 Start processing HTTP request "POST" https://es-backend-5eu0pg2dcfyp6u2v33lz.zeepki.st/level/request
[Info   :Zeepkist GTR] 20:28:32 Sending HTTP request "POST" https://es-backend-5eu0pg2dcfyp6u2v33lz.zeepki.st/level/request
[Info   :Zeepkist GTR] 20:28:32 Start processing HTTP request "POST" https://es-graphql-1q5xcqmja6dvh4ctc4t9.zeepki.st/
[Info   :Zeepkist GTR] 20:28:32 Start processing HTTP request "POST" https://es-graphql-1q5xcqmja6dvh4ctc4t9.zeepki.st/
[Info   :Zeepkist GTR] 20:28:32 Sending HTTP request "POST" https://es-graphql-1q5xcqmja6dvh4ctc4t9.zeepki.st/
[Info   :Zeepkist GTR] 20:28:32 Start processing HTTP request "POST" https://es-graphql-1q5xcqmja6dvh4ctc4t9.zeepki.st/
[Info   :Zeepkist GTR] 20:28:32 Start processing HTTP request "POST" https://es-graphql-1q5xcqmja6dvh4ctc4t9.zeepki.st/
[Info   :Zeepkist GTR] 20:28:32 Sending HTTP request "POST" https://es-graphql-1q5xcqmja6dvh4ctc4t9.zeepki.st/
[Info   :BetterSplits] getting gtr splits
[Error  :BetterSplits] cannot get splits, no gtr id
[Info   :Zeepkist Bingo] [BINGO] === PLAYER SPAWNED ===
[Info   :Zeepkist Bingo] [BINGO] IsInActiveSession: False
[Info   :Zeepkist Bingo] [BINGO] Not in active session, skipping timer reset
[Info   :Zeepkist GTR] 20:28:32 Loading personal best...
[Info   :Zeepkist GTR] 20:28:32 Start processing HTTP request "POST" https://es-graphql-1q5xcqmja6dvh4ctc4t9.zeepki.st/
[Info   :Zeepkist GTR] 20:28:32 Start processing HTTP request "POST" https://es-graphql-1q5xcqmja6dvh4ctc4t9.zeepki.st/
[Info   :Zeepkist GTR] 20:28:32 Sending HTTP request "POST" https://es-graphql-1q5xcqmja6dvh4ctc4t9.zeepki.st/
[Info   :Zeepkist GTR] 20:28:32 Stopping existing recorder if any
[Info   :Zeepkist GTR] 20:28:32 Creating new recorder
[Info   :Zeepkist GTR] 20:28:33 Received HTTP response headers after 408.0272ms - 503
[Info   :Zeepkist GTR] 20:28:33 End processing HTTP request after 408.2345ms - 503
[Info   :Zeepkist GTR] 20:28:33 End processing HTTP request after 408.6539ms - 503
[Info   :Zeepkist GTR] 20:28:33 Received HTTP response headers after 410.3687ms - 503
[Info   :Zeepkist GTR] 20:28:33 End processing HTTP request after 410.5516ms - 503
[Warning:Zeepkist GTR] 20:28:33 Current-level record subscription failed
[Info   :Zeepkist GTR] 20:28:33 End processing HTTP request after 415.1832ms - 503
[Warning:Zeepkist GTR] 20:28:33 Failed to resolve current-level record IDs
[Warning:Zeepkist GTR] 20:28:33 Failed to load track tournaments for current level
[Info   :Zeepkist GTR] 20:28:33 Received HTTP response headers after 635.7107ms - 503
[Info   :Zeepkist GTR] 20:28:33 End processing HTTP request after 635.9191ms - 503
[Info   :Zeepkist GTR] 20:28:33 End processing HTTP request after 637.0859ms - 503
[Error  :Zeepkist GTR] 20:28:33 Failed to load personal best: "Result: IsSuccess='False', Reasons='ExceptionalError with Message='Response status code does not indicate success: 503 (Service Unavailable).', Exception='StrawberryShake.GraphQLClientException: Response status code does not indicate success: 503 (Service Unavailable).
  at StrawberryShake.OperationResultExtensions.EnsureNoErrors (StrawberryShake.IOperationResult result) [0x00027] in <477cd25efd574ed694e416a1db52b995>:0 
  at TNRD.Zeepkist.GTR.Ghosting.Playback.OnlineGhostGraphqlService.GetPersonalBests (TNRD.Zeepkist.GTR.GraphQL.LevelGraphqlIdentity level, System.Threading.CancellationToken cancellationToken) [0x000c7] in D:\a\Zeepkist.GTR.Mod\Zeepkist.GTR.Mod\Ghosting\Playback\OnlineGhostGraphqlService.cs:42 '', "
[Info   :Zeepkist GTR] 20:28:33 Received HTTP response headers after 930.2066ms - 500
[Info   :Zeepkist GTR] 20:28:33 End processing HTTP request after 930.4388ms - 500
[Info   :Zeepkist GTR] 20:28:33 End processing HTTP request after 937.3103ms - 500
[Warning:Zeepkist GTR] 20:28:33 Transient response, retrying in 00:00:01.3530000 (1)
[Info   :Zeepkist GTR] 20:28:34 Starting recorder
[Info   :Zeepkist GTR] 20:28:35 Start processing HTTP request "POST" https://es-backend-5eu0pg2dcfyp6u2v33lz.zeepki.st/level/request
[Info   :Zeepkist GTR] 20:28:35 Start processing HTTP request "POST" https://es-backend-5eu0pg2dcfyp6u2v33lz.zeepki.st/level/request
[Info   :Zeepkist GTR] 20:28:35 Sending HTTP request "POST" https://es-backend-5eu0pg2dcfyp6u2v33lz.zeepki.st/level/request
[Info   :Zeepkist GTR] 20:28:35 Received HTTP response headers after 307.3455ms - 500
[Info   :Zeepkist GTR] 20:28:35 End processing HTTP request after 307.5716ms - 500
[Info   :Zeepkist GTR] 20:28:35 End processing HTTP request after 312.6752ms - 500
[Warning:Zeepkist GTR] 20:28:35 Transient response, retrying in 00:00:02.4590000 (2)
[Info   :Zeepkist GTR] 20:28:37 Start processing HTTP request "POST" https://es-backend-5eu0pg2dcfyp6u2v33lz.zeepki.st/level/request
[Info   :Zeepkist GTR] 20:28:37 Start processing HTTP request "POST" https://es-backend-5eu0pg2dcfyp6u2v33lz.zeepki.st/level/request
[Info   :Zeepkist GTR] 20:28:37 Sending HTTP request "POST" https://es-backend-5eu0pg2dcfyp6u2v33lz.zeepki.st/level/request
[Info   :Zeepkist GTR] 20:28:37 Received HTTP response headers after 92.5844ms - 500
[Info   :Zeepkist GTR] 20:28:37 End processing HTTP request after 92.8208ms - 500
[Info   :Zeepkist GTR] 20:28:37 End processing HTTP request after 96.8895ms - 500
[Warning:Zeepkist GTR] 20:28:37 Transient response, retrying in 00:00:04.1090000 (3)
[Info   :Zeepkist GTR] 20:28:42 Start processing HTTP request "POST" https://es-backend-5eu0pg2dcfyp6u2v33lz.zeepki.st/level/request
[Info   :Zeepkist GTR] 20:28:42 Start processing HTTP request "POST" https://es-backend-5eu0pg2dcfyp6u2v33lz.zeepki.st/level/request
[Info   :Zeepkist GTR] 20:28:42 Sending HTTP request "POST" https://es-backend-5eu0pg2dcfyp6u2v33lz.zeepki.st/level/request
[Info   :Zeepkist GTR] 20:28:42 Received HTTP response headers after 65.6747ms - 500
[Info   :Zeepkist GTR] 20:28:42 End processing HTTP request after 65.8864ms - 500
[Info   :Zeepkist GTR] 20:28:42 End processing HTTP request after 70.3447ms - 500
[Warning:Zeepkist GTR] 20:28:42 Failed to request level scan for workshop "3801853512" and hash "9517F98527BCD913386E3CC4B465A429": InternalServerError
[Info   :Zeepkist GTR] 20:29:11 Start processing HTTP request "POST" https://es-graphql-1q5xcqmja6dvh4ctc4t9.zeepki.st/
[Info   :Zeepkist GTR] 20:29:11 Start processing HTTP request "POST" https://es-graphql-1q5xcqmja6dvh4ctc4t9.zeepki.st/
[Info   :Zeepkist GTR] 20:29:11 Sending HTTP request "POST" https://es-graphql-1q5xcqmja6dvh4ctc4t9.zeepki.st/
[Info   :Zeepkist GTR] 20:29:11 Received HTTP response headers after 73.5195ms - 503
[Info   :Zeepkist GTR] 20:29:11 End processing HTTP request after 73.7403ms - 503
[Info   :Zeepkist GTR] 20:29:11 End processing HTTP request after 77.0711ms - 503
[Error  :Zeepkist GTR] 20:29:11 Failed to get vote summary: "Result: IsSuccess='False', Reasons='ExceptionalError with Message='Response status code does not indicate success: 503 (Service Unavailable).', Exception='StrawberryShake.GraphQLClientException: Response status code does not indicate success: 503 (Service Unavailable).
  at StrawberryShake.OperationResultExtensions.EnsureNoErrors (StrawberryShake.IOperationResult result) [0x00027] in <477cd25efd574ed694e416a1db52b995>:0 
  at TNRD.Zeepkist.GTR.Voting.VotingGraphqlService.GetVoteSummary (System.String xxHash, System.UInt64 steamId, System.Threading.CancellationToken cancellationToken) [0x000bb] in D:\a\Zeepkist.GTR.Mod\Zeepkist.GTR.Mod\Voting\VotingGraphqlService.cs:31 '', "
[Info   :Zeepkist GTR] 20:29:41 Discarding recorder
[Info   :COTDTracker] Doing eliminations with leaderboard:
[Info   :COTDTracker] Player justMaki: Time: 20,80172
[Info   :COTDTracker] Player [KBW]Kernkob: Time: 20,80835
[Info   :COTDTracker] Player Jake: Time: 21,04976
[Info   :COTDTracker] Player Eclipse135: Time: 21,05203
[Info   :COTDTracker] Eliminated 0 DNF players
[Info   :COTDTracker] Eliminating on time: Eclipse135
[Info   :COTDTracker] Eliminating 1 players: 
[Info   :COTDTracker] Eclipse135
[Info   :Zeepkist Bingo] [BINGO] Level loaded
[Info   :Zeepkist GTR] 20:29:55 Start processing HTTP request "POST" https://es-backend-5eu0pg2dcfyp6u2v33lz.zeepki.st/level/request
[Info   :Zeepkist GTR] 20:29:55 Start processing HTTP request "POST" https://es-backend-5eu0pg2dcfyp6u2v33lz.zeepki.st/level/request
[Info   :Zeepkist GTR] 20:29:55 Sending HTTP request "POST" https://es-backend-5eu0pg2dcfyp6u2v33lz.zeepki.st/level/request
[Info   :Zeepkist GTR] 20:29:55 Start processing HTTP request "POST" https://es-graphql-1q5xcqmja6dvh4ctc4t9.zeepki.st/
[Info   :Zeepkist GTR] 20:29:55 Start processing HTTP request "POST" https://es-graphql-1q5xcqmja6dvh4ctc4t9.zeepki.st/
[Info   :Zeepkist GTR] 20:29:55 Sending HTTP request "POST" https://es-graphql-1q5xcqmja6dvh4ctc4t9.zeepki.st/
[Info   :BetterSplits] getting gtr splits
[Error  :BetterSplits] cannot get splits, no gtr id
[Info   :Zeepkist Bingo] [BINGO] === PLAYER SPAWNED ===
[Info   :Zeepkist Bingo] [BINGO] IsInActiveSession: False
[Info   :Zeepkist Bingo] [BINGO] Not in active session, skipping timer reset
[Info   :Zeepkist GTR] 20:29:55 Loading personal best...
[Info   :Zeepkist GTR] 20:29:55 Start processing HTTP request "POST" https://es-graphql-1q5xcqmja6dvh4ctc4t9.zeepki.st/
[Info   :Zeepkist GTR] 20:29:55 Start processing HTTP request "POST" https://es-graphql-1q5xcqmja6dvh4ctc4t9.zeepki.st/
[Info   :Zeepkist GTR] 20:29:55 Sending HTTP request "POST" https://es-graphql-1q5xcqmja6dvh4ctc4t9.zeepki.st/
[Info   :Zeepkist GTR] 20:29:55 Stopping existing recorder if any
[Info   :Zeepkist GTR] 20:29:55 Creating new recorder
[Info   :Zeepkist GTR] 20:29:56 Received HTTP response headers after 233.1547ms - 503
[Info   :Zeepkist GTR] 20:29:56 End processing HTTP request after 233.3978ms - 503
[Warning:Zeepkist GTR] 20:29:56 Current-level record subscription failed
[Info   :Zeepkist GTR] 20:29:56 End processing HTTP request after 234.6885ms - 503
[Warning:Zeepkist GTR] 20:29:56 Failed to load track tournaments for current level
[Info   :Zeepkist GTR] 20:29:56 Received HTTP response headers after 205.1006ms - 503
[Info   :Zeepkist GTR] 20:29:56 End processing HTTP request after 205.4284ms - 503
[Info   :Zeepkist GTR] 20:29:56 End processing HTTP request after 207.2051ms - 503
[Error  :Zeepkist GTR] 20:29:56 Failed to load personal best: "Result: IsSuccess='False', Reasons='ExceptionalError with Message='Response status code does not indicate success: 503 (Service Unavailable).', Exception='StrawberryShake.GraphQLClientException: Response status code does not indicate success: 503 (Service Unavailable).
  at StrawberryShake.OperationResultExtensions.EnsureNoErrors (StrawberryShake.IOperationResult result) [0x00027] in <477cd25efd574ed694e416a1db52b995>:0 
  at TNRD.Zeepkist.GTR.Ghosting.Playback.OnlineGhostGraphqlService.GetPersonalBests (TNRD.Zeepkist.GTR.GraphQL.LevelGraphqlIdentity level, System.Threading.CancellationToken cancellationToken) [0x000c7] in D:\a\Zeepkist.GTR.Mod\Zeepkist.GTR.Mod\Ghosting\Playback\OnlineGhostGraphqlService.cs:42 '', "
[Info   :Zeepkist GTR] 20:29:56 Received HTTP response headers after 304.3277ms - 500
[Info   :Zeepkist GTR] 20:29:56 End processing HTTP request after 304.549ms - 500
[Info   :Zeepkist GTR] 20:29:56 End processing HTTP request after 311.6131ms - 500
[Warning:Zeepkist GTR] 20:29:56 Transient response, retrying in 00:00:01.4890000 (1)
[Info   :Zeepkist GTR] 20:29:57 Starting recorder
[Info   :Zeepkist GTR] 20:29:57 Start processing HTTP request "POST" https://es-backend-5eu0pg2dcfyp6u2v33lz.zeepki.st/level/request
[Info   :Zeepkist GTR] 20:29:57 Start processing HTTP request "POST" https://es-backend-5eu0pg2dcfyp6u2v33lz.zeepki.st/level/request
[Info   :Zeepkist GTR] 20:29:57 Sending HTTP request "POST" https://es-backend-5eu0pg2dcfyp6u2v33lz.zeepki.st/level/request
[Info   :Zeepkist GTR] 20:29:57 Received HTTP response headers after 66.7809ms - 500
[Info   :Zeepkist GTR] 20:29:57 End processing HTTP request after 67.0372ms - 500
[Info   :Zeepkist GTR] 20:29:57 End processing HTTP request after 69.7863ms - 500
[Warning:Zeepkist GTR] 20:29:57 Transient response, retrying in 00:00:02.1350000 (2)
[Info   :Zeepkist GTR] 20:29:59 Start processing HTTP request "POST" https://es-backend-5eu0pg2dcfyp6u2v33lz.zeepki.st/level/request
[Info   :Zeepkist GTR] 20:29:59 Start processing HTTP request "POST" https://es-backend-5eu0pg2dcfyp6u2v33lz.zeepki.st/level/request
[Info   :Zeepkist GTR] 20:29:59 Sending HTTP request "POST" https://es-backend-5eu0pg2dcfyp6u2v33lz.zeepki.st/level/request
[Info   :Zeepkist GTR] 20:29:59 Received HTTP response headers after 57.7899ms - 500
[Info   :Zeepkist GTR] 20:29:59 End processing HTTP request after 58.0101ms - 500
[Info   :Zeepkist GTR] 20:29:59 End processing HTTP request after 62.3696ms - 500
[Warning:Zeepkist GTR] 20:29:59 Transient response, retrying in 00:00:04.1920000 (3)
[Info   :Zeepkist GTR] 20:30:04 Start processing HTTP request "POST" https://es-backend-5eu0pg2dcfyp6u2v33lz.zeepki.st/level/request
[Info   :Zeepkist GTR] 20:30:04 Start processing HTTP request "POST" https://es-backend-5eu0pg2dcfyp6u2v33lz.zeepki.st/level/request
[Info   :Zeepkist GTR] 20:30:04 Sending HTTP request "POST" https://es-backend-5eu0pg2dcfyp6u2v33lz.zeepki.st/level/request
[Info   :Zeepkist GTR] 20:30:04 Received HTTP response headers after 80.0402ms - 500
[Info   :Zeepkist GTR] 20:30:04 End processing HTTP request after 80.2589ms - 500
[Info   :Zeepkist GTR] 20:30:04 End processing HTTP request after 83.2605ms - 500
[Warning:Zeepkist GTR] 20:30:04 Failed to request level scan for workshop "3802362759" and hash "393F1DFDE644FFF4D69A8C7E353419CE": InternalServerError
[Info   :Zeepkist GTR] 20:30:34 Start processing HTTP request "POST" https://es-graphql-1q5xcqmja6dvh4ctc4t9.zeepki.st/
[Info   :Zeepkist GTR] 20:30:34 Start processing HTTP request "POST" https://es-graphql-1q5xcqmja6dvh4ctc4t9.zeepki.st/
[Info   :Zeepkist GTR] 20:30:34 Sending HTTP request "POST" https://es-graphql-1q5xcqmja6dvh4ctc4t9.zeepki.st/
[Info   :Zeepkist GTR] 20:30:34 Received HTTP response headers after 43.1512ms - 503
[Info   :Zeepkist GTR] 20:30:34 End processing HTTP request after 43.4397ms - 503
[Info   :Zeepkist GTR] 20:30:34 End processing HTTP request after 49.0346ms - 503
[Error  :Zeepkist GTR] 20:30:34 Failed to get vote summary: "Result: IsSuccess='False', Reasons='ExceptionalError with Message='Response status code does not indicate success: 503 (Service Unavailable).', Exception='StrawberryShake.GraphQLClientException: Response status code does not indicate success: 503 (Service Unavailable).
  at StrawberryShake.OperationResultExtensions.EnsureNoErrors (StrawberryShake.IOperationResult result) [0x00027] in <477cd25efd574ed694e416a1db52b995>:0 
  at TNRD.Zeepkist.GTR.Voting.VotingGraphqlService.GetVoteSummary (System.String xxHash, System.UInt64 steamId, System.Threading.CancellationToken cancellationToken) [0x000bb] in D:\a\Zeepkist.GTR.Mod\Zeepkist.GTR.Mod\Voting\VotingGraphqlService.cs:31 '', "
[Info   :Zeepkist GTR] 20:31:04 Discarding recorder
[Info   :COTDTracker] Doing eliminations with leaderboard:
[Info   :COTDTracker] Player justMaki: Time: 23,56677
[Info   :COTDTracker] Player [KBW]Kernkob: Time: 23,58284
[Info   :COTDTracker] Player Jake: Time: 23,61277
[Info   :COTDTracker] Eliminated 0 DNF players
[Info   :COTDTracker] Eliminating on time: Jake
[Info   :COTDTracker] Eliminating 1 players: 
[Info   :COTDTracker] Jake
[Info   :Zeepkist Bingo] [BINGO] Level loaded
[Info   :Zeepkist GTR] 20:31:18 Start processing HTTP request "POST" https://es-backend-5eu0pg2dcfyp6u2v33lz.zeepki.st/level/request
[Info   :Zeepkist GTR] 20:31:18 Start processing HTTP request "POST" https://es-backend-5eu0pg2dcfyp6u2v33lz.zeepki.st/level/request
[Info   :Zeepkist GTR] 20:31:18 Sending HTTP request "POST" https://es-backend-5eu0pg2dcfyp6u2v33lz.zeepki.st/level/request
[Info   :Zeepkist GTR] 20:31:18 Start processing HTTP request "POST" https://es-graphql-1q5xcqmja6dvh4ctc4t9.zeepki.st/
[Info   :Zeepkist GTR] 20:31:18 Start processing HTTP request "POST" https://es-graphql-1q5xcqmja6dvh4ctc4t9.zeepki.st/
[Info   :Zeepkist GTR] 20:31:18 Sending HTTP request "POST" https://es-graphql-1q5xcqmja6dvh4ctc4t9.zeepki.st/
[Info   :Zeepkist GTR] 20:31:18 Start processing HTTP request "POST" https://es-graphql-1q5xcqmja6dvh4ctc4t9.zeepki.st/
[Info   :Zeepkist GTR] 20:31:18 Start processing HTTP request "POST" https://es-graphql-1q5xcqmja6dvh4ctc4t9.zeepki.st/
[Info   :Zeepkist GTR] 20:31:18 Sending HTTP request "POST" https://es-graphql-1q5xcqmja6dvh4ctc4t9.zeepki.st/
[Info   :BetterSplits] getting gtr splits
[Error  :BetterSplits] cannot get splits, no gtr id
[Info   :Zeepkist GTR] 20:31:18 Received HTTP response headers after 48.7573ms - 503
[Info   :Zeepkist GTR] 20:31:18 Received HTTP response headers after 48.2556ms - 503
[Info   :Zeepkist GTR] 20:31:18 End processing HTTP request after 48.4798ms - 503
[Info   :Zeepkist GTR] 20:31:18 End processing HTTP request after 49.0049ms - 503
[Info   :Zeepkist Bingo] [BINGO] === PLAYER SPAWNED ===
[Info   :Zeepkist Bingo] [BINGO] IsInActiveSession: False
[Info   :Zeepkist Bingo] [BINGO] Not in active session, skipping timer reset
[Info   :Zeepkist GTR] 20:31:18 Loading personal best...
[Info   :Zeepkist GTR] 20:31:18 Start processing HTTP request "POST" https://es-graphql-1q5xcqmja6dvh4ctc4t9.zeepki.st/
[Info   :Zeepkist GTR] 20:31:18 Start processing HTTP request "POST" https://es-graphql-1q5xcqmja6dvh4ctc4t9.zeepki.st/
[Info   :Zeepkist GTR] 20:31:18 Sending HTTP request "POST" https://es-graphql-1q5xcqmja6dvh4ctc4t9.zeepki.st/
[Info   :Zeepkist GTR] 20:31:18 Stopping existing recorder if any
[Info   :Zeepkist GTR] 20:31:18 Creating new recorder
[Info   :Zeepkist GTR] 20:31:18 End processing HTTP request after 85.5404ms - 503
[Info   :Zeepkist GTR] 20:31:18 End processing HTTP request after 85.0102ms - 503
[Info   :Zeepkist GTR] 20:31:18 Received HTTP response headers after 87.1342ms - 500
[Info   :Zeepkist GTR] 20:31:18 End processing HTTP request after 87.3165ms - 500
[Info   :Zeepkist GTR] 20:31:18 End processing HTTP request after 92.9223ms - 500
[Warning:Zeepkist GTR] 20:31:18 Failed to resolve current-level record IDs
[Warning:Zeepkist GTR] 20:31:18 Failed to load track tournaments for current level
[Warning:Zeepkist GTR] 20:31:18 Transient response, retrying in 00:00:01.1700000 (1)
[Info   :Zeepkist GTR] 20:31:18 Received HTTP response headers after 44.0544ms - 503
[Info   :Zeepkist GTR] 20:31:18 End processing HTTP request after 44.2906ms - 503
[Info   :Zeepkist GTR] 20:31:18 End processing HTTP request after 51.6385ms - 503
[Error  :Zeepkist GTR] 20:31:18 Failed to load personal best: "Result: IsSuccess='False', Reasons='ExceptionalError with Message='Response status code does not indicate success: 503 (Service Unavailable).', Exception='StrawberryShake.GraphQLClientException: Response status code does not indicate success: 503 (Service Unavailable).
  at StrawberryShake.OperationResultExtensions.EnsureNoErrors (StrawberryShake.IOperationResult result) [0x00027] in <477cd25efd574ed694e416a1db52b995>:0 
  at TNRD.Zeepkist.GTR.Ghosting.Playback.OnlineGhostGraphqlService.GetPersonalBests (TNRD.Zeepkist.GTR.GraphQL.LevelGraphqlIdentity level, System.Threading.CancellationToken cancellationToken) [0x000c7] in D:\a\Zeepkist.GTR.Mod\Zeepkist.GTR.Mod\Ghosting\Playback\OnlineGhostGraphqlService.cs:42 '', "
[Info   :Zeepkist GTR] 20:31:20 Start processing HTTP request "POST" https://es-backend-5eu0pg2dcfyp6u2v33lz.zeepki.st/level/request
[Info   :Zeepkist GTR] 20:31:20 Start processing HTTP request "POST" https://es-backend-5eu0pg2dcfyp6u2v33lz.zeepki.st/level/request
[Info   :Zeepkist GTR] 20:31:20 Sending HTTP request "POST" https://es-backend-5eu0pg2dcfyp6u2v33lz.zeepki.st/level/request
[Info   :Zeepkist GTR] 20:31:20 Received HTTP response headers after 71.0647ms - 500
[Info   :Zeepkist GTR] 20:31:20 End processing HTTP request after 71.2787ms - 500
[Info   :Zeepkist GTR] 20:31:20 End processing HTTP request after 76.1341ms - 500
[Warning:Zeepkist GTR] 20:31:20 Transient response, retrying in 00:00:02.3810000 (2)
[Info   :Zeepkist GTR] 20:31:20 Starting recorder
[Info   :Zeepkist GTR] 20:31:22 Start processing HTTP request "POST" https://es-backend-5eu0pg2dcfyp6u2v33lz.zeepki.st/level/request
[Info   :Zeepkist GTR] 20:31:22 Start processing HTTP request "POST" https://es-backend-5eu0pg2dcfyp6u2v33lz.zeepki.st/level/request
[Info   :Zeepkist GTR] 20:31:22 Sending HTTP request "POST" https://es-backend-5eu0pg2dcfyp6u2v33lz.zeepki.st/level/request
[Info   :Zeepkist GTR] 20:31:22 Received HTTP response headers after 59.8877ms - 500
[Info   :Zeepkist GTR] 20:31:22 End processing HTTP request after 60.1042ms - 500
[Info   :Zeepkist GTR] 20:31:22 End processing HTTP request after 62.6902ms - 500
[Warning:Zeepkist GTR] 20:31:22 Transient response, retrying in 00:00:04.2040000 (3)
[Info   :Zeepkist GTR] 20:31:26 Start processing HTTP request "POST" https://es-backend-5eu0pg2dcfyp6u2v33lz.zeepki.st/level/request
[Info   :Zeepkist GTR] 20:31:26 Start processing HTTP request "POST" https://es-backend-5eu0pg2dcfyp6u2v33lz.zeepki.st/level/request
[Info   :Zeepkist GTR] 20:31:26 Sending HTTP request "POST" https://es-backend-5eu0pg2dcfyp6u2v33lz.zeepki.st/level/request
[Info   :Zeepkist GTR] 20:31:26 Received HTTP response headers after 68.04ms - 500
[Info   :Zeepkist GTR] 20:31:26 End processing HTTP request after 68.2614ms - 500
[Info   :Zeepkist GTR] 20:31:26 End processing HTTP request after 69.3205ms - 500
[Warning:Zeepkist GTR] 20:31:26 Failed to request level scan for workshop "3801853512" and hash "9517F98527BCD913386E3CC4B465A429": InternalServerError
[Info   :Zeepkist GTR] 20:31:57 Start processing HTTP request "POST" https://es-graphql-1q5xcqmja6dvh4ctc4t9.zeepki.st/
[Info   :Zeepkist GTR] 20:31:57 Start processing HTTP request "POST" https://es-graphql-1q5xcqmja6dvh4ctc4t9.zeepki.st/
[Info   :Zeepkist GTR] 20:31:57 Sending HTTP request "POST" https://es-graphql-1q5xcqmja6dvh4ctc4t9.zeepki.st/
[Info   :Zeepkist GTR] 20:31:57 Received HTTP response headers after 207.6223ms - 503
[Info   :Zeepkist GTR] 20:31:57 End processing HTTP request after 207.8613ms - 503
[Info   :Zeepkist GTR] 20:31:57 End processing HTTP request after 209.2458ms - 503
[Error  :Zeepkist GTR] 20:31:57 Failed to get vote summary: "Result: IsSuccess='False', Reasons='ExceptionalError with Message='Response status code does not indicate success: 503 (Service Unavailable).', Exception='StrawberryShake.GraphQLClientException: Response status code does not indicate success: 503 (Service Unavailable).
  at StrawberryShake.OperationResultExtensions.EnsureNoErrors (StrawberryShake.IOperationResult result) [0x00027] in <477cd25efd574ed694e416a1db52b995>:0 
  at TNRD.Zeepkist.GTR.Voting.VotingGraphqlService.GetVoteSummary (System.String xxHash, System.UInt64 steamId, System.Threading.CancellationToken cancellationToken) [0x000bb] in D:\a\Zeepkist.GTR.Mod\Zeepkist.GTR.Mod\Voting\VotingGraphqlService.cs:31 '', "
[Info   :Zeepkist GTR] 20:32:27 Discarding recorder
[Info   :COTDTracker] Doing eliminations with leaderboard:
[Info   :COTDTracker] Player [KBW]Kernkob: Time: 20,86257
[Info   :COTDTracker] Player justMaki: Time: DNF
[Info   :COTDTracker] Eliminating DNF: justMaki
[Info   :COTDTracker] Eliminated 1 DNF players
[Info   :COTDTracker] Eliminating 1 players: 
[Info   :COTDTracker] justMaki
[Info   :Zeepkist Bingo] [BINGO] Level loaded
[Info   :Zeepkist GTR] 20:32:41 Start processing HTTP request "POST" https://es-backend-5eu0pg2dcfyp6u2v33lz.zeepki.st/level/request
[Info   :Zeepkist GTR] 20:32:41 Start processing HTTP request "POST" https://es-backend-5eu0pg2dcfyp6u2v33lz.zeepki.st/level/request
[Info   :Zeepkist GTR] 20:32:41 Sending HTTP request "POST" https://es-backend-5eu0pg2dcfyp6u2v33lz.zeepki.st/level/request
[Info   :Zeepkist GTR] 20:32:41 Start processing HTTP request "POST" https://es-graphql-1q5xcqmja6dvh4ctc4t9.zeepki.st/
[Info   :Zeepkist GTR] 20:32:41 Start processing HTTP request "POST" https://es-graphql-1q5xcqmja6dvh4ctc4t9.zeepki.st/
[Info   :Zeepkist GTR] 20:32:41 Sending HTTP request "POST" https://es-graphql-1q5xcqmja6dvh4ctc4t9.zeepki.st/
[Info   :Zeepkist GTR] 20:32:41 Received HTTP response headers after 44.0564ms - 503
[Info   :Zeepkist GTR] 20:32:41 End processing HTTP request after 44.2738ms - 503
[Info   :BetterSplits] getting gtr splits
[Error  :BetterSplits] cannot get splits, no gtr id
[Info   :Zeepkist GTR] 20:32:41 End processing HTTP request after 53.6055ms - 503
[Info   :Zeepkist Bingo] [BINGO] === PLAYER SPAWNED ===
[Info   :Zeepkist Bingo] [BINGO] IsInActiveSession: False
[Info   :Zeepkist Bingo] [BINGO] Not in active session, skipping timer reset
[Info   :Zeepkist GTR] 20:32:41 Loading personal best...
[Info   :Zeepkist GTR] 20:32:41 Start processing HTTP request "POST" https://es-graphql-1q5xcqmja6dvh4ctc4t9.zeepki.st/
[Info   :Zeepkist GTR] 20:32:41 Start processing HTTP request "POST" https://es-graphql-1q5xcqmja6dvh4ctc4t9.zeepki.st/
[Info   :Zeepkist GTR] 20:32:41 Sending HTTP request "POST" https://es-graphql-1q5xcqmja6dvh4ctc4t9.zeepki.st/
[Info   :Zeepkist GTR] 20:32:41 Stopping existing recorder if any
[Info   :Zeepkist GTR] 20:32:41 Creating new recorder
[Warning:Zeepkist GTR] 20:32:41 Failed to load track tournaments for current level
[Info   :Zeepkist GTR] 20:32:41 Received HTTP response headers after 44.0802ms - 503
[Info   :Zeepkist GTR] 20:32:41 End processing HTTP request after 44.3082ms - 503
[Info   :Zeepkist GTR] 20:32:41 End processing HTTP request after 53.3582ms - 503
[Error  :Zeepkist GTR] 20:32:41 Failed to load personal best: "Result: IsSuccess='False', Reasons='ExceptionalError with Message='Response status code does not indicate success: 503 (Service Unavailable).', Exception='StrawberryShake.GraphQLClientException: Response status code does not indicate success: 503 (Service Unavailable).
  at StrawberryShake.OperationResultExtensions.EnsureNoErrors (StrawberryShake.IOperationResult result) [0x00027] in <477cd25efd574ed694e416a1db52b995>:0 
  at TNRD.Zeepkist.GTR.Ghosting.Playback.OnlineGhostGraphqlService.GetPersonalBests (TNRD.Zeepkist.GTR.GraphQL.LevelGraphqlIdentity level, System.Threading.CancellationToken cancellationToken) [0x000c7] in D:\a\Zeepkist.GTR.Mod\Zeepkist.GTR.Mod\Ghosting\Playback\OnlineGhostGraphqlService.cs:42 '', "
[Warning:Zeepkist GTR] 20:32:42 Current-level record subscription failed
[Info   :Zeepkist GTR] 20:32:42 Received HTTP response headers after 242.8119ms - 500
[Info   :Zeepkist GTR] 20:32:42 End processing HTTP request after 243.0314ms - 500
[Info   :Zeepkist GTR] 20:32:42 End processing HTTP request after 244.4415ms - 500
[Warning:Zeepkist GTR] 20:32:42 Transient response, retrying in 00:00:01.1320000 (1)
[Info   :Zeepkist GTR] 20:32:43 Start processing HTTP request "POST" https://es-backend-5eu0pg2dcfyp6u2v33lz.zeepki.st/level/request
[Info   :Zeepkist GTR] 20:32:43 Start processing HTTP request "POST" https://es-backend-5eu0pg2dcfyp6u2v33lz.zeepki.st/level/request
[Info   :Zeepkist GTR] 20:32:43 Sending HTTP request "POST" https://es-backend-5eu0pg2dcfyp6u2v33lz.zeepki.st/level/request
[Info   :Zeepkist GTR] 20:32:43 Received HTTP response headers after 68.8033ms - 500
[Info   :Zeepkist GTR] 20:32:43 End processing HTTP request after 69.0197ms - 500
[Info   :Zeepkist GTR] 20:32:43 End processing HTTP request after 75.7946ms - 500
[Warning:Zeepkist GTR] 20:32:43 Transient response, retrying in 00:00:02.4060000 (2)
[Info   :Zeepkist GTR] 20:32:43 Starting recorder
[Info   :Zeepkist GTR] 20:32:45 Start processing HTTP request "POST" https://es-backend-5eu0pg2dcfyp6u2v33lz.zeepki.st/level/request
[Info   :Zeepkist GTR] 20:32:45 Start processing HTTP request "POST" https://es-backend-5eu0pg2dcfyp6u2v33lz.zeepki.st/level/request
[Info   :Zeepkist GTR] 20:32:45 Sending HTTP request "POST" https://es-backend-5eu0pg2dcfyp6u2v33lz.zeepki.st/level/request
[Info   :Zeepkist GTR] 20:32:45 Received HTTP response headers after 67.3963ms - 500
[Info   :Zeepkist GTR] 20:32:45 End processing HTTP request after 67.6331ms - 500
[Info   :Zeepkist GTR] 20:32:45 End processing HTTP request after 69.5459ms - 500
[Warning:Zeepkist GTR] 20:32:45 Transient response, retrying in 00:00:04.1080000 (3)
[Info   :Zeepkist GTR] 20:32:49 Start processing HTTP request "POST" https://es-backend-5eu0pg2dcfyp6u2v33lz.zeepki.st/level/request
[Info   :Zeepkist GTR] 20:32:49 Start processing HTTP request "POST" https://es-backend-5eu0pg2dcfyp6u2v33lz.zeepki.st/level/request
[Info   :Zeepkist GTR] 20:32:49 Sending HTTP request "POST" https://es-backend-5eu0pg2dcfyp6u2v33lz.zeepki.st/level/request
[Info   :Zeepkist GTR] 20:32:49 Received HTTP response headers after 59.8613ms - 500
[Info   :Zeepkist GTR] 20:32:49 End processing HTTP request after 60.0827ms - 500
[Info   :Zeepkist GTR] 20:32:49 End processing HTTP request after 62.3378ms - 500
[Warning:Zeepkist GTR] 20:32:49 Failed to request level scan for workshop "3802362759" and hash "393F1DFDE644FFF4D69A8C7E353419CE": InternalServerError
[Error  :     TeamX]  [TEAMX] Operation failed: Client is already disconnected.
[Info   :Zeepkist Bingo] [BINGO] Application quitting - force disposing WebSocket
[Info   :Zeepkist Bingo] [WEBSOCKET] Force disposed
[Info   :Zeepkist Bingo] [WEBSOCKET] Force disposed
[Error  :LeaderboardApi] Unhandled exception in RemoveTab: System.NullReferenceException: Object reference not set to an instance of an object
  at ZeepSDK.Leaderboard.LeaderboardApi.RemoveTab (ZeepSDK.Leaderboard.ILeaderboardTab tab) [0x00000] in D:\a\ZeepSDK\ZeepSDK\ZeepSDK\Leaderboard\LeaderboardApi.cs:114 
[Info   :Zeepkist RTM] 20:32:54 Application is shutting down...
[Info   :Zeepkist RTM] 20:32:54 Unpatching
[Info   :   Console] Rewired: Rewired is not initialized. You must have an active and enabled Rewired Input Manager in the scene before calling any part of the Rewired API.
------- Rewired System Info -------
Unity version: 2021.3.10f1
Rewired version: 1.1.58.1.U2021
Platform: Windows
Using Unity input: False

[Info   :   Console] Rewired: Rewired is not initialized. You must have an active and enabled Rewired Input Manager in the scene before calling any part of the Rewired API.
------- Rewired System Info -------
Unity version: 2021.3.10f1
Rewired version: 1.1.58.1.U2021
Platform: Windows
Using Unity input: False

[Error  :ZtreamerBot] Exception: Thread was being aborted.
[Info   :ZtreamerBot] UDP listener stopped.
