[Message:   BepInEx] BepInEx 5.4.22.0 - Zeepkist (15/01/2026 17:20:07)
[Info   :   BepInEx] Running under Unity v2021.3.10.1867021
[Info   :   BepInEx] CLR runtime version: 4.0.30319.42000
[Info   :   BepInEx] Supports SRE: True
[Info   :   BepInEx] System platform: Bits64, Windows
[Message:   BepInEx] Preloader started
[Info   :   BepInEx] Loaded 1 patcher method from [BepInEx.Preloader 5.4.22.0]
[Info   :   BepInEx] 1 patcher plugin loaded
[Info   :   BepInEx] Patching [UnityEngine.CoreModule] with [BepInEx.Chainloader]
[Message:   BepInEx] Preloader finished
[Message:   BepInEx] Chainloader ready
[Message:   BepInEx] Chainloader started
[Info   :   BepInEx] 28 plugins to load
[Info   :   BepInEx] Loading [Blueprints X 3.2]
[Info   :   BepInEx] Loading [LocalTranslation 1.0.9.2]
[Info   :LocalTranslation] Plugin andme123.localtranslation is loaded!
[Info   :   BepInEx] Loading [Zeep SDK 2.2.0]
[Info   :  Zeep SDK] Plugin ZeepSDK is loaded!
[Info   :   BepInEx] Loading [AuthorTimeHunting 1.17.4]
[Info   :AuthorTimeHunting] StateMachine: Transitioning from null to StateMasterOff
[Info   :AuthorTimeHunting] Plugin AuthorTimeHunting is loaded!
[Info   :   BepInEx] Loading [BetterSplits 0.2.2]
[Info   :BetterSplits] Plugin BetterSplits is loaded!
[Info   :   BepInEx] Loading [BrokenTracks 0.2.5]
[Info   :BrokenTracks] Plugin BrokenTracks is loaded!
[Info   :   BepInEx] Loading [Chat2Playlist 1.0.8]
[Info   :Chat2Playlist] Plugin Chat2Playlist is loaded!
[Info   :   BepInEx] Loading [Live Leaderboard Logger 0.2.1]
[Info   :Live Leaderboard Logger] Live Leaderboard Logger 0.2.1 loaded.
[Info   :Live Leaderboard Logger] Subscribed: LeaderboardUpdated=True PlayerResultsChanged=True BackingField=True
[Info   :   BepInEx] Loading [Strength of Field 1.0.0]
[Info   :Strength of Field] Strength of Field plugin loaded!
[Info   :   BepInEx] Loading [Topout Tracker 0.1.0]
[Info   :Topout Tracker] Topout Tracker plugin loaded!
[Info   :   BepInEx] Loading [EditorSpeedSplits 1.0.5]
[Info   :EditorSpeedSplits] Plugin com.andme.editorspeedsplits is loaded!
[Info   :   BepInEx] Loading [Chat Utilities 1.4]
[Info   :Chat Utilities] Plugin Chat Utilities is loaded!
[Info   :   BepInEx] Loading [Grid Scaler 1.3]
[Info   :Grid Scaler] Plugin GridScaler is loaded!
[Info   :   BepInEx] Loading [Practice Mode 1.6]
[Info   :Practice Mode] Plugin Practice Mode is loaded!
[Info   :   BepInEx] Loading [Save State 1.3]
[Info   :Save State] Plugin Save State is loaded.
[Info   :   BepInEx] Loading [FastStart 1.0.0]
[Info   : FastStart] Plugin FastStart is loaded!
[Info   :   BepInEx] Loading [COTDTracker 0.11.1]
[Info   :COTDTracker] Plugin COTDTracker is loaded!
[Info   :   BepInEx] Loading [Level Editor Trails 4.0.2]
[Info   :Level Editor Trails] Plugin LevelEditorTrails is loaded!
[Info   :   BepInEx] Loading [Zeepkist GTR 0.40.3]
[Info   :   BepInEx] Loading [Object Properties 7.0.5]
[Info   :Object Properties] Plugin net.tnrd.zeepkist.objectproperties is loaded!
[Info   :   BepInEx] Loading [Zeepkist RTM 2.1.2]
[Info   :Zeepkist RTM] 19:25:59 Patching
[Info   :Zeepkist RTM] 19:25:59 Found 3 eager services
[Info   :Zeepkist RTM] 19:25:59 Found eager service '"UnhandledExceptionLoggerService"'
[Info   :Zeepkist RTM] 19:25:59 Found eager service '"ConfigService"'
[Info   :Zeepkist RTM] 19:25:59 Found eager service '"CommandsService"'
[Info   :Zeepkist RTM] 19:25:59 Application started. Press Ctrl+C to shut down.
[Info   :Zeepkist RTM] 19:25:59 Hosting environment: "Production"
[Info   :Zeepkist RTM] 19:25:59 Content root path: "C:\Program Files (x86)\Steam\steamapps\common\Zeepkist\BepInEx\plugins\Mods\3285481_6342055"
[Info   :Zeepkist RTM] Plugin net.tnrd.zeepkist.rtm is loaded!
[Info   :   BepInEx] Loading [Rushtick 1.0.0]
[Info   :  Rushtick] Plugin Rushtick is loaded!
[Info   :   BepInEx] Loading [SpeedSplits 2.0.0]
[Warning:SpeedSplits] Plugin Speedsplits (Speedsplits) is no longer functional and will not be updated. Please remove this plugin manually or unsubscribe in Modkist if the plugin is still listed.
[Info   :   BepInEx] Loading [TopOutTournament 1.0.17]
[Info   :TopOutTournament] Plugin TopOutTournament is loaded!
[Info   :   BepInEx] Loading [VertexSnapper 3.17.5]
[Info   :VertexSnapper] Plugin VertexSnapper is loaded!
[Info   :   BepInEx] Loading [ZtreamerBot 2.0.0]
[Info   :       Zua] Successfully registered type 'System.Collections.Generic.Dictionary`2[[System.String, mscorlib, Version=4.0.0.0, Culture=neutral, PublicKeyToken=b77a5c561934e089],[System.Object, mscorlib, Version=4.0.0.0, Culture=neutral, PublicKeyToken=b77a5c561934e089]]'.
[Info   :ZtreamerBot] Plugin ZtreamerBot is loaded!
[Info   :   BepInEx] Loading [Workshop2Playlist 1.3.0]
[Info   :Workshop2Playlist] Plugin Workshop2Playlist is loaded!
[Info   :   BepInEx] Loading [ZeepTourney 0.0.9]
[Info   :ZeepTourney] Plugin ZeepTourney is loaded!
[Message:   BepInEx] Chainloader startup complete
[Info   :AuthorTimeHunting] GraphQL client initialized.
[Info   :Strength of Field] ELO data loaded: 2147 players (divisor=1967)
[Info   :Zeepkist GTR] 19:26:03 Patching
[Info   :Zeepkist GTR] 19:26:04 Found 17 eager services
[Info   :Zeepkist GTR] 19:26:04 Application started. Press Ctrl+C to shut down.
[Info   :Zeepkist GTR] 19:26:04 Hosting environment: "Production"
[Info   :Zeepkist GTR] 19:26:04 Content root path: "C:\Program Files (x86)\Steam\steamapps\common\Zeepkist\BepInEx\plugins\Mods\2948039_6688852"
[Info   :Zeepkist GTR] Plugin net.tnrd.zeepkist.gtr is loaded!
[Info   :AuthorTimeHunting] Successfully retrieved 5 random levels
[Info   :ZtreamerBot] UDP Listener auto-started.
[Info   :ZtreamerBot] UDP listener thread started on port 12333.
[Info   :Practice Mode] OnMainMenu: Clearing recordings and creating visualizer.
[Info   :Zeepkist GTR] 19:27:46 Start processing HTTP request "POST" "https://backend.zeepki.st/auth/login"
[Info   :Zeepkist GTR] 19:27:46 Sending HTTP request "POST" "https://backend.zeepki.st/auth/login"
[Info   :VertexSnapper] [VertexSnapper] Config initialized on scene: 3D_MainMenu
[Info   :CrashlyticsApi] Initializing bugsnag
[Info   :CrashlyticsApi] Bugsnag initialized
[Info   :Zeepkist GTR] 19:27:46 Received HTTP response headers after 909.9191ms - 200
[Info   :Zeepkist GTR] 19:27:46 End processing HTTP request after 922.3654ms - 200
[Info   :BetterSplits] getting gtr splits
[Info   :Zeepkist GTR] 19:28:09 Loading personal best...
[Info   :Zeepkist GTR] 19:28:09 Start processing HTTP request "POST" "https://graphql.zeepki.st/"
[Info   :Zeepkist GTR] 19:28:09 Sending HTTP request "POST" "https://graphql.zeepki.st/"
[Info   :Zeepkist GTR] 19:28:09 Stopping existing recorder if any
[Info   :Zeepkist GTR] 19:28:09 Creating new recorder
[Info   :Zeepkist GTR] 19:28:09 Start processing HTTP request "POST" "https://graphql.zeepki.st/"
[Info   :Zeepkist GTR] 19:28:09 Sending HTTP request "POST" "https://graphql.zeepki.st/"
[Info   :Zeepkist GTR] 19:28:09 Start processing HTTP request "POST" "https://graphql.zeepki.st/"
[Info   :Zeepkist GTR] 19:28:09 Sending HTTP request "POST" "https://graphql.zeepki.st/"
[Error  :BetterSplits] could not get splits
Response: StatusCode: 400, ReasonPhrase: 'Bad Request', Version: 1.1, Content: System.Net.Http.StreamContent, Headers:
{
Date: Wed, 03 Jun 2026 17:28:10 GMT
Connection: keep-alive
access-control-allow-headers: Origin, X-Requested-With, Accept, Authorization, X-Apollo-Tracing, Content-Type, Content-Length, X-PostGraphile-Explain
access-control-allow-methods: HEAD, GET, POST
access-control-allow-origin: *
access-control-expose-headers: X-GraphQL-Event-Stream
alt-svc: h3=":443"; ma=86400
vary: Origin
via: 1.1 Caddy
x-graphql-event-stream: /stream
x-query-cost: 115
cf-cache-status: DYNAMIC
x-xss-protection: 1; mode=block
Strict-Transport-Security: max-age=15552000; includeSubDomains; preload
x-content-type-options: nosniff
Server-Timing: cfCacheStatus;desc="DYNAMIC", cfEdge;dur=16,cfOrigin;dur=144
Report-To: {"group":"cf-nel","max_age":604800,"endpoints":[{"url":"https://a.nel.cloudflare.com/report/v4?s=Z6KxAIOyUXKh7eTiEwWwv1MKhFPFq9vzKD%2FbE2cJMDe9XZaI1bkFosikuPg7Wz8mOhoveyqk0pmoc%2FVlZpWMvIfWETZiX880La2xJLIC8wc%2BXcV0GdH84cyI0%2BI7veVhxuDzUQ%3D%3D"}]}
Nel: {"report_to":"cf-nel","success_fraction":0.0,"max_age":604800}
expect-ct: max-age=86400, enforce
referrer-policy: same-origin
x-frame-options: SAMEORIGIN
Server: cloudflare
CF-RAY: a06069a99c3f5b10-MAD
Content-Type: application/json; charset=utf-8
Content-Length: 172
} 
Content: {"errors":[{"message":"Cannot query field \"personalBestGlobalsByIdLevel\" on type \"Level\". Did you mean \"personalBestGlobals\"?","locations":[{"line":1,"column":87}]}]}
Url: https://graphql.zeepki.st
Request: {"query":"query BetterSplitsPB($hash: String!, $steamId: BigFloat) { levelByHash(hash: $hash) { personalBestGlobalsByIdLevel(filter: {userByIdUser: {steamId: {equalTo: $steamId}}}) { nodes { recordByIdRecord { speeds splits time }}}}}","variables":{"hash":"2846472CEDBCF471C2E2013BC97778013F865DC8-2","steamId":"76561197972890120"}}
[Info   :Zeepkist GTR] 19:28:09 Received HTTP response headers after 209.202ms - 200
[Info   :Zeepkist GTR] 19:28:09 End processing HTTP request after 209.4962ms - 200
[Info   :Zeepkist GTR] 19:28:09 Received HTTP response headers after 211.2074ms - 200
[Info   :Zeepkist GTR] 19:28:09 End processing HTTP request after 211.4764ms - 200
[Info   :Zeepkist GTR] 19:28:10 Start processing HTTP request "GET" "https://cdn.zeepki.st/ghosts/01KCPCBK3W2FNQBCPZM3D54M4C.bin"
[Info   :Zeepkist GTR] 19:28:10 Sending HTTP request "GET" "https://cdn.zeepki.st/ghosts/01KCPCBK3W2FNQBCPZM3D54M4C.bin"
[Info   :Zeepkist GTR] 19:28:10 Received HTTP response headers after 286.5855ms - 200
[Info   :Zeepkist GTR] 19:28:10 End processing HTTP request after 286.8392ms - 200
[Info   :Zeepkist GTR] 19:28:10 Start processing HTTP request "POST" "https://graphql.zeepki.st/"
[Info   :Zeepkist GTR] 19:28:10 Sending HTTP request "POST" "https://graphql.zeepki.st/"
[Info   :Zeepkist GTR] 19:28:10 Received HTTP response headers after 60.7972ms - 200
[Info   :Zeepkist GTR] 19:28:10 End processing HTTP request after 61.0642ms - 200
[Info   :Zeepkist GTR] 19:28:10 Received HTTP response headers after 834.6122ms - 200
[Info   :Zeepkist GTR] 19:28:10 End processing HTTP request after 834.9135ms - 200
[Info   :Zeepkist GTR] 19:28:11 Ghost version: 5
[Info   :Zeepkist GTR] 19:28:12 Starting recorder
[Info   :Zeepkist GTR] 19:28:37 Stopping recorder
[Info   :Zeepkist GTR] 19:28:37 Collecting extra information
[Info   :Zeepkist GTR] 19:28:37 Processing ghost data
[Info   :Zeepkist GTR] 19:28:37 Creating stream
[Info   :Zeepkist GTR] 19:28:37 Writing to stream
[Info   :Zeepkist GTR] 19:28:37 Closing stream
[Info   :Zeepkist GTR] 19:28:37 Getting buffer
[Info   :Zeepkist GTR] 19:28:37 Converting to base64
[Info   :Zeepkist GTR] 19:28:37 Creating resource
[Info   :Zeepkist GTR] 19:28:37 Start processing HTTP request "POST" "https://backend.zeepki.st/auth/refresh"
[Info   :Zeepkist GTR] 19:28:37 Sending HTTP request "POST" "https://backend.zeepki.st/auth/refresh"
[Info   :Zeepkist GTR] 19:28:37 Received HTTP response headers after 230.2149ms - 200
[Info   :Zeepkist GTR] 19:28:37 End processing HTTP request after 230.4431ms - 200
[Info   :Zeepkist GTR] 19:28:37 Start processing HTTP request "POST" "https://backend.zeepki.st/record/submit"
[Info   :Zeepkist GTR] 19:28:37 Sending HTTP request "POST" "https://backend.zeepki.st/record/submit"
[Info   :Zeepkist GTR] 19:28:37 Received HTTP response headers after 113.9669ms - 200
[Info   :Zeepkist GTR] 19:28:37 End processing HTTP request after 114.2156ms - 200
[Info   :Zeepkist GTR] 19:28:39 Loading personal best...
[Info   :Zeepkist GTR] 19:28:39 Start processing HTTP request "POST" "https://graphql.zeepki.st/"
[Info   :Zeepkist GTR] 19:28:39 Sending HTTP request "POST" "https://graphql.zeepki.st/"
[Info   :Zeepkist GTR] 19:28:39 Stopping existing recorder if any
[Info   :Zeepkist GTR] 19:28:39 Creating new recorder
[Info   :Zeepkist GTR] 19:28:39 Start processing HTTP request "POST" "https://graphql.zeepki.st/"
[Info   :Zeepkist GTR] 19:28:39 Sending HTTP request "POST" "https://graphql.zeepki.st/"
[Info   :Zeepkist GTR] 19:28:39 Start processing HTTP request "POST" "https://graphql.zeepki.st/"
[Info   :Zeepkist GTR] 19:28:39 Sending HTTP request "POST" "https://graphql.zeepki.st/"
[Info   :Zeepkist GTR] 19:28:39 Received HTTP response headers after 126.6357ms - 200
[Info   :Zeepkist GTR] 19:28:39 End processing HTTP request after 126.8825ms - 200
[Info   :Zeepkist GTR] 19:28:39 Received HTTP response headers after 129.4695ms - 200
[Info   :Zeepkist GTR] 19:28:39 End processing HTTP request after 129.7681ms - 200
[Info   :Zeepkist GTR] 19:28:39 Ghost version: 5
[Info   :Zeepkist GTR] 19:28:39 Received HTTP response headers after 186.9919ms - 200
[Info   :Zeepkist GTR] 19:28:39 End processing HTTP request after 187.2418ms - 200
[Info   :Zeepkist GTR] 19:28:39 Start processing HTTP request "POST" "https://graphql.zeepki.st/"
[Info   :Zeepkist GTR] 19:28:39 Sending HTTP request "POST" "https://graphql.zeepki.st/"
[Info   :Zeepkist GTR] 19:28:39 Received HTTP response headers after 59.1268ms - 200
[Info   :Zeepkist GTR] 19:28:39 End processing HTTP request after 59.3767ms - 200
[Info   :Zeepkist GTR] 19:28:40 Starting recorder
[Info   :Zeepkist GTR] 19:28:42 Loading personal best...
[Info   :Zeepkist GTR] 19:28:42 Start processing HTTP request "POST" "https://graphql.zeepki.st/"
[Info   :Zeepkist GTR] 19:28:42 Sending HTTP request "POST" "https://graphql.zeepki.st/"
[Info   :Zeepkist GTR] 19:28:42 Stopping existing recorder if any
[Info   :Zeepkist GTR] 19:28:42 Creating new recorder
[Info   :Zeepkist GTR] 19:28:42 Start processing HTTP request "POST" "https://graphql.zeepki.st/"
[Info   :Zeepkist GTR] 19:28:42 Sending HTTP request "POST" "https://graphql.zeepki.st/"
[Info   :Zeepkist GTR] 19:28:42 Start processing HTTP request "POST" "https://graphql.zeepki.st/"
[Info   :Zeepkist GTR] 19:28:42 Sending HTTP request "POST" "https://graphql.zeepki.st/"
[Info   :Zeepkist GTR] 19:28:42 Received HTTP response headers after 58.1497ms - 200
[Info   :Zeepkist GTR] 19:28:42 End processing HTTP request after 58.3784ms - 200
[Info   :Zeepkist GTR] 19:28:42 Received HTTP response headers after 61.8568ms - 200
[Info   :Zeepkist GTR] 19:28:42 End processing HTTP request after 62.0312ms - 200
[Info   :Zeepkist GTR] 19:28:42 Ghost version: 5
[Info   :Zeepkist GTR] 19:28:42 Received HTTP response headers after 121.4682ms - 200
[Info   :Zeepkist GTR] 19:28:42 End processing HTTP request after 121.6912ms - 200
[Info   :Zeepkist GTR] 19:28:42 Start processing HTTP request "POST" "https://graphql.zeepki.st/"
[Info   :Zeepkist GTR] 19:28:42 Sending HTTP request "POST" "https://graphql.zeepki.st/"
[Info   :Zeepkist GTR] 19:28:42 Received HTTP response headers after 57.0325ms - 200
[Info   :Zeepkist GTR] 19:28:42 End processing HTTP request after 57.2702ms - 200
[Info   :Zeepkist GTR] 19:28:44 Starting recorder
[Info   :Zeepkist GTR] 19:29:08 Stopping recorder
[Info   :Zeepkist GTR] 19:29:08 Collecting extra information
[Info   :Zeepkist GTR] 19:29:08 Processing ghost data
[Info   :Zeepkist GTR] 19:29:08 Creating stream
[Info   :Zeepkist GTR] 19:29:08 Writing to stream
[Info   :Zeepkist GTR] 19:29:08 Closing stream
[Info   :Zeepkist GTR] 19:29:08 Getting buffer
[Info   :Zeepkist GTR] 19:29:08 Converting to base64
[Info   :Zeepkist GTR] 19:29:08 Creating resource
[Info   :Zeepkist GTR] 19:29:08 Start processing HTTP request "POST" "https://backend.zeepki.st/auth/refresh"
[Info   :Zeepkist GTR] 19:29:08 Sending HTTP request "POST" "https://backend.zeepki.st/auth/refresh"
[Info   :Zeepkist GTR] 19:29:08 Received HTTP response headers after 272.975ms - 200
[Info   :Zeepkist GTR] 19:29:08 End processing HTTP request after 273.1943ms - 200
[Info   :Zeepkist GTR] 19:29:08 Start processing HTTP request "POST" "https://backend.zeepki.st/record/submit"
[Info   :Zeepkist GTR] 19:29:08 Sending HTTP request "POST" "https://backend.zeepki.st/record/submit"
[Info   :Zeepkist GTR] 19:29:08 Received HTTP response headers after 92.4327ms - 200
[Info   :Zeepkist GTR] 19:29:08 End processing HTTP request after 92.6618ms - 200
[Info   :Zeepkist GTR] 19:29:09 Loading personal best...
[Info   :Zeepkist GTR] 19:29:09 Start processing HTTP request "POST" "https://graphql.zeepki.st/"
[Info   :Zeepkist GTR] 19:29:09 Sending HTTP request "POST" "https://graphql.zeepki.st/"
[Info   :Zeepkist GTR] 19:29:09 Stopping existing recorder if any
[Info   :Zeepkist GTR] 19:29:09 Creating new recorder
[Info   :Zeepkist GTR] 19:29:09 Start processing HTTP request "POST" "https://graphql.zeepki.st/"
[Info   :Zeepkist GTR] 19:29:09 Sending HTTP request "POST" "https://graphql.zeepki.st/"
[Info   :Zeepkist GTR] 19:29:09 Start processing HTTP request "POST" "https://graphql.zeepki.st/"
[Info   :Zeepkist GTR] 19:29:09 Sending HTTP request "POST" "https://graphql.zeepki.st/"
[Info   :Zeepkist GTR] 19:29:09 Received HTTP response headers after 61.0356ms - 200
[Info   :Zeepkist GTR] 19:29:09 End processing HTTP request after 61.276ms - 200
[Info   :Zeepkist GTR] 19:29:09 Received HTTP response headers after 60.5969ms - 200
[Info   :Zeepkist GTR] 19:29:09 End processing HTTP request after 60.8455ms - 200
[Info   :Zeepkist GTR] 19:29:09 Ghost version: 5
[Info   :Zeepkist GTR] 19:29:09 Received HTTP response headers after 122.0865ms - 200
[Info   :Zeepkist GTR] 19:29:09 End processing HTTP request after 122.3513ms - 200
[Info   :Zeepkist GTR] 19:29:09 Start processing HTTP request "POST" "https://graphql.zeepki.st/"
[Info   :Zeepkist GTR] 19:29:09 Sending HTTP request "POST" "https://graphql.zeepki.st/"
[Info   :Zeepkist GTR] 19:29:09 Received HTTP response headers after 56.0178ms - 200
[Info   :Zeepkist GTR] 19:29:09 End processing HTTP request after 56.2475ms - 200
[Info   :Zeepkist GTR] 19:29:11 Starting recorder
[Info   :Zeepkist GTR] 19:29:36 Stopping recorder
[Info   :Zeepkist GTR] 19:29:36 Collecting extra information
[Info   :Zeepkist GTR] 19:29:36 Processing ghost data
[Info   :Zeepkist GTR] 19:29:36 Creating stream
[Info   :Zeepkist GTR] 19:29:36 Writing to stream
[Info   :Zeepkist GTR] 19:29:36 Closing stream
[Info   :Zeepkist GTR] 19:29:36 Getting buffer
[Info   :Zeepkist GTR] 19:29:36 Converting to base64
[Info   :Zeepkist GTR] 19:29:36 Creating resource
[Info   :Zeepkist GTR] 19:29:36 Start processing HTTP request "POST" "https://backend.zeepki.st/auth/refresh"
[Info   :Zeepkist GTR] 19:29:36 Sending HTTP request "POST" "https://backend.zeepki.st/auth/refresh"
[Info   :Zeepkist GTR] 19:29:36 Received HTTP response headers after 201.5536ms - 200
[Info   :Zeepkist GTR] 19:29:36 End processing HTTP request after 201.7489ms - 200
[Info   :Zeepkist GTR] 19:29:36 Start processing HTTP request "POST" "https://backend.zeepki.st/record/submit"
[Info   :Zeepkist GTR] 19:29:36 Sending HTTP request "POST" "https://backend.zeepki.st/record/submit"
[Info   :Zeepkist GTR] 19:29:36 Received HTTP response headers after 89.028ms - 200
[Info   :Zeepkist GTR] 19:29:36 End processing HTTP request after 89.2559ms - 200
[Info   :Zeepkist GTR] 19:29:37 Loading personal best...
[Info   :Zeepkist GTR] 19:29:37 Start processing HTTP request "POST" "https://graphql.zeepki.st/"
[Info   :Zeepkist GTR] 19:29:37 Sending HTTP request "POST" "https://graphql.zeepki.st/"
[Info   :Zeepkist GTR] 19:29:37 Stopping existing recorder if any
[Info   :Zeepkist GTR] 19:29:37 Creating new recorder
[Info   :Zeepkist GTR] 19:29:37 Start processing HTTP request "POST" "https://graphql.zeepki.st/"
[Info   :Zeepkist GTR] 19:29:37 Sending HTTP request "POST" "https://graphql.zeepki.st/"
[Info   :Zeepkist GTR] 19:29:37 Start processing HTTP request "POST" "https://graphql.zeepki.st/"
[Info   :Zeepkist GTR] 19:29:37 Sending HTTP request "POST" "https://graphql.zeepki.st/"
[Info   :Zeepkist GTR] 19:29:37 Received HTTP response headers after 55.1217ms - 200
[Info   :Zeepkist GTR] 19:29:37 End processing HTTP request after 55.3529ms - 200
[Info   :Zeepkist GTR] 19:29:37 Received HTTP response headers after 56.0732ms - 200
[Info   :Zeepkist GTR] 19:29:37 End processing HTTP request after 56.2447ms - 200
[Info   :Zeepkist GTR] 19:29:37 Ghost version: 5
[Info   :Zeepkist GTR] 19:29:37 Received HTTP response headers after 123.0084ms - 200
[Info   :Zeepkist GTR] 19:29:37 End processing HTTP request after 123.226ms - 200
[Info   :Zeepkist GTR] 19:29:37 Start processing HTTP request "POST" "https://graphql.zeepki.st/"
[Info   :Zeepkist GTR] 19:29:37 Sending HTTP request "POST" "https://graphql.zeepki.st/"
[Info   :Zeepkist GTR] 19:29:37 Received HTTP response headers after 56.1154ms - 200
[Info   :Zeepkist GTR] 19:29:37 End processing HTTP request after 56.3539ms - 200
[Info   :Zeepkist GTR] 19:29:39 Starting recorder
[Info   :Zeepkist GTR] 19:30:02 Stopping recorder
[Info   :Zeepkist GTR] 19:30:02 Collecting extra information
[Info   :Zeepkist GTR] 19:30:02 Processing ghost data
[Info   :Zeepkist GTR] 19:30:02 Creating stream
[Info   :Zeepkist GTR] 19:30:02 Writing to stream
[Info   :Zeepkist GTR] 19:30:03 Closing stream
[Info   :Zeepkist GTR] 19:30:03 Getting buffer
[Info   :Zeepkist GTR] 19:30:03 Converting to base64
[Info   :Zeepkist GTR] 19:30:03 Creating resource
[Info   :Zeepkist GTR] 19:30:03 Start processing HTTP request "POST" "https://backend.zeepki.st/auth/refresh"
[Info   :Zeepkist GTR] 19:30:03 Sending HTTP request "POST" "https://backend.zeepki.st/auth/refresh"
[Info   :Zeepkist GTR] 19:30:03 Received HTTP response headers after 272.7903ms - 200
[Info   :Zeepkist GTR] 19:30:03 End processing HTTP request after 273.0153ms - 200
[Info   :Zeepkist GTR] 19:30:03 Start processing HTTP request "POST" "https://backend.zeepki.st/record/submit"
[Info   :Zeepkist GTR] 19:30:03 Sending HTTP request "POST" "https://backend.zeepki.st/record/submit"
[Info   :Zeepkist GTR] 19:30:03 Received HTTP response headers after 96.9299ms - 200
[Info   :Zeepkist GTR] 19:30:03 End processing HTTP request after 97.1836ms - 200
[Info   :Zeepkist GTR] 19:30:05 Loading personal best...
[Info   :Zeepkist GTR] 19:30:05 Start processing HTTP request "POST" "https://graphql.zeepki.st/"
[Info   :Zeepkist GTR] 19:30:05 Sending HTTP request "POST" "https://graphql.zeepki.st/"
[Info   :Zeepkist GTR] 19:30:05 Stopping existing recorder if any
[Info   :Zeepkist GTR] 19:30:05 Creating new recorder
[Info   :Zeepkist GTR] 19:30:05 Start processing HTTP request "POST" "https://graphql.zeepki.st/"
[Info   :Zeepkist GTR] 19:30:05 Sending HTTP request "POST" "https://graphql.zeepki.st/"
[Info   :Zeepkist GTR] 19:30:05 Start processing HTTP request "POST" "https://graphql.zeepki.st/"
[Info   :Zeepkist GTR] 19:30:05 Sending HTTP request "POST" "https://graphql.zeepki.st/"
[Info   :Zeepkist GTR] 19:30:05 Received HTTP response headers after 67.3405ms - 200
[Info   :Zeepkist GTR] 19:30:05 End processing HTTP request after 67.5702ms - 200
[Info   :Zeepkist GTR] 19:30:05 Received HTTP response headers after 70.0694ms - 200
[Info   :Zeepkist GTR] 19:30:05 End processing HTTP request after 70.2687ms - 200
[Info   :Zeepkist GTR] 19:30:05 Ghost version: 5
[Info   :Zeepkist GTR] 19:30:05 Received HTTP response headers after 205.9861ms - 200
[Info   :Zeepkist GTR] 19:30:05 End processing HTTP request after 206.2225ms - 200
[Info   :Zeepkist GTR] 19:30:05 Start processing HTTP request "POST" "https://graphql.zeepki.st/"
[Info   :Zeepkist GTR] 19:30:05 Sending HTTP request "POST" "https://graphql.zeepki.st/"
[Info   :Zeepkist GTR] 19:30:05 Received HTTP response headers after 57.1583ms - 200
[Info   :Zeepkist GTR] 19:30:05 End processing HTTP request after 57.4197ms - 200
[Info   :Zeepkist GTR] 19:30:06 Starting recorder
[Info   :Zeepkist GTR] 19:30:17 Loading personal best...
[Info   :Zeepkist GTR] 19:30:17 Start processing HTTP request "POST" "https://graphql.zeepki.st/"
[Info   :Zeepkist GTR] 19:30:17 Sending HTTP request "POST" "https://graphql.zeepki.st/"
[Info   :Zeepkist GTR] 19:30:17 Stopping existing recorder if any
[Info   :Zeepkist GTR] 19:30:17 Creating new recorder
[Info   :Zeepkist GTR] 19:30:17 Start processing HTTP request "POST" "https://graphql.zeepki.st/"
[Info   :Zeepkist GTR] 19:30:17 Sending HTTP request "POST" "https://graphql.zeepki.st/"
[Info   :Zeepkist GTR] 19:30:17 Start processing HTTP request "POST" "https://graphql.zeepki.st/"
[Info   :Zeepkist GTR] 19:30:17 Sending HTTP request "POST" "https://graphql.zeepki.st/"
[Info   :Zeepkist GTR] 19:30:17 Received HTTP response headers after 108.2808ms - 200
[Info   :Zeepkist GTR] 19:30:17 End processing HTTP request after 108.5073ms - 200
[Info   :Zeepkist GTR] 19:30:17 Received HTTP response headers after 109.4128ms - 200
[Info   :Zeepkist GTR] 19:30:17 End processing HTTP request after 109.6124ms - 200
[Info   :Zeepkist GTR] 19:30:17 Ghost version: 5
[Info   :Zeepkist GTR] 19:30:17 Received HTTP response headers after 183.5487ms - 200
[Info   :Zeepkist GTR] 19:30:17 End processing HTTP request after 183.7887ms - 200
[Info   :Zeepkist GTR] 19:30:17 Start processing HTTP request "POST" "https://graphql.zeepki.st/"
[Info   :Zeepkist GTR] 19:30:17 Sending HTTP request "POST" "https://graphql.zeepki.st/"
[Info   :Zeepkist GTR] 19:30:17 Received HTTP response headers after 62.7451ms - 200
[Info   :Zeepkist GTR] 19:30:17 End processing HTTP request after 62.9919ms - 200
[Info   :Zeepkist GTR] 19:30:19 Starting recorder
[Info   :Zeepkist GTR] 19:30:28 Loading personal best...
[Info   :Zeepkist GTR] 19:30:28 Start processing HTTP request "POST" "https://graphql.zeepki.st/"
[Info   :Zeepkist GTR] 19:30:28 Sending HTTP request "POST" "https://graphql.zeepki.st/"
[Info   :Zeepkist GTR] 19:30:28 Stopping existing recorder if any
[Info   :Zeepkist GTR] 19:30:28 Creating new recorder
[Info   :Zeepkist GTR] 19:30:28 Start processing HTTP request "POST" "https://graphql.zeepki.st/"
[Info   :Zeepkist GTR] 19:30:28 Sending HTTP request "POST" "https://graphql.zeepki.st/"
[Info   :Zeepkist GTR] 19:30:28 Start processing HTTP request "POST" "https://graphql.zeepki.st/"
[Info   :Zeepkist GTR] 19:30:28 Sending HTTP request "POST" "https://graphql.zeepki.st/"
[Info   :Zeepkist GTR] 19:30:28 Received HTTP response headers after 53.1917ms - 200
[Info   :Zeepkist GTR] 19:30:28 End processing HTTP request after 53.4095ms - 200
[Info   :Zeepkist GTR] 19:30:28 Received HTTP response headers after 54.6862ms - 200
[Info   :Zeepkist GTR] 19:30:28 End processing HTTP request after 54.9136ms - 200
[Info   :Zeepkist GTR] 19:30:28 Ghost version: 5
[Info   :Zeepkist GTR] 19:30:28 Received HTTP response headers after 124.4691ms - 200
[Info   :Zeepkist GTR] 19:30:28 End processing HTTP request after 124.7085ms - 200
[Info   :Zeepkist GTR] 19:30:28 Start processing HTTP request "POST" "https://graphql.zeepki.st/"
[Info   :Zeepkist GTR] 19:30:28 Sending HTTP request "POST" "https://graphql.zeepki.st/"
[Info   :Zeepkist GTR] 19:30:28 Received HTTP response headers after 70.0521ms - 200
[Info   :Zeepkist GTR] 19:30:28 End processing HTTP request after 70.2813ms - 200
[Info   :Zeepkist GTR] 19:30:30 Starting recorder
[Info   :Zeepkist GTR] 19:30:59 Loading personal best...
[Info   :Zeepkist GTR] 19:30:59 Start processing HTTP request "POST" "https://graphql.zeepki.st/"
[Info   :Zeepkist GTR] 19:30:59 Sending HTTP request "POST" "https://graphql.zeepki.st/"
[Info   :Zeepkist GTR] 19:30:59 Stopping existing recorder if any
[Info   :Zeepkist GTR] 19:30:59 Creating new recorder
[Info   :Zeepkist GTR] 19:30:59 Start processing HTTP request "POST" "https://graphql.zeepki.st/"
[Info   :Zeepkist GTR] 19:30:59 Sending HTTP request "POST" "https://graphql.zeepki.st/"
[Info   :Zeepkist GTR] 19:30:59 Start processing HTTP request "POST" "https://graphql.zeepki.st/"
[Info   :Zeepkist GTR] 19:30:59 Sending HTTP request "POST" "https://graphql.zeepki.st/"
[Info   :Zeepkist GTR] 19:30:59 Received HTTP response headers after 60.4028ms - 200
[Info   :Zeepkist GTR] 19:30:59 Received HTTP response headers after 60.8626ms - 200
[Info   :Zeepkist GTR] 19:30:59 End processing HTTP request after 61.101ms - 200
[Info   :Zeepkist GTR] 19:30:59 End processing HTTP request after 60.6209ms - 200
[Info   :Zeepkist GTR] 19:30:59 Ghost version: 5
[Info   :Zeepkist GTR] 19:30:59 Received HTTP response headers after 118.1076ms - 200
[Info   :Zeepkist GTR] 19:30:59 End processing HTTP request after 118.3237ms - 200
[Info   :Zeepkist GTR] 19:30:59 Start processing HTTP request "POST" "https://graphql.zeepki.st/"
[Info   :Zeepkist GTR] 19:30:59 Sending HTTP request "POST" "https://graphql.zeepki.st/"
[Info   :Zeepkist GTR] 19:30:59 Received HTTP response headers after 56.8317ms - 200
[Info   :Zeepkist GTR] 19:30:59 End processing HTTP request after 57.0975ms - 200
[Info   :Zeepkist GTR] 19:31:01 Starting recorder
[Info   :Zeepkist GTR] 19:31:25 Stopping recorder
[Info   :Zeepkist GTR] 19:31:25 Collecting extra information
[Info   :Zeepkist GTR] 19:31:25 Processing ghost data
[Info   :Zeepkist GTR] 19:31:25 Creating stream
[Info   :Zeepkist GTR] 19:31:25 Writing to stream
[Info   :Zeepkist GTR] 19:31:25 Closing stream
[Info   :Zeepkist GTR] 19:31:25 Getting buffer
[Info   :Zeepkist GTR] 19:31:25 Converting to base64
[Info   :Zeepkist GTR] 19:31:25 Creating resource
[Info   :Zeepkist GTR] 19:31:25 Start processing HTTP request "POST" "https://backend.zeepki.st/auth/refresh"
[Info   :Zeepkist GTR] 19:31:25 Sending HTTP request "POST" "https://backend.zeepki.st/auth/refresh"
[Info   :Zeepkist GTR] 19:31:25 Received HTTP response headers after 208.2498ms - 200
[Info   :Zeepkist GTR] 19:31:25 End processing HTTP request after 208.4805ms - 200
[Info   :Zeepkist GTR] 19:31:25 Start processing HTTP request "POST" "https://backend.zeepki.st/record/submit"
[Info   :Zeepkist GTR] 19:31:25 Sending HTTP request "POST" "https://backend.zeepki.st/record/submit"
[Info   :Zeepkist GTR] 19:31:25 Received HTTP response headers after 87.4202ms - 200
[Info   :Zeepkist GTR] 19:31:25 End processing HTTP request after 87.6515ms - 200
[Info   :Zeepkist GTR] 19:31:26 Loading personal best...
[Info   :Zeepkist GTR] 19:31:26 Start processing HTTP request "POST" "https://graphql.zeepki.st/"
[Info   :Zeepkist GTR] 19:31:26 Sending HTTP request "POST" "https://graphql.zeepki.st/"
[Info   :Zeepkist GTR] 19:31:26 Stopping existing recorder if any
[Info   :Zeepkist GTR] 19:31:26 Creating new recorder
[Info   :Zeepkist GTR] 19:31:26 Start processing HTTP request "POST" "https://graphql.zeepki.st/"
[Info   :Zeepkist GTR] 19:31:26 Sending HTTP request "POST" "https://graphql.zeepki.st/"
[Info   :Zeepkist GTR] 19:31:26 Start processing HTTP request "POST" "https://graphql.zeepki.st/"
[Info   :Zeepkist GTR] 19:31:26 Sending HTTP request "POST" "https://graphql.zeepki.st/"
[Info   :Zeepkist GTR] 19:31:26 Received HTTP response headers after 56.5586ms - 200
[Info   :Zeepkist GTR] 19:31:26 Received HTTP response headers after 57.0184ms - 200
[Info   :Zeepkist GTR] 19:31:26 End processing HTTP request after 57.2658ms - 200
[Info   :Zeepkist GTR] 19:31:26 End processing HTTP request after 56.7991ms - 200
[Info   :Zeepkist GTR] 19:31:26 Ghost version: 5
[Info   :Zeepkist GTR] 19:31:26 Received HTTP response headers after 113.9082ms - 200
[Info   :Zeepkist GTR] 19:31:26 End processing HTTP request after 114.1171ms - 200
[Info   :Zeepkist GTR] 19:31:26 Start processing HTTP request "POST" "https://graphql.zeepki.st/"
[Info   :Zeepkist GTR] 19:31:26 Sending HTTP request "POST" "https://graphql.zeepki.st/"
[Info   :Zeepkist GTR] 19:31:26 Received HTTP response headers after 66.1138ms - 200
[Info   :Zeepkist GTR] 19:31:26 End processing HTTP request after 66.3496ms - 200
[Info   :Zeepkist GTR] 19:31:28 Starting recorder
[Info   :Zeepkist GTR] 19:31:42 Loading personal best...
[Info   :Zeepkist GTR] 19:31:42 Start processing HTTP request "POST" "https://graphql.zeepki.st/"
[Info   :Zeepkist GTR] 19:31:42 Sending HTTP request "POST" "https://graphql.zeepki.st/"
[Info   :Zeepkist GTR] 19:31:42 Stopping existing recorder if any
[Info   :Zeepkist GTR] 19:31:42 Creating new recorder
[Info   :Zeepkist GTR] 19:31:42 Start processing HTTP request "POST" "https://graphql.zeepki.st/"
[Info   :Zeepkist GTR] 19:31:42 Sending HTTP request "POST" "https://graphql.zeepki.st/"
[Info   :Zeepkist GTR] 19:31:42 Start processing HTTP request "POST" "https://graphql.zeepki.st/"
[Info   :Zeepkist GTR] 19:31:42 Sending HTTP request "POST" "https://graphql.zeepki.st/"
[Info   :Zeepkist GTR] 19:31:42 Received HTTP response headers after 59.3136ms - 200
[Info   :Zeepkist GTR] 19:31:42 End processing HTTP request after 59.5512ms - 200
[Info   :Zeepkist GTR] 19:31:42 Received HTTP response headers after 59.0674ms - 200
[Info   :Zeepkist GTR] 19:31:42 End processing HTTP request after 59.2532ms - 200
[Info   :Zeepkist GTR] 19:31:42 Ghost version: 5
[Info   :Zeepkist GTR] 19:31:42 Received HTTP response headers after 132.4566ms - 200
[Info   :Zeepkist GTR] 19:31:42 End processing HTTP request after 132.6773ms - 200
[Info   :Zeepkist GTR] 19:31:42 Start processing HTTP request "POST" "https://graphql.zeepki.st/"
[Info   :Zeepkist GTR] 19:31:42 Sending HTTP request "POST" "https://graphql.zeepki.st/"
[Info   :Zeepkist GTR] 19:31:42 Received HTTP response headers after 57.3315ms - 200
[Info   :Zeepkist GTR] 19:31:42 End processing HTTP request after 57.5667ms - 200
[Info   :Zeepkist GTR] 19:31:43 Starting recorder
[Info   :Zeepkist GTR] 19:32:08 Stopping recorder
[Info   :Zeepkist GTR] 19:32:08 Collecting extra information
[Info   :Zeepkist GTR] 19:32:08 Processing ghost data
[Info   :Zeepkist GTR] 19:32:08 Creating stream
[Info   :Zeepkist GTR] 19:32:08 Writing to stream
[Info   :Zeepkist GTR] 19:32:08 Closing stream
[Info   :Zeepkist GTR] 19:32:08 Getting buffer
[Info   :Zeepkist GTR] 19:32:08 Converting to base64
[Info   :Zeepkist GTR] 19:32:08 Creating resource
[Info   :Zeepkist GTR] 19:32:08 Start processing HTTP request "POST" "https://backend.zeepki.st/auth/refresh"
[Info   :Zeepkist GTR] 19:32:08 Sending HTTP request "POST" "https://backend.zeepki.st/auth/refresh"
[Info   :Zeepkist GTR] 19:32:08 Received HTTP response headers after 364.8925ms - 200
[Info   :Zeepkist GTR] 19:32:08 End processing HTTP request after 365.1097ms - 200
[Info   :Zeepkist GTR] 19:32:08 Start processing HTTP request "POST" "https://backend.zeepki.st/record/submit"
[Info   :Zeepkist GTR] 19:32:08 Sending HTTP request "POST" "https://backend.zeepki.st/record/submit"
[Info   :Zeepkist GTR] 19:32:08 Received HTTP response headers after 90.7442ms - 200
[Info   :Zeepkist GTR] 19:32:08 End processing HTTP request after 90.9804ms - 200
[Info   :Zeepkist GTR] 19:32:09 Loading personal best...
[Info   :Zeepkist GTR] 19:32:09 Start processing HTTP request "POST" "https://graphql.zeepki.st/"
[Info   :Zeepkist GTR] 19:32:09 Sending HTTP request "POST" "https://graphql.zeepki.st/"
[Info   :Zeepkist GTR] 19:32:09 Stopping existing recorder if any
[Info   :Zeepkist GTR] 19:32:09 Creating new recorder
[Info   :Zeepkist GTR] 19:32:09 Start processing HTTP request "POST" "https://graphql.zeepki.st/"
[Info   :Zeepkist GTR] 19:32:09 Sending HTTP request "POST" "https://graphql.zeepki.st/"
[Info   :Zeepkist GTR] 19:32:09 Start processing HTTP request "POST" "https://graphql.zeepki.st/"
[Info   :Zeepkist GTR] 19:32:09 Sending HTTP request "POST" "https://graphql.zeepki.st/"
[Info   :Zeepkist GTR] 19:32:09 Received HTTP response headers after 58.8172ms - 200
[Info   :Zeepkist GTR] 19:32:09 Received HTTP response headers after 58.3284ms - 200
[Info   :Zeepkist GTR] 19:32:09 End processing HTTP request after 58.584ms - 200
[Info   :Zeepkist GTR] 19:32:09 End processing HTTP request after 59.0709ms - 200
[Info   :Zeepkist GTR] 19:32:09 Ghost version: 5
[Info   :Zeepkist GTR] 19:32:09 Received HTTP response headers after 121.995ms - 200
[Info   :Zeepkist GTR] 19:32:09 End processing HTTP request after 122.1911ms - 200
[Info   :Zeepkist GTR] 19:32:09 Start processing HTTP request "POST" "https://graphql.zeepki.st/"
[Info   :Zeepkist GTR] 19:32:09 Sending HTTP request "POST" "https://graphql.zeepki.st/"
[Info   :Zeepkist GTR] 19:32:09 Received HTTP response headers after 58.3152ms - 200
[Info   :Zeepkist GTR] 19:32:09 End processing HTTP request after 58.5498ms - 200
[Info   :Zeepkist GTR] 19:32:11 Starting recorder
[Info   :Zeepkist GTR] 19:32:16 Loading personal best...
[Info   :Zeepkist GTR] 19:32:16 Start processing HTTP request "POST" "https://graphql.zeepki.st/"
[Info   :Zeepkist GTR] 19:32:16 Sending HTTP request "POST" "https://graphql.zeepki.st/"
[Info   :Zeepkist GTR] 19:32:16 Stopping existing recorder if any
[Info   :Zeepkist GTR] 19:32:16 Creating new recorder
[Info   :Zeepkist GTR] 19:32:16 Start processing HTTP request "POST" "https://graphql.zeepki.st/"
[Info   :Zeepkist GTR] 19:32:16 Sending HTTP request "POST" "https://graphql.zeepki.st/"
[Info   :Zeepkist GTR] 19:32:16 Start processing HTTP request "POST" "https://graphql.zeepki.st/"
[Info   :Zeepkist GTR] 19:32:16 Sending HTTP request "POST" "https://graphql.zeepki.st/"
[Info   :Zeepkist GTR] 19:32:16 Received HTTP response headers after 55.9182ms - 200
[Info   :Zeepkist GTR] 19:32:16 Received HTTP response headers after 56.3889ms - 200
[Info   :Zeepkist GTR] 19:32:16 End processing HTTP request after 56.6399ms - 200
[Info   :Zeepkist GTR] 19:32:16 End processing HTTP request after 56.164ms - 200
[Info   :Zeepkist GTR] 19:32:16 Ghost version: 5
[Info   :Zeepkist GTR] 19:32:16 Received HTTP response headers after 123.3029ms - 200
[Info   :Zeepkist GTR] 19:32:16 End processing HTTP request after 123.5136ms - 200
[Info   :Zeepkist GTR] 19:32:16 Start processing HTTP request "POST" "https://graphql.zeepki.st/"
[Info   :Zeepkist GTR] 19:32:16 Sending HTTP request "POST" "https://graphql.zeepki.st/"
[Info   :Zeepkist GTR] 19:32:16 Received HTTP response headers after 61.8641ms - 200
[Info   :Zeepkist GTR] 19:32:16 End processing HTTP request after 62.1047ms - 200
[Info   :Zeepkist GTR] 19:32:18 Starting recorder
[Info   :Zeepkist GTR] 19:32:42 Stopping recorder
[Info   :Zeepkist GTR] 19:32:42 Collecting extra information
[Info   :Zeepkist GTR] 19:32:42 Processing ghost data
[Info   :Zeepkist GTR] 19:32:42 Creating stream
[Info   :Zeepkist GTR] 19:32:42 Writing to stream
[Info   :Zeepkist GTR] 19:32:42 Closing stream
[Info   :Zeepkist GTR] 19:32:42 Getting buffer
[Info   :Zeepkist GTR] 19:32:42 Converting to base64
[Info   :Zeepkist GTR] 19:32:42 Creating resource
[Info   :Zeepkist GTR] 19:32:42 Start processing HTTP request "POST" "https://backend.zeepki.st/auth/refresh"
[Info   :Zeepkist GTR] 19:32:42 Sending HTTP request "POST" "https://backend.zeepki.st/auth/refresh"
[Info   :Zeepkist GTR] 19:32:43 Received HTTP response headers after 199.959ms - 200
[Info   :Zeepkist GTR] 19:32:43 End processing HTTP request after 200.1772ms - 200
[Info   :Zeepkist GTR] 19:32:43 Start processing HTTP request "POST" "https://backend.zeepki.st/record/submit"
[Info   :Zeepkist GTR] 19:32:43 Sending HTTP request "POST" "https://backend.zeepki.st/record/submit"
[Info   :Zeepkist GTR] 19:32:43 Received HTTP response headers after 104.0028ms - 200
[Info   :Zeepkist GTR] 19:32:43 End processing HTTP request after 104.2614ms - 200
[Info   :Zeepkist GTR] 19:32:44 Loading personal best...
[Info   :Zeepkist GTR] 19:32:44 Start processing HTTP request "POST" "https://graphql.zeepki.st/"
[Info   :Zeepkist GTR] 19:32:44 Sending HTTP request "POST" "https://graphql.zeepki.st/"
[Info   :Zeepkist GTR] 19:32:44 Stopping existing recorder if any
[Info   :Zeepkist GTR] 19:32:44 Creating new recorder
[Info   :Zeepkist GTR] 19:32:44 Start processing HTTP request "POST" "https://graphql.zeepki.st/"
[Info   :Zeepkist GTR] 19:32:44 Sending HTTP request "POST" "https://graphql.zeepki.st/"
[Info   :Zeepkist GTR] 19:32:44 Start processing HTTP request "POST" "https://graphql.zeepki.st/"
[Info   :Zeepkist GTR] 19:32:44 Sending HTTP request "POST" "https://graphql.zeepki.st/"
[Info   :Zeepkist GTR] 19:32:44 Received HTTP response headers after 140.7496ms - 200
[Info   :Zeepkist GTR] 19:32:44 End processing HTTP request after 140.947ms - 200
[Info   :Zeepkist GTR] 19:32:44 Received HTTP response headers after 153.0113ms - 200
[Info   :Zeepkist GTR] 19:32:44 End processing HTTP request after 153.2281ms - 200
[Info   :Zeepkist GTR] 19:32:44 Received HTTP response headers after 153.7858ms - 200
[Info   :Zeepkist GTR] 19:32:44 End processing HTTP request after 154.0311ms - 200
[Info   :Zeepkist GTR] 19:32:44 Ghost version: 5
[Info   :Zeepkist GTR] 19:32:44 Start processing HTTP request "POST" "https://graphql.zeepki.st/"
[Info   :Zeepkist GTR] 19:32:44 Sending HTTP request "POST" "https://graphql.zeepki.st/"
[Info   :Zeepkist GTR] 19:32:44 Received HTTP response headers after 62.6011ms - 200
[Info   :Zeepkist GTR] 19:32:44 End processing HTTP request after 62.8364ms - 200
[Info   :Zeepkist GTR] 19:32:45 Starting recorder
[Info   :Zeepkist GTR] 19:32:47 Discarding recorder
[Info   :RoundLeaderboardTab] Drawing leaderboard -> forwarding to Instance.DrawTabLeaderboard()
[Info   :BetterSplits] getting gtr splits
[Info   :Zeepkist GTR] 19:33:01 Loading personal best...
[Info   :Zeepkist GTR] 19:33:01 Start processing HTTP request "POST" "https://graphql.zeepki.st/"
[Info   :Zeepkist GTR] 19:33:01 Sending HTTP request "POST" "https://graphql.zeepki.st/"
[Info   :Zeepkist GTR] 19:33:01 Stopping existing recorder if any
[Info   :Zeepkist GTR] 19:33:01 Creating new recorder
[Info   :Zeepkist GTR] 19:33:01 Start processing HTTP request "POST" "https://graphql.zeepki.st/"
[Info   :Zeepkist GTR] 19:33:01 Sending HTTP request "POST" "https://graphql.zeepki.st/"
[Info   :Zeepkist GTR] 19:33:01 Start processing HTTP request "POST" "https://graphql.zeepki.st/"
[Info   :Zeepkist GTR] 19:33:01 Sending HTTP request "POST" "https://graphql.zeepki.st/"
[Info   :Zeepkist GTR] 19:33:01 Received HTTP response headers after 66.2687ms - 200
[Info   :Zeepkist GTR] 19:33:01 End processing HTTP request after 66.4947ms - 200
[Info   :Zeepkist GTR] 19:33:01 Received HTTP response headers after 71.5453ms - 200
[Info   :Zeepkist GTR] 19:33:01 End processing HTTP request after 71.7818ms - 200
[Error  :BetterSplits] could not get splits
Response: StatusCode: 400, ReasonPhrase: 'Bad Request', Version: 1.1, Content: System.Net.Http.StreamContent, Headers:
{
Date: Wed, 03 Jun 2026 17:33:02 GMT
Connection: keep-alive
access-control-allow-headers: Origin, X-Requested-With, Accept, Authorization, X-Apollo-Tracing, Content-Type, Content-Length, X-PostGraphile-Explain
access-control-allow-methods: HEAD, GET, POST
access-control-allow-origin: *
access-control-expose-headers: X-GraphQL-Event-Stream
alt-svc: h3=":443"; ma=86400
vary: Origin
via: 1.1 Caddy
x-graphql-event-stream: /stream
x-query-cost: 115
cf-cache-status: DYNAMIC
x-xss-protection: 1; mode=block
Strict-Transport-Security: max-age=15552000; includeSubDomains; preload
x-content-type-options: nosniff
Server-Timing: cfCacheStatus;desc="DYNAMIC", cfEdge;dur=6,cfOrigin;dur=46
Report-To: {"group":"cf-nel","max_age":604800,"endpoints":[{"url":"https://a.nel.cloudflare.com/report/v4?s=jlyjSCo9z8ZXvIeflMhV2naqYsPfx66OL35a915dN9kbT0wDMHBxCu0bkOk1RSI%2BSisyznlIlNcDWElBJdqSawujc%2FbzXNqOoXSNNP6CkDVmUz5gR9XwN1iRGDxsZBhM2bJ83g%3D%3D"}]}
Nel: {"report_to":"cf-nel","success_fraction":0.0,"max_age":604800}
expect-ct: max-age=86400, enforce
referrer-policy: same-origin
x-frame-options: SAMEORIGIN
Server: cloudflare
CF-RAY: a06070cb48e80642-MAD
Content-Type: application/json; charset=utf-8
Content-Length: 172
} 
Content: {"errors":[{"message":"Cannot query field \"personalBestGlobalsByIdLevel\" on type \"Level\". Did you mean \"personalBestGlobals\"?","locations":[{"line":1,"column":87}]}]}
Url: https://graphql.zeepki.st
Request: {"query":"query BetterSplitsPB($hash: String!, $steamId: BigFloat) { levelByHash(hash: $hash) { personalBestGlobalsByIdLevel(filter: {userByIdUser: {steamId: {equalTo: $steamId}}}) { nodes { recordByIdRecord { speeds splits time }}}}}","variables":{"hash":"41838F5E7B21C2EEBD5349122E4BF6FBCB97CEA9-3","steamId":"76561197972890120"}}
[Info   :Zeepkist GTR] 19:33:01 Ghost version: 5
[Info   :Zeepkist GTR] 19:33:01 Received HTTP response headers after 125.3575ms - 200
[Info   :Zeepkist GTR] 19:33:01 End processing HTTP request after 125.5841ms - 200
[Info   :Zeepkist GTR] 19:33:01 Start processing HTTP request "POST" "https://graphql.zeepki.st/"
[Info   :Zeepkist GTR] 19:33:01 Sending HTTP request "POST" "https://graphql.zeepki.st/"
[Info   :Zeepkist GTR] 19:33:01 Received HTTP response headers after 52.8812ms - 200
[Info   :Zeepkist GTR] 19:33:01 End processing HTTP request after 53.1181ms - 200
[Info   :Zeepkist GTR] 19:33:03 Starting recorder
[Info   :Zeepkist GTR] 19:33:06 Loading personal best...
[Info   :Zeepkist GTR] 19:33:06 Start processing HTTP request "POST" "https://graphql.zeepki.st/"
[Info   :Zeepkist GTR] 19:33:06 Sending HTTP request "POST" "https://graphql.zeepki.st/"
[Info   :Zeepkist GTR] 19:33:06 Stopping existing recorder if any
[Info   :Zeepkist GTR] 19:33:06 Creating new recorder
[Info   :Zeepkist GTR] 19:33:06 Start processing HTTP request "POST" "https://graphql.zeepki.st/"
[Info   :Zeepkist GTR] 19:33:06 Sending HTTP request "POST" "https://graphql.zeepki.st/"
[Info   :Zeepkist GTR] 19:33:06 Start processing HTTP request "POST" "https://graphql.zeepki.st/"
[Info   :Zeepkist GTR] 19:33:06 Sending HTTP request "POST" "https://graphql.zeepki.st/"
[Info   :Zeepkist GTR] 19:33:06 Received HTTP response headers after 59.3839ms - 200
[Info   :Zeepkist GTR] 19:33:06 End processing HTTP request after 59.6349ms - 200
[Info   :Zeepkist GTR] 19:33:06 Received HTTP response headers after 60.9923ms - 200
[Info   :Zeepkist GTR] 19:33:06 End processing HTTP request after 61.1878ms - 200
[Info   :Zeepkist GTR] 19:33:06 Ghost version: 5
[Info   :Zeepkist GTR] 19:33:06 Received HTTP response headers after 122.8468ms - 200
[Info   :Zeepkist GTR] 19:33:06 End processing HTTP request after 123.063ms - 200
[Info   :Zeepkist GTR] 19:33:06 Start processing HTTP request "POST" "https://graphql.zeepki.st/"
[Info   :Zeepkist GTR] 19:33:06 Sending HTTP request "POST" "https://graphql.zeepki.st/"
[Info   :Zeepkist GTR] 19:33:06 Received HTTP response headers after 51.346ms - 200
[Info   :Zeepkist GTR] 19:33:06 End processing HTTP request after 51.5749ms - 200
[Info   :Zeepkist GTR] 19:33:08 Starting recorder
[Info   :Zeepkist GTR] 19:33:21 Loading personal best...
[Info   :Zeepkist GTR] 19:33:21 Start processing HTTP request "POST" "https://graphql.zeepki.st/"
[Info   :Zeepkist GTR] 19:33:21 Sending HTTP request "POST" "https://graphql.zeepki.st/"
[Info   :Zeepkist GTR] 19:33:21 Stopping existing recorder if any
[Info   :Zeepkist GTR] 19:33:21 Creating new recorder
[Info   :Zeepkist GTR] 19:33:21 Start processing HTTP request "POST" "https://graphql.zeepki.st/"
[Info   :Zeepkist GTR] 19:33:21 Sending HTTP request "POST" "https://graphql.zeepki.st/"
[Info   :Zeepkist GTR] 19:33:21 Start processing HTTP request "POST" "https://graphql.zeepki.st/"
[Info   :Zeepkist GTR] 19:33:21 Sending HTTP request "POST" "https://graphql.zeepki.st/"
[Info   :Zeepkist GTR] 19:33:21 Received HTTP response headers after 58.6707ms - 200
[Info   :Zeepkist GTR] 19:33:21 End processing HTTP request after 58.8858ms - 200
[Info   :Zeepkist GTR] 19:33:21 Received HTTP response headers after 63.4852ms - 200
[Info   :Zeepkist GTR] 19:33:21 End processing HTTP request after 63.7247ms - 200
[Info   :Zeepkist GTR] 19:33:21 Ghost version: 5
[Info   :Zeepkist GTR] 19:33:21 Received HTTP response headers after 128.8884ms - 200
[Info   :Zeepkist GTR] 19:33:21 End processing HTTP request after 129.1832ms - 200
[Info   :Zeepkist GTR] 19:33:21 Start processing HTTP request "POST" "https://graphql.zeepki.st/"
[Info   :Zeepkist GTR] 19:33:21 Sending HTTP request "POST" "https://graphql.zeepki.st/"
[Info   :Zeepkist GTR] 19:33:21 Received HTTP response headers after 54.243ms - 200
[Info   :Zeepkist GTR] 19:33:21 End processing HTTP request after 54.5363ms - 200
[Info   :Zeepkist GTR] 19:33:22 Starting recorder
[Info   :Zeepkist GTR] 19:33:36 Loading personal best...
[Info   :Zeepkist GTR] 19:33:36 Start processing HTTP request "POST" "https://graphql.zeepki.st/"
[Info   :Zeepkist GTR] 19:33:36 Sending HTTP request "POST" "https://graphql.zeepki.st/"
[Info   :Zeepkist GTR] 19:33:36 Stopping existing recorder if any
[Info   :Zeepkist GTR] 19:33:36 Creating new recorder
[Info   :Zeepkist GTR] 19:33:36 Start processing HTTP request "POST" "https://graphql.zeepki.st/"
[Info   :Zeepkist GTR] 19:33:36 Sending HTTP request "POST" "https://graphql.zeepki.st/"
[Info   :Zeepkist GTR] 19:33:36 Start processing HTTP request "POST" "https://graphql.zeepki.st/"
[Info   :Zeepkist GTR] 19:33:36 Sending HTTP request "POST" "https://graphql.zeepki.st/"
[Info   :Zeepkist GTR] 19:33:36 Received HTTP response headers after 53.972ms - 200
[Info   :Zeepkist GTR] 19:33:36 Received HTTP response headers after 54.6227ms - 200
[Info   :Zeepkist GTR] 19:33:36 End processing HTTP request after 54.2549ms - 200
[Info   :Zeepkist GTR] 19:33:36 End processing HTTP request after 54.8281ms - 200
[Info   :Zeepkist GTR] 19:33:36 Ghost version: 5
[Info   :Zeepkist GTR] 19:33:36 Received HTTP response headers after 125.6402ms - 200
[Info   :Zeepkist GTR] 19:33:36 End processing HTTP request after 125.8632ms - 200
[Info   :Zeepkist GTR] 19:33:36 Start processing HTTP request "POST" "https://graphql.zeepki.st/"
[Info   :Zeepkist GTR] 19:33:36 Sending HTTP request "POST" "https://graphql.zeepki.st/"
[Info   :Zeepkist GTR] 19:33:36 Received HTTP response headers after 58.2822ms - 200
[Info   :Zeepkist GTR] 19:33:36 End processing HTTP request after 58.5215ms - 200
[Info   :Zeepkist GTR] 19:33:38 Starting recorder
[Info   :Zeepkist GTR] 19:34:03 Stopping recorder
[Info   :Zeepkist GTR] 19:34:03 Collecting extra information
[Info   :Zeepkist GTR] 19:34:03 Processing ghost data
[Info   :Zeepkist GTR] 19:34:03 Creating stream
[Info   :Zeepkist GTR] 19:34:03 Writing to stream
[Info   :Zeepkist GTR] 19:34:03 Closing stream
[Info   :Zeepkist GTR] 19:34:03 Getting buffer
[Info   :Zeepkist GTR] 19:34:03 Converting to base64
[Info   :Zeepkist GTR] 19:34:03 Creating resource
[Info   :Zeepkist GTR] 19:34:03 Start processing HTTP request "POST" "https://backend.zeepki.st/auth/refresh"
[Info   :Zeepkist GTR] 19:34:03 Sending HTTP request "POST" "https://backend.zeepki.st/auth/refresh"
[Info   :Zeepkist GTR] 19:34:03 Received HTTP response headers after 264.0679ms - 200
[Info   :Zeepkist GTR] 19:34:03 End processing HTTP request after 264.2952ms - 200
[Info   :Zeepkist GTR] 19:34:03 Start processing HTTP request "POST" "https://backend.zeepki.st/record/submit"
[Info   :Zeepkist GTR] 19:34:03 Sending HTTP request "POST" "https://backend.zeepki.st/record/submit"
[Info   :Zeepkist GTR] 19:34:03 Received HTTP response headers after 154.0242ms - 200
[Info   :Zeepkist GTR] 19:34:03 End processing HTTP request after 154.2403ms - 200
[Info   :Zeepkist GTR] 19:34:06 Loading personal best...
[Info   :Zeepkist GTR] 19:34:06 Start processing HTTP request "POST" "https://graphql.zeepki.st/"
[Info   :Zeepkist GTR] 19:34:06 Sending HTTP request "POST" "https://graphql.zeepki.st/"
[Info   :Zeepkist GTR] 19:34:06 Stopping existing recorder if any
[Info   :Zeepkist GTR] 19:34:06 Creating new recorder
[Info   :Zeepkist GTR] 19:34:06 Start processing HTTP request "POST" "https://graphql.zeepki.st/"
[Info   :Zeepkist GTR] 19:34:06 Sending HTTP request "POST" "https://graphql.zeepki.st/"
[Info   :Zeepkist GTR] 19:34:06 Start processing HTTP request "POST" "https://graphql.zeepki.st/"
[Info   :Zeepkist GTR] 19:34:06 Sending HTTP request "POST" "https://graphql.zeepki.st/"
[Info   :Zeepkist GTR] 19:34:06 Received HTTP response headers after 58.5065ms - 200
[Info   :Zeepkist GTR] 19:34:06 End processing HTTP request after 58.7858ms - 200
[Info   :Zeepkist GTR] 19:34:06 Received HTTP response headers after 62.4447ms - 200
[Info   :Zeepkist GTR] 19:34:06 End processing HTTP request after 62.6456ms - 200
[Info   :Zeepkist GTR] 19:34:06 Start processing HTTP request "GET" "https://cdn.zeepki.st/ghosts/01KT78SBCTG07YTF1RQFTARQ5P.bin"
[Info   :Zeepkist GTR] 19:34:06 Sending HTTP request "GET" "https://cdn.zeepki.st/ghosts/01KT78SBCTG07YTF1RQFTARQ5P.bin"
[Info   :Zeepkist GTR] 19:34:06 Received HTTP response headers after 121.0252ms - 200
[Info   :Zeepkist GTR] 19:34:06 End processing HTTP request after 121.2529ms - 200
[Info   :Zeepkist GTR] 19:34:06 Start processing HTTP request "POST" "https://graphql.zeepki.st/"
[Info   :Zeepkist GTR] 19:34:06 Sending HTTP request "POST" "https://graphql.zeepki.st/"
[Info   :Zeepkist GTR] 19:34:06 Received HTTP response headers after 52.62ms - 200
[Info   :Zeepkist GTR] 19:34:06 End processing HTTP request after 52.8543ms - 200
[Info   :Zeepkist GTR] 19:34:07 Received HTTP response headers after 787.5482ms - 200
[Info   :Zeepkist GTR] 19:34:07 End processing HTTP request after 787.7971ms - 200
[Info   :Zeepkist GTR] 19:34:07 Ghost version: 5
[Info   :Zeepkist GTR] 19:34:07 Starting recorder
[Info   :Zeepkist GTR] 19:34:14 Loading personal best...
[Info   :Zeepkist GTR] 19:34:14 Start processing HTTP request "POST" "https://graphql.zeepki.st/"
[Info   :Zeepkist GTR] 19:34:14 Sending HTTP request "POST" "https://graphql.zeepki.st/"
[Info   :Zeepkist GTR] 19:34:14 Stopping existing recorder if any
[Info   :Zeepkist GTR] 19:34:14 Creating new recorder
[Info   :Zeepkist GTR] 19:34:14 Start processing HTTP request "POST" "https://graphql.zeepki.st/"
[Info   :Zeepkist GTR] 19:34:14 Sending HTTP request "POST" "https://graphql.zeepki.st/"
[Info   :Zeepkist GTR] 19:34:14 Start processing HTTP request "POST" "https://graphql.zeepki.st/"
[Info   :Zeepkist GTR] 19:34:14 Sending HTTP request "POST" "https://graphql.zeepki.st/"
[Info   :Zeepkist GTR] 19:34:15 Received HTTP response headers after 55.3904ms - 200
[Info   :Zeepkist GTR] 19:34:15 Received HTTP response headers after 54.8353ms - 200
[Info   :Zeepkist GTR] 19:34:15 End processing HTTP request after 55.0751ms - 200
[Info   :Zeepkist GTR] 19:34:15 End processing HTTP request after 55.7199ms - 200
[Info   :Zeepkist GTR] 19:34:15 Ghost version: 5
[Info   :Zeepkist GTR] 19:34:15 Received HTTP response headers after 123.0533ms - 200
[Info   :Zeepkist GTR] 19:34:15 End processing HTTP request after 123.3762ms - 200
[Info   :Zeepkist GTR] 19:34:15 Start processing HTTP request "POST" "https://graphql.zeepki.st/"
[Info   :Zeepkist GTR] 19:34:15 Sending HTTP request "POST" "https://graphql.zeepki.st/"
[Info   :Zeepkist GTR] 19:34:15 Received HTTP response headers after 61.7149ms - 200
[Info   :Zeepkist GTR] 19:34:15 End processing HTTP request after 61.9862ms - 200
[Info   :Zeepkist GTR] 19:34:16 Starting recorder
[Info   :Zeepkist GTR] 19:34:41 Stopping recorder
[Info   :Zeepkist GTR] 19:34:41 Collecting extra information
[Info   :Zeepkist GTR] 19:34:41 Processing ghost data
[Info   :Zeepkist GTR] 19:34:41 Creating stream
[Info   :Zeepkist GTR] 19:34:41 Writing to stream
[Info   :Zeepkist GTR] 19:34:41 Closing stream
[Info   :Zeepkist GTR] 19:34:41 Getting buffer
[Info   :Zeepkist GTR] 19:34:41 Converting to base64
[Info   :Zeepkist GTR] 19:34:41 Creating resource
[Info   :Zeepkist GTR] 19:34:41 Start processing HTTP request "POST" "https://backend.zeepki.st/auth/refresh"
[Info   :Zeepkist GTR] 19:34:41 Sending HTTP request "POST" "https://backend.zeepki.st/auth/refresh"
[Info   :Zeepkist GTR] 19:34:42 Received HTTP response headers after 400.7734ms - 200
[Info   :Zeepkist GTR] 19:34:42 End processing HTTP request after 400.9765ms - 200
[Info   :Zeepkist GTR] 19:34:42 Start processing HTTP request "POST" "https://backend.zeepki.st/record/submit"
[Info   :Zeepkist GTR] 19:34:42 Sending HTTP request "POST" "https://backend.zeepki.st/record/submit"
[Info   :Zeepkist GTR] 19:34:42 Received HTTP response headers after 117.5531ms - 200
[Info   :Zeepkist GTR] 19:34:42 End processing HTTP request after 117.7968ms - 200
[Info   :Zeepkist GTR] 19:34:44 Loading personal best...
[Info   :Zeepkist GTR] 19:34:44 Start processing HTTP request "POST" "https://graphql.zeepki.st/"
[Info   :Zeepkist GTR] 19:34:44 Sending HTTP request "POST" "https://graphql.zeepki.st/"
[Info   :Zeepkist GTR] 19:34:44 Stopping existing recorder if any
[Info   :Zeepkist GTR] 19:34:44 Creating new recorder
[Info   :Zeepkist GTR] 19:34:44 Start processing HTTP request "POST" "https://graphql.zeepki.st/"
[Info   :Zeepkist GTR] 19:34:44 Sending HTTP request "POST" "https://graphql.zeepki.st/"
[Info   :Zeepkist GTR] 19:34:44 Start processing HTTP request "POST" "https://graphql.zeepki.st/"
[Info   :Zeepkist GTR] 19:34:44 Sending HTTP request "POST" "https://graphql.zeepki.st/"
[Info   :Zeepkist GTR] 19:34:44 Received HTTP response headers after 113.7309ms - 200
[Info   :Zeepkist GTR] 19:34:44 End processing HTTP request after 113.9539ms - 200
[Info   :Zeepkist GTR] 19:34:44 Ghost version: 5
[Info   :Zeepkist GTR] 19:34:44 Received HTTP response headers after 170.7916ms - 200
[Info   :Zeepkist GTR] 19:34:44 End processing HTTP request after 171.0082ms - 200
[Info   :Zeepkist GTR] 19:34:44 Received HTTP response headers after 203.9387ms - 200
[Info   :Zeepkist GTR] 19:34:44 End processing HTTP request after 204.1484ms - 200
[Info   :Zeepkist GTR] 19:34:44 Start processing HTTP request "POST" "https://graphql.zeepki.st/"
[Info   :Zeepkist GTR] 19:34:44 Sending HTTP request "POST" "https://graphql.zeepki.st/"
[Info   :Zeepkist GTR] 19:34:44 Received HTTP response headers after 59.672ms - 200
[Info   :Zeepkist GTR] 19:34:44 End processing HTTP request after 59.914ms - 200
[Info   :Zeepkist GTR] 19:34:46 Starting recorder
[Info   :Zeepkist GTR] 19:35:11 Stopping recorder
[Info   :Zeepkist GTR] 19:35:11 Collecting extra information
[Info   :Zeepkist GTR] 19:35:11 Processing ghost data
[Info   :Zeepkist GTR] 19:35:11 Creating stream
[Info   :Zeepkist GTR] 19:35:11 Writing to stream
[Info   :Zeepkist GTR] 19:35:11 Closing stream
[Info   :Zeepkist GTR] 19:35:11 Getting buffer
[Info   :Zeepkist GTR] 19:35:11 Converting to base64
[Info   :Zeepkist GTR] 19:35:11 Creating resource
[Info   :Zeepkist GTR] 19:35:11 Start processing HTTP request "POST" "https://backend.zeepki.st/auth/refresh"
[Info   :Zeepkist GTR] 19:35:11 Sending HTTP request "POST" "https://backend.zeepki.st/auth/refresh"
[Info   :Zeepkist GTR] 19:35:15 Loading personal best...
[Info   :Zeepkist GTR] 19:35:15 Start processing HTTP request "POST" "https://graphql.zeepki.st/"
[Info   :Zeepkist GTR] 19:35:15 Sending HTTP request "POST" "https://graphql.zeepki.st/"
[Info   :Zeepkist GTR] 19:35:15 Stopping existing recorder if any
[Info   :Zeepkist GTR] 19:35:15 Creating new recorder
[Info   :Zeepkist GTR] 19:35:15 Start processing HTTP request "POST" "https://graphql.zeepki.st/"
[Info   :Zeepkist GTR] 19:35:15 Sending HTTP request "POST" "https://graphql.zeepki.st/"
[Info   :Zeepkist GTR] 19:35:15 Start processing HTTP request "POST" "https://graphql.zeepki.st/"
[Info   :Zeepkist GTR] 19:35:15 Sending HTTP request "POST" "https://graphql.zeepki.st/"
[Info   :Zeepkist GTR] 19:35:15 Received HTTP response headers after 66.2474ms - 200
[Info   :Zeepkist GTR] 19:35:15 End processing HTTP request after 66.5413ms - 200
[Info   :Zeepkist GTR] 19:35:15 Received HTTP response headers after 72.796ms - 200
[Info   :Zeepkist GTR] 19:35:15 End processing HTTP request after 73.1194ms - 200
[Info   :Zeepkist GTR] 19:35:15 Ghost version: 5
[Info   :Zeepkist GTR] 19:35:15 Received HTTP response headers after 124.8158ms - 200
[Info   :Zeepkist GTR] 19:35:15 End processing HTTP request after 125.0533ms - 200
[Info   :Zeepkist GTR] 19:35:15 Start processing HTTP request "POST" "https://graphql.zeepki.st/"
[Info   :Zeepkist GTR] 19:35:15 Sending HTTP request "POST" "https://graphql.zeepki.st/"
[Info   :Zeepkist GTR] 19:35:15 Received HTTP response headers after 51.8308ms - 200
[Info   :Zeepkist GTR] 19:35:15 End processing HTTP request after 52.0936ms - 200
[Info   :Zeepkist GTR] 19:35:17 Starting recorder
[Info   :Zeepkist GTR] 19:35:23 Received HTTP response headers after 12380.1708ms - 200
[Info   :Zeepkist GTR] 19:35:23 End processing HTTP request after 12380.4005ms - 200
[Info   :Zeepkist GTR] 19:35:23 Start processing HTTP request "POST" "https://backend.zeepki.st/record/submit"
[Info   :Zeepkist GTR] 19:35:23 Sending HTTP request "POST" "https://backend.zeepki.st/record/submit"
[Info   :Zeepkist GTR] 19:35:23 Loading personal best...
[Info   :Zeepkist GTR] 19:35:23 Start processing HTTP request "POST" "https://graphql.zeepki.st/"
[Info   :Zeepkist GTR] 19:35:23 Sending HTTP request "POST" "https://graphql.zeepki.st/"
[Info   :Zeepkist GTR] 19:35:23 Stopping existing recorder if any
[Info   :Zeepkist GTR] 19:35:23 Creating new recorder
[Info   :Zeepkist GTR] 19:35:23 Start processing HTTP request "POST" "https://graphql.zeepki.st/"
[Info   :Zeepkist GTR] 19:35:23 Sending HTTP request "POST" "https://graphql.zeepki.st/"
[Info   :Zeepkist GTR] 19:35:23 Start processing HTTP request "POST" "https://graphql.zeepki.st/"
[Info   :Zeepkist GTR] 19:35:23 Sending HTTP request "POST" "https://graphql.zeepki.st/"
[Info   :Zeepkist GTR] 19:35:24 Received HTTP response headers after 55.3178ms - 200
[Info   :Zeepkist GTR] 19:35:24 End processing HTTP request after 55.5628ms - 200
[Info   :Zeepkist GTR] 19:35:24 Received HTTP response headers after 63.527ms - 200
[Info   :Zeepkist GTR] 19:35:24 End processing HTTP request after 63.7403ms - 200
[Info   :Zeepkist GTR] 19:35:24 Ghost version: 5
[Info   :Zeepkist GTR] 19:35:24 Received HTTP response headers after 108.0625ms - 200
[Info   :Zeepkist GTR] 19:35:24 End processing HTTP request after 108.329ms - 200
[Info   :Zeepkist GTR] 19:35:24 Start processing HTTP request "POST" "https://graphql.zeepki.st/"
[Info   :Zeepkist GTR] 19:35:24 Sending HTTP request "POST" "https://graphql.zeepki.st/"
[Info   :Zeepkist GTR] 19:35:24 Received HTTP response headers after 57.7901ms - 200
[Info   :Zeepkist GTR] 19:35:24 End processing HTTP request after 58.0245ms - 200
[Info   :Zeepkist GTR] 19:35:25 Starting recorder
[Info   :Zeepkist GTR] 19:35:28 Loading personal best...
[Info   :Zeepkist GTR] 19:35:28 Start processing HTTP request "POST" "https://graphql.zeepki.st/"
[Info   :Zeepkist GTR] 19:35:28 Sending HTTP request "POST" "https://graphql.zeepki.st/"
[Info   :Zeepkist GTR] 19:35:28 Stopping existing recorder if any
[Info   :Zeepkist GTR] 19:35:28 Creating new recorder
[Info   :Zeepkist GTR] 19:35:28 Start processing HTTP request "POST" "https://graphql.zeepki.st/"
[Info   :Zeepkist GTR] 19:35:28 Sending HTTP request "POST" "https://graphql.zeepki.st/"
[Info   :Zeepkist GTR] 19:35:28 Start processing HTTP request "POST" "https://graphql.zeepki.st/"
[Info   :Zeepkist GTR] 19:35:28 Sending HTTP request "POST" "https://graphql.zeepki.st/"
[Info   :Zeepkist GTR] 19:35:28 Received HTTP response headers after 52.2881ms - 200
[Info   :Zeepkist GTR] 19:35:28 End processing HTTP request after 52.5187ms - 200
[Info   :Zeepkist GTR] 19:35:28 Received HTTP response headers after 56.0807ms - 200
[Info   :Zeepkist GTR] 19:35:28 End processing HTTP request after 56.3269ms - 200
[Info   :Zeepkist GTR] 19:35:28 Ghost version: 5
[Info   :Zeepkist GTR] 19:35:28 Received HTTP response headers after 115.4263ms - 200
[Info   :Zeepkist GTR] 19:35:28 End processing HTTP request after 115.6542ms - 200
[Info   :Zeepkist GTR] 19:35:29 Start processing HTTP request "POST" "https://graphql.zeepki.st/"
[Info   :Zeepkist GTR] 19:35:29 Sending HTTP request "POST" "https://graphql.zeepki.st/"
[Info   :Zeepkist GTR] 19:35:29 Received HTTP response headers after 59.1347ms - 200
[Info   :Zeepkist GTR] 19:35:29 End processing HTTP request after 59.369ms - 200
[Info   :Zeepkist GTR] 19:35:30 Starting recorder
[Info   :Zeepkist GTR] 19:35:45 Received HTTP response headers after 21644.3662ms - 200
[Info   :Zeepkist GTR] 19:35:45 End processing HTTP request after 21644.5978ms - 200
[Info   :Zeepkist GTR] 19:35:55 Stopping recorder
[Info   :Zeepkist GTR] 19:35:55 Collecting extra information
[Info   :Zeepkist GTR] 19:35:55 Processing ghost data
[Info   :Zeepkist GTR] 19:35:55 Creating stream
[Info   :Zeepkist GTR] 19:35:55 Writing to stream
[Info   :Zeepkist GTR] 19:35:55 Closing stream
[Info   :Zeepkist GTR] 19:35:55 Getting buffer
[Info   :Zeepkist GTR] 19:35:55 Converting to base64
[Info   :Zeepkist GTR] 19:35:55 Creating resource
[Info   :Zeepkist GTR] 19:35:55 Start processing HTTP request "POST" "https://backend.zeepki.st/auth/refresh"
[Info   :Zeepkist GTR] 19:35:55 Sending HTTP request "POST" "https://backend.zeepki.st/auth/refresh"
[Info   :Zeepkist GTR] 19:35:57 Received HTTP response headers after 1810.07ms - 200
[Info   :Zeepkist GTR] 19:35:57 End processing HTTP request after 1810.2836ms - 200
[Info   :Zeepkist GTR] 19:35:57 Start processing HTTP request "POST" "https://backend.zeepki.st/record/submit"
[Info   :Zeepkist GTR] 19:35:57 Sending HTTP request "POST" "https://backend.zeepki.st/record/submit"
[Info   :Zeepkist GTR] 19:35:57 Loading personal best...
[Info   :Zeepkist GTR] 19:35:57 Start processing HTTP request "POST" "https://graphql.zeepki.st/"
[Info   :Zeepkist GTR] 19:35:57 Sending HTTP request "POST" "https://graphql.zeepki.st/"
[Info   :Zeepkist GTR] 19:35:57 Stopping existing recorder if any
[Info   :Zeepkist GTR] 19:35:57 Creating new recorder
[Info   :Zeepkist GTR] 19:35:57 Start processing HTTP request "POST" "https://graphql.zeepki.st/"
[Info   :Zeepkist GTR] 19:35:57 Sending HTTP request "POST" "https://graphql.zeepki.st/"
[Info   :Zeepkist GTR] 19:35:57 Start processing HTTP request "POST" "https://graphql.zeepki.st/"
[Info   :Zeepkist GTR] 19:35:57 Sending HTTP request "POST" "https://graphql.zeepki.st/"
[Info   :Zeepkist GTR] 19:35:57 Received HTTP response headers after 61.8327ms - 200
[Info   :Zeepkist GTR] 19:35:57 End processing HTTP request after 62.0461ms - 200
[Info   :Zeepkist GTR] 19:35:57 Received HTTP response headers after 67.5772ms - 200
[Info   :Zeepkist GTR] 19:35:57 End processing HTTP request after 67.8073ms - 200
[Info   :Zeepkist GTR] 19:35:57 Start processing HTTP request "GET" "https://cdn.zeepki.st/ghosts/01KT78WERYHRRNYARWWX67438J.bin"
[Info   :Zeepkist GTR] 19:35:57 Sending HTTP request "GET" "https://cdn.zeepki.st/ghosts/01KT78WERYHRRNYARWWX67438J.bin"
[Info   :Zeepkist GTR] 19:35:57 Received HTTP response headers after 122.9108ms - 200
[Info   :Zeepkist GTR] 19:35:57 End processing HTTP request after 123.147ms - 200
[Info   :Zeepkist GTR] 19:35:57 Start processing HTTP request "POST" "https://graphql.zeepki.st/"
[Info   :Zeepkist GTR] 19:35:57 Sending HTTP request "POST" "https://graphql.zeepki.st/"
[Info   :Zeepkist GTR] 19:35:57 Received HTTP response headers after 260.1207ms - 200
[Info   :Zeepkist GTR] 19:35:57 End processing HTTP request after 260.3603ms - 200
[Info   :Zeepkist GTR] 19:35:57 Received HTTP response headers after 56.7582ms - 200
[Info   :Zeepkist GTR] 19:35:57 End processing HTTP request after 56.9963ms - 200
[Info   :Zeepkist GTR] 19:35:58 Received HTTP response headers after 598.6225ms - 200
[Info   :Zeepkist GTR] 19:35:58 End processing HTTP request after 598.8794ms - 200
[Info   :Zeepkist GTR] 19:35:58 Ghost version: 5
[Info   :Zeepkist GTR] 19:35:59 Starting recorder
[Info   :Zeepkist GTR] 19:36:11 Loading personal best...
[Info   :Zeepkist GTR] 19:36:11 Start processing HTTP request "POST" "https://graphql.zeepki.st/"
[Info   :Zeepkist GTR] 19:36:11 Sending HTTP request "POST" "https://graphql.zeepki.st/"
[Info   :Zeepkist GTR] 19:36:11 Stopping existing recorder if any
[Info   :Zeepkist GTR] 19:36:11 Creating new recorder
[Info   :Zeepkist GTR] 19:36:11 Start processing HTTP request "POST" "https://graphql.zeepki.st/"
[Info   :Zeepkist GTR] 19:36:11 Sending HTTP request "POST" "https://graphql.zeepki.st/"
[Info   :Zeepkist GTR] 19:36:11 Start processing HTTP request "POST" "https://graphql.zeepki.st/"
[Info   :Zeepkist GTR] 19:36:11 Sending HTTP request "POST" "https://graphql.zeepki.st/"
[Info   :Zeepkist GTR] 19:36:11 Received HTTP response headers after 63.8463ms - 200
[Info   :Zeepkist GTR] 19:36:11 End processing HTTP request after 64.099ms - 200
[Info   :Zeepkist GTR] 19:36:11 Received HTTP response headers after 76.8243ms - 200
[Info   :Zeepkist GTR] 19:36:11 End processing HTTP request after 77.0533ms - 200
[Info   :Zeepkist GTR] 19:36:11 Ghost version: 5
[Info   :Zeepkist GTR] 19:36:11 Received HTTP response headers after 133.25ms - 200
[Info   :Zeepkist GTR] 19:36:11 End processing HTTP request after 133.4774ms - 200
[Info   :Zeepkist GTR] 19:36:11 Start processing HTTP request "POST" "https://graphql.zeepki.st/"
[Info   :Zeepkist GTR] 19:36:11 Sending HTTP request "POST" "https://graphql.zeepki.st/"
[Info   :Zeepkist GTR] 19:36:12 Received HTTP response headers after 56.1424ms - 200
[Info   :Zeepkist GTR] 19:36:12 End processing HTTP request after 56.383ms - 200
[Info   :Zeepkist GTR] 19:36:13 Starting recorder
[Info   :Zeepkist GTR] 19:36:38 Stopping recorder
[Info   :Zeepkist GTR] 19:36:38 Collecting extra information
[Info   :Zeepkist GTR] 19:36:38 Processing ghost data
[Info   :Zeepkist GTR] 19:36:38 Creating stream
[Info   :Zeepkist GTR] 19:36:38 Writing to stream
[Info   :Zeepkist GTR] 19:36:38 Closing stream
[Info   :Zeepkist GTR] 19:36:38 Getting buffer
[Info   :Zeepkist GTR] 19:36:38 Converting to base64
[Info   :Zeepkist GTR] 19:36:38 Creating resource
[Info   :Zeepkist GTR] 19:36:38 Start processing HTTP request "POST" "https://backend.zeepki.st/auth/refresh"
[Info   :Zeepkist GTR] 19:36:38 Sending HTTP request "POST" "https://backend.zeepki.st/auth/refresh"
[Info   :Zeepkist GTR] 19:36:39 Received HTTP response headers after 1109.7952ms - 200
[Info   :Zeepkist GTR] 19:36:39 End processing HTTP request after 1110.012ms - 200
[Info   :Zeepkist GTR] 19:36:39 Start processing HTTP request "POST" "https://backend.zeepki.st/record/submit"
[Info   :Zeepkist GTR] 19:36:39 Sending HTTP request "POST" "https://backend.zeepki.st/record/submit"
[Info   :Zeepkist GTR] 19:36:39 Received HTTP response headers after 182.9368ms - 200
[Info   :Zeepkist GTR] 19:36:39 End processing HTTP request after 183.165ms - 200
[Info   :Zeepkist GTR] 19:36:42 Loading personal best...
[Info   :Zeepkist GTR] 19:36:42 Start processing HTTP request "POST" "https://graphql.zeepki.st/"
[Info   :Zeepkist GTR] 19:36:42 Sending HTTP request "POST" "https://graphql.zeepki.st/"
[Info   :Zeepkist GTR] 19:36:42 Stopping existing recorder if any
[Info   :Zeepkist GTR] 19:36:42 Creating new recorder
[Info   :Zeepkist GTR] 19:36:42 Start processing HTTP request "POST" "https://graphql.zeepki.st/"
[Info   :Zeepkist GTR] 19:36:42 Sending HTTP request "POST" "https://graphql.zeepki.st/"
[Info   :Zeepkist GTR] 19:36:42 Start processing HTTP request "POST" "https://graphql.zeepki.st/"
[Info   :Zeepkist GTR] 19:36:42 Sending HTTP request "POST" "https://graphql.zeepki.st/"
[Info   :Zeepkist GTR] 19:36:42 Received HTTP response headers after 147.8104ms - 200
[Info   :Zeepkist GTR] 19:36:42 Received HTTP response headers after 147.3667ms - 200
[Info   :Zeepkist GTR] 19:36:42 End processing HTTP request after 147.5995ms - 200
[Info   :Zeepkist GTR] 19:36:42 End processing HTTP request after 148.0891ms - 200
[Info   :Zeepkist GTR] 19:36:42 Start processing HTTP request "GET" "https://cdn.zeepki.st/ghosts/01KT78Y3T8G255Y4JVA9QH9DHG.bin"
[Info   :Zeepkist GTR] 19:36:42 Sending HTTP request "GET" "https://cdn.zeepki.st/ghosts/01KT78Y3T8G255Y4JVA9QH9DHG.bin"
[Info   :Zeepkist GTR] 19:36:42 Received HTTP response headers after 241.2952ms - 200
[Info   :Zeepkist GTR] 19:36:42 End processing HTTP request after 241.4987ms - 200
[Info   :Zeepkist GTR] 19:36:42 Start processing HTTP request "POST" "https://graphql.zeepki.st/"
[Info   :Zeepkist GTR] 19:36:42 Sending HTTP request "POST" "https://graphql.zeepki.st/"
[Info   :Zeepkist GTR] 19:36:42 Received HTTP response headers after 76.7463ms - 200
[Info   :Zeepkist GTR] 19:36:42 End processing HTTP request after 76.9817ms - 200
[Info   :Zeepkist GTR] 19:36:42 Received HTTP response headers after 556.2614ms - 200
[Info   :Zeepkist GTR] 19:36:42 End processing HTTP request after 556.4976ms - 200
[Info   :Zeepkist GTR] 19:36:42 Ghost version: 5
[Info   :Zeepkist GTR] 19:36:43 Starting recorder
[Info   :Zeepkist GTR] 19:37:08 Stopping recorder
[Info   :Zeepkist GTR] 19:37:08 Collecting extra information
[Info   :Zeepkist GTR] 19:37:08 Processing ghost data
[Info   :Zeepkist GTR] 19:37:08 Creating stream
[Info   :Zeepkist GTR] 19:37:08 Writing to stream
[Info   :Zeepkist GTR] 19:37:08 Closing stream
[Info   :Zeepkist GTR] 19:37:08 Getting buffer
[Info   :Zeepkist GTR] 19:37:08 Converting to base64
[Info   :Zeepkist GTR] 19:37:08 Creating resource
[Info   :Zeepkist GTR] 19:37:08 Start processing HTTP request "POST" "https://backend.zeepki.st/auth/refresh"
[Info   :Zeepkist GTR] 19:37:08 Sending HTTP request "POST" "https://backend.zeepki.st/auth/refresh"
[Info   :Zeepkist GTR] 19:37:09 Received HTTP response headers after 874.3769ms - 200
[Info   :Zeepkist GTR] 19:37:09 End processing HTTP request after 874.5946ms - 200
[Info   :Zeepkist GTR] 19:37:09 Start processing HTTP request "POST" "https://backend.zeepki.st/record/submit"
[Info   :Zeepkist GTR] 19:37:09 Sending HTTP request "POST" "https://backend.zeepki.st/record/submit"
[Info   :Zeepkist GTR] 19:37:09 Received HTTP response headers after 135.0427ms - 200
[Info   :Zeepkist GTR] 19:37:09 End processing HTTP request after 135.2767ms - 200
[Info   :Zeepkist GTR] 19:37:13 Loading personal best...
[Info   :Zeepkist GTR] 19:37:13 Start processing HTTP request "POST" "https://graphql.zeepki.st/"
[Info   :Zeepkist GTR] 19:37:13 Sending HTTP request "POST" "https://graphql.zeepki.st/"
[Info   :Zeepkist GTR] 19:37:13 Stopping existing recorder if any
[Info   :Zeepkist GTR] 19:37:13 Creating new recorder
[Info   :Zeepkist GTR] 19:37:13 Start processing HTTP request "POST" "https://graphql.zeepki.st/"
[Info   :Zeepkist GTR] 19:37:13 Sending HTTP request "POST" "https://graphql.zeepki.st/"
[Info   :Zeepkist GTR] 19:37:13 Start processing HTTP request "POST" "https://graphql.zeepki.st/"
[Info   :Zeepkist GTR] 19:37:13 Sending HTTP request "POST" "https://graphql.zeepki.st/"
[Info   :Zeepkist GTR] 19:37:14 Received HTTP response headers after 103.8476ms - 200
[Info   :Zeepkist GTR] 19:37:14 End processing HTTP request after 104.0867ms - 200
[Info   :Zeepkist GTR] 19:37:14 Received HTTP response headers after 105.7122ms - 200
[Info   :Zeepkist GTR] 19:37:14 End processing HTTP request after 105.89ms - 200
[Info   :Zeepkist GTR] 19:37:14 Received HTTP response headers after 170.7879ms - 200
[Info   :Zeepkist GTR] 19:37:14 End processing HTTP request after 171.0061ms - 200
[Info   :Zeepkist GTR] 19:37:14 Start processing HTTP request "GET" "https://cdn.zeepki.st/ghosts/01KT78Z0W9W6R9JKHGR1DTMYJ3.bin"
[Info   :Zeepkist GTR] 19:37:14 Sending HTTP request "GET" "https://cdn.zeepki.st/ghosts/01KT78Z0W9W6R9JKHGR1DTMYJ3.bin"
[Info   :Zeepkist GTR] 19:37:14 Start processing HTTP request "POST" "https://graphql.zeepki.st/"
[Info   :Zeepkist GTR] 19:37:14 Sending HTTP request "POST" "https://graphql.zeepki.st/"
[Info   :Zeepkist GTR] 19:37:14 Received HTTP response headers after 60.9489ms - 200
[Info   :Zeepkist GTR] 19:37:14 End processing HTTP request after 61.185ms - 200
[Info   :Zeepkist GTR] 19:37:14 Received HTTP response headers after 540.3849ms - 200
[Info   :Zeepkist GTR] 19:37:14 End processing HTTP request after 540.6721ms - 200
[Info   :Zeepkist GTR] 19:37:14 Ghost version: 5
[Info   :Zeepkist GTR] 19:37:15 Starting recorder
[Info   :Zeepkist GTR] 19:37:40 Stopping recorder
[Info   :Zeepkist GTR] 19:37:40 Collecting extra information
[Info   :Zeepkist GTR] 19:37:40 Processing ghost data
[Info   :Zeepkist GTR] 19:37:40 Creating stream
[Info   :Zeepkist GTR] 19:37:40 Writing to stream
[Info   :Zeepkist GTR] 19:37:40 Closing stream
[Info   :Zeepkist GTR] 19:37:40 Getting buffer
[Info   :Zeepkist GTR] 19:37:40 Converting to base64
[Info   :Zeepkist GTR] 19:37:40 Creating resource
[Info   :Zeepkist GTR] 19:37:40 Start processing HTTP request "POST" "https://backend.zeepki.st/auth/refresh"
[Info   :Zeepkist GTR] 19:37:40 Sending HTTP request "POST" "https://backend.zeepki.st/auth/refresh"
[Info   :Zeepkist GTR] 19:37:41 Received HTTP response headers after 535.9753ms - 200
[Info   :Zeepkist GTR] 19:37:41 End processing HTTP request after 536.1911ms - 200
[Info   :Zeepkist GTR] 19:37:41 Start processing HTTP request "POST" "https://backend.zeepki.st/record/submit"
[Info   :Zeepkist GTR] 19:37:41 Sending HTTP request "POST" "https://backend.zeepki.st/record/submit"
[Info   :Zeepkist GTR] 19:37:41 Received HTTP response headers after 138.8467ms - 200
[Info   :Zeepkist GTR] 19:37:41 End processing HTTP request after 139.0781ms - 200
[Info   :Zeepkist GTR] 19:37:42 Loading personal best...
[Info   :Zeepkist GTR] 19:37:42 Start processing HTTP request "POST" "https://graphql.zeepki.st/"
[Info   :Zeepkist GTR] 19:37:42 Sending HTTP request "POST" "https://graphql.zeepki.st/"
[Info   :Zeepkist GTR] 19:37:42 Stopping existing recorder if any
[Info   :Zeepkist GTR] 19:37:42 Creating new recorder
[Info   :Zeepkist GTR] 19:37:42 Start processing HTTP request "POST" "https://graphql.zeepki.st/"
[Info   :Zeepkist GTR] 19:37:42 Sending HTTP request "POST" "https://graphql.zeepki.st/"
[Info   :Zeepkist GTR] 19:37:42 Start processing HTTP request "POST" "https://graphql.zeepki.st/"
[Info   :Zeepkist GTR] 19:37:42 Sending HTTP request "POST" "https://graphql.zeepki.st/"
[Info   :Zeepkist GTR] 19:37:42 Received HTTP response headers after 60.8308ms - 200
[Info   :Zeepkist GTR] 19:37:42 End processing HTTP request after 61.0584ms - 200
[Info   :Zeepkist GTR] 19:37:42 Received HTTP response headers after 63.6947ms - 200
[Info   :Zeepkist GTR] 19:37:42 End processing HTTP request after 63.9148ms - 200
[Info   :Zeepkist GTR] 19:37:42 Start processing HTTP request "GET" "https://cdn.zeepki.st/ghosts/01KT78ZZPBH51NERCHKZVCZCGX.bin"
[Info   :Zeepkist GTR] 19:37:42 Sending HTTP request "GET" "https://cdn.zeepki.st/ghosts/01KT78ZZPBH51NERCHKZVCZCGX.bin"
[Info   :Zeepkist GTR] 19:37:42 Received HTTP response headers after 122.8876ms - 200
[Info   :Zeepkist GTR] 19:37:42 End processing HTTP request after 123.1698ms - 200
[Info   :Zeepkist GTR] 19:37:42 Start processing HTTP request "POST" "https://graphql.zeepki.st/"
[Info   :Zeepkist GTR] 19:37:42 Sending HTTP request "POST" "https://graphql.zeepki.st/"
[Info   :Zeepkist GTR] 19:37:42 Received HTTP response headers after 70.207ms - 200
[Info   :Zeepkist GTR] 19:37:42 End processing HTTP request after 70.4494ms - 200
[Info   :Zeepkist GTR] 19:37:43 Received HTTP response headers after 577.8056ms - 200
[Info   :Zeepkist GTR] 19:37:43 End processing HTTP request after 578.0735ms - 200
[Info   :Zeepkist GTR] 19:37:43 Ghost version: 5
[Info   :Zeepkist GTR] 19:37:44 Starting recorder
[Info   :Zeepkist GTR] 19:38:00 Discarding recorder
[Info   :BetterSplits] getting gtr splits
[Info   :Zeepkist GTR] 19:38:14 Loading personal best...
[Info   :Zeepkist GTR] 19:38:14 Start processing HTTP request "POST" "https://graphql.zeepki.st/"
[Info   :Zeepkist GTR] 19:38:14 Sending HTTP request "POST" "https://graphql.zeepki.st/"
[Info   :Zeepkist GTR] 19:38:14 Stopping existing recorder if any
[Info   :Zeepkist GTR] 19:38:14 Creating new recorder
[Info   :Zeepkist GTR] 19:38:14 Start processing HTTP request "POST" "https://graphql.zeepki.st/"
[Info   :Zeepkist GTR] 19:38:14 Sending HTTP request "POST" "https://graphql.zeepki.st/"
[Info   :Zeepkist GTR] 19:38:14 Start processing HTTP request "POST" "https://graphql.zeepki.st/"
[Info   :Zeepkist GTR] 19:38:14 Sending HTTP request "POST" "https://graphql.zeepki.st/"
[Error  :BetterSplits] could not get splits
Response: StatusCode: 400, ReasonPhrase: 'Bad Request', Version: 1.1, Content: System.Net.Http.StreamContent, Headers:
{
Date: Wed, 03 Jun 2026 17:38:15 GMT
Connection: keep-alive
access-control-allow-headers: Origin, X-Requested-With, Accept, Authorization, X-Apollo-Tracing, Content-Type, Content-Length, X-PostGraphile-Explain
access-control-allow-methods: HEAD, GET, POST
access-control-allow-origin: *
access-control-expose-headers: X-GraphQL-Event-Stream
alt-svc: h3=":443"; ma=86400
vary: Origin
via: 1.1 Caddy
x-graphql-event-stream: /stream
x-query-cost: 115
cf-cache-status: DYNAMIC
x-xss-protection: 1; mode=block
Strict-Transport-Security: max-age=15552000; includeSubDomains; preload
x-content-type-options: nosniff
Server-Timing: cfCacheStatus;desc="DYNAMIC", cfEdge;dur=8,cfOrigin;dur=42
Report-To: {"group":"cf-nel","max_age":604800,"endpoints":[{"url":"https://a.nel.cloudflare.com/report/v4?s=SwphRePG5capxg4SgVNgcug5TUEnnr8zeun0BrQyXlLnkqLPI3SP46Uajwa%2BnK9hLmP1VRp%2FPPQIdzCVLOsarTG71slYgga8V21Si25Hb2x5fbuAv%2FqLC1%2FOFvBScZjjdi63gQ%3D%3D"}]}
Nel: {"report_to":"cf-nel","success_fraction":0.0,"max_age":604800}
expect-ct: max-age=86400, enforce
referrer-policy: same-origin
x-frame-options: SAMEORIGIN
Server: cloudflare
CF-RAY: a06078700baff77b-MAD
Content-Type: application/json; charset=utf-8
Content-Length: 172
} 
Content: {"errors":[{"message":"Cannot query field \"personalBestGlobalsByIdLevel\" on type \"Level\". Did you mean \"personalBestGlobals\"?","locations":[{"line":1,"column":87}]}]}
Url: https://graphql.zeepki.st
Request: {"query":"query BetterSplitsPB($hash: String!, $steamId: BigFloat) { levelByHash(hash: $hash) { personalBestGlobalsByIdLevel(filter: {userByIdUser: {steamId: {equalTo: $steamId}}}) { nodes { recordByIdRecord { speeds splits time }}}}}","variables":{"hash":"8C2D96DF730E3A7DF81E01FD4DDC883E1A14F3B2-2","steamId":"76561197972890120"}}
[Info   :Zeepkist GTR] 19:38:14 Received HTTP response headers after 65.5459ms - 200
[Info   :Zeepkist GTR] 19:38:14 End processing HTTP request after 65.7706ms - 200
[Info   :Zeepkist GTR] 19:38:14 Received HTTP response headers after 66.1586ms - 200
[Info   :Zeepkist GTR] 19:38:14 End processing HTTP request after 66.3618ms - 200
[Info   :Zeepkist GTR] 19:38:14 Received HTTP response headers after 131.3154ms - 200
[Info   :Zeepkist GTR] 19:38:14 End processing HTTP request after 131.5274ms - 200
[Info   :Zeepkist GTR] 19:38:16 Starting recorder
[Info   :   Console] Download started for AppId: 1440670, FileId: 3568490631, Result: OK
[Info   :Zeepkist GTR] 19:38:21 Loading personal best...
[Info   :Zeepkist GTR] 19:38:21 Start processing HTTP request "POST" "https://graphql.zeepki.st/"
[Info   :Zeepkist GTR] 19:38:21 Sending HTTP request "POST" "https://graphql.zeepki.st/"
[Info   :Zeepkist GTR] 19:38:21 Stopping existing recorder if any
[Info   :Zeepkist GTR] 19:38:21 Creating new recorder
[Info   :Zeepkist GTR] 19:38:21 Start processing HTTP request "POST" "https://graphql.zeepki.st/"
[Info   :Zeepkist GTR] 19:38:21 Sending HTTP request "POST" "https://graphql.zeepki.st/"
[Info   :Zeepkist GTR] 19:38:21 Start processing HTTP request "POST" "https://graphql.zeepki.st/"
[Info   :Zeepkist GTR] 19:38:21 Sending HTTP request "POST" "https://graphql.zeepki.st/"
[Info   :Zeepkist GTR] 19:38:21 Received HTTP response headers after 59.9297ms - 200
[Info   :Zeepkist GTR] 19:38:21 End processing HTTP request after 60.1622ms - 200
[Info   :Zeepkist GTR] 19:38:21 Received HTTP response headers after 61.3737ms - 200
[Info   :Zeepkist GTR] 19:38:21 End processing HTTP request after 61.5965ms - 200
[Info   :Zeepkist GTR] 19:38:21 Received HTTP response headers after 128.5161ms - 200
[Info   :Zeepkist GTR] 19:38:21 End processing HTTP request after 128.7682ms - 200
[Info   :Zeepkist GTR] 19:38:22 Starting recorder
[Info   :Zeepkist GTR] 19:38:50 Stopping recorder
[Info   :Zeepkist GTR] 19:38:50 Collecting extra information
[Info   :Zeepkist GTR] 19:38:50 Processing ghost data
[Info   :Zeepkist GTR] 19:38:50 Creating stream
[Info   :Zeepkist GTR] 19:38:50 Writing to stream
[Info   :Zeepkist GTR] 19:38:50 Closing stream
[Info   :Zeepkist GTR] 19:38:50 Getting buffer
[Info   :Zeepkist GTR] 19:38:50 Converting to base64
[Info   :Zeepkist GTR] 19:38:50 Creating resource
[Info   :Zeepkist GTR] 19:38:50 Start processing HTTP request "POST" "https://backend.zeepki.st/auth/refresh"
[Info   :Zeepkist GTR] 19:38:50 Sending HTTP request "POST" "https://backend.zeepki.st/auth/refresh"
[Info   :Zeepkist GTR] 19:38:51 Received HTTP response headers after 321.1094ms - 200
[Info   :Zeepkist GTR] 19:38:51 End processing HTTP request after 321.3206ms - 200
[Info   :Zeepkist GTR] 19:38:51 Start processing HTTP request "POST" "https://backend.zeepki.st/record/submit"
[Info   :Zeepkist GTR] 19:38:51 Sending HTTP request "POST" "https://backend.zeepki.st/record/submit"
[Info   :Zeepkist GTR] 19:38:52 Received HTTP response headers after 799.156ms - 200
[Info   :Zeepkist GTR] 19:38:52 End processing HTTP request after 799.387ms - 200
[Info   :Zeepkist GTR] 19:38:52 Loading personal best...
[Info   :Zeepkist GTR] 19:38:52 Start processing HTTP request "POST" "https://graphql.zeepki.st/"
[Info   :Zeepkist GTR] 19:38:52 Sending HTTP request "POST" "https://graphql.zeepki.st/"
[Info   :Zeepkist GTR] 19:38:52 Stopping existing recorder if any
[Info   :Zeepkist GTR] 19:38:52 Creating new recorder
[Info   :Zeepkist GTR] 19:38:52 Start processing HTTP request "POST" "https://graphql.zeepki.st/"
[Info   :Zeepkist GTR] 19:38:52 Sending HTTP request "POST" "https://graphql.zeepki.st/"
[Info   :Zeepkist GTR] 19:38:52 Start processing HTTP request "POST" "https://graphql.zeepki.st/"
[Info   :Zeepkist GTR] 19:38:52 Sending HTTP request "POST" "https://graphql.zeepki.st/"
[Info   :Zeepkist GTR] 19:38:52 Received HTTP response headers after 62.2859ms - 200
[Info   :Zeepkist GTR] 19:38:52 End processing HTTP request after 62.5848ms - 200
[Info   :Zeepkist GTR] 19:38:52 Received HTTP response headers after 76.494ms - 200
[Info   :Zeepkist GTR] 19:38:52 End processing HTTP request after 76.73ms - 200
[Info   :Zeepkist GTR] 19:38:52 Start processing HTTP request "GET" "https://cdn.zeepki.st/ghosts/01KT7924FS4TRT61K127NBW0T4.bin"
[Info   :Zeepkist GTR] 19:38:52 Sending HTTP request "GET" "https://cdn.zeepki.st/ghosts/01KT7924FS4TRT61K127NBW0T4.bin"
[Info   :Zeepkist GTR] 19:38:52 Received HTTP response headers after 119.9163ms - 200
[Info   :Zeepkist GTR] 19:38:52 End processing HTTP request after 120.1679ms - 200
[Info   :Zeepkist GTR] 19:38:52 Start processing HTTP request "POST" "https://graphql.zeepki.st/"
[Info   :Zeepkist GTR] 19:38:52 Sending HTTP request "POST" "https://graphql.zeepki.st/"
[Info   :Zeepkist GTR] 19:38:52 Received HTTP response headers after 58.8683ms - 200
[Info   :Zeepkist GTR] 19:38:52 End processing HTTP request after 59.1066ms - 200
[Info   :Zeepkist GTR] 19:38:52 Received HTTP response headers after 572.4724ms - 200
[Info   :Zeepkist GTR] 19:38:52 End processing HTTP request after 572.7185ms - 200
[Info   :Zeepkist GTR] 19:38:53 Ghost version: 5
[Info   :Zeepkist GTR] 19:38:53 Starting recorder
[Info   :Zeepkist GTR] 19:39:18 Stopping recorder
[Info   :Zeepkist GTR] 19:39:18 Collecting extra information
[Info   :Zeepkist GTR] 19:39:18 Processing ghost data
[Info   :Zeepkist GTR] 19:39:18 Creating stream
[Info   :Zeepkist GTR] 19:39:18 Writing to stream
[Info   :Zeepkist GTR] 19:39:18 Closing stream
[Info   :Zeepkist GTR] 19:39:18 Getting buffer
[Info   :Zeepkist GTR] 19:39:18 Converting to base64
[Info   :Zeepkist GTR] 19:39:18 Creating resource
[Info   :Zeepkist GTR] 19:39:18 Start processing HTTP request "POST" "https://backend.zeepki.st/auth/refresh"
[Info   :Zeepkist GTR] 19:39:18 Sending HTTP request "POST" "https://backend.zeepki.st/auth/refresh"
[Info   :Zeepkist GTR] 19:39:18 Received HTTP response headers after 537.6749ms - 200
[Info   :Zeepkist GTR] 19:39:18 End processing HTTP request after 537.891ms - 200
[Info   :Zeepkist GTR] 19:39:18 Start processing HTTP request "POST" "https://backend.zeepki.st/record/submit"
[Info   :Zeepkist GTR] 19:39:18 Sending HTTP request "POST" "https://backend.zeepki.st/record/submit"
[Info   :Zeepkist GTR] 19:39:18 Received HTTP response headers after 202.3485ms - 200
[Info   :Zeepkist GTR] 19:39:18 End processing HTTP request after 202.5839ms - 200
[Info   :Zeepkist GTR] 19:39:19 Loading personal best...
[Info   :Zeepkist GTR] 19:39:19 Start processing HTTP request "POST" "https://graphql.zeepki.st/"
[Info   :Zeepkist GTR] 19:39:19 Sending HTTP request "POST" "https://graphql.zeepki.st/"
[Info   :Zeepkist GTR] 19:39:19 Stopping existing recorder if any
[Info   :Zeepkist GTR] 19:39:19 Creating new recorder
[Info   :Zeepkist GTR] 19:39:19 Start processing HTTP request "POST" "https://graphql.zeepki.st/"
[Info   :Zeepkist GTR] 19:39:19 Sending HTTP request "POST" "https://graphql.zeepki.st/"
[Info   :Zeepkist GTR] 19:39:19 Start processing HTTP request "POST" "https://graphql.zeepki.st/"
[Info   :Zeepkist GTR] 19:39:19 Sending HTTP request "POST" "https://graphql.zeepki.st/"
[Info   :Zeepkist GTR] 19:39:20 Received HTTP response headers after 199.3077ms - 200
[Info   :Zeepkist GTR] 19:39:20 End processing HTTP request after 199.508ms - 200
[Info   :Zeepkist GTR] 19:39:20 Received HTTP response headers after 204.9987ms - 200
[Info   :Zeepkist GTR] 19:39:20 End processing HTTP request after 205.2342ms - 200
[Info   :Zeepkist GTR] 19:39:20 Start processing HTTP request "GET" "https://cdn.zeepki.st/ghosts/01KT792Z4PD96BMX9K3Q06PGMM.bin"
[Info   :Zeepkist GTR] 19:39:20 Sending HTTP request "GET" "https://cdn.zeepki.st/ghosts/01KT792Z4PD96BMX9K3Q06PGMM.bin"
[Info   :Zeepkist GTR] 19:39:20 Received HTTP response headers after 284.1919ms - 200
[Info   :Zeepkist GTR] 19:39:20 End processing HTTP request after 284.4133ms - 200
[Info   :Zeepkist GTR] 19:39:20 Start processing HTTP request "POST" "https://graphql.zeepki.st/"
[Info   :Zeepkist GTR] 19:39:20 Sending HTTP request "POST" "https://graphql.zeepki.st/"
[Info   :Zeepkist GTR] 19:39:20 Received HTTP response headers after 76.4976ms - 200
[Info   :Zeepkist GTR] 19:39:20 End processing HTTP request after 76.7335ms - 200
[Info   :Zeepkist GTR] 19:39:20 Received HTTP response headers after 571.5034ms - 200
[Info   :Zeepkist GTR] 19:39:20 End processing HTTP request after 571.7583ms - 200
[Info   :Zeepkist GTR] 19:39:20 Ghost version: 5
[Info   :Zeepkist GTR] 19:39:21 Starting recorder
[Info   :Zeepkist GTR] 19:39:28 Loading personal best...
[Info   :Zeepkist GTR] 19:39:28 Start processing HTTP request "POST" "https://graphql.zeepki.st/"
[Info   :Zeepkist GTR] 19:39:28 Sending HTTP request "POST" "https://graphql.zeepki.st/"
[Info   :Zeepkist GTR] 19:39:28 Stopping existing recorder if any
[Info   :Zeepkist GTR] 19:39:28 Creating new recorder
[Info   :Zeepkist GTR] 19:39:28 Start processing HTTP request "POST" "https://graphql.zeepki.st/"
[Info   :Zeepkist GTR] 19:39:28 Sending HTTP request "POST" "https://graphql.zeepki.st/"
[Info   :Zeepkist GTR] 19:39:28 Start processing HTTP request "POST" "https://graphql.zeepki.st/"
[Info   :Zeepkist GTR] 19:39:28 Sending HTTP request "POST" "https://graphql.zeepki.st/"
[Info   :Zeepkist GTR] 19:39:28 Received HTTP response headers after 71.1694ms - 200
[Info   :Zeepkist GTR] 19:39:28 Received HTTP response headers after 70.5738ms - 200
[Info   :Zeepkist GTR] 19:39:28 End processing HTTP request after 71.4606ms - 200
[Info   :Zeepkist GTR] 19:39:28 End processing HTTP request after 70.9612ms - 200
[Info   :Zeepkist GTR] 19:39:28 Ghost version: 5
[Info   :Zeepkist GTR] 19:39:28 Received HTTP response headers after 131.5349ms - 200
[Info   :Zeepkist GTR] 19:39:28 End processing HTTP request after 131.7608ms - 200
[Info   :Zeepkist GTR] 19:39:28 Start processing HTTP request "POST" "https://graphql.zeepki.st/"
[Info   :Zeepkist GTR] 19:39:28 Sending HTTP request "POST" "https://graphql.zeepki.st/"
[Info   :Zeepkist GTR] 19:39:28 Received HTTP response headers after 78.0701ms - 200
[Info   :Zeepkist GTR] 19:39:28 End processing HTTP request after 78.3262ms - 200
[Info   :Zeepkist GTR] 19:39:30 Starting recorder
[Info   :Zeepkist GTR] 19:39:34 Loading personal best...
[Info   :Zeepkist GTR] 19:39:34 Start processing HTTP request "POST" "https://graphql.zeepki.st/"
[Info   :Zeepkist GTR] 19:39:34 Sending HTTP request "POST" "https://graphql.zeepki.st/"
[Info   :Zeepkist GTR] 19:39:34 Stopping existing recorder if any
[Info   :Zeepkist GTR] 19:39:34 Creating new recorder
[Info   :Zeepkist GTR] 19:39:34 Start processing HTTP request "POST" "https://graphql.zeepki.st/"
[Info   :Zeepkist GTR] 19:39:34 Sending HTTP request "POST" "https://graphql.zeepki.st/"
[Info   :Zeepkist GTR] 19:39:34 Start processing HTTP request "POST" "https://graphql.zeepki.st/"
[Info   :Zeepkist GTR] 19:39:34 Sending HTTP request "POST" "https://graphql.zeepki.st/"
[Info   :Zeepkist GTR] 19:39:34 Received HTTP response headers after 70.9329ms - 200
[Info   :Zeepkist GTR] 19:39:34 End processing HTTP request after 71.206ms - 200
[Info   :Zeepkist GTR] 19:39:34 Received HTTP response headers after 73.6045ms - 200
[Info   :Zeepkist GTR] 19:39:34 End processing HTTP request after 73.8221ms - 200
[Info   :Zeepkist GTR] 19:39:34 Ghost version: 5
[Info   :Zeepkist GTR] 19:39:34 Received HTTP response headers after 130.1731ms - 200
[Info   :Zeepkist GTR] 19:39:34 End processing HTTP request after 130.4275ms - 200
[Info   :Zeepkist GTR] 19:39:34 Start processing HTTP request "POST" "https://graphql.zeepki.st/"
[Info   :Zeepkist GTR] 19:39:34 Sending HTTP request "POST" "https://graphql.zeepki.st/"
[Info   :Zeepkist GTR] 19:39:34 Received HTTP response headers after 89.6693ms - 200
[Info   :Zeepkist GTR] 19:39:34 End processing HTTP request after 89.9144ms - 200
[Info   :Zeepkist GTR] 19:39:36 Starting recorder
[Info   :Zeepkist GTR] 19:39:49 Loading personal best...
[Info   :Zeepkist GTR] 19:39:49 Start processing HTTP request "POST" "https://graphql.zeepki.st/"
[Info   :Zeepkist GTR] 19:39:49 Sending HTTP request "POST" "https://graphql.zeepki.st/"
[Info   :Zeepkist GTR] 19:39:49 Stopping existing recorder if any
[Info   :Zeepkist GTR] 19:39:49 Creating new recorder
[Info   :Zeepkist GTR] 19:39:49 Start processing HTTP request "POST" "https://graphql.zeepki.st/"
[Info   :Zeepkist GTR] 19:39:49 Sending HTTP request "POST" "https://graphql.zeepki.st/"
[Info   :Zeepkist GTR] 19:39:49 Start processing HTTP request "POST" "https://graphql.zeepki.st/"
[Info   :Zeepkist GTR] 19:39:49 Sending HTTP request "POST" "https://graphql.zeepki.st/"
[Info   :Zeepkist GTR] 19:39:49 Received HTTP response headers after 58.9745ms - 200
[Info   :Zeepkist GTR] 19:39:49 End processing HTTP request after 59.2055ms - 200
[Info   :Zeepkist GTR] 19:39:49 Received HTTP response headers after 60.9032ms - 200
[Info   :Zeepkist GTR] 19:39:49 End processing HTTP request after 61.0812ms - 200
[Info   :Zeepkist GTR] 19:39:49 Ghost version: 5
[Info   :Zeepkist GTR] 19:39:49 Received HTTP response headers after 123.6495ms - 200
[Info   :Zeepkist GTR] 19:39:49 End processing HTTP request after 123.8725ms - 200
[Info   :Zeepkist GTR] 19:39:49 Start processing HTTP request "POST" "https://graphql.zeepki.st/"
[Info   :Zeepkist GTR] 19:39:49 Sending HTTP request "POST" "https://graphql.zeepki.st/"
[Info   :Zeepkist GTR] 19:39:49 Received HTTP response headers after 56.2905ms - 200
[Info   :Zeepkist GTR] 19:39:49 End processing HTTP request after 56.5554ms - 200
[Info   :Zeepkist GTR] 19:39:51 Starting recorder
[Info   :Zeepkist GTR] 19:39:56 Loading personal best...
[Info   :Zeepkist GTR] 19:39:56 Start processing HTTP request "POST" "https://graphql.zeepki.st/"
[Info   :Zeepkist GTR] 19:39:56 Sending HTTP request "POST" "https://graphql.zeepki.st/"
[Info   :Zeepkist GTR] 19:39:56 Stopping existing recorder if any
[Info   :Zeepkist GTR] 19:39:56 Creating new recorder
[Info   :Zeepkist GTR] 19:39:56 Start processing HTTP request "POST" "https://graphql.zeepki.st/"
[Info   :Zeepkist GTR] 19:39:56 Sending HTTP request "POST" "https://graphql.zeepki.st/"
[Info   :Zeepkist GTR] 19:39:56 Start processing HTTP request "POST" "https://graphql.zeepki.st/"
[Info   :Zeepkist GTR] 19:39:56 Sending HTTP request "POST" "https://graphql.zeepki.st/"
[Info   :Zeepkist GTR] 19:39:56 Received HTTP response headers after 83.3971ms - 200
[Info   :Zeepkist GTR] 19:39:56 End processing HTTP request after 83.6165ms - 200
[Info   :Zeepkist GTR] 19:39:56 Received HTTP response headers after 88.6211ms - 200
[Info   :Zeepkist GTR] 19:39:56 End processing HTTP request after 88.8214ms - 200
[Info   :Zeepkist GTR] 19:39:56 Ghost version: 5
[Info   :Zeepkist GTR] 19:39:56 Received HTTP response headers after 155.0599ms - 200
[Info   :Zeepkist GTR] 19:39:56 End processing HTTP request after 155.2604ms - 200
[Info   :Zeepkist GTR] 19:39:56 Start processing HTTP request "POST" "https://graphql.zeepki.st/"
[Info   :Zeepkist GTR] 19:39:56 Sending HTTP request "POST" "https://graphql.zeepki.st/"
[Info   :Zeepkist GTR] 19:39:56 Received HTTP response headers after 69.998ms - 200
[Info   :Zeepkist GTR] 19:39:56 End processing HTTP request after 70.2933ms - 200
[Info   :Zeepkist GTR] 19:39:58 Starting recorder
[Info   :Zeepkist GTR] 19:40:02 Loading personal best...
[Info   :Zeepkist GTR] 19:40:02 Start processing HTTP request "POST" "https://graphql.zeepki.st/"
[Info   :Zeepkist GTR] 19:40:02 Sending HTTP request "POST" "https://graphql.zeepki.st/"
[Info   :Zeepkist GTR] 19:40:02 Stopping existing recorder if any
[Info   :Zeepkist GTR] 19:40:02 Creating new recorder
[Info   :Zeepkist GTR] 19:40:02 Start processing HTTP request "POST" "https://graphql.zeepki.st/"
[Info   :Zeepkist GTR] 19:40:02 Sending HTTP request "POST" "https://graphql.zeepki.st/"
[Info   :Zeepkist GTR] 19:40:02 Start processing HTTP request "POST" "https://graphql.zeepki.st/"
[Info   :Zeepkist GTR] 19:40:02 Sending HTTP request "POST" "https://graphql.zeepki.st/"
[Info   :Zeepkist GTR] 19:40:02 Received HTTP response headers after 61.4533ms - 200
[Info   :Zeepkist GTR] 19:40:02 Received HTTP response headers after 61.9693ms - 200
[Info   :Zeepkist GTR] 19:40:02 End processing HTTP request after 61.6776ms - 200
[Info   :Zeepkist GTR] 19:40:02 End processing HTTP request after 62.1875ms - 200
[Info   :Zeepkist GTR] 19:40:02 Ghost version: 5
[Info   :Zeepkist GTR] 19:40:02 Received HTTP response headers after 130.7397ms - 200
[Info   :Zeepkist GTR] 19:40:02 End processing HTTP request after 130.9668ms - 200
[Info   :Zeepkist GTR] 19:40:02 Start processing HTTP request "POST" "https://graphql.zeepki.st/"
[Info   :Zeepkist GTR] 19:40:02 Sending HTTP request "POST" "https://graphql.zeepki.st/"
[Info   :Zeepkist GTR] 19:40:02 Received HTTP response headers after 61.9932ms - 200
[Info   :Zeepkist GTR] 19:40:02 End processing HTTP request after 62.2447ms - 200
[Info   :Zeepkist GTR] 19:40:03 Starting recorder
[Info   :Zeepkist GTR] 19:40:10 Loading personal best...
[Info   :Zeepkist GTR] 19:40:10 Start processing HTTP request "POST" "https://graphql.zeepki.st/"
[Info   :Zeepkist GTR] 19:40:10 Sending HTTP request "POST" "https://graphql.zeepki.st/"
[Info   :Zeepkist GTR] 19:40:10 Stopping existing recorder if any
[Info   :Zeepkist GTR] 19:40:10 Creating new recorder
[Info   :Zeepkist GTR] 19:40:10 Start processing HTTP request "POST" "https://graphql.zeepki.st/"
[Info   :Zeepkist GTR] 19:40:10 Sending HTTP request "POST" "https://graphql.zeepki.st/"
[Info   :Zeepkist GTR] 19:40:10 Start processing HTTP request "POST" "https://graphql.zeepki.st/"
[Info   :Zeepkist GTR] 19:40:10 Sending HTTP request "POST" "https://graphql.zeepki.st/"
[Info   :Zeepkist GTR] 19:40:10 Received HTTP response headers after 66.4184ms - 200
[Info   :Zeepkist GTR] 19:40:10 End processing HTTP request after 66.6206ms - 200
[Info   :Zeepkist GTR] 19:40:10 Received HTTP response headers after 73.9631ms - 200
[Info   :Zeepkist GTR] 19:40:10 End processing HTTP request after 74.2058ms - 200
[Info   :Zeepkist GTR] 19:40:10 Ghost version: 5
[Info   :Zeepkist GTR] 19:40:10 Received HTTP response headers after 139.7002ms - 200
[Info   :Zeepkist GTR] 19:40:10 End processing HTTP request after 139.9294ms - 200
[Info   :Zeepkist GTR] 19:40:10 Start processing HTTP request "POST" "https://graphql.zeepki.st/"
[Info   :Zeepkist GTR] 19:40:10 Sending HTTP request "POST" "https://graphql.zeepki.st/"
[Info   :Zeepkist GTR] 19:40:10 Received HTTP response headers after 64.0139ms - 200
[Info   :Zeepkist GTR] 19:40:10 End processing HTTP request after 64.2859ms - 200
[Info   :Zeepkist GTR] 19:40:11 Starting recorder
[Info   :Zeepkist GTR] 19:40:23 Loading personal best...
[Info   :Zeepkist GTR] 19:40:23 Start processing HTTP request "POST" "https://graphql.zeepki.st/"
[Info   :Zeepkist GTR] 19:40:23 Sending HTTP request "POST" "https://graphql.zeepki.st/"
[Info   :Zeepkist GTR] 19:40:23 Stopping existing recorder if any
[Info   :Zeepkist GTR] 19:40:23 Creating new recorder
[Info   :Zeepkist GTR] 19:40:23 Start processing HTTP request "POST" "https://graphql.zeepki.st/"
[Info   :Zeepkist GTR] 19:40:23 Sending HTTP request "POST" "https://graphql.zeepki.st/"
[Info   :Zeepkist GTR] 19:40:23 Start processing HTTP request "POST" "https://graphql.zeepki.st/"
[Info   :Zeepkist GTR] 19:40:23 Sending HTTP request "POST" "https://graphql.zeepki.st/"
[Info   :Zeepkist GTR] 19:40:23 Received HTTP response headers after 58.1028ms - 200
[Info   :Zeepkist GTR] 19:40:23 End processing HTTP request after 58.3622ms - 200
[Info   :Zeepkist GTR] 19:40:23 Received HTTP response headers after 61.9352ms - 200
[Info   :Zeepkist GTR] 19:40:23 End processing HTTP request after 62.2083ms - 200
[Info   :Zeepkist GTR] 19:40:24 Ghost version: 5
[Info   :Zeepkist GTR] 19:40:24 Received HTTP response headers after 127.143ms - 200
[Info   :Zeepkist GTR] 19:40:24 End processing HTTP request after 127.3559ms - 200
[Info   :Zeepkist GTR] 19:40:24 Start processing HTTP request "POST" "https://graphql.zeepki.st/"
[Info   :Zeepkist GTR] 19:40:24 Sending HTTP request "POST" "https://graphql.zeepki.st/"
[Info   :Zeepkist GTR] 19:40:24 Received HTTP response headers after 66.1057ms - 200
[Info   :Zeepkist GTR] 19:40:24 End processing HTTP request after 66.3603ms - 200
[Info   :Zeepkist GTR] 19:40:25 Starting recorder
[Info   :Zeepkist GTR] 19:40:37 Loading personal best...
[Info   :Zeepkist GTR] 19:40:37 Start processing HTTP request "POST" "https://graphql.zeepki.st/"
[Info   :Zeepkist GTR] 19:40:37 Sending HTTP request "POST" "https://graphql.zeepki.st/"
[Info   :Zeepkist GTR] 19:40:37 Stopping existing recorder if any
[Info   :Zeepkist GTR] 19:40:37 Creating new recorder
[Info   :Zeepkist GTR] 19:40:37 Start processing HTTP request "POST" "https://graphql.zeepki.st/"
[Info   :Zeepkist GTR] 19:40:37 Sending HTTP request "POST" "https://graphql.zeepki.st/"
[Info   :Zeepkist GTR] 19:40:37 Start processing HTTP request "POST" "https://graphql.zeepki.st/"
[Info   :Zeepkist GTR] 19:40:37 Sending HTTP request "POST" "https://graphql.zeepki.st/"
[Info   :Zeepkist GTR] 19:40:37 Received HTTP response headers after 57.6093ms - 200
[Info   :Zeepkist GTR] 19:40:37 End processing HTTP request after 57.8339ms - 200
[Info   :Zeepkist GTR] 19:40:37 Received HTTP response headers after 60.3187ms - 200
[Info   :Zeepkist GTR] 19:40:37 End processing HTTP request after 60.5198ms - 200
[Info   :Zeepkist GTR] 19:40:37 Ghost version: 5
[Info   :Zeepkist GTR] 19:40:37 Received HTTP response headers after 130.9108ms - 200
[Info   :Zeepkist GTR] 19:40:37 End processing HTTP request after 131.135ms - 200
[Info   :Zeepkist GTR] 19:40:37 Start processing HTTP request "POST" "https://graphql.zeepki.st/"
[Info   :Zeepkist GTR] 19:40:37 Sending HTTP request "POST" "https://graphql.zeepki.st/"
[Info   :Zeepkist GTR] 19:40:37 Received HTTP response headers after 68.1111ms - 200
[Info   :Zeepkist GTR] 19:40:37 End processing HTTP request after 68.4224ms - 200
[Info   :Zeepkist GTR] 19:40:38 Starting recorder
[Info   :Zeepkist GTR] 19:40:53 Loading personal best...
[Info   :Zeepkist GTR] 19:40:53 Start processing HTTP request "POST" "https://graphql.zeepki.st/"
[Info   :Zeepkist GTR] 19:40:53 Sending HTTP request "POST" "https://graphql.zeepki.st/"
[Info   :Zeepkist GTR] 19:40:53 Stopping existing recorder if any
[Info   :Zeepkist GTR] 19:40:53 Creating new recorder
[Info   :Zeepkist GTR] 19:40:53 Start processing HTTP request "POST" "https://graphql.zeepki.st/"
[Info   :Zeepkist GTR] 19:40:53 Sending HTTP request "POST" "https://graphql.zeepki.st/"
[Info   :Zeepkist GTR] 19:40:53 Start processing HTTP request "POST" "https://graphql.zeepki.st/"
[Info   :Zeepkist GTR] 19:40:53 Sending HTTP request "POST" "https://graphql.zeepki.st/"
[Info   :Zeepkist GTR] 19:40:53 Received HTTP response headers after 61.9571ms - 200
[Info   :Zeepkist GTR] 19:40:53 End processing HTTP request after 62.1746ms - 200
[Info   :Zeepkist GTR] 19:40:53 Received HTTP response headers after 67.4538ms - 200
[Info   :Zeepkist GTR] 19:40:53 End processing HTTP request after 67.6887ms - 200
[Info   :Zeepkist GTR] 19:40:54 Ghost version: 5
[Info   :Zeepkist GTR] 19:40:54 Received HTTP response headers after 128.7896ms - 200
[Info   :Zeepkist GTR] 19:40:54 End processing HTTP request after 129.0823ms - 200
[Info   :Zeepkist GTR] 19:40:54 Start processing HTTP request "POST" "https://graphql.zeepki.st/"
[Info   :Zeepkist GTR] 19:40:54 Sending HTTP request "POST" "https://graphql.zeepki.st/"
[Info   :Zeepkist GTR] 19:40:54 Received HTTP response headers after 59.5074ms - 200
[Info   :Zeepkist GTR] 19:40:54 End processing HTTP request after 59.7548ms - 200
[Info   :Zeepkist GTR] 19:40:55 Starting recorder
[Info   :Zeepkist GTR] 19:41:07 Loading personal best...
[Info   :Zeepkist GTR] 19:41:07 Start processing HTTP request "POST" "https://graphql.zeepki.st/"
[Info   :Zeepkist GTR] 19:41:07 Sending HTTP request "POST" "https://graphql.zeepki.st/"
[Info   :Zeepkist GTR] 19:41:07 Stopping existing recorder if any
[Info   :Zeepkist GTR] 19:41:07 Creating new recorder
[Info   :Zeepkist GTR] 19:41:07 Start processing HTTP request "POST" "https://graphql.zeepki.st/"
[Info   :Zeepkist GTR] 19:41:07 Sending HTTP request "POST" "https://graphql.zeepki.st/"
[Info   :Zeepkist GTR] 19:41:07 Start processing HTTP request "POST" "https://graphql.zeepki.st/"
[Info   :Zeepkist GTR] 19:41:07 Sending HTTP request "POST" "https://graphql.zeepki.st/"
[Info   :Zeepkist GTR] 19:41:07 Received HTTP response headers after 55.0422ms - 200
[Info   :Zeepkist GTR] 19:41:07 End processing HTTP request after 55.2814ms - 200
[Info   :Zeepkist GTR] 19:41:07 Received HTTP response headers after 57.2357ms - 200
[Info   :Zeepkist GTR] 19:41:07 End processing HTTP request after 57.4468ms - 200
[Info   :Zeepkist GTR] 19:41:07 Ghost version: 5
[Info   :Zeepkist GTR] 19:41:07 Received HTTP response headers after 120.264ms - 200
[Info   :Zeepkist GTR] 19:41:07 End processing HTTP request after 120.4788ms - 200
[Info   :Zeepkist GTR] 19:41:07 Start processing HTTP request "POST" "https://graphql.zeepki.st/"
[Info   :Zeepkist GTR] 19:41:07 Sending HTTP request "POST" "https://graphql.zeepki.st/"
[Info   :Zeepkist GTR] 19:41:07 Received HTTP response headers after 64.515ms - 200
[Info   :Zeepkist GTR] 19:41:07 End processing HTTP request after 64.8372ms - 200
[Info   :Zeepkist GTR] 19:41:08 Starting recorder
[Info   :Zeepkist GTR] 19:41:15 Loading personal best...
[Info   :Zeepkist GTR] 19:41:15 Start processing HTTP request "POST" "https://graphql.zeepki.st/"
[Info   :Zeepkist GTR] 19:41:15 Sending HTTP request "POST" "https://graphql.zeepki.st/"
[Info   :Zeepkist GTR] 19:41:15 Stopping existing recorder if any
[Info   :Zeepkist GTR] 19:41:15 Creating new recorder
[Info   :Zeepkist GTR] 19:41:15 Start processing HTTP request "POST" "https://graphql.zeepki.st/"
[Info   :Zeepkist GTR] 19:41:15 Sending HTTP request "POST" "https://graphql.zeepki.st/"
[Info   :Zeepkist GTR] 19:41:15 Start processing HTTP request "POST" "https://graphql.zeepki.st/"
[Info   :Zeepkist GTR] 19:41:15 Sending HTTP request "POST" "https://graphql.zeepki.st/"
[Info   :Zeepkist GTR] 19:41:15 Received HTTP response headers after 59.7335ms - 200
[Info   :Zeepkist GTR] 19:41:15 End processing HTTP request after 60.0065ms - 200
[Info   :Zeepkist GTR] 19:41:15 Received HTTP response headers after 63.427ms - 200
[Info   :Zeepkist GTR] 19:41:15 End processing HTTP request after 63.6967ms - 200
[Info   :Zeepkist GTR] 19:41:15 Ghost version: 5
[Info   :Zeepkist GTR] 19:41:15 Received HTTP response headers after 128.266ms - 200
[Info   :Zeepkist GTR] 19:41:15 End processing HTTP request after 128.5347ms - 200
[Info   :Zeepkist GTR] 19:41:15 Start processing HTTP request "POST" "https://graphql.zeepki.st/"
[Info   :Zeepkist GTR] 19:41:15 Sending HTTP request "POST" "https://graphql.zeepki.st/"
[Info   :Zeepkist GTR] 19:41:15 Received HTTP response headers after 58.827ms - 200
[Info   :Zeepkist GTR] 19:41:15 End processing HTTP request after 59.0637ms - 200
[Info   :Zeepkist GTR] 19:41:16 Starting recorder
[Info   :Zeepkist GTR] 19:41:34 Loading personal best...
[Info   :Zeepkist GTR] 19:41:34 Start processing HTTP request "POST" "https://graphql.zeepki.st/"
[Info   :Zeepkist GTR] 19:41:34 Sending HTTP request "POST" "https://graphql.zeepki.st/"
[Info   :Zeepkist GTR] 19:41:34 Stopping existing recorder if any
[Info   :Zeepkist GTR] 19:41:34 Creating new recorder
[Info   :Zeepkist GTR] 19:41:34 Start processing HTTP request "POST" "https://graphql.zeepki.st/"
[Info   :Zeepkist GTR] 19:41:34 Sending HTTP request "POST" "https://graphql.zeepki.st/"
[Info   :Zeepkist GTR] 19:41:34 Start processing HTTP request "POST" "https://graphql.zeepki.st/"
[Info   :Zeepkist GTR] 19:41:34 Sending HTTP request "POST" "https://graphql.zeepki.st/"
[Info   :Zeepkist GTR] 19:41:34 Received HTTP response headers after 105.0287ms - 200
[Info   :Zeepkist GTR] 19:41:34 End processing HTTP request after 105.2439ms - 200
[Info   :Zeepkist GTR] 19:41:34 Received HTTP response headers after 110.0689ms - 200
[Info   :Zeepkist GTR] 19:41:34 End processing HTTP request after 110.2897ms - 200
[Info   :Zeepkist GTR] 19:41:34 Ghost version: 5
[Info   :Zeepkist GTR] 19:41:34 Received HTTP response headers after 171.478ms - 200
[Info   :Zeepkist GTR] 19:41:34 End processing HTTP request after 171.6974ms - 200
[Info   :Zeepkist GTR] 19:41:34 Start processing HTTP request "POST" "https://graphql.zeepki.st/"
[Info   :Zeepkist GTR] 19:41:34 Sending HTTP request "POST" "https://graphql.zeepki.st/"
[Info   :Zeepkist GTR] 19:41:34 Received HTTP response headers after 59.0732ms - 200
[Info   :Zeepkist GTR] 19:41:34 End processing HTTP request after 59.3167ms - 200
[Info   :Zeepkist GTR] 19:41:36 Starting recorder
[Info   :Zeepkist GTR] 19:41:46 Loading personal best...
[Info   :Zeepkist GTR] 19:41:46 Start processing HTTP request "POST" "https://graphql.zeepki.st/"
[Info   :Zeepkist GTR] 19:41:46 Sending HTTP request "POST" "https://graphql.zeepki.st/"
[Info   :Zeepkist GTR] 19:41:46 Stopping existing recorder if any
[Info   :Zeepkist GTR] 19:41:46 Creating new recorder
[Info   :Zeepkist GTR] 19:41:46 Start processing HTTP request "POST" "https://graphql.zeepki.st/"
[Info   :Zeepkist GTR] 19:41:46 Sending HTTP request "POST" "https://graphql.zeepki.st/"
[Info   :Zeepkist GTR] 19:41:46 Start processing HTTP request "POST" "https://graphql.zeepki.st/"
[Info   :Zeepkist GTR] 19:41:46 Sending HTTP request "POST" "https://graphql.zeepki.st/"
[Info   :Zeepkist GTR] 19:41:46 Received HTTP response headers after 58.3683ms - 200
[Info   :Zeepkist GTR] 19:41:46 End processing HTTP request after 58.6174ms - 200
[Info   :Zeepkist GTR] 19:41:46 Received HTTP response headers after 63.5829ms - 200
[Info   :Zeepkist GTR] 19:41:46 End processing HTTP request after 63.8099ms - 200
[Info   :Zeepkist GTR] 19:41:46 Ghost version: 5
[Info   :Zeepkist GTR] 19:41:46 Received HTTP response headers after 117.4172ms - 200
[Info   :Zeepkist GTR] 19:41:46 End processing HTTP request after 117.6585ms - 200
[Info   :Zeepkist GTR] 19:41:46 Start processing HTTP request "POST" "https://graphql.zeepki.st/"
[Info   :Zeepkist GTR] 19:41:46 Sending HTTP request "POST" "https://graphql.zeepki.st/"
[Info   :Zeepkist GTR] 19:41:47 Received HTTP response headers after 52.1359ms - 200
[Info   :Zeepkist GTR] 19:41:47 End processing HTTP request after 52.3829ms - 200
[Info   :Zeepkist GTR] 19:41:48 Starting recorder
[Info   :Zeepkist GTR] 19:41:54 Loading personal best...
[Info   :Zeepkist GTR] 19:41:54 Start processing HTTP request "POST" "https://graphql.zeepki.st/"
[Info   :Zeepkist GTR] 19:41:54 Sending HTTP request "POST" "https://graphql.zeepki.st/"
[Info   :Zeepkist GTR] 19:41:54 Stopping existing recorder if any
[Info   :Zeepkist GTR] 19:41:54 Creating new recorder
[Info   :Zeepkist GTR] 19:41:54 Start processing HTTP request "POST" "https://graphql.zeepki.st/"
[Info   :Zeepkist GTR] 19:41:54 Sending HTTP request "POST" "https://graphql.zeepki.st/"
[Info   :Zeepkist GTR] 19:41:54 Start processing HTTP request "POST" "https://graphql.zeepki.st/"
[Info   :Zeepkist GTR] 19:41:54 Sending HTTP request "POST" "https://graphql.zeepki.st/"
[Info   :Zeepkist GTR] 19:41:54 Received HTTP response headers after 54.083ms - 200
[Info   :Zeepkist GTR] 19:41:54 End processing HTTP request after 54.3324ms - 200
[Info   :Zeepkist GTR] 19:41:54 Received HTTP response headers after 55.544ms - 200
[Info   :Zeepkist GTR] 19:41:54 End processing HTTP request after 55.773ms - 200
[Info   :Zeepkist GTR] 19:41:54 Ghost version: 5
[Info   :Zeepkist GTR] 19:41:54 Received HTTP response headers after 110.8949ms - 200
[Info   :Zeepkist GTR] 19:41:54 End processing HTTP request after 111.1353ms - 200
[Info   :Zeepkist GTR] 19:41:54 Start processing HTTP request "POST" "https://graphql.zeepki.st/"
[Info   :Zeepkist GTR] 19:41:54 Sending HTTP request "POST" "https://graphql.zeepki.st/"
[Info   :Zeepkist GTR] 19:41:54 Received HTTP response headers after 56.1517ms - 200
[Info   :Zeepkist GTR] 19:41:54 End processing HTTP request after 56.3986ms - 200
[Info   :Zeepkist GTR] 19:41:55 Starting recorder
[Info   :Zeepkist GTR] 19:42:01 Loading personal best...
[Info   :Zeepkist GTR] 19:42:01 Start processing HTTP request "POST" "https://graphql.zeepki.st/"
[Info   :Zeepkist GTR] 19:42:01 Sending HTTP request "POST" "https://graphql.zeepki.st/"
[Info   :Zeepkist GTR] 19:42:01 Stopping existing recorder if any
[Info   :Zeepkist GTR] 19:42:01 Creating new recorder
[Info   :Zeepkist GTR] 19:42:01 Start processing HTTP request "POST" "https://graphql.zeepki.st/"
[Info   :Zeepkist GTR] 19:42:01 Sending HTTP request "POST" "https://graphql.zeepki.st/"
[Info   :Zeepkist GTR] 19:42:01 Start processing HTTP request "POST" "https://graphql.zeepki.st/"
[Info   :Zeepkist GTR] 19:42:01 Sending HTTP request "POST" "https://graphql.zeepki.st/"
[Info   :Zeepkist GTR] 19:42:01 Received HTTP response headers after 57.2052ms - 200
[Info   :Zeepkist GTR] 19:42:01 End processing HTTP request after 57.4337ms - 200
[Info   :Zeepkist GTR] 19:42:01 Received HTTP response headers after 58.685ms - 200
[Info   :Zeepkist GTR] 19:42:01 End processing HTTP request after 58.8832ms - 200
[Info   :Zeepkist GTR] 19:42:01 Ghost version: 5
[Info   :Zeepkist GTR] 19:42:01 Received HTTP response headers after 117.2043ms - 200
[Info   :Zeepkist GTR] 19:42:01 End processing HTTP request after 117.4187ms - 200
[Info   :Zeepkist GTR] 19:42:01 Start processing HTTP request "POST" "https://graphql.zeepki.st/"
[Info   :Zeepkist GTR] 19:42:01 Sending HTTP request "POST" "https://graphql.zeepki.st/"
[Info   :Zeepkist GTR] 19:42:01 Received HTTP response headers after 52.018ms - 200
[Info   :Zeepkist GTR] 19:42:01 End processing HTTP request after 52.2551ms - 200
[Info   :Zeepkist GTR] 19:42:03 Starting recorder
[Info   :Zeepkist GTR] 19:43:04 Loading personal best...
[Info   :Zeepkist GTR] 19:43:04 Start processing HTTP request "POST" "https://graphql.zeepki.st/"
[Info   :Zeepkist GTR] 19:43:04 Sending HTTP request "POST" "https://graphql.zeepki.st/"
[Info   :Zeepkist GTR] 19:43:04 Stopping existing recorder if any
[Info   :Zeepkist GTR] 19:43:04 Creating new recorder
[Info   :Zeepkist GTR] 19:43:04 Start processing HTTP request "POST" "https://graphql.zeepki.st/"
[Info   :Zeepkist GTR] 19:43:04 Sending HTTP request "POST" "https://graphql.zeepki.st/"
[Info   :Zeepkist GTR] 19:43:04 Start processing HTTP request "POST" "https://graphql.zeepki.st/"
[Info   :Zeepkist GTR] 19:43:04 Sending HTTP request "POST" "https://graphql.zeepki.st/"
[Info   :Zeepkist GTR] 19:43:04 Received HTTP response headers after 56.6952ms - 200
[Info   :Zeepkist GTR] 19:43:04 End processing HTTP request after 56.9156ms - 200
[Info   :Zeepkist GTR] 19:43:04 Received HTTP response headers after 63.2385ms - 200
[Info   :Zeepkist GTR] 19:43:04 End processing HTTP request after 63.4773ms - 200
[Info   :Zeepkist GTR] 19:43:04 Ghost version: 5
[Info   :Zeepkist GTR] 19:43:04 Received HTTP response headers after 116.6529ms - 200
[Info   :Zeepkist GTR] 19:43:04 End processing HTTP request after 116.8506ms - 200
[Info   :Zeepkist GTR] 19:43:04 Start processing HTTP request "POST" "https://graphql.zeepki.st/"
[Info   :Zeepkist GTR] 19:43:04 Sending HTTP request "POST" "https://graphql.zeepki.st/"
[Info   :Zeepkist GTR] 19:43:04 Received HTTP response headers after 58.1232ms - 200
[Info   :Zeepkist GTR] 19:43:04 End processing HTTP request after 58.362ms - 200
[Info   :Zeepkist GTR] 19:43:06 Starting recorder
[Info   :Zeepkist GTR] 19:43:13 Discarding recorder
[Info   :RoundLeaderboardTab] Drawing leaderboard -> forwarding to Instance.DrawTabLeaderboard()
[Info   :BetterSplits] getting gtr splits
[Info   :Zeepkist GTR] 19:43:28 Loading personal best...
[Info   :Zeepkist GTR] 19:43:28 Start processing HTTP request "POST" "https://graphql.zeepki.st/"
[Info   :Zeepkist GTR] 19:43:28 Sending HTTP request "POST" "https://graphql.zeepki.st/"
[Info   :Zeepkist GTR] 19:43:28 Stopping existing recorder if any
[Info   :Zeepkist GTR] 19:43:28 Creating new recorder
[Info   :Zeepkist GTR] 19:43:28 Start processing HTTP request "POST" "https://graphql.zeepki.st/"
[Info   :Zeepkist GTR] 19:43:28 Sending HTTP request "POST" "https://graphql.zeepki.st/"
[Info   :Zeepkist GTR] 19:43:28 Start processing HTTP request "POST" "https://graphql.zeepki.st/"
[Info   :Zeepkist GTR] 19:43:28 Sending HTTP request "POST" "https://graphql.zeepki.st/"
[Error  :BetterSplits] could not get splits
Response: StatusCode: 400, ReasonPhrase: 'Bad Request', Version: 1.1, Content: System.Net.Http.StreamContent, Headers:
{
Date: Wed, 03 Jun 2026 17:43:29 GMT
Connection: keep-alive
access-control-allow-headers: Origin, X-Requested-With, Accept, Authorization, X-Apollo-Tracing, Content-Type, Content-Length, X-PostGraphile-Explain
access-control-allow-methods: HEAD, GET, POST
access-control-allow-origin: *
access-control-expose-headers: X-GraphQL-Event-Stream
alt-svc: h3=":443"; ma=86400
vary: Origin
via: 1.1 Caddy
x-graphql-event-stream: /stream
x-query-cost: 115
cf-cache-status: DYNAMIC
x-xss-protection: 1; mode=block
Strict-Transport-Security: max-age=15552000; includeSubDomains; preload
x-content-type-options: nosniff
Server-Timing: cfCacheStatus;desc="DYNAMIC", cfEdge;dur=8,cfOrigin;dur=46
Report-To: {"group":"cf-nel","max_age":604800,"endpoints":[{"url":"https://a.nel.cloudflare.com/report/v4?s=%2FVSpqwbKdXePhpzLvI98lOWvpM4CiEBF0ur1OSaJEHrM%2F7itKgBfBIu8mdWiMqapHhF5EmGf2%2Br0AIVfGBI%2BxJtHmNTuBS5AbY9P3wIwoyO%2B8kiatRJ3cF7%2Fl10dnIV39qt7iQ%3D%3D"}]}
Nel: {"report_to":"cf-nel","success_fraction":0.0,"max_age":604800}
expect-ct: max-age=86400, enforce
referrer-policy: same-origin
x-frame-options: SAMEORIGIN
Server: cloudflare
CF-RAY: a06080168a0ab1df-MAD
Content-Type: application/json; charset=utf-8
Content-Length: 172
} 
Content: {"errors":[{"message":"Cannot query field \"personalBestGlobalsByIdLevel\" on type \"Level\". Did you mean \"personalBestGlobals\"?","locations":[{"line":1,"column":87}]}]}
Url: https://graphql.zeepki.st
Request: {"query":"query BetterSplitsPB($hash: String!, $steamId: BigFloat) { levelByHash(hash: $hash) { personalBestGlobalsByIdLevel(filter: {userByIdUser: {steamId: {equalTo: $steamId}}}) { nodes { recordByIdRecord { speeds splits time }}}}}","variables":{"hash":"12658197E2EC175B7955D75EF15E2C3687104CF8-2","steamId":"76561197972890120"}}
[Info   :Zeepkist GTR] 19:43:28 Received HTTP response headers after 88.96ms - 200
[Info   :Zeepkist GTR] 19:43:28 Received HTTP response headers after 88.2933ms - 200
[Info   :Zeepkist GTR] 19:43:28 End processing HTTP request after 89.2269ms - 200
[Info   :Zeepkist GTR] 19:43:28 End processing HTTP request after 88.5571ms - 200
[Info   :Zeepkist GTR] 19:43:28 Ghost version: 5
[Info   :Zeepkist GTR] 19:43:28 Received HTTP response headers after 151.6304ms - 200
[Info   :Zeepkist GTR] 19:43:28 End processing HTTP request after 151.951ms - 200
[Info   :Zeepkist GTR] 19:43:28 Start processing HTTP request "POST" "https://graphql.zeepki.st/"
[Info   :Zeepkist GTR] 19:43:28 Sending HTTP request "POST" "https://graphql.zeepki.st/"
[Info   :Zeepkist GTR] 19:43:28 Received HTTP response headers after 65.5787ms - 200
[Info   :Zeepkist GTR] 19:43:28 End processing HTTP request after 65.8455ms - 200
[Info   :Zeepkist GTR] 19:43:29 Starting recorder
[Info   :Zeepkist GTR] 19:43:54 Stopping recorder
[Info   :Zeepkist GTR] 19:43:54 Collecting extra information
[Info   :Zeepkist GTR] 19:43:54 Processing ghost data
[Info   :Zeepkist GTR] 19:43:54 Creating stream
[Info   :Zeepkist GTR] 19:43:54 Writing to stream
[Info   :Zeepkist GTR] 19:43:54 Closing stream
[Info   :Zeepkist GTR] 19:43:54 Getting buffer
[Info   :Zeepkist GTR] 19:43:54 Converting to base64
[Info   :Zeepkist GTR] 19:43:54 Creating resource
[Info   :Zeepkist GTR] 19:43:54 Start processing HTTP request "POST" "https://backend.zeepki.st/auth/refresh"
[Info   :Zeepkist GTR] 19:43:54 Sending HTTP request "POST" "https://backend.zeepki.st/auth/refresh"
[Info   :Zeepkist GTR] 19:43:54 Received HTTP response headers after 528.6137ms - 200
[Info   :Zeepkist GTR] 19:43:54 End processing HTTP request after 528.8268ms - 200
[Info   :Zeepkist GTR] 19:43:54 Start processing HTTP request "POST" "https://backend.zeepki.st/record/submit"
[Info   :Zeepkist GTR] 19:43:54 Sending HTTP request "POST" "https://backend.zeepki.st/record/submit"
[Info   :Zeepkist GTR] 19:43:54 Received HTTP response headers after 169.496ms - 200
[Info   :Zeepkist GTR] 19:43:54 End processing HTTP request after 169.8069ms - 200
[Info   :Zeepkist GTR] 19:44:10 Loading personal best...
[Info   :Zeepkist GTR] 19:44:10 Start processing HTTP request "POST" "https://graphql.zeepki.st/"
[Info   :Zeepkist GTR] 19:44:10 Sending HTTP request "POST" "https://graphql.zeepki.st/"
[Info   :Zeepkist GTR] 19:44:10 Stopping existing recorder if any
[Info   :Zeepkist GTR] 19:44:10 Creating new recorder
[Info   :Zeepkist GTR] 19:44:10 Start processing HTTP request "POST" "https://graphql.zeepki.st/"
[Info   :Zeepkist GTR] 19:44:10 Sending HTTP request "POST" "https://graphql.zeepki.st/"
[Info   :Zeepkist GTR] 19:44:10 Start processing HTTP request "POST" "https://graphql.zeepki.st/"
[Info   :Zeepkist GTR] 19:44:10 Sending HTTP request "POST" "https://graphql.zeepki.st/"
[Info   :Zeepkist GTR] 19:44:10 Received HTTP response headers after 103.5689ms - 200
[Info   :Zeepkist GTR] 19:44:10 End processing HTTP request after 103.7836ms - 200
[Info   :Zeepkist GTR] 19:44:10 Received HTTP response headers after 105.9349ms - 200
[Info   :Zeepkist GTR] 19:44:10 End processing HTTP request after 106.1244ms - 200
[Info   :Zeepkist GTR] 19:44:10 Start processing HTTP request "GET" "https://cdn.zeepki.st/ghosts/01KT79BCMM9P985RJBCEXJCNGJ.bin"
[Info   :Zeepkist GTR] 19:44:10 Sending HTTP request "GET" "https://cdn.zeepki.st/ghosts/01KT79BCMM9P985RJBCEXJCNGJ.bin"
[Info   :Zeepkist GTR] 19:44:10 Received HTTP response headers after 158.0378ms - 200
[Info   :Zeepkist GTR] 19:44:10 End processing HTTP request after 158.2345ms - 200
[Info   :Zeepkist GTR] 19:44:10 Start processing HTTP request "POST" "https://graphql.zeepki.st/"
[Info   :Zeepkist GTR] 19:44:10 Sending HTTP request "POST" "https://graphql.zeepki.st/"
[Info   :Zeepkist GTR] 19:44:10 Received HTTP response headers after 59.6737ms - 200
[Info   :Zeepkist GTR] 19:44:10 End processing HTTP request after 59.9321ms - 200
[Info   :Zeepkist GTR] 19:44:11 Received HTTP response headers after 628.9466ms - 200
[Info   :Zeepkist GTR] 19:44:11 End processing HTTP request after 629.2043ms - 200
[Info   :Zeepkist GTR] 19:44:11 Ghost version: 5
[Info   :Zeepkist GTR] 19:44:12 Starting recorder
[Info   :Zeepkist GTR] 19:44:35 Stopping recorder
[Info   :Zeepkist GTR] 19:44:35 Collecting extra information
[Info   :Zeepkist GTR] 19:44:35 Processing ghost data
[Info   :Zeepkist GTR] 19:44:35 Creating stream
[Info   :Zeepkist GTR] 19:44:35 Writing to stream
[Info   :Zeepkist GTR] 19:44:35 Closing stream
[Info   :Zeepkist GTR] 19:44:35 Getting buffer
[Info   :Zeepkist GTR] 19:44:35 Converting to base64
[Info   :Zeepkist GTR] 19:44:35 Creating resource
[Info   :Zeepkist GTR] 19:44:35 Start processing HTTP request "POST" "https://backend.zeepki.st/auth/refresh"
[Info   :Zeepkist GTR] 19:44:35 Sending HTTP request "POST" "https://backend.zeepki.st/auth/refresh"
[Info   :Zeepkist GTR] 19:44:36 Received HTTP response headers after 628.5862ms - 200
[Info   :Zeepkist GTR] 19:44:36 End processing HTTP request after 628.8037ms - 200
[Info   :Zeepkist GTR] 19:44:36 Start processing HTTP request "POST" "https://backend.zeepki.st/record/submit"
[Info   :Zeepkist GTR] 19:44:36 Sending HTTP request "POST" "https://backend.zeepki.st/record/submit"
[Info   :Zeepkist GTR] 19:44:36 Received HTTP response headers after 120.4719ms - 200
[Info   :Zeepkist GTR] 19:44:36 End processing HTTP request after 120.7179ms - 200
[Info   :Zeepkist GTR] 19:44:51 Loading personal best...
[Info   :Zeepkist GTR] 19:44:51 Start processing HTTP request "POST" "https://graphql.zeepki.st/"
[Info   :Zeepkist GTR] 19:44:51 Sending HTTP request "POST" "https://graphql.zeepki.st/"
[Info   :Zeepkist GTR] 19:44:51 Stopping existing recorder if any
[Info   :Zeepkist GTR] 19:44:51 Creating new recorder
[Info   :Zeepkist GTR] 19:44:51 Start processing HTTP request "POST" "https://graphql.zeepki.st/"
[Info   :Zeepkist GTR] 19:44:51 Sending HTTP request "POST" "https://graphql.zeepki.st/"
[Info   :Zeepkist GTR] 19:44:51 Start processing HTTP request "POST" "https://graphql.zeepki.st/"
[Info   :Zeepkist GTR] 19:44:51 Sending HTTP request "POST" "https://graphql.zeepki.st/"
[Info   :Zeepkist GTR] 19:44:51 Received HTTP response headers after 57.2176ms - 200
[Info   :Zeepkist GTR] 19:44:51 Received HTTP response headers after 56.8124ms - 200
[Info   :Zeepkist GTR] 19:44:51 End processing HTTP request after 57.4613ms - 200
[Info   :Zeepkist GTR] 19:44:51 End processing HTTP request after 57.0045ms - 200
[Info   :Zeepkist GTR] 19:44:51 Start processing HTTP request "GET" "https://cdn.zeepki.st/ghosts/01KT79CN8JNE51TQQB2MGEP2D9.bin"
[Info   :Zeepkist GTR] 19:44:51 Sending HTTP request "GET" "https://cdn.zeepki.st/ghosts/01KT79CN8JNE51TQQB2MGEP2D9.bin"
[Info   :Zeepkist GTR] 19:44:51 Received HTTP response headers after 121.2328ms - 200
[Info   :Zeepkist GTR] 19:44:51 End processing HTTP request after 121.4602ms - 200
[Info   :Zeepkist GTR] 19:44:51 Start processing HTTP request "POST" "https://graphql.zeepki.st/"
[Info   :Zeepkist GTR] 19:44:51 Sending HTTP request "POST" "https://graphql.zeepki.st/"
[Info   :Zeepkist GTR] 19:44:51 Received HTTP response headers after 61.113ms - 200
[Info   :Zeepkist GTR] 19:44:51 End processing HTTP request after 61.3592ms - 200
[Info   :Zeepkist GTR] 19:44:52 Received HTTP response headers after 561.5863ms - 200
[Info   :Zeepkist GTR] 19:44:52 End processing HTTP request after 562.0052ms - 200
[Info   :Zeepkist GTR] 19:44:52 Ghost version: 5
[Info   :Zeepkist GTR] 19:44:53 Starting recorder
[Info   :Zeepkist GTR] 19:44:58 Loading personal best...
[Info   :Zeepkist GTR] 19:44:58 Start processing HTTP request "POST" "https://graphql.zeepki.st/"
[Info   :Zeepkist GTR] 19:44:58 Sending HTTP request "POST" "https://graphql.zeepki.st/"
[Info   :Zeepkist GTR] 19:44:58 Stopping existing recorder if any
[Info   :Zeepkist GTR] 19:44:58 Creating new recorder
[Info   :Zeepkist GTR] 19:44:58 Start processing HTTP request "POST" "https://graphql.zeepki.st/"
[Info   :Zeepkist GTR] 19:44:58 Sending HTTP request "POST" "https://graphql.zeepki.st/"
[Info   :Zeepkist GTR] 19:44:58 Start processing HTTP request "POST" "https://graphql.zeepki.st/"
[Info   :Zeepkist GTR] 19:44:58 Sending HTTP request "POST" "https://graphql.zeepki.st/"
[Info   :Zeepkist GTR] 19:44:58 Received HTTP response headers after 53.5201ms - 200
[Info   :Zeepkist GTR] 19:44:58 End processing HTTP request after 53.7423ms - 200
[Info   :Zeepkist GTR] 19:44:58 Received HTTP response headers after 55.8811ms - 200
[Info   :Zeepkist GTR] 19:44:58 End processing HTTP request after 56.0653ms - 200
[Info   :Zeepkist GTR] 19:44:58 Ghost version: 5
[Info   :Zeepkist GTR] 19:44:58 Received HTTP response headers after 121.587ms - 200
[Info   :Zeepkist GTR] 19:44:58 End processing HTTP request after 121.8062ms - 200
[Info   :Zeepkist GTR] 19:44:58 Start processing HTTP request "POST" "https://graphql.zeepki.st/"
[Info   :Zeepkist GTR] 19:44:58 Sending HTTP request "POST" "https://graphql.zeepki.st/"
[Info   :Zeepkist GTR] 19:44:58 Received HTTP response headers after 82.9938ms - 200
[Info   :Zeepkist GTR] 19:44:58 End processing HTTP request after 83.2294ms - 200
[Info   :Zeepkist GTR] 19:44:59 Starting recorder
[Info   :Zeepkist GTR] 19:45:14 Loading personal best...
[Info   :Zeepkist GTR] 19:45:14 Start processing HTTP request "POST" "https://graphql.zeepki.st/"
[Info   :Zeepkist GTR] 19:45:14 Sending HTTP request "POST" "https://graphql.zeepki.st/"
[Info   :Zeepkist GTR] 19:45:14 Stopping existing recorder if any
[Info   :Zeepkist GTR] 19:45:14 Creating new recorder
[Info   :Zeepkist GTR] 19:45:14 Start processing HTTP request "POST" "https://graphql.zeepki.st/"
[Info   :Zeepkist GTR] 19:45:14 Sending HTTP request "POST" "https://graphql.zeepki.st/"
[Info   :Zeepkist GTR] 19:45:14 Start processing HTTP request "POST" "https://graphql.zeepki.st/"
[Info   :Zeepkist GTR] 19:45:14 Sending HTTP request "POST" "https://graphql.zeepki.st/"
[Info   :Zeepkist GTR] 19:45:14 Received HTTP response headers after 59.2268ms - 200
[Info   :Zeepkist GTR] 19:45:14 End processing HTTP request after 59.4484ms - 200
[Info   :Zeepkist GTR] 19:45:14 Received HTTP response headers after 63.2224ms - 200
[Info   :Zeepkist GTR] 19:45:14 End processing HTTP request after 63.4752ms - 200
[Info   :Zeepkist GTR] 19:45:14 Received HTTP response headers after 110.9496ms - 200
[Info   :Zeepkist GTR] 19:45:14 End processing HTTP request after 111.1477ms - 200
[Info   :Zeepkist GTR] 19:45:14 Ghost version: 5
[Info   :Zeepkist GTR] 19:45:14 Start processing HTTP request "POST" "https://graphql.zeepki.st/"
[Info   :Zeepkist GTR] 19:45:14 Sending HTTP request "POST" "https://graphql.zeepki.st/"
[Info   :Zeepkist GTR] 19:45:15 Received HTTP response headers after 56.8735ms - 200
[Info   :Zeepkist GTR] 19:45:15 End processing HTTP request after 57.1163ms - 200
[Info   :Zeepkist GTR] 19:45:16 Starting recorder
[Info   :Zeepkist GTR] 19:45:21 Loading personal best...
[Info   :Zeepkist GTR] 19:45:21 Start processing HTTP request "POST" "https://graphql.zeepki.st/"
[Info   :Zeepkist GTR] 19:45:21 Sending HTTP request "POST" "https://graphql.zeepki.st/"
[Info   :Zeepkist GTR] 19:45:21 Stopping existing recorder if any
[Info   :Zeepkist GTR] 19:45:21 Creating new recorder
[Info   :Zeepkist GTR] 19:45:21 Start processing HTTP request "POST" "https://graphql.zeepki.st/"
[Info   :Zeepkist GTR] 19:45:21 Sending HTTP request "POST" "https://graphql.zeepki.st/"
[Info   :Zeepkist GTR] 19:45:21 Start processing HTTP request "POST" "https://graphql.zeepki.st/"
[Info   :Zeepkist GTR] 19:45:21 Sending HTTP request "POST" "https://graphql.zeepki.st/"
[Info   :Zeepkist GTR] 19:45:21 Received HTTP response headers after 63.9162ms - 200
[Info   :Zeepkist GTR] 19:45:21 Received HTTP response headers after 63.4342ms - 200
[Info   :Zeepkist GTR] 19:45:21 End processing HTTP request after 63.758ms - 200
[Info   :Zeepkist GTR] 19:45:21 End processing HTTP request after 64.2451ms - 200
[Info   :Zeepkist GTR] 19:45:21 Ghost version: 5
[Info   :Zeepkist GTR] 19:45:21 Received HTTP response headers after 121.2991ms - 200
[Info   :Zeepkist GTR] 19:45:21 End processing HTTP request after 121.5851ms - 200
[Info   :Zeepkist GTR] 19:45:21 Start processing HTTP request "POST" "https://graphql.zeepki.st/"
[Info   :Zeepkist GTR] 19:45:21 Sending HTTP request "POST" "https://graphql.zeepki.st/"
[Info   :Zeepkist GTR] 19:45:21 Received HTTP response headers after 70.7308ms - 200
[Info   :Zeepkist GTR] 19:45:21 End processing HTTP request after 71.0272ms - 200
[Info   :Zeepkist GTR] 19:45:23 Starting recorder
[Info   :Zeepkist GTR] 19:45:46 Stopping recorder
[Info   :Zeepkist GTR] 19:45:46 Collecting extra information
[Info   :Zeepkist GTR] 19:45:46 Processing ghost data
[Info   :Zeepkist GTR] 19:45:46 Creating stream
[Info   :Zeepkist GTR] 19:45:46 Writing to stream
[Info   :Zeepkist GTR] 19:45:46 Closing stream
[Info   :Zeepkist GTR] 19:45:46 Getting buffer
[Info   :Zeepkist GTR] 19:45:46 Converting to base64
[Info   :Zeepkist GTR] 19:45:46 Creating resource
[Info   :Zeepkist GTR] 19:45:46 Start processing HTTP request "POST" "https://backend.zeepki.st/auth/refresh"
[Info   :Zeepkist GTR] 19:45:46 Sending HTTP request "POST" "https://backend.zeepki.st/auth/refresh"
[Info   :Zeepkist GTR] 19:45:48 Received HTTP response headers after 2017.132ms - 200
[Info   :Zeepkist GTR] 19:45:48 End processing HTTP request after 2017.3371ms - 200
[Info   :Zeepkist GTR] 19:45:48 Start processing HTTP request "POST" "https://backend.zeepki.st/record/submit"
[Info   :Zeepkist GTR] 19:45:48 Sending HTTP request "POST" "https://backend.zeepki.st/record/submit"
[Info   :Zeepkist GTR] 19:45:48 Received HTTP response headers after 179.6598ms - 200
[Info   :Zeepkist GTR] 19:45:48 End processing HTTP request after 179.9436ms - 200
[Info   :Zeepkist GTR] 19:45:50 Loading personal best...
[Info   :Zeepkist GTR] 19:45:50 Start processing HTTP request "POST" "https://graphql.zeepki.st/"
[Info   :Zeepkist GTR] 19:45:50 Sending HTTP request "POST" "https://graphql.zeepki.st/"
[Info   :Zeepkist GTR] 19:45:50 Stopping existing recorder if any
[Info   :Zeepkist GTR] 19:45:50 Creating new recorder
[Info   :Zeepkist GTR] 19:45:50 Start processing HTTP request "POST" "https://graphql.zeepki.st/"
[Info   :Zeepkist GTR] 19:45:50 Sending HTTP request "POST" "https://graphql.zeepki.st/"
[Info   :Zeepkist GTR] 19:45:50 Start processing HTTP request "POST" "https://graphql.zeepki.st/"
[Info   :Zeepkist GTR] 19:45:50 Sending HTTP request "POST" "https://graphql.zeepki.st/"
[Info   :Zeepkist GTR] 19:45:50 Received HTTP response headers after 73.1937ms - 200
[Info   :Zeepkist GTR] 19:45:50 End processing HTTP request after 73.4353ms - 200
[Info   :Zeepkist GTR] 19:45:50 Received HTTP response headers after 74.7189ms - 200
[Info   :Zeepkist GTR] 19:45:50 End processing HTTP request after 74.9533ms - 200
[Info   :Zeepkist GTR] 19:45:50 Ghost version: 5
[Info   :Zeepkist GTR] 19:45:50 Received HTTP response headers after 137.8388ms - 200
[Info   :Zeepkist GTR] 19:45:50 End processing HTTP request after 138.0529ms - 200
[Info   :Zeepkist GTR] 19:45:50 Start processing HTTP request "POST" "https://graphql.zeepki.st/"
[Info   :Zeepkist GTR] 19:45:50 Sending HTTP request "POST" "https://graphql.zeepki.st/"
[Info   :Zeepkist GTR] 19:45:50 Received HTTP response headers after 59.8396ms - 200
[Info   :Zeepkist GTR] 19:45:50 End processing HTTP request after 60.0758ms - 200
[Info   :Zeepkist GTR] 19:45:51 Starting recorder
[Info   :Zeepkist GTR] 19:46:09 Loading personal best...
[Info   :Zeepkist GTR] 19:46:09 Start processing HTTP request "POST" "https://graphql.zeepki.st/"
[Info   :Zeepkist GTR] 19:46:09 Sending HTTP request "POST" "https://graphql.zeepki.st/"
[Info   :Zeepkist GTR] 19:46:09 Stopping existing recorder if any
[Info   :Zeepkist GTR] 19:46:09 Creating new recorder
[Info   :Zeepkist GTR] 19:46:09 Start processing HTTP request "POST" "https://graphql.zeepki.st/"
[Info   :Zeepkist GTR] 19:46:09 Sending HTTP request "POST" "https://graphql.zeepki.st/"
[Info   :Zeepkist GTR] 19:46:09 Start processing HTTP request "POST" "https://graphql.zeepki.st/"
[Info   :Zeepkist GTR] 19:46:09 Sending HTTP request "POST" "https://graphql.zeepki.st/"
[Info   :Zeepkist GTR] 19:46:09 Received HTTP response headers after 74.0066ms - 200
[Info   :Zeepkist GTR] 19:46:09 End processing HTTP request after 74.2286ms - 200
[Info   :Zeepkist GTR] 19:46:09 Received HTTP response headers after 77.1299ms - 200
[Info   :Zeepkist GTR] 19:46:09 End processing HTTP request after 77.3556ms - 200
[Info   :Zeepkist GTR] 19:46:09 Ghost version: 5
[Info   :Zeepkist GTR] 19:46:09 Received HTTP response headers after 143.9879ms - 200
[Info   :Zeepkist GTR] 19:46:09 End processing HTTP request after 144.2023ms - 200
[Info   :Zeepkist GTR] 19:46:10 Start processing HTTP request "POST" "https://graphql.zeepki.st/"
[Info   :Zeepkist GTR] 19:46:10 Sending HTTP request "POST" "https://graphql.zeepki.st/"
[Info   :Zeepkist GTR] 19:46:10 Received HTTP response headers after 56.1565ms - 200
[Info   :Zeepkist GTR] 19:46:10 End processing HTTP request after 56.4102ms - 200
[Info   :Zeepkist GTR] 19:46:11 Starting recorder
[Info   :Zeepkist GTR] 19:46:29 Loading personal best...
[Info   :Zeepkist GTR] 19:46:29 Start processing HTTP request "POST" "https://graphql.zeepki.st/"
[Info   :Zeepkist GTR] 19:46:29 Sending HTTP request "POST" "https://graphql.zeepki.st/"
[Info   :Zeepkist GTR] 19:46:29 Stopping existing recorder if any
[Info   :Zeepkist GTR] 19:46:29 Creating new recorder
[Info   :Zeepkist GTR] 19:46:29 Start processing HTTP request "POST" "https://graphql.zeepki.st/"
[Info   :Zeepkist GTR] 19:46:29 Sending HTTP request "POST" "https://graphql.zeepki.st/"
[Info   :Zeepkist GTR] 19:46:29 Start processing HTTP request "POST" "https://graphql.zeepki.st/"
[Info   :Zeepkist GTR] 19:46:29 Sending HTTP request "POST" "https://graphql.zeepki.st/"
[Info   :Zeepkist GTR] 19:46:29 Received HTTP response headers after 105.6091ms - 200
[Info   :Zeepkist GTR] 19:46:29 End processing HTTP request after 105.8256ms - 200
[Info   :Zeepkist GTR] 19:46:29 Received HTTP response headers after 115.6749ms - 200
[Info   :Zeepkist GTR] 19:46:29 End processing HTTP request after 115.8941ms - 200
[Info   :Zeepkist GTR] 19:46:30 Ghost version: 5
[Info   :Zeepkist GTR] 19:46:30 Received HTTP response headers after 154.4646ms - 200
[Info   :Zeepkist GTR] 19:46:30 End processing HTTP request after 154.7251ms - 200
[Info   :Zeepkist GTR] 19:46:30 Start processing HTTP request "POST" "https://graphql.zeepki.st/"
[Info   :Zeepkist GTR] 19:46:30 Sending HTTP request "POST" "https://graphql.zeepki.st/"
[Info   :Zeepkist GTR] 19:46:30 Received HTTP response headers after 59.5724ms - 200
[Info   :Zeepkist GTR] 19:46:30 End processing HTTP request after 59.8163ms - 200
[Info   :Zeepkist GTR] 19:46:31 Starting recorder
[Info   :Zeepkist GTR] 19:46:36 Loading personal best...
[Info   :Zeepkist GTR] 19:46:36 Start processing HTTP request "POST" "https://graphql.zeepki.st/"
[Info   :Zeepkist GTR] 19:46:36 Sending HTTP request "POST" "https://graphql.zeepki.st/"
[Info   :Zeepkist GTR] 19:46:36 Stopping existing recorder if any
[Info   :Zeepkist GTR] 19:46:36 Creating new recorder
[Info   :Zeepkist GTR] 19:46:36 Start processing HTTP request "POST" "https://graphql.zeepki.st/"
[Info   :Zeepkist GTR] 19:46:36 Sending HTTP request "POST" "https://graphql.zeepki.st/"
[Info   :Zeepkist GTR] 19:46:36 Start processing HTTP request "POST" "https://graphql.zeepki.st/"
[Info   :Zeepkist GTR] 19:46:36 Sending HTTP request "POST" "https://graphql.zeepki.st/"
[Info   :Zeepkist GTR] 19:46:36 Received HTTP response headers after 59.7862ms - 200
[Info   :Zeepkist GTR] 19:46:36 End processing HTTP request after 60.0175ms - 200
[Info   :Zeepkist GTR] 19:46:36 Received HTTP response headers after 61.5794ms - 200
[Info   :Zeepkist GTR] 19:46:36 End processing HTTP request after 61.8107ms - 200
[Info   :Zeepkist GTR] 19:46:36 Ghost version: 5
[Info   :Zeepkist GTR] 19:46:36 Received HTTP response headers after 115.4639ms - 200
[Info   :Zeepkist GTR] 19:46:36 End processing HTTP request after 115.6913ms - 200
[Info   :Zeepkist GTR] 19:46:36 Start processing HTTP request "POST" "https://graphql.zeepki.st/"
[Info   :Zeepkist GTR] 19:46:36 Sending HTTP request "POST" "https://graphql.zeepki.st/"
[Info   :Zeepkist GTR] 19:46:36 Received HTTP response headers after 57.3875ms - 200
[Info   :Zeepkist GTR] 19:46:36 End processing HTTP request after 57.6272ms - 200
[Info   :Zeepkist GTR] 19:46:37 Starting recorder
[Info   :Zeepkist GTR] 19:46:42 Loading personal best...
[Info   :Zeepkist GTR] 19:46:42 Start processing HTTP request "POST" "https://graphql.zeepki.st/"
[Info   :Zeepkist GTR] 19:46:42 Sending HTTP request "POST" "https://graphql.zeepki.st/"
[Info   :Zeepkist GTR] 19:46:42 Stopping existing recorder if any
[Info   :Zeepkist GTR] 19:46:42 Creating new recorder
[Info   :Zeepkist GTR] 19:46:42 Start processing HTTP request "POST" "https://graphql.zeepki.st/"
[Info   :Zeepkist GTR] 19:46:42 Sending HTTP request "POST" "https://graphql.zeepki.st/"
[Info   :Zeepkist GTR] 19:46:42 Start processing HTTP request "POST" "https://graphql.zeepki.st/"
[Info   :Zeepkist GTR] 19:46:42 Sending HTTP request "POST" "https://graphql.zeepki.st/"
[Info   :Zeepkist GTR] 19:46:42 Received HTTP response headers after 57.4118ms - 200
[Info   :Zeepkist GTR] 19:46:42 End processing HTTP request after 57.6489ms - 200
[Info   :Zeepkist GTR] 19:46:42 Received HTTP response headers after 60.6981ms - 200
[Info   :Zeepkist GTR] 19:46:42 End processing HTTP request after 60.9185ms - 200
[Info   :Zeepkist GTR] 19:46:42 Ghost version: 5
[Info   :Zeepkist GTR] 19:46:42 Received HTTP response headers after 108.9641ms - 200
[Info   :Zeepkist GTR] 19:46:42 End processing HTTP request after 109.1854ms - 200
[Info   :Zeepkist GTR] 19:46:43 Start processing HTTP request "POST" "https://graphql.zeepki.st/"
[Info   :Zeepkist GTR] 19:46:43 Sending HTTP request "POST" "https://graphql.zeepki.st/"
[Info   :Zeepkist GTR] 19:46:43 Received HTTP response headers after 55.995ms - 200
[Info   :Zeepkist GTR] 19:46:43 End processing HTTP request after 56.2401ms - 200
[Info   :Zeepkist GTR] 19:46:44 Starting recorder
[Info   :Zeepkist GTR] 19:47:06 Loading personal best...
[Info   :Zeepkist GTR] 19:47:06 Start processing HTTP request "POST" "https://graphql.zeepki.st/"
[Info   :Zeepkist GTR] 19:47:06 Sending HTTP request "POST" "https://graphql.zeepki.st/"
[Info   :Zeepkist GTR] 19:47:06 Stopping existing recorder if any
[Info   :Zeepkist GTR] 19:47:06 Creating new recorder
[Info   :Zeepkist GTR] 19:47:06 Start processing HTTP request "POST" "https://graphql.zeepki.st/"
[Info   :Zeepkist GTR] 19:47:06 Sending HTTP request "POST" "https://graphql.zeepki.st/"
[Info   :Zeepkist GTR] 19:47:06 Start processing HTTP request "POST" "https://graphql.zeepki.st/"
[Info   :Zeepkist GTR] 19:47:06 Sending HTTP request "POST" "https://graphql.zeepki.st/"
[Info   :Zeepkist GTR] 19:47:06 Received HTTP response headers after 58.0763ms - 200
[Info   :Zeepkist GTR] 19:47:06 End processing HTTP request after 58.2913ms - 200
[Info   :Zeepkist GTR] 19:47:06 Received HTTP response headers after 61.1197ms - 200
[Info   :Zeepkist GTR] 19:47:06 End processing HTTP request after 61.3899ms - 200
[Info   :Zeepkist GTR] 19:47:06 Ghost version: 5
[Info   :Zeepkist GTR] 19:47:06 Received HTTP response headers after 127.9457ms - 200
[Info   :Zeepkist GTR] 19:47:06 End processing HTTP request after 128.1919ms - 200
[Info   :Zeepkist GTR] 19:47:06 Start processing HTTP request "POST" "https://graphql.zeepki.st/"
[Info   :Zeepkist GTR] 19:47:06 Sending HTTP request "POST" "https://graphql.zeepki.st/"
[Info   :Zeepkist GTR] 19:47:06 Received HTTP response headers after 61.0984ms - 200
[Info   :Zeepkist GTR] 19:47:06 End processing HTTP request after 61.3334ms - 200
[Info   :Zeepkist GTR] 19:47:08 Starting recorder
[Info   :Zeepkist GTR] 19:47:13 Loading personal best...
[Info   :Zeepkist GTR] 19:47:13 Start processing HTTP request "POST" "https://graphql.zeepki.st/"
[Info   :Zeepkist GTR] 19:47:13 Sending HTTP request "POST" "https://graphql.zeepki.st/"
[Info   :Zeepkist GTR] 19:47:13 Stopping existing recorder if any
[Info   :Zeepkist GTR] 19:47:13 Creating new recorder
[Info   :Zeepkist GTR] 19:47:13 Start processing HTTP request "POST" "https://graphql.zeepki.st/"
[Info   :Zeepkist GTR] 19:47:13 Sending HTTP request "POST" "https://graphql.zeepki.st/"
[Info   :Zeepkist GTR] 19:47:13 Start processing HTTP request "POST" "https://graphql.zeepki.st/"
[Info   :Zeepkist GTR] 19:47:13 Sending HTTP request "POST" "https://graphql.zeepki.st/"
[Info   :Zeepkist GTR] 19:47:13 Received HTTP response headers after 54.3741ms - 200
[Info   :Zeepkist GTR] 19:47:13 End processing HTTP request after 54.5992ms - 200
[Info   :Zeepkist GTR] 19:47:13 Received HTTP response headers after 57.5833ms - 200
[Info   :Zeepkist GTR] 19:47:13 End processing HTTP request after 57.7522ms - 200
[Info   :Zeepkist GTR] 19:47:13 Ghost version: 5
[Info   :Zeepkist GTR] 19:47:13 Received HTTP response headers after 181.3654ms - 200
[Info   :Zeepkist GTR] 19:47:13 End processing HTTP request after 181.6007ms - 200
[Info   :Zeepkist GTR] 19:47:13 Start processing HTTP request "POST" "https://graphql.zeepki.st/"
[Info   :Zeepkist GTR] 19:47:13 Sending HTTP request "POST" "https://graphql.zeepki.st/"
[Info   :Zeepkist GTR] 19:47:13 Received HTTP response headers after 56.09ms - 200
[Info   :Zeepkist GTR] 19:47:13 End processing HTTP request after 56.3327ms - 200
[Info   :Zeepkist GTR] 19:47:15 Starting recorder
[Info   :Zeepkist GTR] 19:47:19 Loading personal best...
[Info   :Zeepkist GTR] 19:47:19 Start processing HTTP request "POST" "https://graphql.zeepki.st/"
[Info   :Zeepkist GTR] 19:47:19 Sending HTTP request "POST" "https://graphql.zeepki.st/"
[Info   :Zeepkist GTR] 19:47:19 Stopping existing recorder if any
[Info   :Zeepkist GTR] 19:47:19 Creating new recorder
[Info   :Zeepkist GTR] 19:47:19 Start processing HTTP request "POST" "https://graphql.zeepki.st/"
[Info   :Zeepkist GTR] 19:47:19 Sending HTTP request "POST" "https://graphql.zeepki.st/"
[Info   :Zeepkist GTR] 19:47:19 Start processing HTTP request "POST" "https://graphql.zeepki.st/"
[Info   :Zeepkist GTR] 19:47:19 Sending HTTP request "POST" "https://graphql.zeepki.st/"
[Info   :Zeepkist GTR] 19:47:19 Received HTTP response headers after 53.0703ms - 200
[Info   :Zeepkist GTR] 19:47:19 End processing HTTP request after 53.3117ms - 200
[Info   :Zeepkist GTR] 19:47:19 Received HTTP response headers after 55.2051ms - 200
[Info   :Zeepkist GTR] 19:47:19 End processing HTTP request after 55.4014ms - 200
[Info   :Zeepkist GTR] 19:47:19 Ghost version: 5
[Info   :Zeepkist GTR] 19:47:19 Received HTTP response headers after 139.2486ms - 200
[Info   :Zeepkist GTR] 19:47:19 End processing HTTP request after 139.5524ms - 200
[Info   :Zeepkist GTR] 19:47:19 Start processing HTTP request "POST" "https://graphql.zeepki.st/"
[Info   :Zeepkist GTR] 19:47:19 Sending HTTP request "POST" "https://graphql.zeepki.st/"
[Info   :Zeepkist GTR] 19:47:19 Received HTTP response headers after 57.879ms - 200
[Info   :Zeepkist GTR] 19:47:19 End processing HTTP request after 58.2309ms - 200
[Info   :Zeepkist GTR] 19:47:20 Starting recorder
[Info   :Zeepkist GTR] 19:47:44 Stopping recorder
[Info   :Zeepkist GTR] 19:47:44 Collecting extra information
[Info   :Zeepkist GTR] 19:47:44 Processing ghost data
[Info   :Zeepkist GTR] 19:47:44 Creating stream
[Info   :Zeepkist GTR] 19:47:44 Writing to stream
[Info   :Zeepkist GTR] 19:47:44 Closing stream
[Info   :Zeepkist GTR] 19:47:44 Getting buffer
[Info   :Zeepkist GTR] 19:47:44 Converting to base64
[Info   :Zeepkist GTR] 19:47:44 Creating resource
[Info   :Zeepkist GTR] 19:47:44 Start processing HTTP request "POST" "https://backend.zeepki.st/auth/refresh"
[Info   :Zeepkist GTR] 19:47:44 Sending HTTP request "POST" "https://backend.zeepki.st/auth/refresh"
[Info   :Zeepkist GTR] 19:47:45 Received HTTP response headers after 816.8186ms - 200
[Info   :Zeepkist GTR] 19:47:45 End processing HTTP request after 817.0251ms - 200
[Info   :Zeepkist GTR] 19:47:45 Start processing HTTP request "POST" "https://backend.zeepki.st/record/submit"
[Info   :Zeepkist GTR] 19:47:45 Sending HTTP request "POST" "https://backend.zeepki.st/record/submit"
[Info   :Zeepkist GTR] 19:47:45 Received HTTP response headers after 185.9567ms - 200
[Info   :Zeepkist GTR] 19:47:45 End processing HTTP request after 186.1996ms - 200
[Info   :Zeepkist GTR] 19:47:46 Loading personal best...
[Info   :Zeepkist GTR] 19:47:46 Start processing HTTP request "POST" "https://graphql.zeepki.st/"
[Info   :Zeepkist GTR] 19:47:46 Sending HTTP request "POST" "https://graphql.zeepki.st/"
[Info   :Zeepkist GTR] 19:47:46 Stopping existing recorder if any
[Info   :Zeepkist GTR] 19:47:46 Creating new recorder
[Info   :Zeepkist GTR] 19:47:46 Start processing HTTP request "POST" "https://graphql.zeepki.st/"
[Info   :Zeepkist GTR] 19:47:46 Sending HTTP request "POST" "https://graphql.zeepki.st/"
[Info   :Zeepkist GTR] 19:47:46 Start processing HTTP request "POST" "https://graphql.zeepki.st/"
[Info   :Zeepkist GTR] 19:47:46 Sending HTTP request "POST" "https://graphql.zeepki.st/"
[Info   :Zeepkist GTR] 19:47:46 Received HTTP response headers after 66.2414ms - 200
[Info   :Zeepkist GTR] 19:47:46 End processing HTTP request after 66.4571ms - 200
[Info   :Zeepkist GTR] 19:47:46 Received HTTP response headers after 70.6905ms - 200
[Info   :Zeepkist GTR] 19:47:46 End processing HTTP request after 70.9319ms - 200
[Info   :Zeepkist GTR] 19:47:46 Ghost version: 5
[Info   :Zeepkist GTR] 19:47:46 Received HTTP response headers after 123.7174ms - 200
[Info   :Zeepkist GTR] 19:47:46 End processing HTTP request after 123.9321ms - 200
[Info   :Zeepkist GTR] 19:47:46 Start processing HTTP request "POST" "https://graphql.zeepki.st/"
[Info   :Zeepkist GTR] 19:47:46 Sending HTTP request "POST" "https://graphql.zeepki.st/"
[Info   :Zeepkist GTR] 19:47:46 Received HTTP response headers after 63.9677ms - 200
[Info   :Zeepkist GTR] 19:47:46 End processing HTTP request after 64.2101ms - 200
[Info   :Zeepkist GTR] 19:47:48 Starting recorder
[Info   :Zeepkist GTR] 19:48:11 Stopping recorder
[Info   :Zeepkist GTR] 19:48:11 Collecting extra information
[Info   :Zeepkist GTR] 19:48:11 Processing ghost data
[Info   :Zeepkist GTR] 19:48:11 Creating stream
[Info   :Zeepkist GTR] 19:48:11 Writing to stream
[Info   :Zeepkist GTR] 19:48:11 Closing stream
[Info   :Zeepkist GTR] 19:48:11 Getting buffer
[Info   :Zeepkist GTR] 19:48:11 Converting to base64
[Info   :Zeepkist GTR] 19:48:11 Creating resource
[Info   :Zeepkist GTR] 19:48:11 Start processing HTTP request "POST" "https://backend.zeepki.st/auth/refresh"
[Info   :Zeepkist GTR] 19:48:11 Sending HTTP request "POST" "https://backend.zeepki.st/auth/refresh"
[Info   :Zeepkist GTR] 19:48:11 Received HTTP response headers after 460.4868ms - 200
[Info   :Zeepkist GTR] 19:48:11 End processing HTTP request after 460.7186ms - 200
[Info   :Zeepkist GTR] 19:48:11 Start processing HTTP request "POST" "https://backend.zeepki.st/record/submit"
[Info   :Zeepkist GTR] 19:48:11 Sending HTTP request "POST" "https://backend.zeepki.st/record/submit"
[Info   :Zeepkist GTR] 19:48:12 Received HTTP response headers after 102.3761ms - 200
[Info   :Zeepkist GTR] 19:48:12 End processing HTTP request after 102.6311ms - 200
[Info   :Zeepkist GTR] 19:48:13 Loading personal best...
[Info   :Zeepkist GTR] 19:48:13 Start processing HTTP request "POST" "https://graphql.zeepki.st/"
[Info   :Zeepkist GTR] 19:48:13 Sending HTTP request "POST" "https://graphql.zeepki.st/"
[Info   :Zeepkist GTR] 19:48:13 Stopping existing recorder if any
[Info   :Zeepkist GTR] 19:48:13 Creating new recorder
[Info   :Zeepkist GTR] 19:48:13 Start processing HTTP request "POST" "https://graphql.zeepki.st/"
[Info   :Zeepkist GTR] 19:48:13 Sending HTTP request "POST" "https://graphql.zeepki.st/"
[Info   :Zeepkist GTR] 19:48:13 Start processing HTTP request "POST" "https://graphql.zeepki.st/"
[Info   :Zeepkist GTR] 19:48:13 Sending HTTP request "POST" "https://graphql.zeepki.st/"
[Info   :Zeepkist GTR] 19:48:13 Received HTTP response headers after 59.8462ms - 200
[Info   :Zeepkist GTR] 19:48:13 End processing HTTP request after 60.1017ms - 200
[Info   :Zeepkist GTR] 19:48:13 Received HTTP response headers after 61.7735ms - 200
[Info   :Zeepkist GTR] 19:48:13 End processing HTTP request after 61.9827ms - 200
[Info   :Zeepkist GTR] 19:48:13 Ghost version: 5
[Info   :Zeepkist GTR] 19:48:13 Received HTTP response headers after 126.7302ms - 200
[Info   :Zeepkist GTR] 19:48:13 End processing HTTP request after 126.9489ms - 200
[Info   :Zeepkist GTR] 19:48:13 Start processing HTTP request "POST" "https://graphql.zeepki.st/"
[Info   :Zeepkist GTR] 19:48:13 Sending HTTP request "POST" "https://graphql.zeepki.st/"
[Info   :Zeepkist GTR] 19:48:13 Received HTTP response headers after 58.6961ms - 200
[Info   :Zeepkist GTR] 19:48:13 End processing HTTP request after 58.9422ms - 200
[Info   :Zeepkist GTR] 19:48:14 Starting recorder
[Info   :Zeepkist GTR] 19:48:19 Loading personal best...
[Info   :Zeepkist GTR] 19:48:19 Start processing HTTP request "POST" "https://graphql.zeepki.st/"
[Info   :Zeepkist GTR] 19:48:19 Sending HTTP request "POST" "https://graphql.zeepki.st/"
[Info   :Zeepkist GTR] 19:48:19 Stopping existing recorder if any
[Info   :Zeepkist GTR] 19:48:19 Creating new recorder
[Info   :Zeepkist GTR] 19:48:19 Start processing HTTP request "POST" "https://graphql.zeepki.st/"
[Info   :Zeepkist GTR] 19:48:19 Sending HTTP request "POST" "https://graphql.zeepki.st/"
[Info   :Zeepkist GTR] 19:48:19 Start processing HTTP request "POST" "https://graphql.zeepki.st/"
[Info   :Zeepkist GTR] 19:48:19 Sending HTTP request "POST" "https://graphql.zeepki.st/"
[Info   :Zeepkist GTR] 19:48:19 Received HTTP response headers after 58.3296ms - 200
[Info   :Zeepkist GTR] 19:48:19 Received HTTP response headers after 57.7996ms - 200
[Info   :Zeepkist GTR] 19:48:19 End processing HTTP request after 58.0404ms - 200
[Info   :Zeepkist GTR] 19:48:19 End processing HTTP request after 58.5716ms - 200
[Info   :Zeepkist GTR] 19:48:19 Ghost version: 5
[Info   :Zeepkist GTR] 19:48:19 Received HTTP response headers after 113.492ms - 200
[Info   :Zeepkist GTR] 19:48:19 End processing HTTP request after 113.7337ms - 200
[Info   :Zeepkist GTR] 19:48:19 Start processing HTTP request "POST" "https://graphql.zeepki.st/"
[Info   :Zeepkist GTR] 19:48:19 Sending HTTP request "POST" "https://graphql.zeepki.st/"
[Info   :Zeepkist GTR] 19:48:20 Received HTTP response headers after 58.3354ms - 200
[Info   :Zeepkist GTR] 19:48:20 End processing HTTP request after 58.573ms - 200
[Info   :Zeepkist GTR] 19:48:21 Starting recorder
[Info   :Zeepkist GTR] 19:48:26 Discarding recorder
[Info   :RoundLeaderboardTab] Drawing leaderboard -> forwarding to Instance.DrawTabLeaderboard()
[Info   :ChampionshipLeaderboardTab] Drawing leaderboard -> forwarding to Instance.DrawTabLeaderboard()
[Info   :ChampionshipLeaderboardTab] Drawing leaderboard -> forwarding to Instance.DrawTabLeaderboard()
[Info   :ChampionshipLeaderboardTab] Drawing leaderboard -> forwarding to Instance.DrawTabLeaderboard()
[Info   :BetterSplits] getting gtr splits
[Info   :Zeepkist GTR] 19:48:40 Loading personal best...
[Info   :Zeepkist GTR] 19:48:40 Start processing HTTP request "POST" "https://graphql.zeepki.st/"
[Info   :Zeepkist GTR] 19:48:40 Sending HTTP request "POST" "https://graphql.zeepki.st/"
[Info   :Zeepkist GTR] 19:48:40 Stopping existing recorder if any
[Info   :Zeepkist GTR] 19:48:40 Creating new recorder
[Info   :Zeepkist GTR] 19:48:40 Start processing HTTP request "POST" "https://graphql.zeepki.st/"
[Info   :Zeepkist GTR] 19:48:40 Sending HTTP request "POST" "https://graphql.zeepki.st/"
[Info   :Zeepkist GTR] 19:48:40 Start processing HTTP request "POST" "https://graphql.zeepki.st/"
[Info   :Zeepkist GTR] 19:48:40 Sending HTTP request "POST" "https://graphql.zeepki.st/"
[Error  :BetterSplits] could not get splits
Response: StatusCode: 400, ReasonPhrase: 'Bad Request', Version: 1.1, Content: System.Net.Http.StreamContent, Headers:
{
Date: Wed, 03 Jun 2026 17:48:41 GMT
Connection: keep-alive
access-control-allow-headers: Origin, X-Requested-With, Accept, Authorization, X-Apollo-Tracing, Content-Type, Content-Length, X-PostGraphile-Explain
access-control-allow-methods: HEAD, GET, POST
access-control-allow-origin: *
access-control-expose-headers: X-GraphQL-Event-Stream
alt-svc: h3=":443"; ma=86400
vary: Origin
via: 1.1 Caddy
x-graphql-event-stream: /stream
x-query-cost: 115
cf-cache-status: DYNAMIC
x-xss-protection: 1; mode=block
Strict-Transport-Security: max-age=15552000; includeSubDomains; preload
x-content-type-options: nosniff
Server-Timing: cfCacheStatus;desc="DYNAMIC", cfEdge;dur=8,cfOrigin;dur=43
Report-To: {"group":"cf-nel","max_age":604800,"endpoints":[{"url":"https://a.nel.cloudflare.com/report/v4?s=AUQtYT%2FrmbUDpCK9dC3WKyCuD7RSMIpOLN%2FLlm1UXClLlONnb9ziKq%2BfNGddSXP9PaOdcHJuf3zowG6CElObslPJvnLpDOTTLwuuL%2FYS9pyxvpC5TQ%2BIAWjVsHfwxSBPEvWgzg%3D%3D"}]}
Nel: {"report_to":"cf-nel","success_fraction":0.0,"max_age":604800}
expect-ct: max-age=86400, enforce
referrer-policy: same-origin
x-frame-options: SAMEORIGIN
Server: cloudflare
CF-RAY: a06087b7e9ce02d4-MAD
Content-Type: application/json; charset=utf-8
Content-Length: 172
} 
Content: {"errors":[{"message":"Cannot query field \"personalBestGlobalsByIdLevel\" on type \"Level\". Did you mean \"personalBestGlobals\"?","locations":[{"line":1,"column":87}]}]}
Url: https://graphql.zeepki.st
Request: {"query":"query BetterSplitsPB($hash: String!, $steamId: BigFloat) { levelByHash(hash: $hash) { personalBestGlobalsByIdLevel(filter: {userByIdUser: {steamId: {equalTo: $steamId}}}) { nodes { recordByIdRecord { speeds splits time }}}}}","variables":{"hash":"CC464390AF102AF33B6EF1F29D82F4A78CC23B98","steamId":"76561197972890120"}}
[Info   :Zeepkist GTR] 19:48:40 Received HTTP response headers after 252.4128ms - 200
[Info   :Zeepkist GTR] 19:48:40 End processing HTTP request after 252.6401ms - 200
[Info   :Zeepkist GTR] 19:48:40 Received HTTP response headers after 255.6632ms - 200
[Info   :Zeepkist GTR] 19:48:40 End processing HTTP request after 255.8452ms - 200
[Info   :Zeepkist GTR] 19:48:40 Received HTTP response headers after 332.9781ms - 200
[Info   :Zeepkist GTR] 19:48:40 End processing HTTP request after 333.1789ms - 200
[Info   :Zeepkist GTR] 19:48:42 Starting recorder
[Info   :   Console] Download started for AppId: 1440670, FileId: 3452420684, Result: OK
[Info   :Zeepkist GTR] 19:49:06 Stopping recorder
[Info   :Zeepkist GTR] 19:49:06 Collecting extra information
[Info   :Zeepkist GTR] 19:49:06 Processing ghost data
[Info   :Zeepkist GTR] 19:49:06 Creating stream
[Info   :Zeepkist GTR] 19:49:06 Writing to stream
[Info   :Zeepkist GTR] 19:49:06 Closing stream
[Info   :Zeepkist GTR] 19:49:06 Getting buffer
[Info   :Zeepkist GTR] 19:49:06 Converting to base64
[Info   :Zeepkist GTR] 19:49:06 Creating resource
[Info   :Zeepkist GTR] 19:49:06 Start processing HTTP request "POST" "https://backend.zeepki.st/auth/refresh"
[Info   :Zeepkist GTR] 19:49:06 Sending HTTP request "POST" "https://backend.zeepki.st/auth/refresh"
[Info   :Zeepkist GTR] 19:49:07 Received HTTP response headers after 395.1899ms - 200
[Info   :Zeepkist GTR] 19:49:07 End processing HTTP request after 395.3973ms - 200
[Info   :Zeepkist GTR] 19:49:07 Start processing HTTP request "POST" "https://backend.zeepki.st/record/submit"
[Info   :Zeepkist GTR] 19:49:07 Sending HTTP request "POST" "https://backend.zeepki.st/record/submit"
[Info   :Zeepkist GTR] 19:49:07 Received HTTP response headers after 97.5797ms - 200
[Info   :Zeepkist GTR] 19:49:07 End processing HTTP request after 97.8483ms - 200
[Info   :Zeepkist GTR] 19:49:08 Loading personal best...
[Info   :Zeepkist GTR] 19:49:08 Start processing HTTP request "POST" "https://graphql.zeepki.st/"
[Info   :Zeepkist GTR] 19:49:08 Sending HTTP request "POST" "https://graphql.zeepki.st/"
[Info   :Zeepkist GTR] 19:49:08 Stopping existing recorder if any
[Info   :Zeepkist GTR] 19:49:08 Creating new recorder
[Info   :Zeepkist GTR] 19:49:08 Start processing HTTP request "POST" "https://graphql.zeepki.st/"
[Info   :Zeepkist GTR] 19:49:08 Sending HTTP request "POST" "https://graphql.zeepki.st/"
[Info   :Zeepkist GTR] 19:49:08 Start processing HTTP request "POST" "https://graphql.zeepki.st/"
[Info   :Zeepkist GTR] 19:49:08 Sending HTTP request "POST" "https://graphql.zeepki.st/"
[Info   :Zeepkist GTR] 19:49:08 Received HTTP response headers after 60.0468ms - 200
[Info   :Zeepkist GTR] 19:49:08 End processing HTTP request after 60.2745ms - 200
[Info   :Zeepkist GTR] 19:49:08 Received HTTP response headers after 65.5668ms - 200
[Info   :Zeepkist GTR] 19:49:08 End processing HTTP request after 65.8147ms - 200
[Info   :Zeepkist GTR] 19:49:08 Start processing HTTP request "GET" "https://cdn.zeepki.st/ghosts/01KT79MXXCBKB8PDV048T15EFR.bin"
[Info   :Zeepkist GTR] 19:49:08 Sending HTTP request "GET" "https://cdn.zeepki.st/ghosts/01KT79MXXCBKB8PDV048T15EFR.bin"
[Info   :Zeepkist GTR] 19:49:08 Received HTTP response headers after 118.5564ms - 200
[Info   :Zeepkist GTR] 19:49:08 End processing HTTP request after 118.8204ms - 200
[Info   :Zeepkist GTR] 19:49:08 Start processing HTTP request "POST" "https://graphql.zeepki.st/"
[Info   :Zeepkist GTR] 19:49:08 Sending HTTP request "POST" "https://graphql.zeepki.st/"
[Info   :Zeepkist GTR] 19:49:08 Received HTTP response headers after 60.4638ms - 200
[Info   :Zeepkist GTR] 19:49:08 End processing HTTP request after 60.7107ms - 200
[Info   :Zeepkist GTR] 19:49:09 Received HTTP response headers after 616.4052ms - 200
[Info   :Zeepkist GTR] 19:49:09 End processing HTTP request after 616.6573ms - 200
[Info   :Zeepkist GTR] 19:49:09 Ghost version: 5
[Info   :Zeepkist GTR] 19:49:10 Starting recorder
[Info   :Zeepkist GTR] 19:49:32 Loading personal best...
[Info   :Zeepkist GTR] 19:49:32 Start processing HTTP request "POST" "https://graphql.zeepki.st/"
[Info   :Zeepkist GTR] 19:49:32 Sending HTTP request "POST" "https://graphql.zeepki.st/"
[Info   :Zeepkist GTR] 19:49:32 Stopping existing recorder if any
[Info   :Zeepkist GTR] 19:49:32 Creating new recorder
[Info   :Zeepkist GTR] 19:49:32 Start processing HTTP request "POST" "https://graphql.zeepki.st/"
[Info   :Zeepkist GTR] 19:49:32 Sending HTTP request "POST" "https://graphql.zeepki.st/"
[Info   :Zeepkist GTR] 19:49:32 Start processing HTTP request "POST" "https://graphql.zeepki.st/"
[Info   :Zeepkist GTR] 19:49:32 Sending HTTP request "POST" "https://graphql.zeepki.st/"
[Info   :Zeepkist GTR] 19:49:32 Received HTTP response headers after 55.4304ms - 200
[Info   :Zeepkist GTR] 19:49:32 Received HTTP response headers after 55.861ms - 200
[Info   :Zeepkist GTR] 19:49:32 End processing HTTP request after 55.651ms - 200
[Info   :Zeepkist GTR] 19:49:32 End processing HTTP request after 56.1222ms - 200
[Info   :Zeepkist GTR] 19:49:32 Ghost version: 5
[Info   :Zeepkist GTR] 19:49:32 Received HTTP response headers after 125.6683ms - 200
[Info   :Zeepkist GTR] 19:49:32 End processing HTTP request after 125.8936ms - 200
[Info   :Zeepkist GTR] 19:49:32 Start processing HTTP request "POST" "https://graphql.zeepki.st/"
[Info   :Zeepkist GTR] 19:49:32 Sending HTTP request "POST" "https://graphql.zeepki.st/"
[Info   :Zeepkist GTR] 19:49:32 Received HTTP response headers after 66.013ms - 200
[Info   :Zeepkist GTR] 19:49:32 End processing HTTP request after 66.259ms - 200
[Info   :Zeepkist GTR] 19:49:34 Starting recorder
[Info   :Zeepkist GTR] 19:49:53 Loading personal best...
[Info   :Zeepkist GTR] 19:49:53 Start processing HTTP request "POST" "https://graphql.zeepki.st/"
[Info   :Zeepkist GTR] 19:49:53 Sending HTTP request "POST" "https://graphql.zeepki.st/"
[Info   :Zeepkist GTR] 19:49:53 Stopping existing recorder if any
[Info   :Zeepkist GTR] 19:49:53 Creating new recorder
[Info   :Zeepkist GTR] 19:49:53 Start processing HTTP request "POST" "https://graphql.zeepki.st/"
[Info   :Zeepkist GTR] 19:49:53 Sending HTTP request "POST" "https://graphql.zeepki.st/"
[Info   :Zeepkist GTR] 19:49:53 Start processing HTTP request "POST" "https://graphql.zeepki.st/"
[Info   :Zeepkist GTR] 19:49:53 Sending HTTP request "POST" "https://graphql.zeepki.st/"
[Info   :Zeepkist GTR] 19:49:53 Received HTTP response headers after 69.1752ms - 200
[Info   :Zeepkist GTR] 19:49:53 End processing HTTP request after 69.4433ms - 200
[Info   :Zeepkist GTR] 19:49:53 Received HTTP response headers after 75.4199ms - 200
[Info   :Zeepkist GTR] 19:49:53 End processing HTTP request after 75.6622ms - 200
[Info   :Zeepkist GTR] 19:49:53 Ghost version: 5
[Info   :Zeepkist GTR] 19:49:53 Received HTTP response headers after 128.166ms - 200
[Info   :Zeepkist GTR] 19:49:53 End processing HTTP request after 128.3936ms - 200
[Info   :Zeepkist GTR] 19:49:53 Start processing HTTP request "POST" "https://graphql.zeepki.st/"
[Info   :Zeepkist GTR] 19:49:53 Sending HTTP request "POST" "https://graphql.zeepki.st/"
[Info   :Zeepkist GTR] 19:49:53 Received HTTP response headers after 65.8716ms - 200
[Info   :Zeepkist GTR] 19:49:53 End processing HTTP request after 66.1642ms - 200
[Info   :Zeepkist GTR] 19:49:55 Starting recorder
[Info   :Zeepkist GTR] 19:49:59 Loading personal best...
[Info   :Zeepkist GTR] 19:49:59 Start processing HTTP request "POST" "https://graphql.zeepki.st/"
[Info   :Zeepkist GTR] 19:49:59 Sending HTTP request "POST" "https://graphql.zeepki.st/"
[Info   :Zeepkist GTR] 19:49:59 Stopping existing recorder if any
[Info   :Zeepkist GTR] 19:49:59 Creating new recorder
[Info   :Zeepkist GTR] 19:49:59 Start processing HTTP request "POST" "https://graphql.zeepki.st/"
[Info   :Zeepkist GTR] 19:49:59 Sending HTTP request "POST" "https://graphql.zeepki.st/"
[Info   :Zeepkist GTR] 19:49:59 Start processing HTTP request "POST" "https://graphql.zeepki.st/"
[Info   :Zeepkist GTR] 19:49:59 Sending HTTP request "POST" "https://graphql.zeepki.st/"
[Info   :Zeepkist GTR] 19:49:59 Received HTTP response headers after 63.5561ms - 200
[Info   :Zeepkist GTR] 19:49:59 End processing HTTP request after 63.8174ms - 200
[Info   :Zeepkist GTR] 19:49:59 Received HTTP response headers after 70.9492ms - 200
[Info   :Zeepkist GTR] 19:49:59 End processing HTTP request after 71.2486ms - 200
[Info   :Zeepkist GTR] 19:49:59 Ghost version: 5
[Info   :Zeepkist GTR] 19:49:59 Received HTTP response headers after 140.2351ms - 200
[Info   :Zeepkist GTR] 19:49:59 End processing HTTP request after 140.5207ms - 200
[Info   :Zeepkist GTR] 19:49:59 Start processing HTTP request "POST" "https://graphql.zeepki.st/"
[Info   :Zeepkist GTR] 19:49:59 Sending HTTP request "POST" "https://graphql.zeepki.st/"
[Info   :Zeepkist GTR] 19:49:59 Received HTTP response headers after 75.7773ms - 200
[Info   :Zeepkist GTR] 19:49:59 End processing HTTP request after 76.0154ms - 200
[Info   :Zeepkist GTR] 19:50:01 Starting recorder
[Info   :Zeepkist GTR] 19:50:06 Loading personal best...
[Info   :Zeepkist GTR] 19:50:06 Start processing HTTP request "POST" "https://graphql.zeepki.st/"
[Info   :Zeepkist GTR] 19:50:06 Sending HTTP request "POST" "https://graphql.zeepki.st/"
[Info   :Zeepkist GTR] 19:50:06 Stopping existing recorder if any
[Info   :Zeepkist GTR] 19:50:06 Creating new recorder
[Info   :Zeepkist GTR] 19:50:06 Start processing HTTP request "POST" "https://graphql.zeepki.st/"
[Info   :Zeepkist GTR] 19:50:06 Sending HTTP request "POST" "https://graphql.zeepki.st/"
[Info   :Zeepkist GTR] 19:50:06 Start processing HTTP request "POST" "https://graphql.zeepki.st/"
[Info   :Zeepkist GTR] 19:50:06 Sending HTTP request "POST" "https://graphql.zeepki.st/"
[Info   :Zeepkist GTR] 19:50:06 Received HTTP response headers after 52.5987ms - 200
[Info   :Zeepkist GTR] 19:50:06 End processing HTTP request after 52.8227ms - 200
[Info   :Zeepkist GTR] 19:50:06 Received HTTP response headers after 54.961ms - 200
[Info   :Zeepkist GTR] 19:50:06 End processing HTTP request after 55.1618ms - 200
[Info   :Zeepkist GTR] 19:50:06 Ghost version: 5
[Info   :Zeepkist GTR] 19:50:06 Received HTTP response headers after 108.4526ms - 200
[Info   :Zeepkist GTR] 19:50:06 End processing HTTP request after 108.6836ms - 200
[Info   :Zeepkist GTR] 19:50:06 Start processing HTTP request "POST" "https://graphql.zeepki.st/"
[Info   :Zeepkist GTR] 19:50:06 Sending HTTP request "POST" "https://graphql.zeepki.st/"
[Info   :Zeepkist GTR] 19:50:06 Received HTTP response headers after 57.6465ms - 200
[Info   :Zeepkist GTR] 19:50:06 End processing HTTP request after 57.9265ms - 200
[Info   :Zeepkist GTR] 19:50:08 Starting recorder
[Info   :Zeepkist GTR] 19:50:28 Loading personal best...
[Info   :Zeepkist GTR] 19:50:28 Start processing HTTP request "POST" "https://graphql.zeepki.st/"
[Info   :Zeepkist GTR] 19:50:28 Sending HTTP request "POST" "https://graphql.zeepki.st/"
[Info   :Zeepkist GTR] 19:50:28 Stopping existing recorder if any
[Info   :Zeepkist GTR] 19:50:28 Creating new recorder
[Info   :Zeepkist GTR] 19:50:28 Start processing HTTP request "POST" "https://graphql.zeepki.st/"
[Info   :Zeepkist GTR] 19:50:28 Sending HTTP request "POST" "https://graphql.zeepki.st/"
[Info   :Zeepkist GTR] 19:50:28 Start processing HTTP request "POST" "https://graphql.zeepki.st/"
[Info   :Zeepkist GTR] 19:50:28 Sending HTTP request "POST" "https://graphql.zeepki.st/"
[Info   :Zeepkist GTR] 19:50:28 Received HTTP response headers after 60.4666ms - 200
[Info   :Zeepkist GTR] 19:50:28 Received HTTP response headers after 60.0294ms - 200
[Info   :Zeepkist GTR] 19:50:28 End processing HTTP request after 60.2666ms - 200
[Info   :Zeepkist GTR] 19:50:28 End processing HTTP request after 60.7107ms - 200
[Info   :Zeepkist GTR] 19:50:28 Ghost version: 5
[Info   :Zeepkist GTR] 19:50:28 Received HTTP response headers after 127.4122ms - 200
[Info   :Zeepkist GTR] 19:50:28 End processing HTTP request after 127.6515ms - 200
[Info   :Zeepkist GTR] 19:50:28 Start processing HTTP request "POST" "https://graphql.zeepki.st/"
[Info   :Zeepkist GTR] 19:50:28 Sending HTTP request "POST" "https://graphql.zeepki.st/"
[Info   :Zeepkist GTR] 19:50:28 Received HTTP response headers after 87.196ms - 200
[Info   :Zeepkist GTR] 19:50:28 End processing HTTP request after 87.4531ms - 200
[Info   :Zeepkist GTR] 19:50:30 Starting recorder
[Info   :Zeepkist GTR] 19:50:53 Stopping recorder
[Info   :Zeepkist GTR] 19:50:53 Collecting extra information
[Info   :Zeepkist GTR] 19:50:53 Processing ghost data
[Info   :Zeepkist GTR] 19:50:53 Creating stream
[Info   :Zeepkist GTR] 19:50:53 Writing to stream
[Info   :Zeepkist GTR] 19:50:53 Closing stream
[Info   :Zeepkist GTR] 19:50:53 Getting buffer
[Info   :Zeepkist GTR] 19:50:53 Converting to base64
[Info   :Zeepkist GTR] 19:50:53 Creating resource
[Info   :Zeepkist GTR] 19:50:53 Start processing HTTP request "POST" "https://backend.zeepki.st/auth/refresh"
[Info   :Zeepkist GTR] 19:50:53 Sending HTTP request "POST" "https://backend.zeepki.st/auth/refresh"
[Info   :Zeepkist GTR] 19:50:53 Received HTTP response headers after 235.1297ms - 200
[Info   :Zeepkist GTR] 19:50:53 End processing HTTP request after 235.3417ms - 200
[Info   :Zeepkist GTR] 19:50:53 Start processing HTTP request "POST" "https://backend.zeepki.st/record/submit"
[Info   :Zeepkist GTR] 19:50:53 Sending HTTP request "POST" "https://backend.zeepki.st/record/submit"
[Info   :Zeepkist GTR] 19:50:53 Received HTTP response headers after 106.9585ms - 200
[Info   :Zeepkist GTR] 19:50:53 End processing HTTP request after 107.2084ms - 200
[Info   :Zeepkist GTR] 19:50:55 Loading personal best...
[Info   :Zeepkist GTR] 19:50:55 Start processing HTTP request "POST" "https://graphql.zeepki.st/"
[Info   :Zeepkist GTR] 19:50:55 Sending HTTP request "POST" "https://graphql.zeepki.st/"
[Info   :Zeepkist GTR] 19:50:55 Stopping existing recorder if any
[Info   :Zeepkist GTR] 19:50:55 Creating new recorder
[Info   :Zeepkist GTR] 19:50:55 Start processing HTTP request "POST" "https://graphql.zeepki.st/"
[Info   :Zeepkist GTR] 19:50:55 Sending HTTP request "POST" "https://graphql.zeepki.st/"
[Info   :Zeepkist GTR] 19:50:55 Start processing HTTP request "POST" "https://graphql.zeepki.st/"
[Info   :Zeepkist GTR] 19:50:55 Sending HTTP request "POST" "https://graphql.zeepki.st/"
[Info   :Zeepkist GTR] 19:50:55 Received HTTP response headers after 107.7436ms - 200
[Info   :Zeepkist GTR] 19:50:55 End processing HTTP request after 108.0207ms - 200
[Info   :Zeepkist GTR] 19:50:55 Received HTTP response headers after 110.1775ms - 200
[Info   :Zeepkist GTR] 19:50:55 End processing HTTP request after 110.4024ms - 200
[Info   :Zeepkist GTR] 19:50:55 Start processing HTTP request "GET" "https://cdn.zeepki.st/ghosts/01KT79R5P9BW5Y20CN53X0DAR2.bin"
[Info   :Zeepkist GTR] 19:50:55 Sending HTTP request "GET" "https://cdn.zeepki.st/ghosts/01KT79R5P9BW5Y20CN53X0DAR2.bin"
[Info   :Zeepkist GTR] 19:50:55 Received HTTP response headers after 161.7734ms - 200
[Info   :Zeepkist GTR] 19:50:55 End processing HTTP request after 162.0133ms - 200
[Info   :Zeepkist GTR] 19:50:55 Start processing HTTP request "POST" "https://graphql.zeepki.st/"
[Info   :Zeepkist GTR] 19:50:55 Sending HTTP request "POST" "https://graphql.zeepki.st/"
[Info   :Zeepkist GTR] 19:50:55 Received HTTP response headers after 55.3327ms - 200
[Info   :Zeepkist GTR] 19:50:55 End processing HTTP request after 55.5872ms - 200
[Info   :Zeepkist GTR] 19:50:56 Received HTTP response headers after 610.4757ms - 200
[Info   :Zeepkist GTR] 19:50:56 End processing HTTP request after 610.7309ms - 200
[Info   :Zeepkist GTR] 19:50:56 Ghost version: 5
[Info   :Zeepkist GTR] 19:50:56 Starting recorder
[Info   :Zeepkist GTR] 19:51:20 Stopping recorder
[Info   :Zeepkist GTR] 19:51:20 Collecting extra information
[Info   :Zeepkist GTR] 19:51:20 Processing ghost data
[Info   :Zeepkist GTR] 19:51:20 Creating stream
[Info   :Zeepkist GTR] 19:51:20 Writing to stream
[Info   :Zeepkist GTR] 19:51:20 Closing stream
[Info   :Zeepkist GTR] 19:51:20 Getting buffer
[Info   :Zeepkist GTR] 19:51:20 Converting to base64
[Info   :Zeepkist GTR] 19:51:20 Creating resource
[Info   :Zeepkist GTR] 19:51:20 Start processing HTTP request "POST" "https://backend.zeepki.st/auth/refresh"
[Info   :Zeepkist GTR] 19:51:20 Sending HTTP request "POST" "https://backend.zeepki.st/auth/refresh"
[Info   :Zeepkist GTR] 19:51:20 Received HTTP response headers after 205.3372ms - 200
[Info   :Zeepkist GTR] 19:51:20 End processing HTTP request after 205.5732ms - 200
[Info   :Zeepkist GTR] 19:51:20 Start processing HTTP request "POST" "https://backend.zeepki.st/record/submit"
[Info   :Zeepkist GTR] 19:51:20 Sending HTTP request "POST" "https://backend.zeepki.st/record/submit"
[Info   :Zeepkist GTR] 19:51:20 Received HTTP response headers after 93.3256ms - 200
[Info   :Zeepkist GTR] 19:51:20 End processing HTTP request after 93.6127ms - 200
[Info   :Zeepkist GTR] 19:51:21 Loading personal best...
[Info   :Zeepkist GTR] 19:51:21 Start processing HTTP request "POST" "https://graphql.zeepki.st/"
[Info   :Zeepkist GTR] 19:51:21 Sending HTTP request "POST" "https://graphql.zeepki.st/"
[Info   :Zeepkist GTR] 19:51:21 Stopping existing recorder if any
[Info   :Zeepkist GTR] 19:51:21 Creating new recorder
[Info   :Zeepkist GTR] 19:51:21 Start processing HTTP request "POST" "https://graphql.zeepki.st/"
[Info   :Zeepkist GTR] 19:51:21 Sending HTTP request "POST" "https://graphql.zeepki.st/"
[Info   :Zeepkist GTR] 19:51:21 Start processing HTTP request "POST" "https://graphql.zeepki.st/"
[Info   :Zeepkist GTR] 19:51:21 Sending HTTP request "POST" "https://graphql.zeepki.st/"
[Info   :Zeepkist GTR] 19:51:21 Received HTTP response headers after 63.8697ms - 200
[Info   :Zeepkist GTR] 19:51:21 End processing HTTP request after 64.109ms - 200
[Info   :Zeepkist GTR] 19:51:21 Received HTTP response headers after 64.8279ms - 200
[Info   :Zeepkist GTR] 19:51:21 End processing HTTP request after 65.0573ms - 200
[Info   :Zeepkist GTR] 19:51:21 Ghost version: 5
[Info   :Zeepkist GTR] 19:51:21 Received HTTP response headers after 135.1758ms - 200
[Info   :Zeepkist GTR] 19:51:21 End processing HTTP request after 135.432ms - 200
[Info   :Zeepkist GTR] 19:51:21 Start processing HTTP request "POST" "https://graphql.zeepki.st/"
[Info   :Zeepkist GTR] 19:51:21 Sending HTTP request "POST" "https://graphql.zeepki.st/"
[Info   :Zeepkist GTR] 19:51:21 Received HTTP response headers after 64.3394ms - 200
[Info   :Zeepkist GTR] 19:51:21 End processing HTTP request after 64.5908ms - 200
[Info   :Zeepkist GTR] 19:51:23 Starting recorder
[Info   :Zeepkist GTR] 19:51:46 Stopping recorder
[Info   :Zeepkist GTR] 19:51:46 Collecting extra information
[Info   :Zeepkist GTR] 19:51:46 Processing ghost data
[Info   :Zeepkist GTR] 19:51:46 Creating stream
[Info   :Zeepkist GTR] 19:51:46 Writing to stream
[Info   :Zeepkist GTR] 19:51:46 Closing stream
[Info   :Zeepkist GTR] 19:51:46 Getting buffer
[Info   :Zeepkist GTR] 19:51:46 Converting to base64
[Info   :Zeepkist GTR] 19:51:46 Creating resource
[Info   :Zeepkist GTR] 19:51:46 Start processing HTTP request "POST" "https://backend.zeepki.st/auth/refresh"
[Info   :Zeepkist GTR] 19:51:46 Sending HTTP request "POST" "https://backend.zeepki.st/auth/refresh"
[Info   :Zeepkist GTR] 19:51:46 Received HTTP response headers after 345.7402ms - 200
[Info   :Zeepkist GTR] 19:51:46 End processing HTTP request after 345.9961ms - 200
[Info   :Zeepkist GTR] 19:51:46 Start processing HTTP request "POST" "https://backend.zeepki.st/record/submit"
[Info   :Zeepkist GTR] 19:51:46 Sending HTTP request "POST" "https://backend.zeepki.st/record/submit"
[Info   :Zeepkist GTR] 19:51:46 Received HTTP response headers after 83.8257ms - 200
[Info   :Zeepkist GTR] 19:51:46 End processing HTTP request after 84.0564ms - 200
[Info   :Zeepkist GTR] 19:51:47 Loading personal best...
[Info   :Zeepkist GTR] 19:51:47 Start processing HTTP request "POST" "https://graphql.zeepki.st/"
[Info   :Zeepkist GTR] 19:51:47 Sending HTTP request "POST" "https://graphql.zeepki.st/"
[Info   :Zeepkist GTR] 19:51:47 Stopping existing recorder if any
[Info   :Zeepkist GTR] 19:51:47 Creating new recorder
[Info   :Zeepkist GTR] 19:51:47 Start processing HTTP request "POST" "https://graphql.zeepki.st/"
[Info   :Zeepkist GTR] 19:51:47 Sending HTTP request "POST" "https://graphql.zeepki.st/"
[Info   :Zeepkist GTR] 19:51:47 Start processing HTTP request "POST" "https://graphql.zeepki.st/"
[Info   :Zeepkist GTR] 19:51:47 Sending HTTP request "POST" "https://graphql.zeepki.st/"
[Info   :Zeepkist GTR] 19:51:48 Received HTTP response headers after 72.1891ms - 200
[Info   :Zeepkist GTR] 19:51:48 End processing HTTP request after 72.4356ms - 200
[Info   :Zeepkist GTR] 19:51:48 Received HTTP response headers after 80.6999ms - 200
[Info   :Zeepkist GTR] 19:51:48 End processing HTTP request after 80.965ms - 200
[Info   :Zeepkist GTR] 19:51:48 Ghost version: 5
[Info   :Zeepkist GTR] 19:51:48 Received HTTP response headers after 132.0816ms - 200
[Info   :Zeepkist GTR] 19:51:48 End processing HTTP request after 132.2668ms - 200
[Info   :Zeepkist GTR] 19:51:48 Start processing HTTP request "POST" "https://graphql.zeepki.st/"
[Info   :Zeepkist GTR] 19:51:48 Sending HTTP request "POST" "https://graphql.zeepki.st/"
[Info   :Zeepkist GTR] 19:51:48 Received HTTP response headers after 57.3636ms - 200
[Info   :Zeepkist GTR] 19:51:48 End processing HTTP request after 57.6105ms - 200
[Info   :Zeepkist GTR] 19:51:49 Starting recorder
[Info   :Zeepkist GTR] 19:52:12 Stopping recorder
[Info   :Zeepkist GTR] 19:52:12 Collecting extra information
[Info   :Zeepkist GTR] 19:52:12 Processing ghost data
[Info   :Zeepkist GTR] 19:52:12 Creating stream
[Info   :Zeepkist GTR] 19:52:12 Writing to stream
[Info   :Zeepkist GTR] 19:52:12 Closing stream
[Info   :Zeepkist GTR] 19:52:12 Getting buffer
[Info   :Zeepkist GTR] 19:52:12 Converting to base64
[Info   :Zeepkist GTR] 19:52:12 Creating resource
[Info   :Zeepkist GTR] 19:52:12 Start processing HTTP request "POST" "https://backend.zeepki.st/auth/refresh"
[Info   :Zeepkist GTR] 19:52:12 Sending HTTP request "POST" "https://backend.zeepki.st/auth/refresh"
[Info   :Zeepkist GTR] 19:52:13 Loading personal best...
[Info   :Zeepkist GTR] 19:52:13 Start processing HTTP request "POST" "https://graphql.zeepki.st/"
[Info   :Zeepkist GTR] 19:52:13 Sending HTTP request "POST" "https://graphql.zeepki.st/"
[Info   :Zeepkist GTR] 19:52:13 Stopping existing recorder if any
[Info   :Zeepkist GTR] 19:52:13 Creating new recorder
[Info   :Zeepkist GTR] 19:52:13 Start processing HTTP request "POST" "https://graphql.zeepki.st/"
[Info   :Zeepkist GTR] 19:52:13 Sending HTTP request "POST" "https://graphql.zeepki.st/"
[Info   :Zeepkist GTR] 19:52:13 Start processing HTTP request "POST" "https://graphql.zeepki.st/"
[Info   :Zeepkist GTR] 19:52:13 Sending HTTP request "POST" "https://graphql.zeepki.st/"
[Info   :Zeepkist GTR] 19:52:13 Received HTTP response headers after 55.4536ms - 200
[Info   :Zeepkist GTR] 19:52:13 End processing HTTP request after 55.6745ms - 200
[Info   :Zeepkist GTR] 19:52:13 Received HTTP response headers after 57.922ms - 200
[Info   :Zeepkist GTR] 19:52:13 End processing HTTP request after 58.1681ms - 200
[Info   :Zeepkist GTR] 19:52:13 Ghost version: 5
[Info   :Zeepkist GTR] 19:52:13 Received HTTP response headers after 121.9737ms - 200
[Info   :Zeepkist GTR] 19:52:13 End processing HTTP request after 122.1872ms - 200
[Info   :Zeepkist GTR] 19:52:13 Start processing HTTP request "POST" "https://graphql.zeepki.st/"
[Info   :Zeepkist GTR] 19:52:13 Sending HTTP request "POST" "https://graphql.zeepki.st/"
[Info   :Zeepkist GTR] 19:52:13 Received HTTP response headers after 65.9486ms - 200
[Info   :Zeepkist GTR] 19:52:13 End processing HTTP request after 66.1983ms - 200
[Info   :Zeepkist GTR] 19:52:15 Starting recorder
[Info   :Zeepkist GTR] 19:52:16 Received HTTP response headers after 3721.2022ms - 200
[Info   :Zeepkist GTR] 19:52:16 End processing HTTP request after 3721.41ms - 200
[Info   :Zeepkist GTR] 19:52:16 Start processing HTTP request "POST" "https://backend.zeepki.st/record/submit"
[Info   :Zeepkist GTR] 19:52:16 Sending HTTP request "POST" "https://backend.zeepki.st/record/submit"
[Info   :Zeepkist GTR] 19:52:16 Received HTTP response headers after 168.0185ms - 200
[Info   :Zeepkist GTR] 19:52:16 End processing HTTP request after 168.2567ms - 200
[Info   :Zeepkist GTR] 19:52:38 Stopping recorder
[Info   :Zeepkist GTR] 19:52:38 Collecting extra information
[Info   :Zeepkist GTR] 19:52:38 Processing ghost data
[Info   :Zeepkist GTR] 19:52:38 Creating stream
[Info   :Zeepkist GTR] 19:52:38 Writing to stream
[Info   :Zeepkist GTR] 19:52:38 Closing stream
[Info   :Zeepkist GTR] 19:52:38 Getting buffer
[Info   :Zeepkist GTR] 19:52:38 Converting to base64
[Info   :Zeepkist GTR] 19:52:38 Creating resource
[Info   :Zeepkist GTR] 19:52:38 Start processing HTTP request "POST" "https://backend.zeepki.st/auth/refresh"
[Info   :Zeepkist GTR] 19:52:38 Sending HTTP request "POST" "https://backend.zeepki.st/auth/refresh"
[Info   :Zeepkist GTR] 19:52:38 Received HTTP response headers after 248.8687ms - 200
[Info   :Zeepkist GTR] 19:52:38 End processing HTTP request after 249.0815ms - 200
[Info   :Zeepkist GTR] 19:52:38 Start processing HTTP request "POST" "https://backend.zeepki.st/record/submit"
[Info   :Zeepkist GTR] 19:52:38 Sending HTTP request "POST" "https://backend.zeepki.st/record/submit"
[Info   :Zeepkist GTR] 19:52:38 Received HTTP response headers after 154.4034ms - 200
[Info   :Zeepkist GTR] 19:52:38 End processing HTTP request after 154.6852ms - 200
[Info   :Zeepkist GTR] 19:52:41 Loading personal best...
[Info   :Zeepkist GTR] 19:52:41 Start processing HTTP request "POST" "https://graphql.zeepki.st/"
[Info   :Zeepkist GTR] 19:52:41 Sending HTTP request "POST" "https://graphql.zeepki.st/"
[Info   :Zeepkist GTR] 19:52:41 Stopping existing recorder if any
[Info   :Zeepkist GTR] 19:52:41 Creating new recorder
[Info   :Zeepkist GTR] 19:52:41 Start processing HTTP request "POST" "https://graphql.zeepki.st/"
[Info   :Zeepkist GTR] 19:52:41 Sending HTTP request "POST" "https://graphql.zeepki.st/"
[Info   :Zeepkist GTR] 19:52:41 Start processing HTTP request "POST" "https://graphql.zeepki.st/"
[Info   :Zeepkist GTR] 19:52:41 Sending HTTP request "POST" "https://graphql.zeepki.st/"
[Info   :Zeepkist GTR] 19:52:41 Received HTTP response headers after 63.1378ms - 200
[Info   :Zeepkist GTR] 19:52:41 Received HTTP response headers after 63.8016ms - 200
[Info   :Zeepkist GTR] 19:52:41 End processing HTTP request after 64.1439ms - 200
[Info   :Zeepkist GTR] 19:52:41 End processing HTTP request after 63.456ms - 200
[Info   :Zeepkist GTR] 19:52:41 Start processing HTTP request "GET" "https://cdn.zeepki.st/ghosts/01KT79TPJ6TW4EDTH2V7D0BTPP.bin"
[Info   :Zeepkist GTR] 19:52:41 Sending HTTP request "GET" "https://cdn.zeepki.st/ghosts/01KT79TPJ6TW4EDTH2V7D0BTPP.bin"
[Info   :Zeepkist GTR] 19:52:41 Received HTTP response headers after 134.2009ms - 200
[Info   :Zeepkist GTR] 19:52:41 End processing HTTP request after 134.4742ms - 200
[Info   :Zeepkist GTR] 19:52:41 Start processing HTTP request "POST" "https://graphql.zeepki.st/"
[Info   :Zeepkist GTR] 19:52:41 Sending HTTP request "POST" "https://graphql.zeepki.st/"
[Info   :Zeepkist GTR] 19:52:41 Received HTTP response headers after 60.2847ms - 200
[Info   :Zeepkist GTR] 19:52:41 End processing HTTP request after 60.5802ms - 200
[Info   :Zeepkist GTR] 19:52:42 Received HTTP response headers after 694.1188ms - 200
[Info   :Zeepkist GTR] 19:52:42 End processing HTTP request after 694.3629ms - 200
[Info   :Zeepkist GTR] 19:52:42 Ghost version: 5
[Info   :Zeepkist GTR] 19:52:43 Starting recorder
[Info   :Zeepkist GTR] 19:52:49 Loading personal best...
[Info   :Zeepkist GTR] 19:52:49 Start processing HTTP request "POST" "https://graphql.zeepki.st/"
[Info   :Zeepkist GTR] 19:52:49 Sending HTTP request "POST" "https://graphql.zeepki.st/"
[Info   :Zeepkist GTR] 19:52:49 Stopping existing recorder if any
[Info   :Zeepkist GTR] 19:52:49 Creating new recorder
[Info   :Zeepkist GTR] 19:52:49 Start processing HTTP request "POST" "https://graphql.zeepki.st/"
[Info   :Zeepkist GTR] 19:52:49 Sending HTTP request "POST" "https://graphql.zeepki.st/"
[Info   :Zeepkist GTR] 19:52:49 Start processing HTTP request "POST" "https://graphql.zeepki.st/"
[Info   :Zeepkist GTR] 19:52:49 Sending HTTP request "POST" "https://graphql.zeepki.st/"
[Info   :Zeepkist GTR] 19:52:49 Received HTTP response headers after 56.8111ms - 200
[Info   :Zeepkist GTR] 19:52:49 End processing HTTP request after 57.065ms - 200
[Info   :Zeepkist GTR] 19:52:49 Received HTTP response headers after 58.5642ms - 200
[Info   :Zeepkist GTR] 19:52:49 End processing HTTP request after 58.8233ms - 200
[Info   :Zeepkist GTR] 19:52:49 Ghost version: 5
[Info   :Zeepkist GTR] 19:52:49 Received HTTP response headers after 124.0748ms - 200
[Info   :Zeepkist GTR] 19:52:49 End processing HTTP request after 124.2815ms - 200
[Info   :Zeepkist GTR] 19:52:49 Start processing HTTP request "POST" "https://graphql.zeepki.st/"
[Info   :Zeepkist GTR] 19:52:49 Sending HTTP request "POST" "https://graphql.zeepki.st/"
[Info   :Zeepkist GTR] 19:52:49 Received HTTP response headers after 61.8601ms - 200
[Info   :Zeepkist GTR] 19:52:49 End processing HTTP request after 62.102ms - 200
[Info   :Zeepkist GTR] 19:52:51 Starting recorder
[Info   :Zeepkist GTR] 19:52:58 Loading personal best...
[Info   :Zeepkist GTR] 19:52:58 Start processing HTTP request "POST" "https://graphql.zeepki.st/"
[Info   :Zeepkist GTR] 19:52:58 Sending HTTP request "POST" "https://graphql.zeepki.st/"
[Info   :Zeepkist GTR] 19:52:58 Stopping existing recorder if any
[Info   :Zeepkist GTR] 19:52:58 Creating new recorder
[Info   :Zeepkist GTR] 19:52:58 Start processing HTTP request "POST" "https://graphql.zeepki.st/"
[Info   :Zeepkist GTR] 19:52:58 Sending HTTP request "POST" "https://graphql.zeepki.st/"
[Info   :Zeepkist GTR] 19:52:58 Start processing HTTP request "POST" "https://graphql.zeepki.st/"
[Info   :Zeepkist GTR] 19:52:58 Sending HTTP request "POST" "https://graphql.zeepki.st/"
[Info   :Zeepkist GTR] 19:52:58 Received HTTP response headers after 225.443ms - 200
[Info   :Zeepkist GTR] 19:52:58 End processing HTTP request after 225.6724ms - 200
[Info   :Zeepkist GTR] 19:52:58 Received HTTP response headers after 242.7698ms - 200
[Info   :Zeepkist GTR] 19:52:58 End processing HTTP request after 242.999ms - 200
[Info   :Zeepkist GTR] 19:52:58 Ghost version: 5
[Info   :Zeepkist GTR] 19:52:58 Received HTTP response headers after 164.0328ms - 200
[Info   :Zeepkist GTR] 19:52:58 End processing HTTP request after 164.3103ms - 200
[Info   :Zeepkist GTR] 19:52:58 Start processing HTTP request "POST" "https://graphql.zeepki.st/"
[Info   :Zeepkist GTR] 19:52:58 Sending HTTP request "POST" "https://graphql.zeepki.st/"
[Info   :Zeepkist GTR] 19:52:58 Received HTTP response headers after 60.112ms - 200
[Info   :Zeepkist GTR] 19:52:58 End processing HTTP request after 60.3519ms - 200
[Info   :Zeepkist GTR] 19:52:59 Starting recorder
[Info   :Zeepkist GTR] 19:53:39 Discarding recorder
[Info   :BetterSplits] getting gtr splits
[Info   :Zeepkist GTR] 19:53:53 Loading personal best...
[Info   :Zeepkist GTR] 19:53:53 Start processing HTTP request "POST" "https://graphql.zeepki.st/"
[Info   :Zeepkist GTR] 19:53:53 Sending HTTP request "POST" "https://graphql.zeepki.st/"
[Info   :Zeepkist GTR] 19:53:53 Stopping existing recorder if any
[Info   :Zeepkist GTR] 19:53:53 Creating new recorder
[Info   :Zeepkist GTR] 19:53:53 Start processing HTTP request "POST" "https://graphql.zeepki.st/"
[Info   :Zeepkist GTR] 19:53:53 Sending HTTP request "POST" "https://graphql.zeepki.st/"
[Info   :Zeepkist GTR] 19:53:53 Start processing HTTP request "POST" "https://graphql.zeepki.st/"
[Info   :Zeepkist GTR] 19:53:53 Sending HTTP request "POST" "https://graphql.zeepki.st/"
[Error  :BetterSplits] could not get splits
Response: StatusCode: 400, ReasonPhrase: 'Bad Request', Version: 1.1, Content: System.Net.Http.StreamContent, Headers:
{
Date: Wed, 03 Jun 2026 17:53:54 GMT
Connection: keep-alive
access-control-allow-headers: Origin, X-Requested-With, Accept, Authorization, X-Apollo-Tracing, Content-Type, Content-Length, X-PostGraphile-Explain
access-control-allow-methods: HEAD, GET, POST
access-control-allow-origin: *
access-control-expose-headers: X-GraphQL-Event-Stream
alt-svc: h3=":443"; ma=86400
vary: Origin
via: 1.1 Caddy
x-graphql-event-stream: /stream
x-query-cost: 115
cf-cache-status: DYNAMIC
x-xss-protection: 1; mode=block
Strict-Transport-Security: max-age=15552000; includeSubDomains; preload
x-content-type-options: nosniff
Server-Timing: cfCacheStatus;desc="DYNAMIC", cfEdge;dur=8,cfOrigin;dur=38
Report-To: {"group":"cf-nel","max_age":604800,"endpoints":[{"url":"https://a.nel.cloudflare.com/report/v4?s=ki3JJcHw7hAxkJGfOS7yoc%2BcYZMoFCuRFyJG1M%2Fuvt%2BrY6yJyIW%2BBwyrkfEVIZF8eRLrG9EIOVmGrYjY29gs7POazgSf0XSoJ0PiawIcoE5yKd0cE0ggR60OOQasdvgCGcMw2w%3D%3D"}]}
Nel: {"report_to":"cf-nel","success_fraction":0.0,"max_age":604800}
expect-ct: max-age=86400, enforce
referrer-policy: same-origin
x-frame-options: SAMEORIGIN
Server: cloudflare
CF-RAY: a0608f5d9c370267-MAD
Content-Type: application/json; charset=utf-8
Content-Length: 172
} 
Content: {"errors":[{"message":"Cannot query field \"personalBestGlobalsByIdLevel\" on type \"Level\". Did you mean \"personalBestGlobals\"?","locations":[{"line":1,"column":87}]}]}
Url: https://graphql.zeepki.st
Request: {"query":"query BetterSplitsPB($hash: String!, $steamId: BigFloat) { levelByHash(hash: $hash) { personalBestGlobalsByIdLevel(filter: {userByIdUser: {steamId: {equalTo: $steamId}}}) { nodes { recordByIdRecord { speeds splits time }}}}}","variables":{"hash":"E5992C28461E8BB2C0B67A0C4D575A800253B918-3","steamId":"76561197972890120"}}
[Info   :Zeepkist GTR] 19:53:53 Received HTTP response headers after 70.8716ms - 200
[Info   :Zeepkist GTR] 19:53:53 Received HTTP response headers after 70.4411ms - 200
[Info   :Zeepkist GTR] 19:53:53 End processing HTTP request after 70.6792ms - 200
[Info   :Zeepkist GTR] 19:53:53 End processing HTTP request after 71.1661ms - 200
[Info   :Zeepkist GTR] 19:53:53 Ghost version: 5
[Info   :Zeepkist GTR] 19:53:53 Received HTTP response headers after 150.2366ms - 200
[Info   :Zeepkist GTR] 19:53:53 End processing HTTP request after 150.4631ms - 200
[Info   :Zeepkist GTR] 19:53:54 Start processing HTTP request "POST" "https://graphql.zeepki.st/"
[Info   :Zeepkist GTR] 19:53:54 Sending HTTP request "POST" "https://graphql.zeepki.st/"
[Info   :Zeepkist GTR] 19:53:54 Received HTTP response headers after 56.2621ms - 200
[Info   :Zeepkist GTR] 19:53:54 End processing HTTP request after 56.5202ms - 200
[Info   :Zeepkist GTR] 19:53:55 Starting recorder
[Info   :Zeepkist GTR] 19:53:59 Loading personal best...
[Info   :Zeepkist GTR] 19:53:59 Start processing HTTP request "POST" "https://graphql.zeepki.st/"
[Info   :Zeepkist GTR] 19:53:59 Sending HTTP request "POST" "https://graphql.zeepki.st/"
[Info   :Zeepkist GTR] 19:53:59 Stopping existing recorder if any
[Info   :Zeepkist GTR] 19:53:59 Creating new recorder
[Info   :Zeepkist GTR] 19:53:59 Start processing HTTP request "POST" "https://graphql.zeepki.st/"
[Info   :Zeepkist GTR] 19:53:59 Sending HTTP request "POST" "https://graphql.zeepki.st/"
[Info   :Zeepkist GTR] 19:53:59 Start processing HTTP request "POST" "https://graphql.zeepki.st/"
[Info   :Zeepkist GTR] 19:53:59 Sending HTTP request "POST" "https://graphql.zeepki.st/"
[Info   :Zeepkist GTR] 19:53:59 Received HTTP response headers after 56.5073ms - 200
[Info   :Zeepkist GTR] 19:53:59 End processing HTTP request after 56.7768ms - 200
[Info   :Zeepkist GTR] 19:53:59 Received HTTP response headers after 58.7162ms - 200
[Info   :Zeepkist GTR] 19:53:59 End processing HTTP request after 58.9159ms - 200
[Info   :Zeepkist GTR] 19:53:59 Ghost version: 5
[Info   :Zeepkist GTR] 19:53:59 Received HTTP response headers after 117.5866ms - 200
[Info   :Zeepkist GTR] 19:53:59 End processing HTTP request after 117.8038ms - 200
[Info   :Zeepkist GTR] 19:53:59 Start processing HTTP request "POST" "https://graphql.zeepki.st/"
[Info   :Zeepkist GTR] 19:53:59 Sending HTTP request "POST" "https://graphql.zeepki.st/"
[Info   :Zeepkist GTR] 19:53:59 Received HTTP response headers after 52.6739ms - 200
[Info   :Zeepkist GTR] 19:53:59 End processing HTTP request after 52.9448ms - 200
[Info   :Zeepkist GTR] 19:54:00 Starting recorder
[Info   :Zeepkist GTR] 19:54:17 Loading personal best...
[Info   :Zeepkist GTR] 19:54:17 Start processing HTTP request "POST" "https://graphql.zeepki.st/"
[Info   :Zeepkist GTR] 19:54:17 Sending HTTP request "POST" "https://graphql.zeepki.st/"
[Info   :Zeepkist GTR] 19:54:17 Stopping existing recorder if any
[Info   :Zeepkist GTR] 19:54:17 Creating new recorder
[Info   :Zeepkist GTR] 19:54:17 Start processing HTTP request "POST" "https://graphql.zeepki.st/"
[Info   :Zeepkist GTR] 19:54:17 Sending HTTP request "POST" "https://graphql.zeepki.st/"
[Info   :Zeepkist GTR] 19:54:17 Start processing HTTP request "POST" "https://graphql.zeepki.st/"
[Info   :Zeepkist GTR] 19:54:17 Sending HTTP request "POST" "https://graphql.zeepki.st/"
[Info   :Zeepkist GTR] 19:54:18 Received HTTP response headers after 50.985ms - 200
[Info   :Zeepkist GTR] 19:54:18 End processing HTTP request after 51.22ms - 200
[Info   :Zeepkist GTR] 19:54:18 Received HTTP response headers after 57.0834ms - 200
[Info   :Zeepkist GTR] 19:54:18 End processing HTTP request after 57.3475ms - 200
[Info   :Zeepkist GTR] 19:54:18 Received HTTP response headers after 100.9587ms - 200
[Info   :Zeepkist GTR] 19:54:18 End processing HTTP request after 101.2028ms - 200
[Info   :Zeepkist GTR] 19:54:18 Ghost version: 5
[Info   :Zeepkist GTR] 19:54:18 Start processing HTTP request "POST" "https://graphql.zeepki.st/"
[Info   :Zeepkist GTR] 19:54:18 Sending HTTP request "POST" "https://graphql.zeepki.st/"
[Info   :Zeepkist GTR] 19:54:18 Received HTTP response headers after 51.5347ms - 200
[Info   :Zeepkist GTR] 19:54:18 End processing HTTP request after 51.7747ms - 200
[Info   :Zeepkist GTR] 19:54:19 Starting recorder
[Info   :Zeepkist GTR] 19:54:30 Loading personal best...
[Info   :Zeepkist GTR] 19:54:30 Start processing HTTP request "POST" "https://graphql.zeepki.st/"
[Info   :Zeepkist GTR] 19:54:30 Sending HTTP request "POST" "https://graphql.zeepki.st/"
[Info   :Zeepkist GTR] 19:54:30 Stopping existing recorder if any
[Info   :Zeepkist GTR] 19:54:30 Creating new recorder
[Info   :Zeepkist GTR] 19:54:30 Start processing HTTP request "POST" "https://graphql.zeepki.st/"
[Info   :Zeepkist GTR] 19:54:30 Sending HTTP request "POST" "https://graphql.zeepki.st/"
[Info   :Zeepkist GTR] 19:54:30 Start processing HTTP request "POST" "https://graphql.zeepki.st/"
[Info   :Zeepkist GTR] 19:54:30 Sending HTTP request "POST" "https://graphql.zeepki.st/"
[Info   :Zeepkist GTR] 19:54:30 Received HTTP response headers after 54.1074ms - 200
[Info   :Zeepkist GTR] 19:54:30 End processing HTTP request after 54.3436ms - 200
[Info   :Zeepkist GTR] 19:54:30 Received HTTP response headers after 56.3165ms - 200
[Info   :Zeepkist GTR] 19:54:30 End processing HTTP request after 56.5425ms - 200
[Info   :Zeepkist GTR] 19:54:30 Ghost version: 5
[Info   :Zeepkist GTR] 19:54:30 Received HTTP response headers after 110.9354ms - 200
[Info   :Zeepkist GTR] 19:54:30 End processing HTTP request after 111.1582ms - 200
[Info   :Zeepkist GTR] 19:54:30 Start processing HTTP request "POST" "https://graphql.zeepki.st/"
[Info   :Zeepkist GTR] 19:54:30 Sending HTTP request "POST" "https://graphql.zeepki.st/"
[Info   :Zeepkist GTR] 19:54:30 Received HTTP response headers after 80.2907ms - 200
[Info   :Zeepkist GTR] 19:54:30 End processing HTTP request after 80.5415ms - 200
[Info   :Zeepkist GTR] 19:54:32 Starting recorder
[Info   :Zeepkist GTR] 19:54:55 Stopping recorder
[Info   :Zeepkist GTR] 19:54:55 Collecting extra information
[Info   :Zeepkist GTR] 19:54:55 Processing ghost data
[Info   :Zeepkist GTR] 19:54:55 Creating stream
[Info   :Zeepkist GTR] 19:54:55 Writing to stream
[Info   :Zeepkist GTR] 19:54:55 Closing stream
[Info   :Zeepkist GTR] 19:54:55 Getting buffer
[Info   :Zeepkist GTR] 19:54:55 Converting to base64
[Info   :Zeepkist GTR] 19:54:55 Creating resource
[Info   :Zeepkist GTR] 19:54:55 Start processing HTTP request "POST" "https://backend.zeepki.st/auth/refresh"
[Info   :Zeepkist GTR] 19:54:55 Sending HTTP request "POST" "https://backend.zeepki.st/auth/refresh"
[Info   :Zeepkist GTR] 19:54:56 Received HTTP response headers after 456.7055ms - 200
[Info   :Zeepkist GTR] 19:54:56 End processing HTTP request after 456.9337ms - 200
[Info   :Zeepkist GTR] 19:54:56 Start processing HTTP request "POST" "https://backend.zeepki.st/record/submit"
[Info   :Zeepkist GTR] 19:54:56 Sending HTTP request "POST" "https://backend.zeepki.st/record/submit"
[Info   :Zeepkist GTR] 19:54:56 Received HTTP response headers after 101.2896ms - 200
[Info   :Zeepkist GTR] 19:54:56 End processing HTTP request after 101.5415ms - 200
[Info   :Zeepkist GTR] 19:54:57 Loading personal best...
[Info   :Zeepkist GTR] 19:54:57 Start processing HTTP request "POST" "https://graphql.zeepki.st/"
[Info   :Zeepkist GTR] 19:54:57 Sending HTTP request "POST" "https://graphql.zeepki.st/"
[Info   :Zeepkist GTR] 19:54:57 Stopping existing recorder if any
[Info   :Zeepkist GTR] 19:54:57 Creating new recorder
[Info   :Zeepkist GTR] 19:54:57 Start processing HTTP request "POST" "https://graphql.zeepki.st/"
[Info   :Zeepkist GTR] 19:54:57 Sending HTTP request "POST" "https://graphql.zeepki.st/"
[Info   :Zeepkist GTR] 19:54:57 Start processing HTTP request "POST" "https://graphql.zeepki.st/"
[Info   :Zeepkist GTR] 19:54:57 Sending HTTP request "POST" "https://graphql.zeepki.st/"
[Info   :Zeepkist GTR] 19:54:57 Received HTTP response headers after 55.8194ms - 200
[Info   :Zeepkist GTR] 19:54:57 Received HTTP response headers after 55.3596ms - 200
[Info   :Zeepkist GTR] 19:54:57 End processing HTTP request after 55.5834ms - 200
[Info   :Zeepkist GTR] 19:54:57 End processing HTTP request after 56.0662ms - 200
[Info   :Zeepkist GTR] 19:54:57 Ghost version: 5
[Info   :Zeepkist GTR] 19:54:57 Received HTTP response headers after 120.122ms - 200
[Info   :Zeepkist GTR] 19:54:57 End processing HTTP request after 120.3242ms - 200
[Info   :Zeepkist GTR] 19:54:57 Start processing HTTP request "POST" "https://graphql.zeepki.st/"
[Info   :Zeepkist GTR] 19:54:57 Sending HTTP request "POST" "https://graphql.zeepki.st/"
[Info   :Zeepkist GTR] 19:54:57 Received HTTP response headers after 53.1721ms - 200
[Info   :Zeepkist GTR] 19:54:57 End processing HTTP request after 53.411ms - 200
[Info   :Zeepkist GTR] 19:54:59 Starting recorder
[Info   :Zeepkist GTR] 19:55:18 Loading personal best...
[Info   :Zeepkist GTR] 19:55:18 Start processing HTTP request "POST" "https://graphql.zeepki.st/"
[Info   :Zeepkist GTR] 19:55:18 Sending HTTP request "POST" "https://graphql.zeepki.st/"
[Info   :Zeepkist GTR] 19:55:18 Stopping existing recorder if any
[Info   :Zeepkist GTR] 19:55:18 Creating new recorder
[Info   :Zeepkist GTR] 19:55:18 Start processing HTTP request "POST" "https://graphql.zeepki.st/"
[Info   :Zeepkist GTR] 19:55:18 Sending HTTP request "POST" "https://graphql.zeepki.st/"
[Info   :Zeepkist GTR] 19:55:18 Start processing HTTP request "POST" "https://graphql.zeepki.st/"
[Info   :Zeepkist GTR] 19:55:18 Sending HTTP request "POST" "https://graphql.zeepki.st/"
[Info   :Zeepkist GTR] 19:55:18 Received HTTP response headers after 147.8832ms - 200
[Info   :Zeepkist GTR] 19:55:18 End processing HTTP request after 148.1104ms - 200
[Info   :Zeepkist GTR] 19:55:18 Received HTTP response headers after 160.9526ms - 200
[Info   :Zeepkist GTR] 19:55:18 End processing HTTP request after 161.2023ms - 200
[Info   :Zeepkist GTR] 19:55:18 Ghost version: 5
[Info   :Zeepkist GTR] 19:55:18 Received HTTP response headers after 215.2464ms - 200
[Info   :Zeepkist GTR] 19:55:18 End processing HTTP request after 215.4641ms - 200
[Info   :Zeepkist GTR] 19:55:18 Start processing HTTP request "POST" "https://graphql.zeepki.st/"
[Info   :Zeepkist GTR] 19:55:18 Sending HTTP request "POST" "https://graphql.zeepki.st/"
[Info   :Zeepkist GTR] 19:55:18 Received HTTP response headers after 66.9627ms - 200
[Info   :Zeepkist GTR] 19:55:18 End processing HTTP request after 67.1986ms - 200
[Info   :Zeepkist GTR] 19:55:20 Starting recorder
[Info   :Zeepkist GTR] 19:55:43 Stopping recorder
[Info   :Zeepkist GTR] 19:55:43 Collecting extra information
[Info   :Zeepkist GTR] 19:55:43 Processing ghost data
[Info   :Zeepkist GTR] 19:55:43 Creating stream
[Info   :Zeepkist GTR] 19:55:43 Writing to stream
[Info   :Zeepkist GTR] 19:55:43 Closing stream
[Info   :Zeepkist GTR] 19:55:43 Getting buffer
[Info   :Zeepkist GTR] 19:55:43 Converting to base64
[Info   :Zeepkist GTR] 19:55:43 Creating resource
[Info   :Zeepkist GTR] 19:55:43 Start processing HTTP request "POST" "https://backend.zeepki.st/auth/refresh"
[Info   :Zeepkist GTR] 19:55:43 Sending HTTP request "POST" "https://backend.zeepki.st/auth/refresh"
[Info   :Zeepkist GTR] 19:55:45 Received HTTP response headers after 1656.6379ms - 502
[Info   :Zeepkist GTR] 19:55:45 End processing HTTP request after 1656.9216ms - 502
[Warning:Zeepkist GTR] 19:55:45 Request failed, retrying (1)
[Info   :Zeepkist GTR] 19:55:46 Loading personal best...
[Info   :Zeepkist GTR] 19:55:46 Start processing HTTP request "POST" "https://graphql.zeepki.st/"
[Info   :Zeepkist GTR] 19:55:46 Sending HTTP request "POST" "https://graphql.zeepki.st/"
[Info   :Zeepkist GTR] 19:55:46 Stopping existing recorder if any
[Info   :Zeepkist GTR] 19:55:46 Creating new recorder
[Info   :Zeepkist GTR] 19:55:46 Start processing HTTP request "POST" "https://graphql.zeepki.st/"
[Info   :Zeepkist GTR] 19:55:46 Sending HTTP request "POST" "https://graphql.zeepki.st/"
[Info   :Zeepkist GTR] 19:55:46 Start processing HTTP request "POST" "https://graphql.zeepki.st/"
[Info   :Zeepkist GTR] 19:55:46 Sending HTTP request "POST" "https://graphql.zeepki.st/"
[Info   :Zeepkist GTR] 19:55:46 Received HTTP response headers after 179.0095ms - 200
[Info   :Zeepkist GTR] 19:55:46 Received HTTP response headers after 178.4709ms - 200
[Info   :Zeepkist GTR] 19:55:46 End processing HTTP request after 178.767ms - 200
[Info   :Zeepkist GTR] 19:55:46 End processing HTTP request after 179.24ms - 200
[Info   :Zeepkist GTR] 19:55:46 Ghost version: 5
[Info   :Zeepkist GTR] 19:55:46 Received HTTP response headers after 270.4495ms - 200
[Info   :Zeepkist GTR] 19:55:46 End processing HTTP request after 270.6641ms - 200
[Info   :Zeepkist GTR] 19:55:47 Start processing HTTP request "POST" "https://graphql.zeepki.st/"
[Info   :Zeepkist GTR] 19:55:47 Sending HTTP request "POST" "https://graphql.zeepki.st/"
[Info   :Zeepkist GTR] 19:55:47 Received HTTP response headers after 67.4967ms - 200
[Info   :Zeepkist GTR] 19:55:47 End processing HTTP request after 67.7527ms - 200
[Info   :Zeepkist GTR] 19:55:47 Start processing HTTP request "POST" "https://backend.zeepki.st/auth/refresh"
[Info   :Zeepkist GTR] 19:55:47 Sending HTTP request "POST" "https://backend.zeepki.st/auth/refresh"
[Info   :Zeepkist GTR] 19:55:48 Starting recorder
[Info   :Zeepkist GTR] 19:55:54 Received HTTP response headers after 7608.5953ms - 200
[Info   :Zeepkist GTR] 19:55:54 End processing HTTP request after 7608.8952ms - 200
[Info   :Zeepkist GTR] 19:55:54 Start processing HTTP request "POST" "https://backend.zeepki.st/record/submit"
[Info   :Zeepkist GTR] 19:55:54 Sending HTTP request "POST" "https://backend.zeepki.st/record/submit"
[Info   :Zeepkist GTR] 19:55:55 Received HTTP response headers after 451.43ms - 502
[Info   :Zeepkist GTR] 19:55:55 End processing HTTP request after 451.7399ms - 502
[Warning:Zeepkist GTR] 19:55:55 Request failed, retrying (1)
[Info   :Zeepkist GTR] 19:55:57 Start processing HTTP request "POST" "https://backend.zeepki.st/record/submit"
[Info   :Zeepkist GTR] 19:55:57 Sending HTTP request "POST" "https://backend.zeepki.st/record/submit"
[Info   :Zeepkist GTR] 19:56:00 Received HTTP response headers after 3060.7021ms - 502
[Info   :Zeepkist GTR] 19:56:00 End processing HTTP request after 3061.0216ms - 502
[Warning:Zeepkist GTR] 19:56:00 Request failed, retrying (2)
[Info   :Zeepkist GTR] 19:56:02 Loading personal best...
[Info   :Zeepkist GTR] 19:56:02 Start processing HTTP request "POST" "https://graphql.zeepki.st/"
[Info   :Zeepkist GTR] 19:56:02 Sending HTTP request "POST" "https://graphql.zeepki.st/"
[Info   :Zeepkist GTR] 19:56:02 Stopping existing recorder if any
[Info   :Zeepkist GTR] 19:56:02 Creating new recorder
[Info   :Zeepkist GTR] 19:56:02 Start processing HTTP request "POST" "https://graphql.zeepki.st/"
[Info   :Zeepkist GTR] 19:56:02 Sending HTTP request "POST" "https://graphql.zeepki.st/"
[Info   :Zeepkist GTR] 19:56:02 Start processing HTTP request "POST" "https://graphql.zeepki.st/"
[Info   :Zeepkist GTR] 19:56:02 Sending HTTP request "POST" "https://graphql.zeepki.st/"
[Info   :Zeepkist GTR] 19:56:02 Received HTTP response headers after 108.7606ms - 200
[Info   :Zeepkist GTR] 19:56:02 End processing HTTP request after 108.9935ms - 200
[Info   :Zeepkist GTR] 19:56:03 Ghost version: 5
[Info   :Zeepkist GTR] 19:56:03 Received HTTP response headers after 173.3076ms - 200
[Info   :Zeepkist GTR] 19:56:03 End processing HTTP request after 173.5267ms - 200
[Info   :Zeepkist GTR] 19:56:03 Received HTTP response headers after 336.6754ms - 200
[Info   :Zeepkist GTR] 19:56:03 End processing HTTP request after 336.8908ms - 200
[Info   :Zeepkist GTR] 19:56:03 Start processing HTTP request "POST" "https://graphql.zeepki.st/"
[Info   :Zeepkist GTR] 19:56:03 Sending HTTP request "POST" "https://graphql.zeepki.st/"
[Info   :Zeepkist GTR] 19:56:03 Received HTTP response headers after 154.4452ms - 200
[Info   :Zeepkist GTR] 19:56:03 End processing HTTP request after 154.6811ms - 200
[Info   :Zeepkist GTR] 19:56:04 Start processing HTTP request "POST" "https://backend.zeepki.st/record/submit"
[Info   :Zeepkist GTR] 19:56:04 Sending HTTP request "POST" "https://backend.zeepki.st/record/submit"
[Info   :Zeepkist GTR] 19:56:04 Starting recorder
[Info   :Zeepkist GTR] 19:56:05 Received HTTP response headers after 1007.6372ms - 502
[Info   :Zeepkist GTR] 19:56:05 End processing HTTP request after 1007.9048ms - 502
[Warning:Zeepkist GTR] 19:56:05 Request failed, retrying (3)
[Info   :Zeepkist GTR] 19:56:12 Loading personal best...
[Info   :Zeepkist GTR] 19:56:12 Start processing HTTP request "POST" "https://graphql.zeepki.st/"
[Info   :Zeepkist GTR] 19:56:12 Sending HTTP request "POST" "https://graphql.zeepki.st/"
[Info   :Zeepkist GTR] 19:56:12 Stopping existing recorder if any
[Info   :Zeepkist GTR] 19:56:12 Creating new recorder
[Info   :Zeepkist GTR] 19:56:12 Start processing HTTP request "POST" "https://graphql.zeepki.st/"
[Info   :Zeepkist GTR] 19:56:12 Sending HTTP request "POST" "https://graphql.zeepki.st/"
[Info   :Zeepkist GTR] 19:56:12 Start processing HTTP request "POST" "https://graphql.zeepki.st/"
[Info   :Zeepkist GTR] 19:56:12 Sending HTTP request "POST" "https://graphql.zeepki.st/"
[Info   :Zeepkist GTR] 19:56:13 Received HTTP response headers after 179.6659ms - 200
[Info   :Zeepkist GTR] 19:56:13 End processing HTTP request after 179.9145ms - 200
[Info   :Zeepkist GTR] 19:56:13 Received HTTP response headers after 181.9499ms - 200
[Info   :Zeepkist GTR] 19:56:13 End processing HTTP request after 182.1835ms - 200
[Info   :Zeepkist GTR] 19:56:13 Ghost version: 5
[Info   :Zeepkist GTR] 19:56:13 Received HTTP response headers after 256.0631ms - 200
[Info   :Zeepkist GTR] 19:56:13 End processing HTTP request after 256.2811ms - 200
[Info   :Zeepkist GTR] 19:56:13 Start processing HTTP request "POST" "https://graphql.zeepki.st/"
[Info   :Zeepkist GTR] 19:56:13 Sending HTTP request "POST" "https://graphql.zeepki.st/"
[Info   :Zeepkist GTR] 19:56:13 Received HTTP response headers after 88.0252ms - 200
[Info   :Zeepkist GTR] 19:56:13 End processing HTTP request after 88.3048ms - 200
[Info   :Zeepkist GTR] 19:56:13 Start processing HTTP request "POST" "https://backend.zeepki.st/record/submit"
[Info   :Zeepkist GTR] 19:56:13 Sending HTTP request "POST" "https://backend.zeepki.st/record/submit"
[Info   :Zeepkist GTR] 19:56:14 Starting recorder
[Info   :Zeepkist GTR] 19:56:38 Stopping recorder
[Info   :Zeepkist GTR] 19:56:38 Collecting extra information
[Info   :Zeepkist GTR] 19:56:38 Processing ghost data
[Info   :Zeepkist GTR] 19:56:38 Creating stream
[Info   :Zeepkist GTR] 19:56:38 Writing to stream
[Info   :Zeepkist GTR] 19:56:38 Closing stream
[Info   :Zeepkist GTR] 19:56:38 Getting buffer
[Info   :Zeepkist GTR] 19:56:38 Converting to base64
[Info   :Zeepkist GTR] 19:56:38 Creating resource
[Info   :Zeepkist GTR] 19:56:38 Start processing HTTP request "POST" "https://backend.zeepki.st/auth/refresh"
[Info   :Zeepkist GTR] 19:56:38 Sending HTTP request "POST" "https://backend.zeepki.st/auth/refresh"
[Info   :Zeepkist GTR] 19:56:39 Received HTTP response headers after 880.8057ms - 200
[Info   :Zeepkist GTR] 19:56:39 End processing HTTP request after 881.0305ms - 200
[Info   :Zeepkist GTR] 19:56:39 Start processing HTTP request "POST" "https://backend.zeepki.st/record/submit"
[Info   :Zeepkist GTR] 19:56:39 Sending HTTP request "POST" "https://backend.zeepki.st/record/submit"
[Info   :Zeepkist GTR] 19:56:39 Loading personal best...
[Info   :Zeepkist GTR] 19:56:39 Start processing HTTP request "POST" "https://graphql.zeepki.st/"
[Info   :Zeepkist GTR] 19:56:39 Sending HTTP request "POST" "https://graphql.zeepki.st/"
[Info   :Zeepkist GTR] 19:56:39 Stopping existing recorder if any
[Info   :Zeepkist GTR] 19:56:39 Creating new recorder
[Info   :Zeepkist GTR] 19:56:39 Start processing HTTP request "POST" "https://graphql.zeepki.st/"
[Info   :Zeepkist GTR] 19:56:39 Sending HTTP request "POST" "https://graphql.zeepki.st/"
[Info   :Zeepkist GTR] 19:56:39 Start processing HTTP request "POST" "https://graphql.zeepki.st/"
[Info   :Zeepkist GTR] 19:56:39 Sending HTTP request "POST" "https://graphql.zeepki.st/"
[Info   :Zeepkist GTR] 19:56:39 Received HTTP response headers after 91.0072ms - 200
[Info   :Zeepkist GTR] 19:56:39 End processing HTTP request after 91.2913ms - 200
[Info   :Zeepkist GTR] 19:56:39 Received HTTP response headers after 100.1626ms - 200
[Info   :Zeepkist GTR] 19:56:39 End processing HTTP request after 100.4416ms - 200
[Info   :Zeepkist GTR] 19:56:39 Ghost version: 5
[Info   :Zeepkist GTR] 19:56:39 Received HTTP response headers after 178.4716ms - 200
[Info   :Zeepkist GTR] 19:56:39 End processing HTTP request after 178.7325ms - 200
[Info   :Zeepkist GTR] 19:56:39 Start processing HTTP request "POST" "https://graphql.zeepki.st/"
[Info   :Zeepkist GTR] 19:56:39 Sending HTTP request "POST" "https://graphql.zeepki.st/"
[Info   :Zeepkist GTR] 19:56:39 Received HTTP response headers after 135.3912ms - 200
[Info   :Zeepkist GTR] 19:56:39 End processing HTTP request after 135.6548ms - 200
[Info   :Zeepkist GTR] 19:56:40 Received HTTP response headers after 1812.5453ms - 200
[Info   :Zeepkist GTR] 19:56:40 End processing HTTP request after 1812.8294ms - 200
[Info   :Zeepkist GTR] 19:56:41 Starting recorder
[Info   :Zeepkist GTR] 19:57:04 Stopping recorder
[Info   :Zeepkist GTR] 19:57:04 Collecting extra information
[Info   :Zeepkist GTR] 19:57:04 Processing ghost data
[Info   :Zeepkist GTR] 19:57:04 Creating stream
[Info   :Zeepkist GTR] 19:57:04 Writing to stream
[Info   :Zeepkist GTR] 19:57:04 Closing stream
[Info   :Zeepkist GTR] 19:57:04 Getting buffer
[Info   :Zeepkist GTR] 19:57:04 Converting to base64
[Info   :Zeepkist GTR] 19:57:04 Creating resource
[Info   :Zeepkist GTR] 19:57:04 Start processing HTTP request "POST" "https://backend.zeepki.st/auth/refresh"
[Info   :Zeepkist GTR] 19:57:04 Sending HTTP request "POST" "https://backend.zeepki.st/auth/refresh"
[Info   :Zeepkist GTR] 19:57:06 Loading personal best...
[Info   :Zeepkist GTR] 19:57:06 Start processing HTTP request "POST" "https://graphql.zeepki.st/"
[Info   :Zeepkist GTR] 19:57:06 Sending HTTP request "POST" "https://graphql.zeepki.st/"
[Info   :Zeepkist GTR] 19:57:06 Stopping existing recorder if any
[Info   :Zeepkist GTR] 19:57:06 Creating new recorder
[Info   :Zeepkist GTR] 19:57:06 Start processing HTTP request "POST" "https://graphql.zeepki.st/"
[Info   :Zeepkist GTR] 19:57:06 Sending HTTP request "POST" "https://graphql.zeepki.st/"
[Info   :Zeepkist GTR] 19:57:06 Start processing HTTP request "POST" "https://graphql.zeepki.st/"
[Info   :Zeepkist GTR] 19:57:06 Sending HTTP request "POST" "https://graphql.zeepki.st/"
[Info   :Zeepkist GTR] 19:57:07 Received HTTP response headers after 1143.4961ms - 200
[Info   :Zeepkist GTR] 19:57:07 End processing HTTP request after 1143.7253ms - 200
[Info   :Zeepkist GTR] 19:57:07 Ghost version: 5
[Info   :Zeepkist GTR] 19:57:07 Received HTTP response headers after 1331.4823ms - 200
[Info   :Zeepkist GTR] 19:57:07 End processing HTTP request after 1331.7336ms - 200
[Info   :Zeepkist GTR] 19:57:07 Received HTTP response headers after 1585.2006ms - 200
[Info   :Zeepkist GTR] 19:57:07 End processing HTTP request after 1585.4077ms - 200
[Info   :Zeepkist GTR] 19:57:07 Start processing HTTP request "POST" "https://graphql.zeepki.st/"
[Info   :Zeepkist GTR] 19:57:07 Sending HTTP request "POST" "https://graphql.zeepki.st/"
[Info   :Zeepkist GTR] 19:57:07 Received HTTP response headers after 104.1424ms - 200
[Info   :Zeepkist GTR] 19:57:07 End processing HTTP request after 104.4121ms - 200
[Info   :Zeepkist GTR] 19:57:08 Starting recorder
[Info   :Zeepkist GTR] 19:57:08 Received HTTP response headers after 3943.6986ms - 200
[Info   :Zeepkist GTR] 19:57:08 End processing HTTP request after 3943.9235ms - 200
[Info   :Zeepkist GTR] 19:57:08 Start processing HTTP request "POST" "https://backend.zeepki.st/record/submit"
[Info   :Zeepkist GTR] 19:57:08 Sending HTTP request "POST" "https://backend.zeepki.st/record/submit"
[Info   :Zeepkist GTR] 19:57:08 Received HTTP response headers after 265.021ms - 200
[Info   :Zeepkist GTR] 19:57:08 End processing HTTP request after 265.2553ms - 200
[Info   :Zeepkist GTR] 19:57:31 Stopping recorder
[Info   :Zeepkist GTR] 19:57:31 Collecting extra information
[Info   :Zeepkist GTR] 19:57:31 Processing ghost data
[Info   :Zeepkist GTR] 19:57:31 Creating stream
[Info   :Zeepkist GTR] 19:57:31 Writing to stream
[Info   :Zeepkist GTR] 19:57:31 Closing stream
[Info   :Zeepkist GTR] 19:57:31 Getting buffer
[Info   :Zeepkist GTR] 19:57:31 Converting to base64
[Info   :Zeepkist GTR] 19:57:31 Creating resource
[Info   :Zeepkist GTR] 19:57:31 Start processing HTTP request "POST" "https://backend.zeepki.st/auth/refresh"
[Info   :Zeepkist GTR] 19:57:31 Sending HTTP request "POST" "https://backend.zeepki.st/auth/refresh"
[Info   :Zeepkist GTR] 19:57:32 Received HTTP response headers after 1050.25ms - 200
[Info   :Zeepkist GTR] 19:57:32 End processing HTTP request after 1050.4654ms - 200
[Info   :Zeepkist GTR] 19:57:32 Start processing HTTP request "POST" "https://backend.zeepki.st/record/submit"
[Info   :Zeepkist GTR] 19:57:32 Sending HTTP request "POST" "https://backend.zeepki.st/record/submit"
[Info   :Zeepkist GTR] 19:57:32 Loading personal best...
[Info   :Zeepkist GTR] 19:57:32 Start processing HTTP request "POST" "https://graphql.zeepki.st/"
[Info   :Zeepkist GTR] 19:57:32 Sending HTTP request "POST" "https://graphql.zeepki.st/"
[Info   :Zeepkist GTR] 19:57:32 Stopping existing recorder if any
[Info   :Zeepkist GTR] 19:57:32 Creating new recorder
[Info   :Zeepkist GTR] 19:57:32 Start processing HTTP request "POST" "https://graphql.zeepki.st/"
[Info   :Zeepkist GTR] 19:57:32 Sending HTTP request "POST" "https://graphql.zeepki.st/"
[Info   :Zeepkist GTR] 19:57:32 Start processing HTTP request "POST" "https://graphql.zeepki.st/"
[Info   :Zeepkist GTR] 19:57:32 Sending HTTP request "POST" "https://graphql.zeepki.st/"
[Info   :Zeepkist GTR] 19:57:32 Received HTTP response headers after 104.59ms - 200
[Info   :Zeepkist GTR] 19:57:32 End processing HTTP request after 104.8131ms - 200
[Info   :Zeepkist GTR] 19:57:32 Received HTTP response headers after 112.3624ms - 200
[Info   :Zeepkist GTR] 19:57:32 End processing HTTP request after 112.5456ms - 200
[Info   :Zeepkist GTR] 19:57:32 Ghost version: 5
[Info   :Zeepkist GTR] 19:57:32 Received HTTP response headers after 228.9405ms - 200
[Info   :Zeepkist GTR] 19:57:32 End processing HTTP request after 229.1489ms - 200
[Info   :Zeepkist GTR] 19:57:32 Start processing HTTP request "POST" "https://graphql.zeepki.st/"
[Info   :Zeepkist GTR] 19:57:32 Sending HTTP request "POST" "https://graphql.zeepki.st/"
[Info   :Zeepkist GTR] 19:57:32 Received HTTP response headers after 85.6547ms - 200
[Info   :Zeepkist GTR] 19:57:32 End processing HTTP request after 85.8976ms - 200
[Info   :Zeepkist GTR] 19:57:33 Received HTTP response headers after 1155.5391ms - 200
[Info   :Zeepkist GTR] 19:57:33 End processing HTTP request after 1155.7829ms - 200
[Info   :Zeepkist GTR] 19:57:34 Starting recorder
[Info   :Zeepkist GTR] 19:57:49 Loading personal best...
[Info   :Zeepkist GTR] 19:57:49 Start processing HTTP request "POST" "https://graphql.zeepki.st/"
[Info   :Zeepkist GTR] 19:57:49 Sending HTTP request "POST" "https://graphql.zeepki.st/"
[Info   :Zeepkist GTR] 19:57:49 Stopping existing recorder if any
[Info   :Zeepkist GTR] 19:57:49 Creating new recorder
[Info   :Zeepkist GTR] 19:57:49 Start processing HTTP request "POST" "https://graphql.zeepki.st/"
[Info   :Zeepkist GTR] 19:57:49 Sending HTTP request "POST" "https://graphql.zeepki.st/"
[Info   :Zeepkist GTR] 19:57:49 Start processing HTTP request "POST" "https://graphql.zeepki.st/"
[Info   :Zeepkist GTR] 19:57:49 Sending HTTP request "POST" "https://graphql.zeepki.st/"
[Info   :Zeepkist GTR] 19:57:50 Received HTTP response headers after 55.9197ms - 200
[Info   :Zeepkist GTR] 19:57:50 Received HTTP response headers after 56.4962ms - 200
[Info   :Zeepkist GTR] 19:57:50 End processing HTTP request after 56.1835ms - 200
[Info   :Zeepkist GTR] 19:57:50 End processing HTTP request after 56.7422ms - 200
[Info   :Zeepkist GTR] 19:57:50 Start processing HTTP request "GET" "https://cdn.zeepki.st/ghosts/01KT7A4BZXDJBK875Z59MMBW67.bin"
[Info   :Zeepkist GTR] 19:57:50 Sending HTTP request "GET" "https://cdn.zeepki.st/ghosts/01KT7A4BZXDJBK875Z59MMBW67.bin"
[Info   :Zeepkist GTR] 19:57:50 Received HTTP response headers after 113.4692ms - 200
[Info   :Zeepkist GTR] 19:57:50 End processing HTTP request after 113.6764ms - 200
[Info   :Zeepkist GTR] 19:57:50 Start processing HTTP request "POST" "https://graphql.zeepki.st/"
[Info   :Zeepkist GTR] 19:57:50 Sending HTTP request "POST" "https://graphql.zeepki.st/"
[Info   :Zeepkist GTR] 19:57:50 Received HTTP response headers after 50.8847ms - 200
[Info   :Zeepkist GTR] 19:57:50 End processing HTTP request after 51.1342ms - 200
[Info   :Zeepkist GTR] 19:57:50 Received HTTP response headers after 631.4323ms - 200
[Info   :Zeepkist GTR] 19:57:50 End processing HTTP request after 631.6821ms - 200
[Info   :Zeepkist GTR] 19:57:50 Ghost version: 5
[Info   :Zeepkist GTR] 19:57:51 Starting recorder
[Error  :Zeepkist GTR] 19:57:53 Failed to submit record
[Info   :Zeepkist GTR] 19:58:05 Loading personal best...
[Info   :Zeepkist GTR] 19:58:05 Start processing HTTP request "POST" "https://graphql.zeepki.st/"
[Info   :Zeepkist GTR] 19:58:05 Sending HTTP request "POST" "https://graphql.zeepki.st/"
[Info   :Zeepkist GTR] 19:58:05 Stopping existing recorder if any
[Info   :Zeepkist GTR] 19:58:05 Creating new recorder
[Info   :Zeepkist GTR] 19:58:05 Start processing HTTP request "POST" "https://graphql.zeepki.st/"
[Info   :Zeepkist GTR] 19:58:05 Sending HTTP request "POST" "https://graphql.zeepki.st/"
[Info   :Zeepkist GTR] 19:58:05 Start processing HTTP request "POST" "https://graphql.zeepki.st/"
[Info   :Zeepkist GTR] 19:58:05 Sending HTTP request "POST" "https://graphql.zeepki.st/"
[Info   :Zeepkist GTR] 19:58:06 Received HTTP response headers after 92.0662ms - 200
[Info   :Zeepkist GTR] 19:58:06 End processing HTTP request after 92.2806ms - 200
[Info   :Zeepkist GTR] 19:58:06 Received HTTP response headers after 102.6649ms - 200
[Info   :Zeepkist GTR] 19:58:06 End processing HTTP request after 102.9041ms - 200
[Info   :Zeepkist GTR] 19:58:06 Ghost version: 5
[Info   :Zeepkist GTR] 19:58:06 Received HTTP response headers after 158.1548ms - 200
[Info   :Zeepkist GTR] 19:58:06 End processing HTTP request after 158.3484ms - 200
[Info   :Zeepkist GTR] 19:58:06 Start processing HTTP request "POST" "https://graphql.zeepki.st/"
[Info   :Zeepkist GTR] 19:58:06 Sending HTTP request "POST" "https://graphql.zeepki.st/"
[Info   :Zeepkist GTR] 19:58:06 Received HTTP response headers after 308.064ms - 200
[Info   :Zeepkist GTR] 19:58:06 End processing HTTP request after 308.3185ms - 200
[Info   :Zeepkist GTR] 19:58:07 Starting recorder
[Info   :Zeepkist GTR] 19:58:23 Loading personal best...
[Info   :Zeepkist GTR] 19:58:23 Start processing HTTP request "POST" "https://graphql.zeepki.st/"
[Info   :Zeepkist GTR] 19:58:23 Sending HTTP request "POST" "https://graphql.zeepki.st/"
[Info   :Zeepkist GTR] 19:58:23 Stopping existing recorder if any
[Info   :Zeepkist GTR] 19:58:23 Creating new recorder
[Info   :Zeepkist GTR] 19:58:23 Start processing HTTP request "POST" "https://graphql.zeepki.st/"
[Info   :Zeepkist GTR] 19:58:23 Sending HTTP request "POST" "https://graphql.zeepki.st/"
[Info   :Zeepkist GTR] 19:58:23 Start processing HTTP request "POST" "https://graphql.zeepki.st/"
[Info   :Zeepkist GTR] 19:58:23 Sending HTTP request "POST" "https://graphql.zeepki.st/"
[Info   :Zeepkist GTR] 19:58:24 Received HTTP response headers after 85.053ms - 200
[Info   :Zeepkist GTR] 19:58:24 End processing HTTP request after 85.2697ms - 200
[Info   :Zeepkist GTR] 19:58:24 Received HTTP response headers after 99.2604ms - 200
[Info   :Zeepkist GTR] 19:58:24 End processing HTTP request after 99.498ms - 200
[Info   :Zeepkist GTR] 19:58:24 Received HTTP response headers after 145.0495ms - 200
[Info   :Zeepkist GTR] 19:58:24 End processing HTTP request after 145.2484ms - 200
[Info   :Zeepkist GTR] 19:58:24 Ghost version: 5
[Info   :Zeepkist GTR] 19:58:24 Start processing HTTP request "POST" "https://graphql.zeepki.st/"
[Info   :Zeepkist GTR] 19:58:24 Sending HTTP request "POST" "https://graphql.zeepki.st/"
[Info   :Zeepkist GTR] 19:58:24 Received HTTP response headers after 56.8742ms - 200
[Info   :Zeepkist GTR] 19:58:24 End processing HTTP request after 57.1736ms - 200
[Info   :Zeepkist GTR] 19:58:25 Starting recorder
[Info   :Zeepkist GTR] 19:58:49 Stopping recorder
[Info   :Zeepkist GTR] 19:58:49 Collecting extra information
[Info   :Zeepkist GTR] 19:58:49 Processing ghost data
[Info   :Zeepkist GTR] 19:58:49 Creating stream
[Info   :Zeepkist GTR] 19:58:49 Writing to stream
[Info   :Zeepkist GTR] 19:58:49 Closing stream
[Info   :Zeepkist GTR] 19:58:49 Getting buffer
[Info   :Zeepkist GTR] 19:58:49 Converting to base64
[Info   :Zeepkist GTR] 19:58:49 Creating resource
[Info   :Zeepkist GTR] 19:58:49 Start processing HTTP request "POST" "https://backend.zeepki.st/auth/refresh"
[Info   :Zeepkist GTR] 19:58:49 Sending HTTP request "POST" "https://backend.zeepki.st/auth/refresh"
[Info   :Zeepkist GTR] 19:58:49 Received HTTP response headers after 718.0996ms - 200
[Info   :Zeepkist GTR] 19:58:49 End processing HTTP request after 718.3275ms - 200
[Info   :Zeepkist GTR] 19:58:49 Start processing HTTP request "POST" "https://backend.zeepki.st/record/submit"
[Info   :Zeepkist GTR] 19:58:49 Sending HTTP request "POST" "https://backend.zeepki.st/record/submit"
[Info   :Zeepkist GTR] 19:58:49 Received HTTP response headers after 153.4738ms - 200
[Info   :Zeepkist GTR] 19:58:49 End processing HTTP request after 153.713ms - 200
[Info   :Zeepkist GTR] 19:58:52 Discarding recorder
[Info   :BetterSplits] getting gtr splits
[Info   :Zeepkist GTR] 19:59:06 Loading personal best...
[Info   :Zeepkist GTR] 19:59:06 Start processing HTTP request "POST" "https://graphql.zeepki.st/"
[Info   :Zeepkist GTR] 19:59:06 Sending HTTP request "POST" "https://graphql.zeepki.st/"
[Info   :Zeepkist GTR] 19:59:06 Stopping existing recorder if any
[Info   :Zeepkist GTR] 19:59:06 Creating new recorder
[Info   :Zeepkist GTR] 19:59:06 Start processing HTTP request "POST" "https://graphql.zeepki.st/"
[Info   :Zeepkist GTR] 19:59:06 Sending HTTP request "POST" "https://graphql.zeepki.st/"
[Info   :Zeepkist GTR] 19:59:06 Start processing HTTP request "POST" "https://graphql.zeepki.st/"
[Info   :Zeepkist GTR] 19:59:06 Sending HTTP request "POST" "https://graphql.zeepki.st/"
[Info   :Zeepkist GTR] 19:59:08 Starting recorder
[Info   :Zeepkist GTR] 19:59:08 Received HTTP response headers after 1725.5954ms - 200
[Info   :Zeepkist GTR] 19:59:08 End processing HTTP request after 1725.8279ms - 200
[Error  :BetterSplits] could not get splits
Response: StatusCode: 400, ReasonPhrase: 'Bad Request', Version: 1.1, Content: System.Net.Http.StreamContent, Headers:
{
Date: Wed, 03 Jun 2026 17:59:09 GMT
Connection: keep-alive
access-control-allow-headers: Origin, X-Requested-With, Accept, Authorization, X-Apollo-Tracing, Content-Type, Content-Length, X-PostGraphile-Explain
access-control-allow-methods: HEAD, GET, POST
access-control-allow-origin: *
access-control-expose-headers: X-GraphQL-Event-Stream
alt-svc: h3=":443"; ma=86400
vary: Origin
via: 1.1 Caddy
x-graphql-event-stream: /stream
x-query-cost: 115
cf-cache-status: DYNAMIC
x-xss-protection: 1; mode=block
Strict-Transport-Security: max-age=15552000; includeSubDomains; preload
x-content-type-options: nosniff
Server-Timing: cfCacheStatus;desc="DYNAMIC", cfEdge;dur=8,cfOrigin;dur=1725
Report-To: {"group":"cf-nel","max_age":604800,"endpoints":[{"url":"https://a.nel.cloudflare.com/report/v4?s=HiqIgkrvtBZPvYKia88OSUsBMdfDMkcn0NuojsjoKccctDXbkY%2FLwOP23tKMt8UUS%2BI4wrhJWTrKao%2FhN0D3w2Uwl7%2BKC7xyz1t13qemBSzbYhWPVAGUNXUMRQKqXuj2UIwkXw%3D%3D"}]}
Nel: {"report_to":"cf-nel","success_fraction":0.0,"max_age":604800}
expect-ct: max-age=86400, enforce
referrer-policy: same-origin
x-frame-options: SAMEORIGIN
Server: cloudflare
CF-RAY: a06097026a8a216c-MAD
Content-Type: application/json; charset=utf-8
Content-Length: 172
} 
Content: {"errors":[{"message":"Cannot query field \"personalBestGlobalsByIdLevel\" on type \"Level\". Did you mean \"personalBestGlobals\"?","locations":[{"line":1,"column":87}]}]}
Url: https://graphql.zeepki.st
Request: {"query":"query BetterSplitsPB($hash: String!, $steamId: BigFloat) { levelByHash(hash: $hash) { personalBestGlobalsByIdLevel(filter: {userByIdUser: {steamId: {equalTo: $steamId}}}) { nodes { recordByIdRecord { speeds splits time }}}}}","variables":{"hash":"62DED3946414E9E4A898D8166FD43BF426D84071","steamId":"76561197972890120"}}
[Info   :Zeepkist GTR] 19:59:08 Received HTTP response headers after 1780.8747ms - 200
[Info   :Zeepkist GTR] 19:59:08 End processing HTTP request after 1781.0897ms - 200
[Info   :Zeepkist GTR] 19:59:09 Received HTTP response headers after 2796.5235ms - 200
[Info   :Zeepkist GTR] 19:59:09 End processing HTTP request after 2796.749ms - 200
[Info   :Zeepkist GTR] 19:59:17 Loading personal best...
[Info   :Zeepkist GTR] 19:59:17 Start processing HTTP request "POST" "https://graphql.zeepki.st/"
[Info   :Zeepkist GTR] 19:59:17 Sending HTTP request "POST" "https://graphql.zeepki.st/"
[Info   :Zeepkist GTR] 19:59:17 Stopping existing recorder if any
[Info   :Zeepkist GTR] 19:59:17 Creating new recorder
[Info   :Zeepkist GTR] 19:59:17 Start processing HTTP request "POST" "https://graphql.zeepki.st/"
[Info   :Zeepkist GTR] 19:59:17 Sending HTTP request "POST" "https://graphql.zeepki.st/"
[Info   :Zeepkist GTR] 19:59:17 Start processing HTTP request "POST" "https://graphql.zeepki.st/"
[Info   :Zeepkist GTR] 19:59:17 Sending HTTP request "POST" "https://graphql.zeepki.st/"
[Info   :Zeepkist GTR] 19:59:18 Received HTTP response headers after 753.8349ms - 200
[Info   :Zeepkist GTR] 19:59:18 End processing HTTP request after 754.0854ms - 200
[Info   :Zeepkist GTR] 19:59:18 Received HTTP response headers after 1002.3567ms - 200
[Info   :Zeepkist GTR] 19:59:18 End processing HTTP request after 1002.6402ms - 200
[Info   :Zeepkist GTR] 19:59:18 Received HTTP response headers after 1230.6678ms - 200
[Info   :Zeepkist GTR] 19:59:18 End processing HTTP request after 1230.8882ms - 200
[Info   :Zeepkist GTR] 19:59:19 Starting recorder
[Info   :Zeepkist GTR] 19:59:43 Stopping recorder
[Info   :Zeepkist GTR] 19:59:43 Collecting extra information
[Info   :Zeepkist GTR] 19:59:43 Processing ghost data
[Info   :Zeepkist GTR] 19:59:43 Creating stream
[Info   :Zeepkist GTR] 19:59:43 Writing to stream
[Info   :Zeepkist GTR] 19:59:43 Closing stream
[Info   :Zeepkist GTR] 19:59:43 Getting buffer
[Info   :Zeepkist GTR] 19:59:43 Converting to base64
[Info   :Zeepkist GTR] 19:59:43 Creating resource
[Info   :Zeepkist GTR] 19:59:43 Start processing HTTP request "POST" "https://backend.zeepki.st/auth/refresh"
[Info   :Zeepkist GTR] 19:59:43 Sending HTTP request "POST" "https://backend.zeepki.st/auth/refresh"
[Info   :Zeepkist GTR] 19:59:44 Received HTTP response headers after 470.6329ms - 200
[Info   :Zeepkist GTR] 19:59:44 End processing HTTP request after 470.8588ms - 200
[Info   :Zeepkist GTR] 19:59:44 Start processing HTTP request "POST" "https://backend.zeepki.st/record/submit"
[Info   :Zeepkist GTR] 19:59:44 Sending HTTP request "POST" "https://backend.zeepki.st/record/submit"
[Info   :Zeepkist GTR] 19:59:44 Received HTTP response headers after 124.7208ms - 200
[Info   :Zeepkist GTR] 19:59:44 End processing HTTP request after 124.9626ms - 200
[Info   :Zeepkist GTR] 19:59:44 Loading personal best...
[Info   :Zeepkist GTR] 19:59:44 Start processing HTTP request "POST" "https://graphql.zeepki.st/"
[Info   :Zeepkist GTR] 19:59:44 Sending HTTP request "POST" "https://graphql.zeepki.st/"
[Info   :Zeepkist GTR] 19:59:44 Stopping existing recorder if any
[Info   :Zeepkist GTR] 19:59:44 Creating new recorder
[Info   :Zeepkist GTR] 19:59:44 Start processing HTTP request "POST" "https://graphql.zeepki.st/"
[Info   :Zeepkist GTR] 19:59:44 Sending HTTP request "POST" "https://graphql.zeepki.st/"
[Info   :Zeepkist GTR] 19:59:45 Start processing HTTP request "POST" "https://graphql.zeepki.st/"
[Info   :Zeepkist GTR] 19:59:45 Sending HTTP request "POST" "https://graphql.zeepki.st/"
[Info   :Zeepkist GTR] 19:59:45 Received HTTP response headers after 215.9245ms - 200
[Info   :Zeepkist GTR] 19:59:45 End processing HTTP request after 216.1753ms - 200
[Info   :Zeepkist GTR] 19:59:45 Received HTTP response headers after 230.9351ms - 200
[Info   :Zeepkist GTR] 19:59:45 End processing HTTP request after 231.1668ms - 200
[Info   :Zeepkist GTR] 19:59:45 Start processing HTTP request "GET" "https://cdn.zeepki.st/ghosts/01KT7A8BW2PCXPGKPPNXFNKSD9.bin"
[Info   :Zeepkist GTR] 19:59:45 Sending HTTP request "GET" "https://cdn.zeepki.st/ghosts/01KT7A8BW2PCXPGKPPNXFNKSD9.bin"
[Info   :Zeepkist GTR] 19:59:45 Received HTTP response headers after 152.8984ms - 200
[Info   :Zeepkist GTR] 19:59:45 End processing HTTP request after 153.1702ms - 200
[Info   :Zeepkist GTR] 19:59:45 Start processing HTTP request "POST" "https://graphql.zeepki.st/"
[Info   :Zeepkist GTR] 19:59:45 Sending HTTP request "POST" "https://graphql.zeepki.st/"
[Info   :Zeepkist GTR] 19:59:45 Received HTTP response headers after 81.4833ms - 200
[Info   :Zeepkist GTR] 19:59:45 End processing HTTP request after 81.7254ms - 200
[Info   :Zeepkist GTR] 19:59:45 Received HTTP response headers after 592.9158ms - 200
[Info   :Zeepkist GTR] 19:59:45 End processing HTTP request after 593.1593ms - 200
[Info   :Zeepkist GTR] 19:59:45 Ghost version: 5
[Info   :Zeepkist GTR] 19:59:46 Starting recorder
[Info   :Zeepkist GTR] 19:59:49 Loading personal best...
[Info   :Zeepkist GTR] 19:59:49 Start processing HTTP request "POST" "https://graphql.zeepki.st/"
[Info   :Zeepkist GTR] 19:59:49 Sending HTTP request "POST" "https://graphql.zeepki.st/"
[Info   :Zeepkist GTR] 19:59:49 Stopping existing recorder if any
[Info   :Zeepkist GTR] 19:59:49 Creating new recorder
[Info   :Zeepkist GTR] 19:59:49 Start processing HTTP request "POST" "https://graphql.zeepki.st/"
[Info   :Zeepkist GTR] 19:59:49 Sending HTTP request "POST" "https://graphql.zeepki.st/"
[Info   :Zeepkist GTR] 19:59:49 Start processing HTTP request "POST" "https://graphql.zeepki.st/"
[Info   :Zeepkist GTR] 19:59:49 Sending HTTP request "POST" "https://graphql.zeepki.st/"
[Info   :Zeepkist GTR] 19:59:49 Received HTTP response headers after 53.4712ms - 200
[Info   :Zeepkist GTR] 19:59:49 End processing HTTP request after 53.7418ms - 200
[Info   :Zeepkist GTR] 19:59:49 Received HTTP response headers after 55.7316ms - 200
[Info   :Zeepkist GTR] 19:59:49 End processing HTTP request after 55.9791ms - 200
[Info   :Zeepkist GTR] 19:59:49 Ghost version: 5
[Info   :Zeepkist GTR] 19:59:49 Received HTTP response headers after 124.5212ms - 200
[Info   :Zeepkist GTR] 19:59:49 End processing HTTP request after 124.8127ms - 200
[Info   :Zeepkist GTR] 19:59:49 Start processing HTTP request "POST" "https://graphql.zeepki.st/"
[Info   :Zeepkist GTR] 19:59:49 Sending HTTP request "POST" "https://graphql.zeepki.st/"
[Info   :Zeepkist GTR] 19:59:49 Received HTTP response headers after 65.1532ms - 200
[Info   :Zeepkist GTR] 19:59:49 End processing HTTP request after 65.3988ms - 200
[Info   :Zeepkist GTR] 19:59:50 Starting recorder
[Info   :Zeepkist GTR] 20:00:14 Stopping recorder
[Info   :Zeepkist GTR] 20:00:14 Collecting extra information
[Info   :Zeepkist GTR] 20:00:14 Discarding any % record
[Info   :Zeepkist GTR] 20:00:15 Loading personal best...
[Info   :Zeepkist GTR] 20:00:15 Start processing HTTP request "POST" "https://graphql.zeepki.st/"
[Info   :Zeepkist GTR] 20:00:15 Sending HTTP request "POST" "https://graphql.zeepki.st/"
[Info   :Zeepkist GTR] 20:00:15 Stopping existing recorder if any
[Info   :Zeepkist GTR] 20:00:15 Creating new recorder
[Info   :Zeepkist GTR] 20:00:15 Start processing HTTP request "POST" "https://graphql.zeepki.st/"
[Info   :Zeepkist GTR] 20:00:15 Sending HTTP request "POST" "https://graphql.zeepki.st/"
[Info   :Zeepkist GTR] 20:00:15 Start processing HTTP request "POST" "https://graphql.zeepki.st/"
[Info   :Zeepkist GTR] 20:00:15 Sending HTTP request "POST" "https://graphql.zeepki.st/"
[Info   :Zeepkist GTR] 20:00:15 Received HTTP response headers after 72.8549ms - 200
[Info   :Zeepkist GTR] 20:00:15 End processing HTTP request after 73.0844ms - 200
[Info   :Zeepkist GTR] 20:00:15 Received HTTP response headers after 76.0454ms - 200
[Info   :Zeepkist GTR] 20:00:15 End processing HTTP request after 76.2563ms - 200
[Info   :Zeepkist GTR] 20:00:15 Ghost version: 5
[Info   :Zeepkist GTR] 20:00:15 Received HTTP response headers after 134.3671ms - 200
[Info   :Zeepkist GTR] 20:00:15 End processing HTTP request after 134.6235ms - 200
[Info   :Zeepkist GTR] 20:00:15 Start processing HTTP request "POST" "https://graphql.zeepki.st/"
[Info   :Zeepkist GTR] 20:00:15 Sending HTTP request "POST" "https://graphql.zeepki.st/"
[Info   :Zeepkist GTR] 20:00:16 Received HTTP response headers after 144.0016ms - 200
[Info   :Zeepkist GTR] 20:00:16 End processing HTTP request after 144.2481ms - 200
[Info   :Zeepkist GTR] 20:00:17 Starting recorder
[Info   :Zeepkist GTR] 20:00:25 Loading personal best...
[Info   :Zeepkist GTR] 20:00:25 Start processing HTTP request "POST" "https://graphql.zeepki.st/"
[Info   :Zeepkist GTR] 20:00:25 Sending HTTP request "POST" "https://graphql.zeepki.st/"
[Info   :Zeepkist GTR] 20:00:25 Stopping existing recorder if any
[Info   :Zeepkist GTR] 20:00:25 Creating new recorder
[Info   :Zeepkist GTR] 20:00:25 Start processing HTTP request "POST" "https://graphql.zeepki.st/"
[Info   :Zeepkist GTR] 20:00:25 Sending HTTP request "POST" "https://graphql.zeepki.st/"
[Info   :Zeepkist GTR] 20:00:25 Start processing HTTP request "POST" "https://graphql.zeepki.st/"
[Info   :Zeepkist GTR] 20:00:25 Sending HTTP request "POST" "https://graphql.zeepki.st/"
[Info   :Zeepkist GTR] 20:00:25 Received HTTP response headers after 64.0468ms - 200
[Info   :Zeepkist GTR] 20:00:25 End processing HTTP request after 64.2761ms - 200
[Info   :Zeepkist GTR] 20:00:25 Received HTTP response headers after 67.1751ms - 200
[Info   :Zeepkist GTR] 20:00:25 End processing HTTP request after 67.3565ms - 200
[Info   :Zeepkist GTR] 20:00:25 Ghost version: 5
[Info   :Zeepkist GTR] 20:00:25 Received HTTP response headers after 130.3075ms - 200
[Info   :Zeepkist GTR] 20:00:25 End processing HTTP request after 130.5538ms - 200
[Info   :Zeepkist GTR] 20:00:25 Start processing HTTP request "POST" "https://graphql.zeepki.st/"
[Info   :Zeepkist GTR] 20:00:25 Sending HTTP request "POST" "https://graphql.zeepki.st/"
[Info   :Zeepkist GTR] 20:00:25 Received HTTP response headers after 75.8364ms - 200
[Info   :Zeepkist GTR] 20:00:25 End processing HTTP request after 76.0794ms - 200
[Info   :Zeepkist GTR] 20:00:27 Starting recorder
[Info   :Zeepkist GTR] 20:00:32 Loading personal best...
[Info   :Zeepkist GTR] 20:00:32 Start processing HTTP request "POST" "https://graphql.zeepki.st/"
[Info   :Zeepkist GTR] 20:00:32 Sending HTTP request "POST" "https://graphql.zeepki.st/"
[Info   :Zeepkist GTR] 20:00:32 Stopping existing recorder if any
[Info   :Zeepkist GTR] 20:00:32 Creating new recorder
[Info   :Zeepkist GTR] 20:00:32 Start processing HTTP request "POST" "https://graphql.zeepki.st/"
[Info   :Zeepkist GTR] 20:00:32 Sending HTTP request "POST" "https://graphql.zeepki.st/"
[Info   :Zeepkist GTR] 20:00:32 Start processing HTTP request "POST" "https://graphql.zeepki.st/"
[Info   :Zeepkist GTR] 20:00:32 Sending HTTP request "POST" "https://graphql.zeepki.st/"
[Info   :Zeepkist GTR] 20:00:32 Received HTTP response headers after 70.7921ms - 200
[Info   :Zeepkist GTR] 20:00:32 End processing HTTP request after 71.0824ms - 200
[Info   :Zeepkist GTR] 20:00:32 Received HTTP response headers after 80.284ms - 200
[Info   :Zeepkist GTR] 20:00:32 End processing HTTP request after 80.5158ms - 200
[Info   :Zeepkist GTR] 20:00:32 Ghost version: 5
[Info   :Zeepkist GTR] 20:00:32 Received HTTP response headers after 134.4714ms - 200
[Info   :Zeepkist GTR] 20:00:32 End processing HTTP request after 134.7519ms - 200
[Info   :Zeepkist GTR] 20:00:32 Start processing HTTP request "POST" "https://graphql.zeepki.st/"
[Info   :Zeepkist GTR] 20:00:32 Sending HTTP request "POST" "https://graphql.zeepki.st/"
[Info   :Zeepkist GTR] 20:00:32 Received HTTP response headers after 233.268ms - 200
[Info   :Zeepkist GTR] 20:00:32 End processing HTTP request after 233.5148ms - 200
[Info   :Zeepkist GTR] 20:00:34 Starting recorder
[Info   :Zeepkist GTR] 20:00:39 Loading personal best...
[Info   :Zeepkist GTR] 20:00:39 Start processing HTTP request "POST" "https://graphql.zeepki.st/"
[Info   :Zeepkist GTR] 20:00:39 Sending HTTP request "POST" "https://graphql.zeepki.st/"
[Info   :Zeepkist GTR] 20:00:39 Stopping existing recorder if any
[Info   :Zeepkist GTR] 20:00:39 Creating new recorder
[Info   :Zeepkist GTR] 20:00:39 Start processing HTTP request "POST" "https://graphql.zeepki.st/"
[Info   :Zeepkist GTR] 20:00:39 Sending HTTP request "POST" "https://graphql.zeepki.st/"
[Info   :Zeepkist GTR] 20:00:39 Start processing HTTP request "POST" "https://graphql.zeepki.st/"
[Info   :Zeepkist GTR] 20:00:39 Sending HTTP request "POST" "https://graphql.zeepki.st/"
[Info   :Zeepkist GTR] 20:00:39 Received HTTP response headers after 69.1485ms - 200
[Info   :Zeepkist GTR] 20:00:39 End processing HTTP request after 69.434ms - 200
[Info   :Zeepkist GTR] 20:00:40 Received HTTP response headers after 197.6797ms - 200
[Info   :Zeepkist GTR] 20:00:40 Received HTTP response headers after 198.7488ms - 200
[Info   :Zeepkist GTR] 20:00:40 End processing HTTP request after 199.0013ms - 200
[Info   :Zeepkist GTR] 20:00:40 End processing HTTP request after 197.9246ms - 200
[Info   :Zeepkist GTR] 20:00:40 Start processing HTTP request "POST" "https://graphql.zeepki.st/"
[Info   :Zeepkist GTR] 20:00:40 Sending HTTP request "POST" "https://graphql.zeepki.st/"
[Info   :Zeepkist GTR] 20:00:40 Ghost version: 5
[Info   :Zeepkist GTR] 20:00:40 Received HTTP response headers after 135.2369ms - 200
[Info   :Zeepkist GTR] 20:00:40 End processing HTTP request after 135.4737ms - 200
[Info   :Zeepkist GTR] 20:00:41 Starting recorder
[Info   :Zeepkist GTR] 20:00:48 Loading personal best...
[Info   :Zeepkist GTR] 20:00:48 Start processing HTTP request "POST" "https://graphql.zeepki.st/"
[Info   :Zeepkist GTR] 20:00:48 Sending HTTP request "POST" "https://graphql.zeepki.st/"
[Info   :Zeepkist GTR] 20:00:48 Stopping existing recorder if any
[Info   :Zeepkist GTR] 20:00:48 Creating new recorder
[Info   :Zeepkist GTR] 20:00:48 Start processing HTTP request "POST" "https://graphql.zeepki.st/"
[Info   :Zeepkist GTR] 20:00:48 Sending HTTP request "POST" "https://graphql.zeepki.st/"
[Info   :Zeepkist GTR] 20:00:48 Start processing HTTP request "POST" "https://graphql.zeepki.st/"
[Info   :Zeepkist GTR] 20:00:48 Sending HTTP request "POST" "https://graphql.zeepki.st/"
[Info   :Zeepkist GTR] 20:00:48 Received HTTP response headers after 51.8021ms - 200
[Info   :Zeepkist GTR] 20:00:48 End processing HTTP request after 52.0298ms - 200
[Info   :Zeepkist GTR] 20:00:48 Received HTTP response headers after 62.8277ms - 200
[Info   :Zeepkist GTR] 20:00:48 End processing HTTP request after 63.0662ms - 200
[Info   :Zeepkist GTR] 20:00:48 Received HTTP response headers after 111.0598ms - 200
[Info   :Zeepkist GTR] 20:00:48 End processing HTTP request after 111.269ms - 200
[Info   :Zeepkist GTR] 20:00:48 Ghost version: 5
[Info   :Zeepkist GTR] 20:00:48 Start processing HTTP request "POST" "https://graphql.zeepki.st/"
[Info   :Zeepkist GTR] 20:00:48 Sending HTTP request "POST" "https://graphql.zeepki.st/"
[Info   :Zeepkist GTR] 20:00:48 Received HTTP response headers after 86.5905ms - 200
[Info   :Zeepkist GTR] 20:00:48 End processing HTTP request after 86.8322ms - 200
[Info   :Zeepkist GTR] 20:00:50 Starting recorder
[Info   :Zeepkist GTR] 20:01:14 Stopping recorder
[Info   :Zeepkist GTR] 20:01:14 Collecting extra information
[Info   :Zeepkist GTR] 20:01:14 Processing ghost data
[Info   :Zeepkist GTR] 20:01:14 Creating stream
[Info   :Zeepkist GTR] 20:01:14 Writing to stream
[Info   :Zeepkist GTR] 20:01:14 Closing stream
[Info   :Zeepkist GTR] 20:01:14 Getting buffer
[Info   :Zeepkist GTR] 20:01:14 Converting to base64
[Info   :Zeepkist GTR] 20:01:14 Creating resource
[Info   :Zeepkist GTR] 20:01:14 Start processing HTTP request "POST" "https://backend.zeepki.st/auth/refresh"
[Info   :Zeepkist GTR] 20:01:14 Sending HTTP request "POST" "https://backend.zeepki.st/auth/refresh"
[Info   :Zeepkist GTR] 20:01:14 Discarding recorder
[Info   :Zeepkist GTR] 20:01:14 Received HTTP response headers after 550.2947ms - 200
[Info   :Zeepkist GTR] 20:01:14 End processing HTTP request after 550.5061ms - 200
[Info   :Zeepkist GTR] 20:01:14 Start processing HTTP request "POST" "https://backend.zeepki.st/record/submit"
[Info   :Zeepkist GTR] 20:01:14 Sending HTTP request "POST" "https://backend.zeepki.st/record/submit"
[Info   :Zeepkist GTR] 20:01:14 Received HTTP response headers after 131.5239ms - 200
[Info   :Zeepkist GTR] 20:01:14 End processing HTTP request after 131.8126ms - 200
[Info   :RoundLeaderboardTab] Drawing leaderboard -> forwarding to Instance.DrawTabLeaderboard()
[Info   :RoundLeaderboardTab] Drawing leaderboard -> forwarding to Instance.DrawTabLeaderboard()
[Info   :RoundLeaderboardTab] Drawing leaderboard -> forwarding to Instance.DrawTabLeaderboard()
[Info   :BetterSplits] getting gtr splits
[Info   :Zeepkist GTR] 20:01:28 Loading personal best...
[Info   :Zeepkist GTR] 20:01:28 Start processing HTTP request "POST" "https://graphql.zeepki.st/"
[Info   :Zeepkist GTR] 20:01:28 Sending HTTP request "POST" "https://graphql.zeepki.st/"
[Info   :Zeepkist GTR] 20:01:28 Stopping existing recorder if any
[Info   :Zeepkist GTR] 20:01:28 Creating new recorder
[Info   :Zeepkist GTR] 20:01:28 Start processing HTTP request "POST" "https://graphql.zeepki.st/"
[Info   :Zeepkist GTR] 20:01:28 Sending HTTP request "POST" "https://graphql.zeepki.st/"
[Info   :Zeepkist GTR] 20:01:28 Start processing HTTP request "POST" "https://graphql.zeepki.st/"
[Info   :Zeepkist GTR] 20:01:28 Sending HTTP request "POST" "https://graphql.zeepki.st/"
[Error  :BetterSplits] could not get splits
Response: StatusCode: 400, ReasonPhrase: 'Bad Request', Version: 1.1, Content: System.Net.Http.StreamContent, Headers:
{
Date: Wed, 03 Jun 2026 18:01:29 GMT
Connection: keep-alive
access-control-allow-headers: Origin, X-Requested-With, Accept, Authorization, X-Apollo-Tracing, Content-Type, Content-Length, X-PostGraphile-Explain
access-control-allow-methods: HEAD, GET, POST
access-control-allow-origin: *
access-control-expose-headers: X-GraphQL-Event-Stream
alt-svc: h3=":443"; ma=86400
vary: Origin
via: 1.1 Caddy
x-graphql-event-stream: /stream
x-query-cost: 115
cf-cache-status: DYNAMIC
x-xss-protection: 1; mode=block
Strict-Transport-Security: max-age=15552000; includeSubDomains; preload
x-content-type-options: nosniff
Server-Timing: cfCacheStatus;desc="DYNAMIC", cfEdge;dur=9,cfOrigin;dur=47
Report-To: {"group":"cf-nel","max_age":604800,"endpoints":[{"url":"https://a.nel.cloudflare.com/report/v4?s=pWGCD2%2Fm4lOBupnEidbjmrIKXCk2bTiHYmGYzOXOgZDCgPfEDQnyrdRS1Lo9x4zDzZmfic%2Fz8WBa%2FG%2FWexAjcEhLYwTgedH9zi8MZdNar%2B5uFZARNMB%2Blw%2FnW5NHRH460%2BD%2FZQ%3D%3D"}]}
Nel: {"report_to":"cf-nel","success_fraction":0.0,"max_age":604800}
expect-ct: max-age=86400, enforce
referrer-policy: same-origin
x-frame-options: SAMEORIGIN
Server: cloudflare
CF-RAY: a0609a7a1ee3f771-MAD
Content-Type: application/json; charset=utf-8
Content-Length: 172
} 
Content: {"errors":[{"message":"Cannot query field \"personalBestGlobalsByIdLevel\" on type \"Level\". Did you mean \"personalBestGlobals\"?","locations":[{"line":1,"column":87}]}]}
Url: https://graphql.zeepki.st
Request: {"query":"query BetterSplitsPB($hash: String!, $steamId: BigFloat) { levelByHash(hash: $hash) { personalBestGlobalsByIdLevel(filter: {userByIdUser: {steamId: {equalTo: $steamId}}}) { nodes { recordByIdRecord { speeds splits time }}}}}","variables":{"hash":"AE1895B982DC6EDB904CA8ECB525B894C164BA8B-3","steamId":"76561197972890120"}}
[Info   :Zeepkist GTR] 20:01:29 Received HTTP response headers after 98.5107ms - 200
[Info   :Zeepkist GTR] 20:01:29 End processing HTTP request after 98.7357ms - 200
[Info   :Zeepkist GTR] 20:01:29 Received HTTP response headers after 112.3193ms - 200
[Info   :Zeepkist GTR] 20:01:29 End processing HTTP request after 112.5639ms - 200
[Info   :Zeepkist GTR] 20:01:29 Received HTTP response headers after 185.18ms - 200
[Info   :Zeepkist GTR] 20:01:29 End processing HTTP request after 185.4057ms - 200
[Info   :Zeepkist GTR] 20:01:30 Starting recorder
[Info   :   Console] Download started for AppId: 1440670, FileId: 3733378766, Result: OK
[Info   :RoundLeaderboardTab] Drawing leaderboard -> forwarding to Instance.DrawTabLeaderboard()
[Info   :RoundLeaderboardTab] Drawing leaderboard -> forwarding to Instance.DrawTabLeaderboard()
[Info   :RoundLeaderboardTab] Drawing leaderboard -> forwarding to Instance.DrawTabLeaderboard()
[Info   :Zeepkist GTR] 20:01:36 Loading personal best...
[Info   :Zeepkist GTR] 20:01:36 Start processing HTTP request "POST" "https://graphql.zeepki.st/"
[Info   :Zeepkist GTR] 20:01:36 Sending HTTP request "POST" "https://graphql.zeepki.st/"
[Info   :Zeepkist GTR] 20:01:36 Stopping existing recorder if any
[Info   :Zeepkist GTR] 20:01:36 Creating new recorder
[Info   :Zeepkist GTR] 20:01:36 Start processing HTTP request "POST" "https://graphql.zeepki.st/"
[Info   :Zeepkist GTR] 20:01:36 Sending HTTP request "POST" "https://graphql.zeepki.st/"
[Info   :Zeepkist GTR] 20:01:36 Start processing HTTP request "POST" "https://graphql.zeepki.st/"
[Info   :Zeepkist GTR] 20:01:36 Sending HTTP request "POST" "https://graphql.zeepki.st/"
[Info   :Zeepkist GTR] 20:01:36 Received HTTP response headers after 51.8035ms - 200
[Info   :Zeepkist GTR] 20:01:36 End processing HTTP request after 52.0269ms - 200
[Info   :Zeepkist GTR] 20:01:36 Received HTTP response headers after 59.2227ms - 200
[Info   :Zeepkist GTR] 20:01:36 End processing HTTP request after 59.4436ms - 200
[Info   :Zeepkist GTR] 20:01:36 Received HTTP response headers after 105.516ms - 200
[Info   :Zeepkist GTR] 20:01:36 End processing HTTP request after 105.7261ms - 200
[Info   :Zeepkist GTR] 20:01:38 Starting recorder
[Info   :Zeepkist GTR] 20:02:00 Loading personal best...
[Info   :Zeepkist GTR] 20:02:00 Start processing HTTP request "POST" "https://graphql.zeepki.st/"
[Info   :Zeepkist GTR] 20:02:00 Sending HTTP request "POST" "https://graphql.zeepki.st/"
[Info   :Zeepkist GTR] 20:02:00 Stopping existing recorder if any
[Info   :Zeepkist GTR] 20:02:00 Creating new recorder
[Info   :Zeepkist GTR] 20:02:00 Start processing HTTP request "POST" "https://graphql.zeepki.st/"
[Info   :Zeepkist GTR] 20:02:00 Sending HTTP request "POST" "https://graphql.zeepki.st/"
[Info   :Zeepkist GTR] 20:02:00 Start processing HTTP request "POST" "https://graphql.zeepki.st/"
[Info   :Zeepkist GTR] 20:02:00 Sending HTTP request "POST" "https://graphql.zeepki.st/"
[Info   :Zeepkist GTR] 20:02:00 Received HTTP response headers after 109.4583ms - 200
[Info   :Zeepkist GTR] 20:02:00 End processing HTTP request after 109.7882ms - 200
[Info   :Zeepkist GTR] 20:02:01 Received HTTP response headers after 127.8973ms - 200
[Info   :Zeepkist GTR] 20:02:01 End processing HTTP request after 128.1365ms - 200
[Info   :Zeepkist GTR] 20:02:01 Received HTTP response headers after 177.7967ms - 200
[Info   :Zeepkist GTR] 20:02:01 End processing HTTP request after 178.0461ms - 200
[Info   :Zeepkist GTR] 20:02:02 Starting recorder
[Info   :Zeepkist GTR] 20:02:09 Loading personal best...
[Info   :Zeepkist GTR] 20:02:09 Start processing HTTP request "POST" "https://graphql.zeepki.st/"
[Info   :Zeepkist GTR] 20:02:09 Sending HTTP request "POST" "https://graphql.zeepki.st/"
[Info   :Zeepkist GTR] 20:02:09 Stopping existing recorder if any
[Info   :Zeepkist GTR] 20:02:09 Creating new recorder
[Info   :Zeepkist GTR] 20:02:09 Start processing HTTP request "POST" "https://graphql.zeepki.st/"
[Info   :Zeepkist GTR] 20:02:09 Sending HTTP request "POST" "https://graphql.zeepki.st/"
[Info   :Zeepkist GTR] 20:02:09 Start processing HTTP request "POST" "https://graphql.zeepki.st/"
[Info   :Zeepkist GTR] 20:02:09 Sending HTTP request "POST" "https://graphql.zeepki.st/"
[Info   :Zeepkist GTR] 20:02:09 Received HTTP response headers after 54.1389ms - 200
[Info   :Zeepkist GTR] 20:02:09 End processing HTTP request after 54.3685ms - 200
[Info   :Zeepkist GTR] 20:02:09 Received HTTP response headers after 59.1343ms - 200
[Info   :Zeepkist GTR] 20:02:09 End processing HTTP request after 59.3577ms - 200
[Info   :Zeepkist GTR] 20:02:09 Received HTTP response headers after 110.7666ms - 200
[Info   :Zeepkist GTR] 20:02:09 End processing HTTP request after 110.9787ms - 200
[Info   :Zeepkist GTR] 20:02:11 Starting recorder
[Info   :Zeepkist GTR] 20:02:16 Loading personal best...
[Info   :Zeepkist GTR] 20:02:16 Start processing HTTP request "POST" "https://graphql.zeepki.st/"
[Info   :Zeepkist GTR] 20:02:16 Sending HTTP request "POST" "https://graphql.zeepki.st/"
[Info   :Zeepkist GTR] 20:02:16 Stopping existing recorder if any
[Info   :Zeepkist GTR] 20:02:16 Creating new recorder
[Info   :Zeepkist GTR] 20:02:16 Start processing HTTP request "POST" "https://graphql.zeepki.st/"
[Info   :Zeepkist GTR] 20:02:16 Sending HTTP request "POST" "https://graphql.zeepki.st/"
[Info   :Zeepkist GTR] 20:02:16 Start processing HTTP request "POST" "https://graphql.zeepki.st/"
[Info   :Zeepkist GTR] 20:02:16 Sending HTTP request "POST" "https://graphql.zeepki.st/"
[Info   :Zeepkist GTR] 20:02:16 Received HTTP response headers after 53.5342ms - 200
[Info   :Zeepkist GTR] 20:02:16 End processing HTTP request after 53.7443ms - 200
[Info   :Zeepkist GTR] 20:02:16 Received HTTP response headers after 56.8518ms - 200
[Info   :Zeepkist GTR] 20:02:16 End processing HTTP request after 57.0779ms - 200
[Info   :Zeepkist GTR] 20:02:16 Received HTTP response headers after 113.8053ms - 200
[Info   :Zeepkist GTR] 20:02:16 End processing HTTP request after 114.0224ms - 200
[Info   :Zeepkist GTR] 20:02:17 Starting recorder
[Info   :Zeepkist GTR] 20:02:31 Loading personal best...
[Info   :Zeepkist GTR] 20:02:31 Start processing HTTP request "POST" "https://graphql.zeepki.st/"
[Info   :Zeepkist GTR] 20:02:31 Sending HTTP request "POST" "https://graphql.zeepki.st/"
[Info   :Zeepkist GTR] 20:02:31 Stopping existing recorder if any
[Info   :Zeepkist GTR] 20:02:31 Creating new recorder
[Info   :Zeepkist GTR] 20:02:31 Start processing HTTP request "POST" "https://graphql.zeepki.st/"
[Info   :Zeepkist GTR] 20:02:31 Sending HTTP request "POST" "https://graphql.zeepki.st/"
[Info   :Zeepkist GTR] 20:02:31 Start processing HTTP request "POST" "https://graphql.zeepki.st/"
[Info   :Zeepkist GTR] 20:02:31 Sending HTTP request "POST" "https://graphql.zeepki.st/"
[Info   :Zeepkist GTR] 20:02:31 Received HTTP response headers after 53.1658ms - 200
[Info   :Zeepkist GTR] 20:02:31 End processing HTTP request after 53.403ms - 200
[Info   :Zeepkist GTR] 20:02:31 Received HTTP response headers after 63.8557ms - 200
[Info   :Zeepkist GTR] 20:02:31 End processing HTTP request after 64.0891ms - 200
[Info   :Zeepkist GTR] 20:02:31 Received HTTP response headers after 115.7815ms - 200
[Info   :Zeepkist GTR] 20:02:31 End processing HTTP request after 116.0004ms - 200
[Info   :Zeepkist GTR] 20:02:33 Starting recorder
[Info   :Zeepkist GTR] 20:02:52 Loading personal best...
[Info   :Zeepkist GTR] 20:02:52 Start processing HTTP request "POST" "https://graphql.zeepki.st/"
[Info   :Zeepkist GTR] 20:02:52 Sending HTTP request "POST" "https://graphql.zeepki.st/"
[Info   :Zeepkist GTR] 20:02:52 Stopping existing recorder if any
[Info   :Zeepkist GTR] 20:02:52 Creating new recorder
[Info   :Zeepkist GTR] 20:02:52 Start processing HTTP request "POST" "https://graphql.zeepki.st/"
[Info   :Zeepkist GTR] 20:02:52 Sending HTTP request "POST" "https://graphql.zeepki.st/"
[Info   :Zeepkist GTR] 20:02:52 Start processing HTTP request "POST" "https://graphql.zeepki.st/"
[Info   :Zeepkist GTR] 20:02:52 Sending HTTP request "POST" "https://graphql.zeepki.st/"
[Info   :Zeepkist GTR] 20:02:52 Received HTTP response headers after 73.5811ms - 200
[Info   :Zeepkist GTR] 20:02:52 Received HTTP response headers after 73.0219ms - 200
[Info   :Zeepkist GTR] 20:02:52 End processing HTTP request after 73.8202ms - 200
[Info   :Zeepkist GTR] 20:02:52 End processing HTTP request after 73.2969ms - 200
[Info   :Zeepkist GTR] 20:02:52 Received HTTP response headers after 159.2811ms - 200
[Info   :Zeepkist GTR] 20:02:52 End processing HTTP request after 159.5434ms - 200
[Info   :Zeepkist GTR] 20:02:53 Starting recorder
[Info   :Zeepkist GTR] 20:03:15 Loading personal best...
[Info   :Zeepkist GTR] 20:03:15 Start processing HTTP request "POST" "https://graphql.zeepki.st/"
[Info   :Zeepkist GTR] 20:03:15 Sending HTTP request "POST" "https://graphql.zeepki.st/"
[Info   :Zeepkist GTR] 20:03:15 Stopping existing recorder if any
[Info   :Zeepkist GTR] 20:03:15 Creating new recorder
[Info   :Zeepkist GTR] 20:03:15 Start processing HTTP request "POST" "https://graphql.zeepki.st/"
[Info   :Zeepkist GTR] 20:03:15 Sending HTTP request "POST" "https://graphql.zeepki.st/"
[Info   :Zeepkist GTR] 20:03:15 Start processing HTTP request "POST" "https://graphql.zeepki.st/"
[Info   :Zeepkist GTR] 20:03:15 Sending HTTP request "POST" "https://graphql.zeepki.st/"
[Info   :Zeepkist GTR] 20:03:15 Received HTTP response headers after 59.5869ms - 200
[Info   :Zeepkist GTR] 20:03:15 End processing HTTP request after 59.7996ms - 200
[Info   :Zeepkist GTR] 20:03:15 Received HTTP response headers after 71.1605ms - 200
[Info   :Zeepkist GTR] 20:03:15 End processing HTTP request after 71.4145ms - 200
[Info   :Zeepkist GTR] 20:03:15 Received HTTP response headers after 118.0619ms - 200
[Info   :Zeepkist GTR] 20:03:15 End processing HTTP request after 118.284ms - 200
[Info   :Zeepkist GTR] 20:03:17 Starting recorder
[Info   :Zeepkist GTR] 20:03:36 Loading personal best...
[Info   :Zeepkist GTR] 20:03:36 Start processing HTTP request "POST" "https://graphql.zeepki.st/"
[Info   :Zeepkist GTR] 20:03:36 Sending HTTP request "POST" "https://graphql.zeepki.st/"
[Info   :Zeepkist GTR] 20:03:36 Stopping existing recorder if any
[Info   :Zeepkist GTR] 20:03:36 Creating new recorder
[Info   :Zeepkist GTR] 20:03:36 Start processing HTTP request "POST" "https://graphql.zeepki.st/"
[Info   :Zeepkist GTR] 20:03:36 Sending HTTP request "POST" "https://graphql.zeepki.st/"
[Info   :Zeepkist GTR] 20:03:36 Start processing HTTP request "POST" "https://graphql.zeepki.st/"
[Info   :Zeepkist GTR] 20:03:36 Sending HTTP request "POST" "https://graphql.zeepki.st/"
[Info   :Zeepkist GTR] 20:03:36 Received HTTP response headers after 93.2731ms - 200
[Info   :Zeepkist GTR] 20:03:36 End processing HTTP request after 93.4915ms - 200
[Info   :Zeepkist GTR] 20:03:36 Received HTTP response headers after 99.3425ms - 200
[Info   :Zeepkist GTR] 20:03:36 End processing HTTP request after 99.6558ms - 200
[Info   :Zeepkist GTR] 20:03:37 Received HTTP response headers after 170.6871ms - 200
[Info   :Zeepkist GTR] 20:03:37 End processing HTTP request after 170.9074ms - 200
[Info   :Zeepkist GTR] 20:03:38 Starting recorder
[Info   :Zeepkist GTR] 20:03:49 Loading personal best...
[Info   :Zeepkist GTR] 20:03:49 Start processing HTTP request "POST" "https://graphql.zeepki.st/"
[Info   :Zeepkist GTR] 20:03:49 Sending HTTP request "POST" "https://graphql.zeepki.st/"
[Info   :Zeepkist GTR] 20:03:49 Stopping existing recorder if any
[Info   :Zeepkist GTR] 20:03:49 Creating new recorder
[Info   :Zeepkist GTR] 20:03:49 Start processing HTTP request "POST" "https://graphql.zeepki.st/"
[Info   :Zeepkist GTR] 20:03:49 Sending HTTP request "POST" "https://graphql.zeepki.st/"
[Info   :Zeepkist GTR] 20:03:49 Start processing HTTP request "POST" "https://graphql.zeepki.st/"
[Info   :Zeepkist GTR] 20:03:49 Sending HTTP request "POST" "https://graphql.zeepki.st/"
[Info   :Zeepkist GTR] 20:03:49 Received HTTP response headers after 67.1462ms - 200
[Info   :Zeepkist GTR] 20:03:49 End processing HTTP request after 67.668ms - 200
[Info   :Zeepkist GTR] 20:03:49 Received HTTP response headers after 117.8196ms - 200
[Info   :Zeepkist GTR] 20:03:49 End processing HTTP request after 118.0445ms - 200
[Info   :Zeepkist GTR] 20:03:49 Received HTTP response headers after 148.9799ms - 200
[Info   :Zeepkist GTR] 20:03:49 End processing HTTP request after 149.4244ms - 200
[Info   :Zeepkist GTR] 20:03:50 Starting recorder
[Info   :Zeepkist GTR] 20:03:56 Loading personal best...
[Info   :Zeepkist GTR] 20:03:56 Start processing HTTP request "POST" "https://graphql.zeepki.st/"
[Info   :Zeepkist GTR] 20:03:56 Sending HTTP request "POST" "https://graphql.zeepki.st/"
[Info   :Zeepkist GTR] 20:03:56 Stopping existing recorder if any
[Info   :Zeepkist GTR] 20:03:56 Creating new recorder
[Info   :Zeepkist GTR] 20:03:56 Start processing HTTP request "POST" "https://graphql.zeepki.st/"
[Info   :Zeepkist GTR] 20:03:56 Sending HTTP request "POST" "https://graphql.zeepki.st/"
[Info   :Zeepkist GTR] 20:03:56 Start processing HTTP request "POST" "https://graphql.zeepki.st/"
[Info   :Zeepkist GTR] 20:03:56 Sending HTTP request "POST" "https://graphql.zeepki.st/"
[Info   :Zeepkist GTR] 20:03:56 Received HTTP response headers after 68.4376ms - 200
[Info   :Zeepkist GTR] 20:03:56 End processing HTTP request after 68.7353ms - 200
[Info   :Zeepkist GTR] 20:03:56 Received HTTP response headers after 105.0835ms - 200
[Info   :Zeepkist GTR] 20:03:56 End processing HTTP request after 105.3142ms - 200
[Info   :Zeepkist GTR] 20:03:56 Received HTTP response headers after 160.8816ms - 200
[Info   :Zeepkist GTR] 20:03:56 End processing HTTP request after 161.1023ms - 200
[Info   :Zeepkist GTR] 20:03:58 Starting recorder
[Info   :Zeepkist GTR] 20:04:20 Stopping recorder
[Info   :Zeepkist GTR] 20:04:20 Collecting extra information
[Info   :Zeepkist GTR] 20:04:20 Processing ghost data
[Info   :Zeepkist GTR] 20:04:20 Creating stream
[Info   :Zeepkist GTR] 20:04:20 Writing to stream
[Info   :Zeepkist GTR] 20:04:20 Closing stream
[Info   :Zeepkist GTR] 20:04:20 Getting buffer
[Info   :Zeepkist GTR] 20:04:20 Converting to base64
[Info   :Zeepkist GTR] 20:04:20 Creating resource
[Info   :Zeepkist GTR] 20:04:20 Start processing HTTP request "POST" "https://backend.zeepki.st/auth/refresh"
[Info   :Zeepkist GTR] 20:04:20 Sending HTTP request "POST" "https://backend.zeepki.st/auth/refresh"
[Info   :Zeepkist GTR] 20:04:21 Loading personal best...
[Info   :Zeepkist GTR] 20:04:21 Start processing HTTP request "POST" "https://graphql.zeepki.st/"
[Info   :Zeepkist GTR] 20:04:21 Sending HTTP request "POST" "https://graphql.zeepki.st/"
[Info   :Zeepkist GTR] 20:04:21 Stopping existing recorder if any
[Info   :Zeepkist GTR] 20:04:21 Creating new recorder
[Info   :Zeepkist GTR] 20:04:21 Start processing HTTP request "POST" "https://graphql.zeepki.st/"
[Info   :Zeepkist GTR] 20:04:21 Sending HTTP request "POST" "https://graphql.zeepki.st/"
[Info   :Zeepkist GTR] 20:04:21 Start processing HTTP request "POST" "https://graphql.zeepki.st/"
[Info   :Zeepkist GTR] 20:04:21 Sending HTTP request "POST" "https://graphql.zeepki.st/"
[Info   :Zeepkist GTR] 20:04:21 Received HTTP response headers after 99.0615ms - 200
[Info   :Zeepkist GTR] 20:04:21 Received HTTP response headers after 98.6691ms - 200
[Info   :Zeepkist GTR] 20:04:21 End processing HTTP request after 99.3045ms - 200
[Info   :Zeepkist GTR] 20:04:21 End processing HTTP request after 98.8974ms - 200
[Info   :Zeepkist GTR] 20:04:21 Received HTTP response headers after 167.3038ms - 200
[Info   :Zeepkist GTR] 20:04:21 End processing HTTP request after 167.5722ms - 200
[Info   :Zeepkist GTR] 20:04:23 Starting recorder
[Info   :Zeepkist GTR] 20:04:34 Loading personal best...
[Info   :Zeepkist GTR] 20:04:34 Start processing HTTP request "POST" "https://graphql.zeepki.st/"
[Info   :Zeepkist GTR] 20:04:34 Sending HTTP request "POST" "https://graphql.zeepki.st/"
[Info   :Zeepkist GTR] 20:04:34 Stopping existing recorder if any
[Info   :Zeepkist GTR] 20:04:34 Creating new recorder
[Info   :Zeepkist GTR] 20:04:34 Start processing HTTP request "POST" "https://graphql.zeepki.st/"
[Info   :Zeepkist GTR] 20:04:34 Sending HTTP request "POST" "https://graphql.zeepki.st/"
[Info   :Zeepkist GTR] 20:04:34 Start processing HTTP request "POST" "https://graphql.zeepki.st/"
[Info   :Zeepkist GTR] 20:04:34 Sending HTTP request "POST" "https://graphql.zeepki.st/"
[Info   :Zeepkist GTR] 20:04:34 Received HTTP response headers after 73.3642ms - 200
[Info   :Zeepkist GTR] 20:04:34 End processing HTTP request after 73.5879ms - 200
[Info   :Zeepkist GTR] 20:04:34 Received HTTP response headers after 84.2128ms - 200
[Info   :Zeepkist GTR] 20:04:34 End processing HTTP request after 84.4429ms - 200
[Info   :Zeepkist GTR] 20:04:34 Received HTTP response headers after 150.7317ms - 200
[Info   :Zeepkist GTR] 20:04:34 End processing HTTP request after 150.9523ms - 200
[Info   :Zeepkist GTR] 20:04:36 Starting recorder
[Info   :Zeepkist GTR] 20:04:47 Received HTTP response headers after 26627.2899ms - 200
[Info   :Zeepkist GTR] 20:04:47 End processing HTTP request after 26627.5166ms - 200
[Info   :Zeepkist GTR] 20:04:47 Start processing HTTP request "POST" "https://backend.zeepki.st/record/submit"
[Info   :Zeepkist GTR] 20:04:47 Sending HTTP request "POST" "https://backend.zeepki.st/record/submit"
[Info   :Zeepkist GTR] 20:04:55 Received HTTP response headers after 8337.3028ms - 200
[Info   :Zeepkist GTR] 20:04:55 End processing HTTP request after 8337.5899ms - 200
[Info   :Zeepkist GTR] 20:04:58 Stopping recorder
[Info   :Zeepkist GTR] 20:04:58 Collecting extra information
[Info   :Zeepkist GTR] 20:04:58 Processing ghost data
[Info   :Zeepkist GTR] 20:04:58 Creating stream
[Info   :Zeepkist GTR] 20:04:58 Writing to stream
[Info   :Zeepkist GTR] 20:04:58 Closing stream
[Info   :Zeepkist GTR] 20:04:58 Getting buffer
[Info   :Zeepkist GTR] 20:04:58 Converting to base64
[Info   :Zeepkist GTR] 20:04:58 Creating resource
[Info   :Zeepkist GTR] 20:04:58 Start processing HTTP request "POST" "https://backend.zeepki.st/auth/refresh"
[Info   :Zeepkist GTR] 20:04:58 Sending HTTP request "POST" "https://backend.zeepki.st/auth/refresh"
[Info   :Zeepkist GTR] 20:05:00 Loading personal best...
[Info   :Zeepkist GTR] 20:05:00 Start processing HTTP request "POST" "https://graphql.zeepki.st/"
[Info   :Zeepkist GTR] 20:05:00 Sending HTTP request "POST" "https://graphql.zeepki.st/"
[Info   :Zeepkist GTR] 20:05:00 Stopping existing recorder if any
[Info   :Zeepkist GTR] 20:05:00 Creating new recorder
[Info   :Zeepkist GTR] 20:05:00 Start processing HTTP request "POST" "https://graphql.zeepki.st/"
[Info   :Zeepkist GTR] 20:05:00 Sending HTTP request "POST" "https://graphql.zeepki.st/"
[Info   :Zeepkist GTR] 20:05:00 Start processing HTTP request "POST" "https://graphql.zeepki.st/"
[Info   :Zeepkist GTR] 20:05:00 Sending HTTP request "POST" "https://graphql.zeepki.st/"
[Info   :Zeepkist GTR] 20:05:00 Received HTTP response headers after 55.7074ms - 200
[Info   :Zeepkist GTR] 20:05:00 End processing HTTP request after 55.9396ms - 200
[Info   :Zeepkist GTR] 20:05:00 Received HTTP response headers after 70.4349ms - 200
[Info   :Zeepkist GTR] 20:05:00 End processing HTTP request after 70.6695ms - 200
[Info   :Zeepkist GTR] 20:05:00 Start processing HTTP request "GET" "https://cdn.zeepki.st/ghosts/01KT7AHVHBMB2G8HPNQRHH0HC3.bin"
[Info   :Zeepkist GTR] 20:05:00 Sending HTTP request "GET" "https://cdn.zeepki.st/ghosts/01KT7AHVHBMB2G8HPNQRHH0HC3.bin"
[Info   :Zeepkist GTR] 20:05:00 Received HTTP response headers after 137.6426ms - 200
[Info   :Zeepkist GTR] 20:05:00 End processing HTTP request after 137.898ms - 200
[Info   :Zeepkist GTR] 20:05:00 Start processing HTTP request "POST" "https://graphql.zeepki.st/"
[Info   :Zeepkist GTR] 20:05:00 Sending HTTP request "POST" "https://graphql.zeepki.st/"
[Info   :Zeepkist GTR] 20:05:00 Received HTTP response headers after 104.5322ms - 200
[Info   :Zeepkist GTR] 20:05:00 End processing HTTP request after 104.7925ms - 200
[Info   :Zeepkist GTR] 20:05:00 Received HTTP response headers after 735.4061ms - 200
[Info   :Zeepkist GTR] 20:05:00 End processing HTTP request after 735.7228ms - 200
[Info   :Zeepkist GTR] 20:05:00 Ghost version: 5
[Info   :Zeepkist GTR] 20:05:01 Starting recorder
[Info   :Zeepkist GTR] 20:05:02 Received HTTP response headers after 3940.8329ms - 200
[Info   :Zeepkist GTR] 20:05:02 End processing HTTP request after 3941.0571ms - 200
[Info   :Zeepkist GTR] 20:05:02 Start processing HTTP request "POST" "https://backend.zeepki.st/record/submit"
[Info   :Zeepkist GTR] 20:05:02 Sending HTTP request "POST" "https://backend.zeepki.st/record/submit"
[Info   :Zeepkist GTR] 20:05:02 Received HTTP response headers after 358.1691ms - 200
[Info   :Zeepkist GTR] 20:05:02 End processing HTTP request after 358.4166ms - 200
[Info   :Zeepkist GTR] 20:05:23 Stopping recorder
[Info   :Zeepkist GTR] 20:05:23 Collecting extra information
[Info   :Zeepkist GTR] 20:05:23 Processing ghost data
[Info   :Zeepkist GTR] 20:05:23 Creating stream
[Info   :Zeepkist GTR] 20:05:23 Writing to stream
[Info   :Zeepkist GTR] 20:05:23 Closing stream
[Info   :Zeepkist GTR] 20:05:23 Getting buffer
[Info   :Zeepkist GTR] 20:05:23 Converting to base64
[Info   :Zeepkist GTR] 20:05:23 Creating resource
[Info   :Zeepkist GTR] 20:05:23 Start processing HTTP request "POST" "https://backend.zeepki.st/auth/refresh"
[Info   :Zeepkist GTR] 20:05:23 Sending HTTP request "POST" "https://backend.zeepki.st/auth/refresh"
[Info   :Zeepkist GTR] 20:05:25 Loading personal best...
[Info   :Zeepkist GTR] 20:05:25 Start processing HTTP request "POST" "https://graphql.zeepki.st/"
[Info   :Zeepkist GTR] 20:05:25 Sending HTTP request "POST" "https://graphql.zeepki.st/"
[Info   :Zeepkist GTR] 20:05:25 Stopping existing recorder if any
[Info   :Zeepkist GTR] 20:05:25 Creating new recorder
[Info   :Zeepkist GTR] 20:05:25 Start processing HTTP request "POST" "https://graphql.zeepki.st/"
[Info   :Zeepkist GTR] 20:05:25 Sending HTTP request "POST" "https://graphql.zeepki.st/"
[Info   :Zeepkist GTR] 20:05:25 Start processing HTTP request "POST" "https://graphql.zeepki.st/"
[Info   :Zeepkist GTR] 20:05:25 Sending HTTP request "POST" "https://graphql.zeepki.st/"
[Info   :Zeepkist GTR] 20:05:26 Received HTTP response headers after 1600.2554ms - 200
[Info   :Zeepkist GTR] 20:05:26 End processing HTTP request after 1600.4639ms - 200
[Info   :Zeepkist GTR] 20:05:26 Received HTTP response headers after 1620.395ms - 200
[Info   :Zeepkist GTR] 20:05:26 End processing HTTP request after 1620.6265ms - 200
[Info   :Zeepkist GTR] 20:05:26 Ghost version: 5
[Info   :Zeepkist GTR] 20:05:27 Starting recorder
[Info   :Zeepkist GTR] 20:05:27 Received HTTP response headers after 1772.6722ms - 200
[Info   :Zeepkist GTR] 20:05:27 End processing HTTP request after 1772.882ms - 200
[Info   :Zeepkist GTR] 20:05:27 Start processing HTTP request "POST" "https://graphql.zeepki.st/"
[Info   :Zeepkist GTR] 20:05:27 Sending HTTP request "POST" "https://graphql.zeepki.st/"
[Info   :Zeepkist GTR] 20:05:28 Received HTTP response headers after 1139.7638ms - 200
[Info   :Zeepkist GTR] 20:05:28 End processing HTTP request after 1140.0095ms - 200
[Info   :Zeepkist GTR] 20:05:45 Received HTTP response headers after 21885.503ms - 200
[Info   :Zeepkist GTR] 20:05:45 End processing HTTP request after 21885.7348ms - 200
[Info   :Zeepkist GTR] 20:05:45 Start processing HTTP request "POST" "https://backend.zeepki.st/record/submit"
[Info   :Zeepkist GTR] 20:05:45 Sending HTTP request "POST" "https://backend.zeepki.st/record/submit"
[Info   :Zeepkist GTR] 20:05:47 Received HTTP response headers after 1515.9823ms - 200
[Info   :Zeepkist GTR] 20:05:47 End processing HTTP request after 1516.2221ms - 200
[Info   :Zeepkist GTR] 20:05:48 Stopping recorder
[Info   :Zeepkist GTR] 20:05:48 Collecting extra information
[Info   :Zeepkist GTR] 20:05:48 Processing ghost data
[Info   :Zeepkist GTR] 20:05:48 Creating stream
[Info   :Zeepkist GTR] 20:05:48 Writing to stream
[Info   :Zeepkist GTR] 20:05:48 Closing stream
[Info   :Zeepkist GTR] 20:05:48 Getting buffer
[Info   :Zeepkist GTR] 20:05:48 Converting to base64
[Info   :Zeepkist GTR] 20:05:48 Creating resource
[Info   :Zeepkist GTR] 20:05:48 Start processing HTTP request "POST" "https://backend.zeepki.st/auth/refresh"
[Info   :Zeepkist GTR] 20:05:48 Sending HTTP request "POST" "https://backend.zeepki.st/auth/refresh"
[Info   :Zeepkist GTR] 20:05:50 Received HTTP response headers after 2280.7998ms - 200
[Info   :Zeepkist GTR] 20:05:50 End processing HTTP request after 2281.0311ms - 200
[Info   :Zeepkist GTR] 20:05:50 Start processing HTTP request "POST" "https://backend.zeepki.st/record/submit"
[Info   :Zeepkist GTR] 20:05:50 Sending HTTP request "POST" "https://backend.zeepki.st/record/submit"
[Info   :Zeepkist GTR] 20:05:51 Received HTTP response headers after 245.7344ms - 200
[Info   :Zeepkist GTR] 20:05:51 End processing HTTP request after 246.0308ms - 200
[Info   :Zeepkist GTR] 20:06:02 Loading personal best...
[Info   :Zeepkist GTR] 20:06:02 Start processing HTTP request "POST" "https://graphql.zeepki.st/"
[Info   :Zeepkist GTR] 20:06:02 Sending HTTP request "POST" "https://graphql.zeepki.st/"
[Info   :Zeepkist GTR] 20:06:02 Stopping existing recorder if any
[Info   :Zeepkist GTR] 20:06:02 Creating new recorder
[Info   :Zeepkist GTR] 20:06:02 Start processing HTTP request "POST" "https://graphql.zeepki.st/"
[Info   :Zeepkist GTR] 20:06:02 Sending HTTP request "POST" "https://graphql.zeepki.st/"
[Info   :Zeepkist GTR] 20:06:02 Start processing HTTP request "POST" "https://graphql.zeepki.st/"
[Info   :Zeepkist GTR] 20:06:02 Sending HTTP request "POST" "https://graphql.zeepki.st/"
[Info   :Zeepkist GTR] 20:06:02 Received HTTP response headers after 82.1501ms - 200
[Info   :Zeepkist GTR] 20:06:02 End processing HTTP request after 82.3683ms - 200
[Info   :Zeepkist GTR] 20:06:02 Received HTTP response headers after 98.5136ms - 200
[Info   :Zeepkist GTR] 20:06:02 End processing HTTP request after 98.7167ms - 200
[Info   :Zeepkist GTR] 20:06:02 Start processing HTTP request "GET" "https://cdn.zeepki.st/ghosts/01KT7AKDWCMJD1TS61AC23QW25.bin"
[Info   :Zeepkist GTR] 20:06:02 Sending HTTP request "GET" "https://cdn.zeepki.st/ghosts/01KT7AKDWCMJD1TS61AC23QW25.bin"
[Info   :Zeepkist GTR] 20:06:02 Received HTTP response headers after 160.5619ms - 200
[Info   :Zeepkist GTR] 20:06:02 End processing HTTP request after 160.8124ms - 200
[Info   :Zeepkist GTR] 20:06:02 Start processing HTTP request "POST" "https://graphql.zeepki.st/"
[Info   :Zeepkist GTR] 20:06:02 Sending HTTP request "POST" "https://graphql.zeepki.st/"
[Info   :Zeepkist GTR] 20:06:03 Received HTTP response headers after 68.3297ms - 200
[Info   :Zeepkist GTR] 20:06:03 End processing HTTP request after 68.5694ms - 200
[Info   :Zeepkist GTR] 20:06:03 Received HTTP response headers after 550.2611ms - 200
[Info   :Zeepkist GTR] 20:06:03 End processing HTTP request after 550.509ms - 200
[Info   :Zeepkist GTR] 20:06:03 Ghost version: 5
[Info   :Zeepkist GTR] 20:06:04 Starting recorder
[Info   :Zeepkist GTR] 20:06:26 Stopping recorder
[Info   :Zeepkist GTR] 20:06:26 Collecting extra information
[Info   :Zeepkist GTR] 20:06:26 Processing ghost data
[Info   :Zeepkist GTR] 20:06:26 Creating stream
[Info   :Zeepkist GTR] 20:06:26 Writing to stream
[Info   :Zeepkist GTR] 20:06:26 Closing stream
[Info   :Zeepkist GTR] 20:06:26 Getting buffer
[Info   :Zeepkist GTR] 20:06:26 Converting to base64
[Info   :Zeepkist GTR] 20:06:26 Creating resource
[Info   :Zeepkist GTR] 20:06:26 Start processing HTTP request "POST" "https://backend.zeepki.st/auth/refresh"
[Info   :Zeepkist GTR] 20:06:26 Sending HTTP request "POST" "https://backend.zeepki.st/auth/refresh"
[Info   :Zeepkist GTR] 20:06:27 Discarding recorder
[Info   :Zeepkist GTR] 20:06:28 Received HTTP response headers after 1929.454ms - 200
[Info   :Zeepkist GTR] 20:06:28 End processing HTTP request after 1929.7328ms - 200
[Info   :Zeepkist GTR] 20:06:28 Start processing HTTP request "POST" "https://backend.zeepki.st/record/submit"
[Info   :Zeepkist GTR] 20:06:28 Sending HTTP request "POST" "https://backend.zeepki.st/record/submit"
[Info   :Zeepkist GTR] 20:06:30 Received HTTP response headers after 2392.0465ms - 200
[Info   :Zeepkist GTR] 20:06:30 End processing HTTP request after 2392.2892ms - 200
[Info   :BetterSplits] getting gtr splits
[Info   :Zeepkist GTR] 20:06:41 Loading personal best...
[Info   :Zeepkist GTR] 20:06:41 Start processing HTTP request "POST" "https://graphql.zeepki.st/"
[Info   :Zeepkist GTR] 20:06:41 Sending HTTP request "POST" "https://graphql.zeepki.st/"
[Info   :Zeepkist GTR] 20:06:41 Stopping existing recorder if any
[Info   :Zeepkist GTR] 20:06:41 Creating new recorder
[Info   :Zeepkist GTR] 20:06:41 Start processing HTTP request "POST" "https://graphql.zeepki.st/"
[Info   :Zeepkist GTR] 20:06:41 Sending HTTP request "POST" "https://graphql.zeepki.st/"
[Info   :Zeepkist GTR] 20:06:41 Start processing HTTP request "POST" "https://graphql.zeepki.st/"
[Info   :Zeepkist GTR] 20:06:41 Sending HTTP request "POST" "https://graphql.zeepki.st/"
[Error  :BetterSplits] could not get splits
Response: StatusCode: 400, ReasonPhrase: 'Bad Request', Version: 1.1, Content: System.Net.Http.StreamContent, Headers:
{
Date: Wed, 03 Jun 2026 18:06:42 GMT
Connection: keep-alive
access-control-allow-headers: Origin, X-Requested-With, Accept, Authorization, X-Apollo-Tracing, Content-Type, Content-Length, X-PostGraphile-Explain
access-control-allow-methods: HEAD, GET, POST
access-control-allow-origin: *
access-control-expose-headers: X-GraphQL-Event-Stream
alt-svc: h3=":443"; ma=86400
vary: Origin
via: 1.1 Caddy
x-graphql-event-stream: /stream
x-query-cost: 115
cf-cache-status: DYNAMIC
x-xss-protection: 1; mode=block
Strict-Transport-Security: max-age=15552000; includeSubDomains; preload
x-content-type-options: nosniff
Server-Timing: cfCacheStatus;desc="DYNAMIC", cfEdge;dur=11,cfOrigin;dur=57
Report-To: {"group":"cf-nel","max_age":604800,"endpoints":[{"url":"https://a.nel.cloudflare.com/report/v4?s=d3r2mxWS0Kqcta8AudxK7PMOm9%2BYm35XrCxrhpZjtVDqH5NAqZwNMWndzIwPnp4A8u7zzt%2BTepUY2k87tuusVTuOoiTgHHA%2F7a9XfI%2F9k%2BYKSPc8sChBb%2FsCvNMbBXUCGxi5%2Bg%3D%3D"}]}
Nel: {"report_to":"cf-nel","success_fraction":0.0,"max_age":604800}
expect-ct: max-age=86400, enforce
referrer-policy: same-origin
x-frame-options: SAMEORIGIN
Server: cloudflare
CF-RAY: a060a21cbec9d58f-MAD
Content-Type: application/json; charset=utf-8
Content-Length: 172
} 
Content: {"errors":[{"message":"Cannot query field \"personalBestGlobalsByIdLevel\" on type \"Level\". Did you mean \"personalBestGlobals\"?","locations":[{"line":1,"column":87}]}]}
Url: https://graphql.zeepki.st
Request: {"query":"query BetterSplitsPB($hash: String!, $steamId: BigFloat) { levelByHash(hash: $hash) { personalBestGlobalsByIdLevel(filter: {userByIdUser: {steamId: {equalTo: $steamId}}}) { nodes { recordByIdRecord { speeds splits time }}}}}","variables":{"hash":"39E285FE0CEA0E8A6CB513D9629A71E4C83BE827-3","steamId":"76561197972890120"}}
[Info   :Zeepkist GTR] 20:06:41 Received HTTP response headers after 172.5302ms - 200
[Info   :Zeepkist GTR] 20:06:41 End processing HTTP request after 172.7469ms - 200
[Info   :Zeepkist GTR] 20:06:41 Received HTTP response headers after 190.8385ms - 200
[Info   :Zeepkist GTR] 20:06:41 End processing HTTP request after 191.1287ms - 200
[Info   :Zeepkist GTR] 20:06:41 Received HTTP response headers after 297.0863ms - 200
[Info   :Zeepkist GTR] 20:06:41 End processing HTTP request after 297.2896ms - 200
[Info   :Zeepkist GTR] 20:06:43 Starting recorder
[Info   :   Console] Download started for AppId: 1440670, FileId: 3737358810, Result: OK
[Info   :Zeepkist GTR] 20:07:11 Stopping recorder
[Info   :Zeepkist GTR] 20:07:11 Collecting extra information
[Info   :Zeepkist GTR] 20:07:11 Processing ghost data
[Info   :Zeepkist GTR] 20:07:11 Creating stream
[Info   :Zeepkist GTR] 20:07:11 Writing to stream
[Info   :Zeepkist GTR] 20:07:11 Closing stream
[Info   :Zeepkist GTR] 20:07:11 Getting buffer
[Info   :Zeepkist GTR] 20:07:11 Converting to base64
[Info   :Zeepkist GTR] 20:07:11 Creating resource
[Info   :Zeepkist GTR] 20:07:11 Start processing HTTP request "POST" "https://backend.zeepki.st/auth/refresh"
[Info   :Zeepkist GTR] 20:07:11 Sending HTTP request "POST" "https://backend.zeepki.st/auth/refresh"
[Info   :Zeepkist GTR] 20:07:12 Loading personal best...
[Info   :Zeepkist GTR] 20:07:12 Start processing HTTP request "POST" "https://graphql.zeepki.st/"
[Info   :Zeepkist GTR] 20:07:12 Sending HTTP request "POST" "https://graphql.zeepki.st/"
[Info   :Zeepkist GTR] 20:07:12 Stopping existing recorder if any
[Info   :Zeepkist GTR] 20:07:12 Creating new recorder
[Info   :Zeepkist GTR] 20:07:12 Start processing HTTP request "POST" "https://graphql.zeepki.st/"
[Info   :Zeepkist GTR] 20:07:12 Sending HTTP request "POST" "https://graphql.zeepki.st/"
[Info   :Zeepkist GTR] 20:07:12 Start processing HTTP request "POST" "https://graphql.zeepki.st/"
[Info   :Zeepkist GTR] 20:07:12 Sending HTTP request "POST" "https://graphql.zeepki.st/"
[Info   :Zeepkist GTR] 20:07:14 Starting recorder
[Info   :Zeepkist GTR] 20:07:16 Received HTTP response headers after 3392.6429ms - 502
[Info   :Zeepkist GTR] 20:07:16 End processing HTTP request after 3392.8646ms - 502
[Error  :Zeepkist GTR] 20:07:16 Failed to load personal best: "Result: IsSuccess='False', Reasons='ExceptionalError with Message='Response status code does not indicate success: 502 (Bad Gateway).', Exception='StrawberryShake.GraphQLClientException: Response status code does not indicate success: 502 (Bad Gateway).
  at StrawberryShake.OperationResultExtensions.EnsureNoErrors (StrawberryShake.IOperationResult result) [0x00027] in <477cd25efd574ed694e416a1db52b995>:0 
  at TNRD.Zeepkist.GTR.Ghosting.Playback.OnlineGhostGraphqlService.GetPersonalBests (System.String levelHash) [0x000bb] in C:\a\Zeepkist.GTR.Mod\Zeepkist.GTR.Mod\Ghosting\Playback\OnlineGhostGraphqlService.cs:36 '', "
[Info   :Zeepkist GTR] 20:07:17 Received HTTP response headers after 4647.396ms - 200
[Info   :Zeepkist GTR] 20:07:17 End processing HTTP request after 4647.7431ms - 200
[Info   :Zeepkist GTR] 20:07:19 Received HTTP response headers after 6493.4707ms - 502
[Info   :Zeepkist GTR] 20:07:19 End processing HTTP request after 6493.7257ms - 502
[Error  :Zeepkist GTR] 20:07:19 Failed to get personal best holder: "Result: IsSuccess='False', Reasons='ExceptionalError with Message='Response status code does not indicate success: 502 (Bad Gateway).', Exception='StrawberryShake.GraphQLClientException: Response status code does not indicate success: 502 (Bad Gateway).
  at StrawberryShake.OperationResultExtensions.EnsureNoErrors (StrawberryShake.IOperationResult result) [0x00027] in <477cd25efd574ed694e416a1db52b995>:0 
  at TNRD.Zeepkist.GTR.UI.RecordHolderGraphqlService.GetPersonalBestHolder (System.String levelHash, System.UInt64 steamId, System.Threading.CancellationToken ct) [0x000ae] in C:\a\Zeepkist.GTR.Mod\Zeepkist.GTR.Mod\UI\RecordHolderGraphqlService.cs:55 '', "
[Info   :Zeepkist GTR] 20:07:19 Loading personal best...
[Info   :Zeepkist GTR] 20:07:19 Start processing HTTP request "POST" "https://graphql.zeepki.st/"
[Info   :Zeepkist GTR] 20:07:19 Sending HTTP request "POST" "https://graphql.zeepki.st/"
[Info   :Zeepkist GTR] 20:07:19 Stopping existing recorder if any
[Info   :Zeepkist GTR] 20:07:19 Creating new recorder
[Info   :Zeepkist GTR] 20:07:19 Start processing HTTP request "POST" "https://graphql.zeepki.st/"
[Info   :Zeepkist GTR] 20:07:19 Sending HTTP request "POST" "https://graphql.zeepki.st/"
[Info   :Zeepkist GTR] 20:07:19 Start processing HTTP request "POST" "https://graphql.zeepki.st/"
[Info   :Zeepkist GTR] 20:07:19 Sending HTTP request "POST" "https://graphql.zeepki.st/"
[Info   :Zeepkist GTR] 20:07:21 Starting recorder
[Info   :Zeepkist GTR] 20:07:29 Received HTTP response headers after 18301.0527ms - 200
[Info   :Zeepkist GTR] 20:07:29 End processing HTTP request after 18301.2689ms - 200
[Info   :Zeepkist GTR] 20:07:29 Start processing HTTP request "POST" "https://backend.zeepki.st/record/submit"
[Info   :Zeepkist GTR] 20:07:29 Sending HTTP request "POST" "https://backend.zeepki.st/record/submit"
[Info   :Zeepkist GTR] 20:07:29 Received HTTP response headers after 287.3035ms - 500
[Info   :Zeepkist GTR] 20:07:29 End processing HTTP request after 287.5441ms - 500
[Warning:Zeepkist GTR] 20:07:29 Request failed, retrying (1)
[Info   :Zeepkist GTR] 20:07:31 Start processing HTTP request "POST" "https://backend.zeepki.st/record/submit"
[Info   :Zeepkist GTR] 20:07:31 Sending HTTP request "POST" "https://backend.zeepki.st/record/submit"
[Info   :Zeepkist GTR] 20:07:32 Received HTTP response headers after 301.2332ms - 200
[Info   :Zeepkist GTR] 20:07:32 End processing HTTP request after 301.488ms - 200
[Info   :Zeepkist GTR] 20:07:32 Loading personal best...
[Info   :Zeepkist GTR] 20:07:32 Start processing HTTP request "POST" "https://graphql.zeepki.st/"
[Info   :Zeepkist GTR] 20:07:32 Sending HTTP request "POST" "https://graphql.zeepki.st/"
[Info   :Zeepkist GTR] 20:07:32 Stopping existing recorder if any
[Info   :Zeepkist GTR] 20:07:32 Creating new recorder
[Info   :Zeepkist GTR] 20:07:32 Start processing HTTP request "POST" "https://graphql.zeepki.st/"
[Info   :Zeepkist GTR] 20:07:32 Sending HTTP request "POST" "https://graphql.zeepki.st/"
[Info   :Zeepkist GTR] 20:07:32 Start processing HTTP request "POST" "https://graphql.zeepki.st/"
[Info   :Zeepkist GTR] 20:07:32 Sending HTTP request "POST" "https://graphql.zeepki.st/"
[Info   :Zeepkist GTR] 20:07:34 Starting recorder
[Info   :Zeepkist GTR] 20:07:48 Loading personal best...
[Info   :Zeepkist GTR] 20:07:48 Start processing HTTP request "POST" "https://graphql.zeepki.st/"
[Info   :Zeepkist GTR] 20:07:48 Sending HTTP request "POST" "https://graphql.zeepki.st/"
[Info   :Zeepkist GTR] 20:07:48 Stopping existing recorder if any
[Info   :Zeepkist GTR] 20:07:48 Creating new recorder
[Info   :Zeepkist GTR] 20:07:48 Start processing HTTP request "POST" "https://graphql.zeepki.st/"
[Info   :Zeepkist GTR] 20:07:48 Sending HTTP request "POST" "https://graphql.zeepki.st/"
[Info   :Zeepkist GTR] 20:07:48 Start processing HTTP request "POST" "https://graphql.zeepki.st/"
[Info   :Zeepkist GTR] 20:07:48 Sending HTTP request "POST" "https://graphql.zeepki.st/"
[Info   :Zeepkist GTR] 20:07:50 Starting recorder
[Info   :Zeepkist GTR] 20:08:14 Stopping recorder
[Info   :Zeepkist GTR] 20:08:14 Collecting extra information
[Info   :Zeepkist GTR] 20:08:14 Processing ghost data
[Info   :Zeepkist GTR] 20:08:14 Creating stream
[Info   :Zeepkist GTR] 20:08:14 Writing to stream
[Info   :Zeepkist GTR] 20:08:14 Closing stream
[Info   :Zeepkist GTR] 20:08:14 Getting buffer
[Info   :Zeepkist GTR] 20:08:14 Converting to base64
[Info   :Zeepkist GTR] 20:08:14 Creating resource
[Info   :Zeepkist GTR] 20:08:14 Start processing HTTP request "POST" "https://backend.zeepki.st/auth/refresh"
[Info   :Zeepkist GTR] 20:08:14 Sending HTTP request "POST" "https://backend.zeepki.st/auth/refresh"
[Info   :Zeepkist GTR] 20:08:17 Received HTTP response headers after 2667.6044ms - 200
[Info   :Zeepkist GTR] 20:08:17 End processing HTTP request after 2667.8364ms - 200
[Info   :Zeepkist GTR] 20:08:17 Start processing HTTP request "POST" "https://backend.zeepki.st/record/submit"
[Info   :Zeepkist GTR] 20:08:17 Sending HTTP request "POST" "https://backend.zeepki.st/record/submit"
[Info   :Zeepkist GTR] 20:08:17 Loading personal best...
[Info   :Zeepkist GTR] 20:08:17 Start processing HTTP request "POST" "https://graphql.zeepki.st/"
[Info   :Zeepkist GTR] 20:08:17 Sending HTTP request "POST" "https://graphql.zeepki.st/"
[Info   :Zeepkist GTR] 20:08:17 Stopping existing recorder if any
[Info   :Zeepkist GTR] 20:08:17 Creating new recorder
[Info   :Zeepkist GTR] 20:08:17 Start processing HTTP request "POST" "https://graphql.zeepki.st/"
[Info   :Zeepkist GTR] 20:08:17 Sending HTTP request "POST" "https://graphql.zeepki.st/"
[Info   :Zeepkist GTR] 20:08:17 Start processing HTTP request "POST" "https://graphql.zeepki.st/"
[Info   :Zeepkist GTR] 20:08:17 Sending HTTP request "POST" "https://graphql.zeepki.st/"
[Info   :Zeepkist GTR] 20:08:19 Starting recorder
[Info   :Zeepkist GTR] 20:08:22 Received HTTP response headers after 5833.8887ms - 200
[Info   :Zeepkist GTR] 20:08:22 End processing HTTP request after 5834.1461ms - 200
[Info   :Zeepkist GTR] 20:08:29 Loading personal best...
[Info   :Zeepkist GTR] 20:08:29 Start processing HTTP request "POST" "https://graphql.zeepki.st/"
[Info   :Zeepkist GTR] 20:08:29 Sending HTTP request "POST" "https://graphql.zeepki.st/"
[Info   :Zeepkist GTR] 20:08:29 Stopping existing recorder if any
[Info   :Zeepkist GTR] 20:08:29 Creating new recorder
[Info   :Zeepkist GTR] 20:08:29 Start processing HTTP request "POST" "https://graphql.zeepki.st/"
[Info   :Zeepkist GTR] 20:08:29 Sending HTTP request "POST" "https://graphql.zeepki.st/"
[Info   :Zeepkist GTR] 20:08:29 Start processing HTTP request "POST" "https://graphql.zeepki.st/"
[Info   :Zeepkist GTR] 20:08:29 Sending HTTP request "POST" "https://graphql.zeepki.st/"
[Info   :Zeepkist GTR] 20:08:31 Starting recorder
[Info   :Zeepkist GTR] 20:08:42 Loading personal best...
[Info   :Zeepkist GTR] 20:08:42 Start processing HTTP request "POST" "https://graphql.zeepki.st/"
[Info   :Zeepkist GTR] 20:08:42 Sending HTTP request "POST" "https://graphql.zeepki.st/"
[Info   :Zeepkist GTR] 20:08:42 Stopping existing recorder if any
[Info   :Zeepkist GTR] 20:08:42 Creating new recorder
[Info   :Zeepkist GTR] 20:08:42 Start processing HTTP request "POST" "https://graphql.zeepki.st/"
[Info   :Zeepkist GTR] 20:08:42 Sending HTTP request "POST" "https://graphql.zeepki.st/"
[Info   :Zeepkist GTR] 20:08:42 Start processing HTTP request "POST" "https://graphql.zeepki.st/"
[Info   :Zeepkist GTR] 20:08:42 Sending HTTP request "POST" "https://graphql.zeepki.st/"
[Info   :Zeepkist GTR] 20:08:42 Received HTTP response headers after 383.2049ms - 200
[Info   :Zeepkist GTR] 20:08:42 Received HTTP response headers after 382.6985ms - 200
[Info   :Zeepkist GTR] 20:08:42 End processing HTTP request after 383.4494ms - 200
[Info   :Zeepkist GTR] 20:08:42 End processing HTTP request after 382.9589ms - 200
[Info   :Zeepkist GTR] 20:08:42 Start processing HTTP request "GET" "https://cdn.zeepki.st/ghosts/01KT7AR69B8FS4J589Y2RV2J0N.bin"
[Info   :Zeepkist GTR] 20:08:42 Sending HTTP request "GET" "https://cdn.zeepki.st/ghosts/01KT7AR69B8FS4J589Y2RV2J0N.bin"
[Info   :Zeepkist GTR] 20:08:42 Received HTTP response headers after 485.5514ms - 200
[Info   :Zeepkist GTR] 20:08:42 End processing HTTP request after 485.7663ms - 200
[Info   :Zeepkist GTR] 20:08:42 Start processing HTTP request "POST" "https://graphql.zeepki.st/"
[Info   :Zeepkist GTR] 20:08:42 Sending HTTP request "POST" "https://graphql.zeepki.st/"
[Info   :Zeepkist GTR] 20:08:42 Received HTTP response headers after 52.9031ms - 200
[Info   :Zeepkist GTR] 20:08:42 End processing HTTP request after 53.1508ms - 200
[Info   :Zeepkist GTR] 20:08:43 Received HTTP response headers after 588.5756ms - 200
[Info   :Zeepkist GTR] 20:08:43 End processing HTTP request after 588.8263ms - 200
[Info   :Zeepkist GTR] 20:08:43 Ghost version: 5
[Info   :Zeepkist GTR] 20:08:43 Starting recorder
[Info   :Zeepkist GTR] 20:09:00 Loading personal best...
[Info   :Zeepkist GTR] 20:09:00 Start processing HTTP request "POST" "https://graphql.zeepki.st/"
[Info   :Zeepkist GTR] 20:09:00 Sending HTTP request "POST" "https://graphql.zeepki.st/"
[Info   :Zeepkist GTR] 20:09:00 Stopping existing recorder if any
[Info   :Zeepkist GTR] 20:09:00 Creating new recorder
[Info   :Zeepkist GTR] 20:09:00 Start processing HTTP request "POST" "https://graphql.zeepki.st/"
[Info   :Zeepkist GTR] 20:09:00 Sending HTTP request "POST" "https://graphql.zeepki.st/"
[Info   :Zeepkist GTR] 20:09:00 Start processing HTTP request "POST" "https://graphql.zeepki.st/"
[Info   :Zeepkist GTR] 20:09:00 Sending HTTP request "POST" "https://graphql.zeepki.st/"
[Info   :Zeepkist GTR] 20:09:00 Received HTTP response headers after 104.9613ms - 200
[Info   :Zeepkist GTR] 20:09:00 End processing HTTP request after 105.1902ms - 200
[Info   :Zeepkist GTR] 20:09:00 Received HTTP response headers after 127.2611ms - 200
[Info   :Zeepkist GTR] 20:09:00 End processing HTTP request after 127.5005ms - 200
[Info   :Zeepkist GTR] 20:09:00 Ghost version: 5
[Info   :Zeepkist GTR] 20:09:00 Received HTTP response headers after 190.0842ms - 200
[Info   :Zeepkist GTR] 20:09:00 End processing HTTP request after 190.2928ms - 200
[Info   :Zeepkist GTR] 20:09:00 Start processing HTTP request "POST" "https://graphql.zeepki.st/"
[Info   :Zeepkist GTR] 20:09:00 Sending HTTP request "POST" "https://graphql.zeepki.st/"
[Info   :Zeepkist GTR] 20:09:00 Received HTTP response headers after 94.3661ms - 200
[Info   :Zeepkist GTR] 20:09:00 End processing HTTP request after 94.6723ms - 200
[Info   :Zeepkist GTR] 20:09:02 Starting recorder
[Info   :Zeepkist GTR] 20:09:07 Loading personal best...
[Info   :Zeepkist GTR] 20:09:07 Start processing HTTP request "POST" "https://graphql.zeepki.st/"
[Info   :Zeepkist GTR] 20:09:07 Sending HTTP request "POST" "https://graphql.zeepki.st/"
[Info   :Zeepkist GTR] 20:09:07 Stopping existing recorder if any
[Info   :Zeepkist GTR] 20:09:07 Creating new recorder
[Info   :Zeepkist GTR] 20:09:07 Start processing HTTP request "POST" "https://graphql.zeepki.st/"
[Info   :Zeepkist GTR] 20:09:07 Sending HTTP request "POST" "https://graphql.zeepki.st/"
[Info   :Zeepkist GTR] 20:09:07 Start processing HTTP request "POST" "https://graphql.zeepki.st/"
[Info   :Zeepkist GTR] 20:09:07 Sending HTTP request "POST" "https://graphql.zeepki.st/"
[Info   :Zeepkist GTR] 20:09:07 Received HTTP response headers after 147.758ms - 200
[Info   :Zeepkist GTR] 20:09:07 End processing HTTP request after 148.0255ms - 200
[Info   :Zeepkist GTR] 20:09:07 Received HTTP response headers after 168.1304ms - 200
[Info   :Zeepkist GTR] 20:09:07 End processing HTTP request after 168.3579ms - 200
[Info   :Zeepkist GTR] 20:09:07 Ghost version: 5
[Info   :Zeepkist GTR] 20:09:07 Received HTTP response headers after 226.0347ms - 200
[Info   :Zeepkist GTR] 20:09:07 End processing HTTP request after 226.236ms - 200
[Info   :Zeepkist GTR] 20:09:07 Start processing HTTP request "POST" "https://graphql.zeepki.st/"
[Info   :Zeepkist GTR] 20:09:07 Sending HTTP request "POST" "https://graphql.zeepki.st/"
[Info   :Zeepkist GTR] 20:09:07 Received HTTP response headers after 91.6266ms - 200
[Info   :Zeepkist GTR] 20:09:07 End processing HTTP request after 91.8655ms - 200
[Info   :Zeepkist GTR] 20:09:09 Starting recorder
[Info   :Zeepkist GTR] 20:09:30 Stopping recorder
[Info   :Zeepkist GTR] 20:09:30 Collecting extra information
[Info   :Zeepkist GTR] 20:09:30 Processing ghost data
[Info   :Zeepkist GTR] 20:09:30 Creating stream
[Info   :Zeepkist GTR] 20:09:30 Writing to stream
[Info   :Zeepkist GTR] 20:09:30 Closing stream
[Info   :Zeepkist GTR] 20:09:30 Getting buffer
[Info   :Zeepkist GTR] 20:09:30 Converting to base64
[Info   :Zeepkist GTR] 20:09:30 Creating resource
[Info   :Zeepkist GTR] 20:09:30 Start processing HTTP request "POST" "https://backend.zeepki.st/auth/refresh"
[Info   :Zeepkist GTR] 20:09:30 Sending HTTP request "POST" "https://backend.zeepki.st/auth/refresh"
[Info   :Zeepkist GTR] 20:09:31 Received HTTP response headers after 567.1251ms - 200
[Info   :Zeepkist GTR] 20:09:31 End processing HTTP request after 567.3742ms - 200
[Info   :Zeepkist GTR] 20:09:31 Start processing HTTP request "POST" "https://backend.zeepki.st/record/submit"
[Info   :Zeepkist GTR] 20:09:31 Sending HTTP request "POST" "https://backend.zeepki.st/record/submit"
[Info   :Zeepkist GTR] 20:09:31 Received HTTP response headers after 104.1489ms - 200
[Info   :Zeepkist GTR] 20:09:31 End processing HTTP request after 104.4736ms - 200
[Info   :Zeepkist GTR] 20:09:31 Loading personal best...
[Info   :Zeepkist GTR] 20:09:31 Start processing HTTP request "POST" "https://graphql.zeepki.st/"
[Info   :Zeepkist GTR] 20:09:31 Sending HTTP request "POST" "https://graphql.zeepki.st/"
[Info   :Zeepkist GTR] 20:09:31 Stopping existing recorder if any
[Info   :Zeepkist GTR] 20:09:31 Creating new recorder
[Info   :Zeepkist GTR] 20:09:31 Start processing HTTP request "POST" "https://graphql.zeepki.st/"
[Info   :Zeepkist GTR] 20:09:31 Sending HTTP request "POST" "https://graphql.zeepki.st/"
[Info   :Zeepkist GTR] 20:09:31 Start processing HTTP request "POST" "https://graphql.zeepki.st/"
[Info   :Zeepkist GTR] 20:09:31 Sending HTTP request "POST" "https://graphql.zeepki.st/"
[Info   :Zeepkist GTR] 20:09:31 Received HTTP response headers after 64.9779ms - 200
[Info   :Zeepkist GTR] 20:09:31 End processing HTTP request after 65.2631ms - 200
[Info   :Zeepkist GTR] 20:09:31 Received HTTP response headers after 67.6564ms - 200
[Info   :Zeepkist GTR] 20:09:31 End processing HTTP request after 67.8692ms - 200
[Info   :Zeepkist GTR] 20:09:31 Start processing HTTP request "GET" "https://cdn.zeepki.st/ghosts/01KT7AT97XE6GRPGC2M9NQ1MHG.bin"
[Info   :Zeepkist GTR] 20:09:31 Sending HTTP request "GET" "https://cdn.zeepki.st/ghosts/01KT7AT97XE6GRPGC2M9NQ1MHG.bin"
[Info   :Zeepkist GTR] 20:09:32 Received HTTP response headers after 125.2893ms - 200
[Info   :Zeepkist GTR] 20:09:32 End processing HTTP request after 125.5007ms - 200
[Info   :Zeepkist GTR] 20:09:32 Start processing HTTP request "POST" "https://graphql.zeepki.st/"
[Info   :Zeepkist GTR] 20:09:32 Sending HTTP request "POST" "https://graphql.zeepki.st/"
[Info   :Zeepkist GTR] 20:09:32 Received HTTP response headers after 53.4204ms - 200
[Info   :Zeepkist GTR] 20:09:32 End processing HTTP request after 53.6601ms - 200
[Info   :Zeepkist GTR] 20:09:32 Received HTTP response headers after 589.2492ms - 200
[Info   :Zeepkist GTR] 20:09:32 End processing HTTP request after 589.5083ms - 200
[Info   :Zeepkist GTR] 20:09:32 Ghost version: 5
[Info   :Zeepkist GTR] 20:09:33 Starting recorder
[Info   :Zeepkist GTR] 20:09:44 Loading personal best...
[Info   :Zeepkist GTR] 20:09:44 Start processing HTTP request "POST" "https://graphql.zeepki.st/"
[Info   :Zeepkist GTR] 20:09:44 Sending HTTP request "POST" "https://graphql.zeepki.st/"
[Info   :Zeepkist GTR] 20:09:44 Stopping existing recorder if any
[Info   :Zeepkist GTR] 20:09:44 Creating new recorder
[Info   :Zeepkist GTR] 20:09:44 Start processing HTTP request "POST" "https://graphql.zeepki.st/"
[Info   :Zeepkist GTR] 20:09:44 Sending HTTP request "POST" "https://graphql.zeepki.st/"
[Info   :Zeepkist GTR] 20:09:44 Start processing HTTP request "POST" "https://graphql.zeepki.st/"
[Info   :Zeepkist GTR] 20:09:44 Sending HTTP request "POST" "https://graphql.zeepki.st/"
[Info   :Zeepkist GTR] 20:09:44 Received HTTP response headers after 67.186ms - 200
[Info   :Zeepkist GTR] 20:09:44 End processing HTTP request after 67.4223ms - 200
[Info   :Zeepkist GTR] 20:09:44 Received HTTP response headers after 73.7648ms - 200
[Info   :Zeepkist GTR] 20:09:44 End processing HTTP request after 73.9904ms - 200
[Info   :Zeepkist GTR] 20:09:44 Ghost version: 5
[Info   :Zeepkist GTR] 20:09:44 Received HTTP response headers after 121.7177ms - 200
[Info   :Zeepkist GTR] 20:09:44 End processing HTTP request after 121.9366ms - 200
[Info   :Zeepkist GTR] 20:09:44 Start processing HTTP request "POST" "https://graphql.zeepki.st/"
[Info   :Zeepkist GTR] 20:09:44 Sending HTTP request "POST" "https://graphql.zeepki.st/"
[Info   :Zeepkist GTR] 20:09:44 Received HTTP response headers after 102.2581ms - 200
[Info   :Zeepkist GTR] 20:09:44 End processing HTTP request after 102.5ms - 200
[Info   :Zeepkist GTR] 20:09:46 Starting recorder
[Info   :Zeepkist GTR] 20:10:07 Stopping recorder
[Info   :Zeepkist GTR] 20:10:07 Collecting extra information
[Info   :Zeepkist GTR] 20:10:07 Processing ghost data
[Info   :Zeepkist GTR] 20:10:07 Creating stream
[Info   :Zeepkist GTR] 20:10:07 Writing to stream
[Info   :Zeepkist GTR] 20:10:07 Closing stream
[Info   :Zeepkist GTR] 20:10:07 Getting buffer
[Info   :Zeepkist GTR] 20:10:07 Converting to base64
[Info   :Zeepkist GTR] 20:10:07 Creating resource
[Info   :Zeepkist GTR] 20:10:07 Start processing HTTP request "POST" "https://backend.zeepki.st/auth/refresh"
[Info   :Zeepkist GTR] 20:10:07 Sending HTTP request "POST" "https://backend.zeepki.st/auth/refresh"
[Info   :Zeepkist GTR] 20:10:10 Received HTTP response headers after 3217.6778ms - 502
[Info   :Zeepkist GTR] 20:10:10 End processing HTTP request after 3217.9211ms - 502
[Warning:Zeepkist GTR] 20:10:10 Request failed, retrying (1)
[Info   :Zeepkist GTR] 20:10:12 Start processing HTTP request "POST" "https://backend.zeepki.st/auth/refresh"
[Info   :Zeepkist GTR] 20:10:12 Sending HTTP request "POST" "https://backend.zeepki.st/auth/refresh"
[Info   :Zeepkist GTR] 20:10:25 Received HTTP response headers after 13212.6051ms - 502
[Info   :Zeepkist GTR] 20:10:25 End processing HTTP request after 13212.8652ms - 502
[Warning:Zeepkist GTR] 20:10:25 Request failed, retrying (2)
[Info   :Zeepkist GTR] 20:10:29 Start processing HTTP request "POST" "https://backend.zeepki.st/auth/refresh"
[Info   :Zeepkist GTR] 20:10:29 Sending HTTP request "POST" "https://backend.zeepki.st/auth/refresh"
[Info   :Zeepkist GTR] 20:10:38 Loading personal best...
[Info   :Zeepkist GTR] 20:10:38 Start processing HTTP request "POST" "https://graphql.zeepki.st/"
[Info   :Zeepkist GTR] 20:10:38 Sending HTTP request "POST" "https://graphql.zeepki.st/"
[Info   :Zeepkist GTR] 20:10:38 Stopping existing recorder if any
[Info   :Zeepkist GTR] 20:10:38 Creating new recorder
[Info   :Zeepkist GTR] 20:10:38 Start processing HTTP request "POST" "https://graphql.zeepki.st/"
[Info   :Zeepkist GTR] 20:10:38 Sending HTTP request "POST" "https://graphql.zeepki.st/"
[Info   :Zeepkist GTR] 20:10:38 Start processing HTTP request "POST" "https://graphql.zeepki.st/"
[Info   :Zeepkist GTR] 20:10:38 Sending HTTP request "POST" "https://graphql.zeepki.st/"
[Info   :Zeepkist GTR] 20:10:38 Received HTTP response headers after 281.3979ms - 200
[Info   :Zeepkist GTR] 20:10:38 End processing HTTP request after 281.6478ms - 200
[Info   :Zeepkist GTR] 20:10:38 Received HTTP response headers after 314.7222ms - 200
[Info   :Zeepkist GTR] 20:10:38 End processing HTTP request after 314.9826ms - 200
[Info   :Zeepkist GTR] 20:10:38 Ghost version: 5
[Info   :Zeepkist GTR] 20:10:38 Received HTTP response headers after 731.1745ms - 200
[Info   :Zeepkist GTR] 20:10:38 End processing HTTP request after 731.405ms - 200
[Info   :Zeepkist GTR] 20:10:38 Start processing HTTP request "POST" "https://graphql.zeepki.st/"
[Info   :Zeepkist GTR] 20:10:38 Sending HTTP request "POST" "https://graphql.zeepki.st/"
[Info   :Zeepkist GTR] 20:10:39 Received HTTP response headers after 156.865ms - 200
[Info   :Zeepkist GTR] 20:10:39 End processing HTTP request after 157.113ms - 200
[Info   :Zeepkist GTR] 20:10:39 Starting recorder
[Info   :Zeepkist GTR] 20:10:40 Received HTTP response headers after 10892.9317ms - 502
[Info   :Zeepkist GTR] 20:10:40 End processing HTTP request after 10893.1852ms - 502
[Warning:Zeepkist GTR] 20:10:40 Request failed, retrying (3)
[Info   :Zeepkist GTR] 20:10:48 Start processing HTTP request "POST" "https://backend.zeepki.st/auth/refresh"
[Info   :Zeepkist GTR] 20:10:48 Sending HTTP request "POST" "https://backend.zeepki.st/auth/refresh"
[Info   :Zeepkist GTR] 20:10:49 Received HTTP response headers after 813.3316ms - 200
[Info   :Zeepkist GTR] 20:10:49 End processing HTTP request after 813.5913ms - 200
[Info   :Zeepkist GTR] 20:10:49 Start processing HTTP request "POST" "https://backend.zeepki.st/record/submit"
[Info   :Zeepkist GTR] 20:10:49 Sending HTTP request "POST" "https://backend.zeepki.st/record/submit"
[Info   :Zeepkist GTR] 20:10:49 Received HTTP response headers after 304.8721ms - 200
[Info   :Zeepkist GTR] 20:10:49 End processing HTTP request after 305.1119ms - 200
[Info   :Zeepkist GTR] 20:10:50 Loading personal best...
[Info   :Zeepkist GTR] 20:10:50 Start processing HTTP request "POST" "https://graphql.zeepki.st/"
[Info   :Zeepkist GTR] 20:10:50 Sending HTTP request "POST" "https://graphql.zeepki.st/"
[Info   :Zeepkist GTR] 20:10:50 Stopping existing recorder if any
[Info   :Zeepkist GTR] 20:10:50 Creating new recorder
[Info   :Zeepkist GTR] 20:10:50 Start processing HTTP request "POST" "https://graphql.zeepki.st/"
[Info   :Zeepkist GTR] 20:10:50 Sending HTTP request "POST" "https://graphql.zeepki.st/"
[Info   :Zeepkist GTR] 20:10:50 Start processing HTTP request "POST" "https://graphql.zeepki.st/"
[Info   :Zeepkist GTR] 20:10:50 Sending HTTP request "POST" "https://graphql.zeepki.st/"
[Info   :Zeepkist GTR] 20:10:50 Received HTTP response headers after 139.6003ms - 200
[Info   :Zeepkist GTR] 20:10:50 Received HTTP response headers after 140.0732ms - 200
[Info   :Zeepkist GTR] 20:10:50 End processing HTTP request after 139.8407ms - 200
[Info   :Zeepkist GTR] 20:10:50 End processing HTTP request after 140.3098ms - 200
[Info   :Zeepkist GTR] 20:10:50 Start processing HTTP request "GET" "https://cdn.zeepki.st/ghosts/01KT7AWNQENX40ENZGE1XDTGH2.bin"
[Info   :Zeepkist GTR] 20:10:50 Sending HTTP request "GET" "https://cdn.zeepki.st/ghosts/01KT7AWNQENX40ENZGE1XDTGH2.bin"
[Info   :Zeepkist GTR] 20:10:50 Received HTTP response headers after 215.9154ms - 200
[Info   :Zeepkist GTR] 20:10:50 End processing HTTP request after 216.126ms - 200
[Info   :Zeepkist GTR] 20:10:50 Start processing HTTP request "POST" "https://graphql.zeepki.st/"
[Info   :Zeepkist GTR] 20:10:50 Sending HTTP request "POST" "https://graphql.zeepki.st/"
[Info   :Zeepkist GTR] 20:10:50 Received HTTP response headers after 56.6766ms - 200
[Info   :Zeepkist GTR] 20:10:50 End processing HTTP request after 56.9177ms - 200
[Info   :Zeepkist GTR] 20:10:51 Received HTTP response headers after 558.8752ms - 404
[Info   :Zeepkist GTR] 20:10:51 End processing HTTP request after 559.1164ms - 404
[Error  :Zeepkist GTR] 20:10:51 Unable to get ghost from repository: "Result: IsSuccess='False', Reasons='ExceptionalError with Message='404 (Not Found)', Exception='System.Net.Http.HttpRequestException: 404 (Not Found)
  at System.Net.Http.HttpResponseMessage.EnsureSuccessStatusCode () [0x0002a] in <1461f1930feb4705bca8b5d7908e9fa7>:0 
  at TNRD.Zeepkist.GTR.Ghosting.Playback.GhostRepository.GetGhost (System.Int32 recordId, System.String ghostUrl) [0x0010f] in C:\a\Zeepkist.GTR.Mod\Zeepkist.GTR.Mod\Ghosting\Playback\GhostRepository.cs:53 '', "
[Info   :Zeepkist GTR] 20:10:52 Starting recorder
[Info   :Zeepkist GTR] 20:11:06 Loading personal best...
[Info   :Zeepkist GTR] 20:11:06 Start processing HTTP request "POST" "https://graphql.zeepki.st/"
[Info   :Zeepkist GTR] 20:11:06 Sending HTTP request "POST" "https://graphql.zeepki.st/"
[Info   :Zeepkist GTR] 20:11:06 Stopping existing recorder if any
[Info   :Zeepkist GTR] 20:11:06 Creating new recorder
[Info   :Zeepkist GTR] 20:11:06 Start processing HTTP request "POST" "https://graphql.zeepki.st/"
[Info   :Zeepkist GTR] 20:11:06 Sending HTTP request "POST" "https://graphql.zeepki.st/"
[Info   :Zeepkist GTR] 20:11:06 Start processing HTTP request "POST" "https://graphql.zeepki.st/"
[Info   :Zeepkist GTR] 20:11:06 Sending HTTP request "POST" "https://graphql.zeepki.st/"
[Info   :Zeepkist GTR] 20:11:06 Received HTTP response headers after 76.3691ms - 200
[Info   :Zeepkist GTR] 20:11:06 Received HTTP response headers after 75.8984ms - 200
[Info   :Zeepkist GTR] 20:11:06 End processing HTTP request after 76.6216ms - 200
[Info   :Zeepkist GTR] 20:11:06 End processing HTTP request after 76.1552ms - 200
[Info   :Zeepkist GTR] 20:11:06 Start processing HTTP request "GET" "https://cdn.zeepki.st/ghosts/01KT7AWNQENX40ENZGE1XDTGH2.bin"
[Info   :Zeepkist GTR] 20:11:06 Sending HTTP request "GET" "https://cdn.zeepki.st/ghosts/01KT7AWNQENX40ENZGE1XDTGH2.bin"
[Info   :Zeepkist GTR] 20:11:06 Received HTTP response headers after 15.7325ms - 404
[Info   :Zeepkist GTR] 20:11:06 End processing HTTP request after 15.9623ms - 404
[Info   :Zeepkist GTR] 20:11:06 Received HTTP response headers after 140.3322ms - 200
[Info   :Zeepkist GTR] 20:11:06 End processing HTTP request after 140.5549ms - 200
[Error  :Zeepkist GTR] 20:11:06 Unable to get ghost from repository: "Result: IsSuccess='False', Reasons='ExceptionalError with Message='404 (Not Found)', Exception='System.Net.Http.HttpRequestException: 404 (Not Found)
  at System.Net.Http.HttpResponseMessage.EnsureSuccessStatusCode () [0x0002a] in <1461f1930feb4705bca8b5d7908e9fa7>:0 
  at TNRD.Zeepkist.GTR.Ghosting.Playback.GhostRepository.GetGhost (System.Int32 recordId, System.String ghostUrl) [0x0010f] in C:\a\Zeepkist.GTR.Mod\Zeepkist.GTR.Mod\Ghosting\Playback\GhostRepository.cs:53 '', "
[Info   :Zeepkist GTR] 20:11:06 Start processing HTTP request "POST" "https://graphql.zeepki.st/"
[Info   :Zeepkist GTR] 20:11:06 Sending HTTP request "POST" "https://graphql.zeepki.st/"
[Info   :Zeepkist GTR] 20:11:06 Received HTTP response headers after 59.8128ms - 200
[Info   :Zeepkist GTR] 20:11:06 End processing HTTP request after 60.0497ms - 200
[Info   :Zeepkist GTR] 20:11:08 Starting recorder
[Info   :Zeepkist GTR] 20:11:29 Stopping recorder
[Info   :Zeepkist GTR] 20:11:29 Collecting extra information
[Info   :Zeepkist GTR] 20:11:29 Processing ghost data
[Info   :Zeepkist GTR] 20:11:29 Creating stream
[Info   :Zeepkist GTR] 20:11:29 Writing to stream
[Info   :Zeepkist GTR] 20:11:29 Closing stream
[Info   :Zeepkist GTR] 20:11:29 Getting buffer
[Info   :Zeepkist GTR] 20:11:29 Converting to base64
[Info   :Zeepkist GTR] 20:11:29 Creating resource
[Info   :Zeepkist GTR] 20:11:29 Start processing HTTP request "POST" "https://backend.zeepki.st/auth/refresh"
[Info   :Zeepkist GTR] 20:11:29 Sending HTTP request "POST" "https://backend.zeepki.st/auth/refresh"
[Info   :Zeepkist GTR] 20:11:30 Received HTTP response headers after 733.2613ms - 200
[Info   :Zeepkist GTR] 20:11:30 End processing HTTP request after 733.4677ms - 200
[Info   :Zeepkist GTR] 20:11:30 Start processing HTTP request "POST" "https://backend.zeepki.st/record/submit"
[Info   :Zeepkist GTR] 20:11:30 Sending HTTP request "POST" "https://backend.zeepki.st/record/submit"
[Info   :Zeepkist GTR] 20:11:30 Received HTTP response headers after 228.0119ms - 200
[Info   :Zeepkist GTR] 20:11:30 End processing HTTP request after 228.2562ms - 200
[Info   :Zeepkist GTR] 20:11:40 Discarding recorder
[Info   :Zeepkist GTR] 20:11:40 Loading personal best...
[Info   :Zeepkist GTR] 20:11:40 Start processing HTTP request "POST" "https://graphql.zeepki.st/"
[Info   :Zeepkist GTR] 20:11:40 Sending HTTP request "POST" "https://graphql.zeepki.st/"
[Info   :Zeepkist GTR] 20:11:40 Stopping existing recorder if any
[Info   :Zeepkist GTR] 20:11:40 Creating new recorder
[Info   :Zeepkist GTR] 20:11:40 Start processing HTTP request "POST" "https://graphql.zeepki.st/"
[Info   :Zeepkist GTR] 20:11:40 Sending HTTP request "POST" "https://graphql.zeepki.st/"
[Info   :Zeepkist GTR] 20:11:40 Start processing HTTP request "POST" "https://graphql.zeepki.st/"
[Info   :Zeepkist GTR] 20:11:40 Sending HTTP request "POST" "https://graphql.zeepki.st/"
[Info   :Zeepkist GTR] 20:11:40 Received HTTP response headers after 82.2644ms - 200
[Info   :Zeepkist GTR] 20:11:40 Received HTTP response headers after 81.7409ms - 200
[Info   :Zeepkist GTR] 20:11:40 End processing HTTP request after 82.5058ms - 200
[Info   :Zeepkist GTR] 20:11:40 End processing HTTP request after 82.0108ms - 200
[Info   :Zeepkist GTR] 20:11:40 Start processing HTTP request "GET" "https://cdn.zeepki.st/ghosts/01KT7AXXBZ2JPDAVGCRA7NARAY.bin"
[Info   :Zeepkist GTR] 20:11:40 Sending HTTP request "GET" "https://cdn.zeepki.st/ghosts/01KT7AXXBZ2JPDAVGCRA7NARAY.bin"
[Info   :Zeepkist GTR] 20:11:40 Received HTTP response headers after 148.246ms - 200
[Info   :Zeepkist GTR] 20:11:40 End processing HTTP request after 148.4888ms - 200
[Info   :Zeepkist GTR] 20:11:40 Start processing HTTP request "POST" "https://graphql.zeepki.st/"
[Info   :Zeepkist GTR] 20:11:40 Sending HTTP request "POST" "https://graphql.zeepki.st/"
[Info   :Zeepkist GTR] 20:11:40 Received HTTP response headers after 62.9458ms - 200
[Info   :Zeepkist GTR] 20:11:40 End processing HTTP request after 63.1797ms - 200
[Info   :Zeepkist GTR] 20:11:41 Received HTTP response headers after 560.0315ms - 200
[Info   :Zeepkist GTR] 20:11:41 End processing HTTP request after 560.2767ms - 200
[Info   :Zeepkist GTR] 20:11:41 Ghost version: 5
[Info   :BetterSplits] getting gtr splits
[Info   :Zeepkist GTR] 20:11:55 Loading personal best...
[Info   :Zeepkist GTR] 20:11:55 Start processing HTTP request "POST" "https://graphql.zeepki.st/"
[Info   :Zeepkist GTR] 20:11:55 Sending HTTP request "POST" "https://graphql.zeepki.st/"
[Info   :Zeepkist GTR] 20:11:55 Stopping existing recorder if any
[Info   :Zeepkist GTR] 20:11:55 Creating new recorder
[Info   :Zeepkist GTR] 20:11:55 Start processing HTTP request "POST" "https://graphql.zeepki.st/"
[Info   :Zeepkist GTR] 20:11:55 Sending HTTP request "POST" "https://graphql.zeepki.st/"
[Info   :Zeepkist GTR] 20:11:55 Start processing HTTP request "POST" "https://graphql.zeepki.st/"
[Info   :Zeepkist GTR] 20:11:55 Sending HTTP request "POST" "https://graphql.zeepki.st/"
[Error  :BetterSplits] could not get splits
Response: StatusCode: 400, ReasonPhrase: 'Bad Request', Version: 1.1, Content: System.Net.Http.StreamContent, Headers:
{
Date: Wed, 03 Jun 2026 18:11:56 GMT
Connection: keep-alive
access-control-allow-headers: Origin, X-Requested-With, Accept, Authorization, X-Apollo-Tracing, Content-Type, Content-Length, X-PostGraphile-Explain
access-control-allow-methods: HEAD, GET, POST
access-control-allow-origin: *
access-control-expose-headers: X-GraphQL-Event-Stream
alt-svc: h3=":443"; ma=86400
vary: Origin
via: 1.1 Caddy
x-graphql-event-stream: /stream
x-query-cost: 115
cf-cache-status: DYNAMIC
x-xss-protection: 1; mode=block
Strict-Transport-Security: max-age=15552000; includeSubDomains; preload
x-content-type-options: nosniff
Server-Timing: cfCacheStatus;desc="DYNAMIC", cfEdge;dur=5,cfOrigin;dur=75
Report-To: {"group":"cf-nel","max_age":604800,"endpoints":[{"url":"https://a.nel.cloudflare.com/report/v4?s=jvBByGCkeJtuo7kkMLw7NkA%2FdT%2B2Tg%2BnsqOaD%2BCoXbpWO9pXoSeGGj8WjQRQokoni7FmtERtMKj%2FBuA4sqCmgfxcc9hJ1EKXYGtj%2FxMfJEs0D6mImmdnorGB8vh6sLuD4HsoOA%3D%3D"}]}
Nel: {"report_to":"cf-nel","success_fraction":0.0,"max_age":604800}
expect-ct: max-age=86400, enforce
referrer-policy: same-origin
x-frame-options: SAMEORIGIN
Server: cloudflare
CF-RAY: a060a9c328dae93f-MAD
Content-Type: application/json; charset=utf-8
Content-Length: 172
} 
Content: {"errors":[{"message":"Cannot query field \"personalBestGlobalsByIdLevel\" on type \"Level\". Did you mean \"personalBestGlobals\"?","locations":[{"line":1,"column":87}]}]}
Url: https://graphql.zeepki.st
Request: {"query":"query BetterSplitsPB($hash: String!, $steamId: BigFloat) { levelByHash(hash: $hash) { personalBestGlobalsByIdLevel(filter: {userByIdUser: {steamId: {equalTo: $steamId}}}) { nodes { recordByIdRecord { speeds splits time }}}}}","variables":{"hash":"AE1895B982DC6EDB904CA8ECB525B894C164BA8B-3","steamId":"76561197972890120"}}
[Info   :Zeepkist GTR] 20:11:55 Received HTTP response headers after 110.8538ms - 200
[Info   :Zeepkist GTR] 20:11:55 End processing HTTP request after 111.1611ms - 200
[Info   :Zeepkist GTR] 20:11:55 Received HTTP response headers after 129.6084ms - 200
[Info   :Zeepkist GTR] 20:11:55 End processing HTTP request after 129.8612ms - 200
[Info   :Zeepkist GTR] 20:11:55 Ghost version: 5
[Info   :Zeepkist GTR] 20:11:55 Received HTTP response headers after 308.7843ms - 200
[Info   :Zeepkist GTR] 20:11:55 End processing HTTP request after 308.9983ms - 200
[Info   :Zeepkist GTR] 20:11:55 Start processing HTTP request "POST" "https://graphql.zeepki.st/"
[Info   :Zeepkist GTR] 20:11:55 Sending HTTP request "POST" "https://graphql.zeepki.st/"
[Info   :Zeepkist GTR] 20:11:55 Received HTTP response headers after 118.3978ms - 200
[Info   :Zeepkist GTR] 20:11:55 End processing HTTP request after 118.628ms - 200
[Info   :Zeepkist GTR] 20:11:56 Starting recorder
[Info   :COTDTracker] Starting cup with exclude list: 
[Info   :Zeepkist GTR] 20:12:00 Discarding recorder
[Info   :COTDTracker] Doing eliminations with leaderboard:
[Info   :COTDTracker] Player aizpun: Time: DNF
[Info   :COTDTracker] Player justMaki: Time: DNF
[Info   :COTDTracker] Player Lexer: Time: DNF
[Info   :COTDTracker] Player PlusMicron: Time: DNF
[Info   :COTDTracker] Player [CSC]Tommygaming: Time: DNF
[Info   :COTDTracker] Player Six: Time: DNF
[Info   :COTDTracker] Player brrryy: Time: DNF
[Info   :COTDTracker] Player Mμ: Time: DNF
[Info   :COTDTracker] Player Shattersmith: Time: DNF
[Info   :COTDTracker] Player Diabler: Time: DNF
[Info   :COTDTracker] Player Minkus: Time: DNF
[Info   :COTDTracker] Player Matic_D: Time: DNF
[Info   :COTDTracker] Player RoundNzt: Time: DNF
[Info   :COTDTracker] Player dtmittens: Time: DNF
[Info   :COTDTracker] Player Waaksaam: Time: DNF
[Info   :COTDTracker] Player Hi Im Yolo: Time: DNF
[Info   :COTDTracker] Player timesprout: Time: DNF
[Info   :COTDTracker] Player Noxitu: Time: DNF
[Info   :COTDTracker] Player CaptainD54321 (they/she): Time: DNF
[Info   :COTDTracker] Player ping: Time: DNF
[Info   :COTDTracker] Player [SLOW]Zeus: Time: DNF
[Info   :COTDTracker] Player [CCC]Shinikage221: Time: DNF
[Info   :COTDTracker] Player pannekoekbijter: Time: DNF
[Info   :COTDTracker] Player JakeAdjacent: Time: DNF
[Info   :COTDTracker] Player 𝒱V𝑜o𝒾i𝒹d𝒱: Time: DNF
[Info   :COTDTracker] Player [CSC]AndMe17: Time: DNF
[Info   :COTDTracker] Player [ERR]ferinine: Time: DNF
[Info   :COTDTracker] Player Eclipse135: Time: DNF
[Info   :COTDTracker] Player [CSC]IronDragon111000: Time: DNF
[Info   :COTDTracker] Player Orb Bee Bob: Time: DNF
[Info   :COTDTracker] Player SuperHeavy: Time: DNF
[Info   :COTDTracker] Player [Buny]Lunarbunny: Time: DNF
[Info   :COTDTracker] Player [KURK] Quickracer10: Time: DNF
[Info   :COTDTracker] Player Tudge Boat: Time: DNF
[Info   :COTDTracker] Player [CTR] Sandals: Time: DNF
[Info   :COTDTracker] Player Warsnac: Time: DNF
[Info   :BetterSplits] getting gtr splits
[Info   :Zeepkist GTR] 20:12:15 Loading personal best...
[Info   :Zeepkist GTR] 20:12:15 Start processing HTTP request "POST" "https://graphql.zeepki.st/"
[Info   :Zeepkist GTR] 20:12:15 Sending HTTP request "POST" "https://graphql.zeepki.st/"
[Info   :Zeepkist GTR] 20:12:15 Stopping existing recorder if any
[Info   :Zeepkist GTR] 20:12:15 Creating new recorder
[Info   :Zeepkist GTR] 20:12:15 Start processing HTTP request "POST" "https://graphql.zeepki.st/"
[Info   :Zeepkist GTR] 20:12:15 Sending HTTP request "POST" "https://graphql.zeepki.st/"
[Info   :Zeepkist GTR] 20:12:15 Start processing HTTP request "POST" "https://graphql.zeepki.st/"
[Info   :Zeepkist GTR] 20:12:15 Sending HTTP request "POST" "https://graphql.zeepki.st/"
[Error  :BetterSplits] could not get splits
Response: StatusCode: 400, ReasonPhrase: 'Bad Request', Version: 1.1, Content: System.Net.Http.StreamContent, Headers:
{
Date: Wed, 03 Jun 2026 18:12:16 GMT
Connection: keep-alive
access-control-allow-headers: Origin, X-Requested-With, Accept, Authorization, X-Apollo-Tracing, Content-Type, Content-Length, X-PostGraphile-Explain
access-control-allow-methods: HEAD, GET, POST
access-control-allow-origin: *
access-control-expose-headers: X-GraphQL-Event-Stream
alt-svc: h3=":443"; ma=86400
vary: Origin
via: 1.1 Caddy
x-graphql-event-stream: /stream
x-query-cost: 115
cf-cache-status: DYNAMIC
x-xss-protection: 1; mode=block
Strict-Transport-Security: max-age=15552000; includeSubDomains; preload
x-content-type-options: nosniff
Server-Timing: cfCacheStatus;desc="DYNAMIC", cfEdge;dur=3,cfOrigin;dur=41
Report-To: {"group":"cf-nel","max_age":604800,"endpoints":[{"url":"https://a.nel.cloudflare.com/report/v4?s=uSo088RB%2BQ1xdD26OaXY5nPnxbkyKxvP6LmJLajLFgCIKm%2BwtSjwuzZKYV1bW8cKUK6mdKRAfFoCQhIPqc8%2FfadjMSV56WItxMAYbJqt4XuZTB8bCR5L6Tj6fpKehfpcgKjV1g%3D%3D"}]}
Nel: {"report_to":"cf-nel","success_fraction":0.0,"max_age":604800}
expect-ct: max-age=86400, enforce
referrer-policy: same-origin
x-frame-options: SAMEORIGIN
Server: cloudflare
CF-RAY: a060aa411b49e93f-MAD
Content-Type: application/json; charset=utf-8
Content-Length: 172
} 
Content: {"errors":[{"message":"Cannot query field \"personalBestGlobalsByIdLevel\" on type \"Level\". Did you mean \"personalBestGlobals\"?","locations":[{"line":1,"column":87}]}]}
Url: https://graphql.zeepki.st
Request: {"query":"query BetterSplitsPB($hash: String!, $steamId: BigFloat) { levelByHash(hash: $hash) { personalBestGlobalsByIdLevel(filter: {userByIdUser: {steamId: {equalTo: $steamId}}}) { nodes { recordByIdRecord { speeds splits time }}}}}","variables":{"hash":"AE1895B982DC6EDB904CA8ECB525B894C164BA8B-3","steamId":"76561197972890120"}}
[Info   :Zeepkist GTR] 20:12:15 Received HTTP response headers after 63.2782ms - 200
[Info   :Zeepkist GTR] 20:12:15 End processing HTTP request after 63.5039ms - 200
[Info   :Zeepkist GTR] 20:12:15 Received HTTP response headers after 84.5214ms - 200
[Info   :Zeepkist GTR] 20:12:15 End processing HTTP request after 84.7475ms - 200
[Info   :Zeepkist GTR] 20:12:15 Ghost version: 5
[Info   :Zeepkist GTR] 20:12:15 Received HTTP response headers after 441.2469ms - 200
[Info   :Zeepkist GTR] 20:12:15 End processing HTTP request after 441.4675ms - 200
[Info   :Zeepkist GTR] 20:12:15 Start processing HTTP request "POST" "https://graphql.zeepki.st/"
[Info   :Zeepkist GTR] 20:12:15 Sending HTTP request "POST" "https://graphql.zeepki.st/"
[Info   :Zeepkist GTR] 20:12:15 Received HTTP response headers after 82.3451ms - 200
[Info   :Zeepkist GTR] 20:12:15 End processing HTTP request after 82.5951ms - 200
[Info   :Zeepkist GTR] 20:12:16 Starting recorder
[Info   :Zeepkist GTR] 20:12:38 Stopping recorder
[Info   :Zeepkist GTR] 20:12:38 Collecting extra information
[Info   :Zeepkist GTR] 20:12:38 Processing ghost data
[Info   :Zeepkist GTR] 20:12:38 Creating stream
[Info   :Zeepkist GTR] 20:12:38 Writing to stream
[Info   :Zeepkist GTR] 20:12:38 Closing stream
[Info   :Zeepkist GTR] 20:12:38 Getting buffer
[Info   :Zeepkist GTR] 20:12:38 Converting to base64
[Info   :Zeepkist GTR] 20:12:38 Creating resource
[Info   :Zeepkist GTR] 20:12:38 Start processing HTTP request "POST" "https://backend.zeepki.st/auth/refresh"
[Info   :Zeepkist GTR] 20:12:38 Sending HTTP request "POST" "https://backend.zeepki.st/auth/refresh"
[Info   :Zeepkist GTR] 20:12:40 Loading personal best...
[Info   :Zeepkist GTR] 20:12:40 Start processing HTTP request "POST" "https://graphql.zeepki.st/"
[Info   :Zeepkist GTR] 20:12:40 Sending HTTP request "POST" "https://graphql.zeepki.st/"
[Info   :Zeepkist GTR] 20:12:40 Stopping existing recorder if any
[Info   :Zeepkist GTR] 20:12:40 Creating new recorder
[Info   :Zeepkist GTR] 20:12:40 Start processing HTTP request "POST" "https://graphql.zeepki.st/"
[Info   :Zeepkist GTR] 20:12:40 Sending HTTP request "POST" "https://graphql.zeepki.st/"
[Info   :Zeepkist GTR] 20:12:40 Start processing HTTP request "POST" "https://graphql.zeepki.st/"
[Info   :Zeepkist GTR] 20:12:40 Sending HTTP request "POST" "https://graphql.zeepki.st/"
[Info   :Zeepkist GTR] 20:12:40 Received HTTP response headers after 64.5556ms - 200
[Info   :Zeepkist GTR] 20:12:40 End processing HTTP request after 64.7977ms - 200
[Info   :Zeepkist GTR] 20:12:40 Received HTTP response headers after 71.0178ms - 200
[Info   :Zeepkist GTR] 20:12:40 End processing HTTP request after 71.2383ms - 200
[Info   :Zeepkist GTR] 20:12:40 Ghost version: 5
[Info   :Zeepkist GTR] 20:12:40 Received HTTP response headers after 130.037ms - 200
[Info   :Zeepkist GTR] 20:12:40 End processing HTTP request after 130.2953ms - 200
[Info   :Zeepkist GTR] 20:12:40 Start processing HTTP request "POST" "https://graphql.zeepki.st/"
[Info   :Zeepkist GTR] 20:12:40 Sending HTTP request "POST" "https://graphql.zeepki.st/"
[Info   :Zeepkist GTR] 20:12:40 Received HTTP response headers after 62.4679ms - 200
[Info   :Zeepkist GTR] 20:12:40 End processing HTTP request after 62.7166ms - 200
[Info   :Zeepkist GTR] 20:12:40 Received HTTP response headers after 1843.631ms - 200
[Info   :Zeepkist GTR] 20:12:40 End processing HTTP request after 1843.8935ms - 200
[Info   :Zeepkist GTR] 20:12:40 Start processing HTTP request "POST" "https://backend.zeepki.st/record/submit"
[Info   :Zeepkist GTR] 20:12:40 Sending HTTP request "POST" "https://backend.zeepki.st/record/submit"
[Info   :Zeepkist GTR] 20:12:40 Received HTTP response headers after 376.253ms - 200
[Info   :Zeepkist GTR] 20:12:40 End processing HTTP request after 376.4948ms - 200
[Info   :Zeepkist GTR] 20:12:41 Starting recorder
[Info   :Zeepkist GTR] 20:13:03 Stopping recorder
[Info   :Zeepkist GTR] 20:13:03 Collecting extra information
[Info   :Zeepkist GTR] 20:13:03 Processing ghost data
[Info   :Zeepkist GTR] 20:13:03 Creating stream
[Info   :Zeepkist GTR] 20:13:03 Writing to stream
[Info   :Zeepkist GTR] 20:13:03 Closing stream
[Info   :Zeepkist GTR] 20:13:03 Getting buffer
[Info   :Zeepkist GTR] 20:13:03 Converting to base64
[Info   :Zeepkist GTR] 20:13:03 Creating resource
[Info   :Zeepkist GTR] 20:13:03 Start processing HTTP request "POST" "https://backend.zeepki.st/auth/refresh"
[Info   :Zeepkist GTR] 20:13:03 Sending HTTP request "POST" "https://backend.zeepki.st/auth/refresh"
[Info   :Zeepkist GTR] 20:13:03 Received HTTP response headers after 352.289ms - 200
[Info   :Zeepkist GTR] 20:13:03 End processing HTTP request after 352.5081ms - 200
[Info   :Zeepkist GTR] 20:13:03 Start processing HTTP request "POST" "https://backend.zeepki.st/record/submit"
[Info   :Zeepkist GTR] 20:13:03 Sending HTTP request "POST" "https://backend.zeepki.st/record/submit"
[Info   :Zeepkist GTR] 20:13:04 Received HTTP response headers after 157.0175ms - 200
[Info   :Zeepkist GTR] 20:13:04 End processing HTTP request after 157.252ms - 200
[Info   :Zeepkist GTR] 20:13:05 Loading personal best...
[Info   :Zeepkist GTR] 20:13:05 Start processing HTTP request "POST" "https://graphql.zeepki.st/"
[Info   :Zeepkist GTR] 20:13:05 Sending HTTP request "POST" "https://graphql.zeepki.st/"
[Info   :Zeepkist GTR] 20:13:05 Stopping existing recorder if any
[Info   :Zeepkist GTR] 20:13:05 Creating new recorder
[Info   :Zeepkist GTR] 20:13:05 Start processing HTTP request "POST" "https://graphql.zeepki.st/"
[Info   :Zeepkist GTR] 20:13:05 Sending HTTP request "POST" "https://graphql.zeepki.st/"
[Info   :Zeepkist GTR] 20:13:05 Start processing HTTP request "POST" "https://graphql.zeepki.st/"
[Info   :Zeepkist GTR] 20:13:05 Sending HTTP request "POST" "https://graphql.zeepki.st/"
[Info   :Zeepkist GTR] 20:13:05 Received HTTP response headers after 117.8627ms - 200
[Info   :Zeepkist GTR] 20:13:05 End processing HTTP request after 118.057ms - 200
[Info   :Zeepkist GTR] 20:13:05 Received HTTP response headers after 180.3768ms - 200
[Info   :Zeepkist GTR] 20:13:05 End processing HTTP request after 180.5906ms - 200
[Info   :Zeepkist GTR] 20:13:05 Start processing HTTP request "POST" "https://graphql.zeepki.st/"
[Info   :Zeepkist GTR] 20:13:05 Sending HTTP request "POST" "https://graphql.zeepki.st/"
[Info   :Zeepkist GTR] 20:13:05 Received HTTP response headers after 219.7217ms - 200
[Info   :Zeepkist GTR] 20:13:05 End processing HTTP request after 219.9305ms - 200
[Info   :Zeepkist GTR] 20:13:05 Ghost version: 5
[Info   :Zeepkist GTR] 20:13:05 Received HTTP response headers after 61.7228ms - 200
[Info   :Zeepkist GTR] 20:13:05 End processing HTTP request after 61.9353ms - 200
[Info   :Zeepkist GTR] 20:13:06 Starting recorder
[Info   :Zeepkist GTR] 20:13:25 Discarding recorder
[Info   :COTDTracker] Running update tab leaderboard function
[Info   :COTDTracker] Running update tab leaderboard function
[Info   :COTDTracker] Running update tab leaderboard function
[Info   :COTDTracker] Doing eliminations with leaderboard:
[Info   :COTDTracker] Player [CTR] Sandals: Time: 21,1742
[Info   :COTDTracker] Player RoundNzt: Time: 21,19221
[Info   :COTDTracker] Player justMaki: Time: 21,20899
[Info   :COTDTracker] Player brrryy: Time: 21,27516
[Info   :COTDTracker] Player Shattersmith: Time: 21,30158
[Info   :COTDTracker] Player [KURK] Quickracer10: Time: 21,34514
[Info   :COTDTracker] Player JakeAdjacent: Time: 21,35641
[Info   :COTDTracker] Player Minkus: Time: 21,40034
[Info   :COTDTracker] Player [CSC]AndMe17: Time: 21,40516
[Info   :COTDTracker] Player Hi Im Yolo: Time: 21,40858
[Info   :COTDTracker] Player ping: Time: 21,45758
[Info   :COTDTracker] Player [CSC]IronDragon111000: Time: 21,46392
[Info   :COTDTracker] Player Six: Time: 21,48521
[Info   :COTDTracker] Player 𝒱V𝑜o𝒾i𝒹d𝒱: Time: 21,55412
[Info   :COTDTracker] Player Eclipse135: Time: 21,55732
[Info   :COTDTracker] Player Diabler: Time: 21,57184
[Info   :COTDTracker] Player Lexer: Time: 21,60288
[Info   :COTDTracker] Player [CSC]Tommygaming: Time: 21,60602
[Info   :COTDTracker] Player Noxitu: Time: 21,61065
[Info   :COTDTracker] Player pannekoekbijter: Time: 21,61887
[Info   :COTDTracker] Player dtmittens: Time: 21,61937
[Info   :COTDTracker] Player Matic_D: Time: 21,67531
[Info   :COTDTracker] Player aizpun: Time: 21,71076
[Info   :COTDTracker] Player Warsnac: Time: 21,80875
[Info   :COTDTracker] Player Waaksaam: Time: 21,85815
[Info   :COTDTracker] Player PlusMicron: Time: 21,86926
[Info   :COTDTracker] Player [ERR]ferinine: Time: 21,93748
[Info   :COTDTracker] Player Tudge Boat: Time: 22,00433
[Info   :COTDTracker] Player [SLOW]Zeus: Time: 22,25616
[Info   :COTDTracker] Player timesprout: Time: 22,30717
[Info   :COTDTracker] Player [CCC]Shinikage221: Time: 22,65759
[Info   :COTDTracker] Player Orb Bee Bob: Time: 22,66909
[Info   :COTDTracker] Player [Buny]Lunarbunny: Time: 22,75485
[Info   :COTDTracker] Player SuperHeavy: Time: 23,25999
[Info   :COTDTracker] Player Mμ: Time: DNF
[Info   :COTDTracker] Player CaptainD54321 (they/she): Time: DNF
[Info   :COTDTracker] Eliminating DNF: CaptainD54321 (they/she)
[Info   :COTDTracker] Eliminating DNF: Mμ
[Info   :COTDTracker] Eliminated 2 DNF players
[Info   :COTDTracker] Eliminating on time: SuperHeavy
[Info   :COTDTracker] Eliminating 3 players: 
[Info   :COTDTracker] CaptainD54321 (they/she)
[Info   :COTDTracker] Mμ
[Info   :COTDTracker] SuperHeavy
[Info   :COTDTracker] Running update tab leaderboard function
[Info   :BetterSplits] getting gtr splits
[Info   :Zeepkist GTR] 20:13:39 Loading personal best...
[Info   :Zeepkist GTR] 20:13:39 Start processing HTTP request "POST" "https://graphql.zeepki.st/"
[Info   :Zeepkist GTR] 20:13:39 Sending HTTP request "POST" "https://graphql.zeepki.st/"
[Info   :Zeepkist GTR] 20:13:39 Stopping existing recorder if any
[Info   :Zeepkist GTR] 20:13:39 Creating new recorder
[Info   :Zeepkist GTR] 20:13:39 Start processing HTTP request "POST" "https://graphql.zeepki.st/"
[Info   :Zeepkist GTR] 20:13:39 Sending HTTP request "POST" "https://graphql.zeepki.st/"
[Info   :Zeepkist GTR] 20:13:39 Start processing HTTP request "POST" "https://graphql.zeepki.st/"
[Info   :Zeepkist GTR] 20:13:39 Sending HTTP request "POST" "https://graphql.zeepki.st/"
[Error  :BetterSplits] could not get splits
Response: StatusCode: 400, ReasonPhrase: 'Bad Request', Version: 1.1, Content: System.Net.Http.StreamContent, Headers:
{
Date: Wed, 03 Jun 2026 18:13:40 GMT
Connection: keep-alive
access-control-allow-headers: Origin, X-Requested-With, Accept, Authorization, X-Apollo-Tracing, Content-Type, Content-Length, X-PostGraphile-Explain
access-control-allow-methods: HEAD, GET, POST
access-control-allow-origin: *
access-control-expose-headers: X-GraphQL-Event-Stream
alt-svc: h3=":443"; ma=86400
vary: Origin
via: 1.1 Caddy
x-graphql-event-stream: /stream
x-query-cost: 115
cf-cache-status: DYNAMIC
x-xss-protection: 1; mode=block
Strict-Transport-Security: max-age=15552000; includeSubDomains; preload
x-content-type-options: nosniff
Server-Timing: cfCacheStatus;desc="DYNAMIC", cfEdge;dur=3,cfOrigin;dur=39
Report-To: {"group":"cf-nel","max_age":604800,"endpoints":[{"url":"https://a.nel.cloudflare.com/report/v4?s=P8OGTYRdT0geko04grQRHLyn44eEhxGysOepBX%2B92rEzUG2FjG3g8oq2KtFz%2FSHtRSoJVGVH%2BWYAodNMftbr%2BKlgPAoQrZYVE%2BR2149PduWlLY%2FC%2FVdYUAC9xH0%2BitY49RSDOg%3D%3D"}]}
Nel: {"report_to":"cf-nel","success_fraction":0.0,"max_age":604800}
expect-ct: max-age=86400, enforce
referrer-policy: same-origin
x-frame-options: SAMEORIGIN
Server: cloudflare
CF-RAY: a060ac52cee5e93f-MAD
Content-Type: application/json; charset=utf-8
Content-Length: 172
} 
Content: {"errors":[{"message":"Cannot query field \"personalBestGlobalsByIdLevel\" on type \"Level\". Did you mean \"personalBestGlobals\"?","locations":[{"line":1,"column":87}]}]}
Url: https://graphql.zeepki.st
Request: {"query":"query BetterSplitsPB($hash: String!, $steamId: BigFloat) { levelByHash(hash: $hash) { personalBestGlobalsByIdLevel(filter: {userByIdUser: {steamId: {equalTo: $steamId}}}) { nodes { recordByIdRecord { speeds splits time }}}}}","variables":{"hash":"39E285FE0CEA0E8A6CB513D9629A71E4C83BE827-3","steamId":"76561197972890120"}}
[Info   :Zeepkist GTR] 20:13:40 Received HTTP response headers after 64.3894ms - 200
[Info   :Zeepkist GTR] 20:13:40 End processing HTTP request after 64.6063ms - 200
[Info   :Zeepkist GTR] 20:13:40 Received HTTP response headers after 67.0726ms - 200
[Info   :Zeepkist GTR] 20:13:40 End processing HTTP request after 67.2981ms - 200
[Info   :Zeepkist GTR] 20:13:40 Ghost version: 5
[Info   :Zeepkist GTR] 20:13:40 Received HTTP response headers after 149.8521ms - 200
[Info   :Zeepkist GTR] 20:13:40 End processing HTTP request after 150.0603ms - 200
[Info   :Zeepkist GTR] 20:13:40 Start processing HTTP request "POST" "https://graphql.zeepki.st/"
[Info   :Zeepkist GTR] 20:13:40 Sending HTTP request "POST" "https://graphql.zeepki.st/"
[Info   :Zeepkist GTR] 20:13:40 Received HTTP response headers after 80.9649ms - 200
[Info   :Zeepkist GTR] 20:13:40 End processing HTTP request after 81.2349ms - 200
[Info   :Zeepkist GTR] 20:13:41 Starting recorder
[Info   :Zeepkist GTR] 20:13:53 Loading personal best...
[Info   :Zeepkist GTR] 20:13:53 Start processing HTTP request "POST" "https://graphql.zeepki.st/"
[Info   :Zeepkist GTR] 20:13:53 Sending HTTP request "POST" "https://graphql.zeepki.st/"
[Info   :Zeepkist GTR] 20:13:53 Stopping existing recorder if any
[Info   :Zeepkist GTR] 20:13:53 Creating new recorder
[Info   :Zeepkist GTR] 20:13:53 Start processing HTTP request "POST" "https://graphql.zeepki.st/"
[Info   :Zeepkist GTR] 20:13:53 Sending HTTP request "POST" "https://graphql.zeepki.st/"
[Info   :Zeepkist GTR] 20:13:53 Start processing HTTP request "POST" "https://graphql.zeepki.st/"
[Info   :Zeepkist GTR] 20:13:53 Sending HTTP request "POST" "https://graphql.zeepki.st/"
[Info   :Zeepkist GTR] 20:13:53 Received HTTP response headers after 52.5153ms - 200
[Info   :Zeepkist GTR] 20:13:53 End processing HTTP request after 52.7365ms - 200
[Info   :Zeepkist GTR] 20:13:53 Received HTTP response headers after 55.0833ms - 200
[Info   :Zeepkist GTR] 20:13:53 End processing HTTP request after 55.2872ms - 200
[Info   :Zeepkist GTR] 20:13:53 Ghost version: 5
[Info   :Zeepkist GTR] 20:13:53 Received HTTP response headers after 114.8336ms - 200
[Info   :Zeepkist GTR] 20:13:53 End processing HTTP request after 115.0436ms - 200
[Info   :Zeepkist GTR] 20:13:53 Start processing HTTP request "POST" "https://graphql.zeepki.st/"
[Info   :Zeepkist GTR] 20:13:53 Sending HTTP request "POST" "https://graphql.zeepki.st/"
[Info   :Zeepkist GTR] 20:13:53 Received HTTP response headers after 53.9302ms - 200
[Info   :Zeepkist GTR] 20:13:53 End processing HTTP request after 54.1778ms - 200
[Info   :Zeepkist GTR] 20:13:55 Starting recorder
[Info   :Zeepkist GTR] 20:14:16 Stopping recorder
[Info   :Zeepkist GTR] 20:14:16 Collecting extra information
[Info   :Zeepkist GTR] 20:14:16 Processing ghost data
[Info   :Zeepkist GTR] 20:14:16 Creating stream
[Info   :Zeepkist GTR] 20:14:16 Writing to stream
[Info   :Zeepkist GTR] 20:14:16 Closing stream
[Info   :Zeepkist GTR] 20:14:16 Getting buffer
[Info   :Zeepkist GTR] 20:14:16 Converting to base64
[Info   :Zeepkist GTR] 20:14:16 Creating resource
[Info   :Zeepkist GTR] 20:14:16 Start processing HTTP request "POST" "https://backend.zeepki.st/auth/refresh"
[Info   :Zeepkist GTR] 20:14:16 Sending HTTP request "POST" "https://backend.zeepki.st/auth/refresh"
[Info   :Zeepkist GTR] 20:14:16 Received HTTP response headers after 215.6484ms - 200
[Info   :Zeepkist GTR] 20:14:16 End processing HTTP request after 215.8559ms - 200
[Info   :Zeepkist GTR] 20:14:16 Start processing HTTP request "POST" "https://backend.zeepki.st/record/submit"
[Info   :Zeepkist GTR] 20:14:16 Sending HTTP request "POST" "https://backend.zeepki.st/record/submit"
[Info   :Zeepkist GTR] 20:14:16 Received HTTP response headers after 78.3666ms - 200
[Info   :Zeepkist GTR] 20:14:16 End processing HTTP request after 78.6432ms - 200
[Info   :Zeepkist GTR] 20:14:17 Loading personal best...
[Info   :Zeepkist GTR] 20:14:17 Start processing HTTP request "POST" "https://graphql.zeepki.st/"
[Info   :Zeepkist GTR] 20:14:17 Sending HTTP request "POST" "https://graphql.zeepki.st/"
[Info   :Zeepkist GTR] 20:14:17 Stopping existing recorder if any
[Info   :Zeepkist GTR] 20:14:17 Creating new recorder
[Info   :Zeepkist GTR] 20:14:17 Start processing HTTP request "POST" "https://graphql.zeepki.st/"
[Info   :Zeepkist GTR] 20:14:17 Sending HTTP request "POST" "https://graphql.zeepki.st/"
[Info   :Zeepkist GTR] 20:14:17 Start processing HTTP request "POST" "https://graphql.zeepki.st/"
[Info   :Zeepkist GTR] 20:14:17 Sending HTTP request "POST" "https://graphql.zeepki.st/"
[Info   :Zeepkist GTR] 20:14:17 Received HTTP response headers after 56.6055ms - 200
[Info   :Zeepkist GTR] 20:14:17 End processing HTTP request after 56.8297ms - 200
[Info   :Zeepkist GTR] 20:14:17 Received HTTP response headers after 60.6372ms - 200
[Info   :Zeepkist GTR] 20:14:17 End processing HTTP request after 60.8483ms - 200
[Info   :Zeepkist GTR] 20:14:17 Ghost version: 5
[Info   :Zeepkist GTR] 20:14:17 Received HTTP response headers after 120.9174ms - 200
[Info   :Zeepkist GTR] 20:14:17 End processing HTTP request after 121.1484ms - 200
[Info   :Zeepkist GTR] 20:14:17 Start processing HTTP request "POST" "https://graphql.zeepki.st/"
[Info   :Zeepkist GTR] 20:14:17 Sending HTTP request "POST" "https://graphql.zeepki.st/"
[Info   :Zeepkist GTR] 20:14:18 Received HTTP response headers after 57.7123ms - 200
[Info   :Zeepkist GTR] 20:14:18 End processing HTTP request after 57.9602ms - 200
[Info   :Zeepkist GTR] 20:14:19 Starting recorder
[Info   :Zeepkist GTR] 20:14:40 Stopping recorder
[Info   :Zeepkist GTR] 20:14:40 Collecting extra information
[Info   :Zeepkist GTR] 20:14:40 Processing ghost data
[Info   :Zeepkist GTR] 20:14:40 Creating stream
[Info   :Zeepkist GTR] 20:14:40 Writing to stream
[Info   :Zeepkist GTR] 20:14:40 Closing stream
[Info   :Zeepkist GTR] 20:14:40 Getting buffer
[Info   :Zeepkist GTR] 20:14:40 Converting to base64
[Info   :Zeepkist GTR] 20:14:40 Creating resource
[Info   :Zeepkist GTR] 20:14:40 Start processing HTTP request "POST" "https://backend.zeepki.st/auth/refresh"
[Info   :Zeepkist GTR] 20:14:40 Sending HTTP request "POST" "https://backend.zeepki.st/auth/refresh"
[Info   :Zeepkist GTR] 20:14:41 Received HTTP response headers after 548.3829ms - 200
[Info   :Zeepkist GTR] 20:14:41 End processing HTTP request after 548.6177ms - 200
[Info   :Zeepkist GTR] 20:14:41 Start processing HTTP request "POST" "https://backend.zeepki.st/record/submit"
[Info   :Zeepkist GTR] 20:14:41 Sending HTTP request "POST" "https://backend.zeepki.st/record/submit"
[Info   :Zeepkist GTR] 20:14:41 Received HTTP response headers after 234.4185ms - 200
[Info   :Zeepkist GTR] 20:14:41 End processing HTTP request after 234.6586ms - 200
[Info   :Zeepkist GTR] 20:14:48 Discarding recorder
[Info   :COTDTracker] Running update tab leaderboard function
[Info   :COTDTracker] Running update tab leaderboard function
[Info   :COTDTracker] Doing eliminations with leaderboard:
[Info   :COTDTracker] Player justMaki: Time: 19,86768
[Info   :COTDTracker] Player JakeAdjacent: Time: 19,99989
[Info   :COTDTracker] Player Hi Im Yolo: Time: 20,00198
[Info   :COTDTracker] Player 𝒱V𝑜o𝒾i𝒹d𝒱: Time: 20,00831
[Info   :COTDTracker] Player Diabler: Time: 20,19975
[Info   :COTDTracker] Player Lexer: Time: 20,20126
[Info   :COTDTracker] Player [CSC]Tommygaming: Time: 20,35931
[Info   :COTDTracker] Player Minkus: Time: 20,51284
[Info   :COTDTracker] Player [CTR] Sandals: Time: 20,52835
[Info   :COTDTracker] Player pannekoekbijter: Time: 20,73086
[Info   :COTDTracker] Player Six: Time: 20,80086
[Info   :COTDTracker] Player PlusMicron: Time: 20,88316
[Info   :COTDTracker] Player [KURK] Quickracer10: Time: 20,90628
[Info   :COTDTracker] Player brrryy: Time: 20,90748
[Info   :COTDTracker] Player timesprout: Time: 20,98967
[Info   :COTDTracker] Player Eclipse135: Time: 21,04459
[Info   :COTDTracker] Player Shattersmith: Time: 21,14161
[Info   :COTDTracker] Player aizpun: Time: 21,14872
[Info   :COTDTracker] Player Matic_D: Time: 21,31879
[Info   :COTDTracker] Player ping: Time: 21,41487
[Info   :COTDTracker] Player [CSC]AndMe17: Time: 21,44352
[Info   :COTDTracker] Player [CSC]IronDragon111000: Time: 21,53507
[Info   :COTDTracker] Player Warsnac: Time: 21,73604
[Info   :COTDTracker] Player RoundNzt: Time: 21,90164
[Info   :COTDTracker] Player Tudge Boat: Time: 22,03546
[Info   :COTDTracker] Player [ERR]ferinine: Time: 22,28785
[Info   :COTDTracker] Player dtmittens: Time: 22,43049
[Info   :COTDTracker] Player Noxitu: Time: 22,52743
[Info   :COTDTracker] Player Waaksaam: Time: 23,37061
[Info   :COTDTracker] Player [CCC]Shinikage221: Time: 23,43993
[Info   :COTDTracker] Player [Buny]Lunarbunny: Time: 25,19011
[Info   :COTDTracker] Player Orb Bee Bob: Time: 25,33275
[Info   :COTDTracker] Player [SLOW]Zeus: Time: 26,25868
[Info   :COTDTracker] Eliminated 0 DNF players
[Info   :COTDTracker] Eliminating on time: [SLOW]Zeus
[Info   :COTDTracker] Eliminating on time: Orb Bee Bob
[Info   :COTDTracker] Eliminating on time: [Buny]Lunarbunny
[Info   :COTDTracker] Eliminating 3 players: 
[Info   :COTDTracker] [SLOW]Zeus
[Info   :COTDTracker] Orb Bee Bob
[Info   :COTDTracker] [Buny]Lunarbunny
[Info   :COTDTracker] Running update tab leaderboard function
[Info   :COTDTracker] Running update tab leaderboard function
[Info   :COTDTracker] Running update tab leaderboard function
[Info   :COTDTracker] Running update tab leaderboard function
[Info   :BetterSplits] getting gtr splits
[Info   :Zeepkist GTR] 20:15:03 Loading personal best...
[Info   :Zeepkist GTR] 20:15:03 Start processing HTTP request "POST" "https://graphql.zeepki.st/"
[Info   :Zeepkist GTR] 20:15:03 Sending HTTP request "POST" "https://graphql.zeepki.st/"
[Info   :Zeepkist GTR] 20:15:03 Stopping existing recorder if any
[Info   :Zeepkist GTR] 20:15:03 Creating new recorder
[Info   :Zeepkist GTR] 20:15:03 Start processing HTTP request "POST" "https://graphql.zeepki.st/"
[Info   :Zeepkist GTR] 20:15:03 Sending HTTP request "POST" "https://graphql.zeepki.st/"
[Info   :Zeepkist GTR] 20:15:03 Start processing HTTP request "POST" "https://graphql.zeepki.st/"
[Info   :Zeepkist GTR] 20:15:03 Sending HTTP request "POST" "https://graphql.zeepki.st/"
[Error  :BetterSplits] could not get splits
Response: StatusCode: 400, ReasonPhrase: 'Bad Request', Version: 1.1, Content: System.Net.Http.StreamContent, Headers:
{
Date: Wed, 03 Jun 2026 18:15:04 GMT
Connection: keep-alive
access-control-allow-headers: Origin, X-Requested-With, Accept, Authorization, X-Apollo-Tracing, Content-Type, Content-Length, X-PostGraphile-Explain
access-control-allow-methods: HEAD, GET, POST
access-control-allow-origin: *
access-control-expose-headers: X-GraphQL-Event-Stream
alt-svc: h3=":443"; ma=86400
vary: Origin
via: 1.1 Caddy
x-graphql-event-stream: /stream
x-query-cost: 115
cf-cache-status: DYNAMIC
x-xss-protection: 1; mode=block
Strict-Transport-Security: max-age=15552000; includeSubDomains; preload
x-content-type-options: nosniff
Server-Timing: cfCacheStatus;desc="DYNAMIC", cfEdge;dur=7,cfOrigin;dur=41
Report-To: {"group":"cf-nel","max_age":604800,"endpoints":[{"url":"https://a.nel.cloudflare.com/report/v4?s=BC5%2Bkakd%2B%2B3SbYt0PS71k84nfzwOOgkT%2BYNqDhY4%2BYUozyGFVbeoyuxcMaHRzE%2Fn2rSvDX8XwK0OiaiqAmH%2F5EijTu7F592tPFwEjm%2BoQ3Hxmcf4XSzPS6gdaNt7SoUZslM4JQ%3D%3D"}]}
Nel: {"report_to":"cf-nel","success_fraction":0.0,"max_age":604800}
expect-ct: max-age=86400, enforce
referrer-policy: same-origin
x-frame-options: SAMEORIGIN
Server: cloudflare
CF-RAY: a060ae5b5ad0e93f-MAD
Content-Type: application/json; charset=utf-8
Content-Length: 172
} 
Content: {"errors":[{"message":"Cannot query field \"personalBestGlobalsByIdLevel\" on type \"Level\". Did you mean \"personalBestGlobals\"?","locations":[{"line":1,"column":87}]}]}
Url: https://graphql.zeepki.st
Request: {"query":"query BetterSplitsPB($hash: String!, $steamId: BigFloat) { levelByHash(hash: $hash) { personalBestGlobalsByIdLevel(filter: {userByIdUser: {steamId: {equalTo: $steamId}}}) { nodes { recordByIdRecord { speeds splits time }}}}}","variables":{"hash":"AE1895B982DC6EDB904CA8ECB525B894C164BA8B-3","steamId":"76561197972890120"}}
[Info   :Zeepkist GTR] 20:15:03 Received HTTP response headers after 114.2086ms - 200
[Info   :Zeepkist GTR] 20:15:03 End processing HTTP request after 114.4899ms - 200
[Info   :Zeepkist GTR] 20:15:03 Received HTTP response headers after 118.6306ms - 200
[Info   :Zeepkist GTR] 20:15:03 End processing HTTP request after 118.9046ms - 200
[Info   :Zeepkist GTR] 20:15:03 Ghost version: 5
[Info   :Zeepkist GTR] 20:15:03 Received HTTP response headers after 182.8011ms - 200
[Info   :Zeepkist GTR] 20:15:03 End processing HTTP request after 183.0142ms - 200
[Info   :Zeepkist GTR] 20:15:03 Start processing HTTP request "POST" "https://graphql.zeepki.st/"
[Info   :Zeepkist GTR] 20:15:03 Sending HTTP request "POST" "https://graphql.zeepki.st/"
[Info   :Zeepkist GTR] 20:15:03 Received HTTP response headers after 137.2614ms - 200
[Info   :Zeepkist GTR] 20:15:03 End processing HTTP request after 137.5071ms - 200
[Info   :Zeepkist GTR] 20:15:04 Starting recorder
[Info   :COTDTracker] Checking joined player Koekje100 with steamID 76561199496863053
[Info   :Zeepkist GTR] 20:15:26 Stopping recorder
[Info   :Zeepkist GTR] 20:15:26 Collecting extra information
[Info   :Zeepkist GTR] 20:15:26 Processing ghost data
[Info   :Zeepkist GTR] 20:15:26 Creating stream
[Info   :Zeepkist GTR] 20:15:26 Writing to stream
[Info   :Zeepkist GTR] 20:15:26 Closing stream
[Info   :Zeepkist GTR] 20:15:26 Getting buffer
[Info   :Zeepkist GTR] 20:15:26 Converting to base64
[Info   :Zeepkist GTR] 20:15:26 Creating resource
[Info   :Zeepkist GTR] 20:15:26 Start processing HTTP request "POST" "https://backend.zeepki.st/auth/refresh"
[Info   :Zeepkist GTR] 20:15:26 Sending HTTP request "POST" "https://backend.zeepki.st/auth/refresh"
[Info   :Zeepkist GTR] 20:15:28 Loading personal best...
[Info   :Zeepkist GTR] 20:15:28 Start processing HTTP request "POST" "https://graphql.zeepki.st/"
[Info   :Zeepkist GTR] 20:15:28 Sending HTTP request "POST" "https://graphql.zeepki.st/"
[Info   :Zeepkist GTR] 20:15:28 Stopping existing recorder if any
[Info   :Zeepkist GTR] 20:15:28 Creating new recorder
[Info   :Zeepkist GTR] 20:15:28 Start processing HTTP request "POST" "https://graphql.zeepki.st/"
[Info   :Zeepkist GTR] 20:15:28 Sending HTTP request "POST" "https://graphql.zeepki.st/"
[Info   :Zeepkist GTR] 20:15:28 Start processing HTTP request "POST" "https://graphql.zeepki.st/"
[Info   :Zeepkist GTR] 20:15:28 Sending HTTP request "POST" "https://graphql.zeepki.st/"
[Info   :Zeepkist GTR] 20:15:28 Received HTTP response headers after 97.6135ms - 200
[Info   :Zeepkist GTR] 20:15:28 End processing HTTP request after 97.8872ms - 200
[Info   :Zeepkist GTR] 20:15:28 Received HTTP response headers after 104.0343ms - 200
[Info   :Zeepkist GTR] 20:15:28 End processing HTTP request after 104.3153ms - 200
[Info   :Zeepkist GTR] 20:15:28 Ghost version: 5
[Info   :Zeepkist GTR] 20:15:28 Received HTTP response headers after 259.2599ms - 200
[Info   :Zeepkist GTR] 20:15:28 End processing HTTP request after 259.5111ms - 200
[Info   :Zeepkist GTR] 20:15:28 Start processing HTTP request "POST" "https://graphql.zeepki.st/"
[Info   :Zeepkist GTR] 20:15:28 Sending HTTP request "POST" "https://graphql.zeepki.st/"
[Info   :Zeepkist GTR] 20:15:28 Received HTTP response headers after 57.5235ms - 200
[Info   :Zeepkist GTR] 20:15:28 End processing HTTP request after 57.7641ms - 200
[Info   :Zeepkist GTR] 20:15:29 Received HTTP response headers after 2695.6826ms - 200
[Info   :Zeepkist GTR] 20:15:29 End processing HTTP request after 2695.9114ms - 200
[Info   :Zeepkist GTR] 20:15:29 Start processing HTTP request "POST" "https://backend.zeepki.st/record/submit"
[Info   :Zeepkist GTR] 20:15:29 Sending HTTP request "POST" "https://backend.zeepki.st/record/submit"
[Info   :Zeepkist GTR] 20:15:29 Received HTTP response headers after 111.5419ms - 200
[Info   :Zeepkist GTR] 20:15:29 End processing HTTP request after 111.8124ms - 200
[Info   :Zeepkist GTR] 20:15:30 Starting recorder
[Info   :Zeepkist GTR] 20:15:36 Loading personal best...
[Info   :Zeepkist GTR] 20:15:36 Start processing HTTP request "POST" "https://graphql.zeepki.st/"
[Info   :Zeepkist GTR] 20:15:36 Sending HTTP request "POST" "https://graphql.zeepki.st/"
[Info   :Zeepkist GTR] 20:15:36 Stopping existing recorder if any
[Info   :Zeepkist GTR] 20:15:36 Creating new recorder
[Info   :Zeepkist GTR] 20:15:36 Start processing HTTP request "POST" "https://graphql.zeepki.st/"
[Info   :Zeepkist GTR] 20:15:36 Sending HTTP request "POST" "https://graphql.zeepki.st/"
[Info   :Zeepkist GTR] 20:15:36 Start processing HTTP request "POST" "https://graphql.zeepki.st/"
[Info   :Zeepkist GTR] 20:15:36 Sending HTTP request "POST" "https://graphql.zeepki.st/"
[Info   :Zeepkist GTR] 20:15:36 Received HTTP response headers after 75.6643ms - 200
[Info   :Zeepkist GTR] 20:15:36 End processing HTTP request after 75.9036ms - 200
[Info   :Zeepkist GTR] 20:15:36 Received HTTP response headers after 76.5159ms - 200
[Info   :Zeepkist GTR] 20:15:36 End processing HTTP request after 76.7039ms - 200
[Info   :Zeepkist GTR] 20:15:36 Start processing HTTP request "GET" "https://cdn.zeepki.st/ghosts/01KT7B56QVZ8APQCZ1VZ6CHET1.bin"
[Info   :Zeepkist GTR] 20:15:36 Sending HTTP request "GET" "https://cdn.zeepki.st/ghosts/01KT7B56QVZ8APQCZ1VZ6CHET1.bin"
[Info   :Zeepkist GTR] 20:15:36 Received HTTP response headers after 134.8087ms - 200
[Info   :Zeepkist GTR] 20:15:36 End processing HTTP request after 135.0247ms - 200
[Info   :Zeepkist GTR] 20:15:36 Start processing HTTP request "POST" "https://graphql.zeepki.st/"
[Info   :Zeepkist GTR] 20:15:36 Sending HTTP request "POST" "https://graphql.zeepki.st/"
[Info   :Zeepkist GTR] 20:15:36 Received HTTP response headers after 57.8682ms - 200
[Info   :Zeepkist GTR] 20:15:36 End processing HTTP request after 58.1142ms - 200
[Info   :Zeepkist GTR] 20:15:36 Received HTTP response headers after 626.594ms - 200
[Info   :Zeepkist GTR] 20:15:36 End processing HTTP request after 626.8471ms - 200
[Info   :Zeepkist GTR] 20:15:36 Ghost version: 5
[Info   :Zeepkist GTR] 20:15:37 Starting recorder
[Info   :Zeepkist GTR] 20:15:46 Loading personal best...
[Info   :Zeepkist GTR] 20:15:46 Start processing HTTP request "POST" "https://graphql.zeepki.st/"
[Info   :Zeepkist GTR] 20:15:46 Sending HTTP request "POST" "https://graphql.zeepki.st/"
[Info   :Zeepkist GTR] 20:15:46 Stopping existing recorder if any
[Info   :Zeepkist GTR] 20:15:46 Creating new recorder
[Info   :Zeepkist GTR] 20:15:46 Start processing HTTP request "POST" "https://graphql.zeepki.st/"
[Info   :Zeepkist GTR] 20:15:46 Sending HTTP request "POST" "https://graphql.zeepki.st/"
[Info   :Zeepkist GTR] 20:15:46 Start processing HTTP request "POST" "https://graphql.zeepki.st/"
[Info   :Zeepkist GTR] 20:15:46 Sending HTTP request "POST" "https://graphql.zeepki.st/"
[Info   :Zeepkist GTR] 20:15:46 Received HTTP response headers after 52.496ms - 200
[Info   :Zeepkist GTR] 20:15:46 End processing HTTP request after 52.7229ms - 200
[Info   :Zeepkist GTR] 20:15:46 Received HTTP response headers after 57.5372ms - 200
[Info   :Zeepkist GTR] 20:15:46 End processing HTTP request after 57.7499ms - 200
[Info   :Zeepkist GTR] 20:15:46 Ghost version: 5
[Info   :Zeepkist GTR] 20:15:46 Received HTTP response headers after 130.3271ms - 200
[Info   :Zeepkist GTR] 20:15:46 End processing HTTP request after 130.5676ms - 200
[Info   :Zeepkist GTR] 20:15:46 Start processing HTTP request "POST" "https://graphql.zeepki.st/"
[Info   :Zeepkist GTR] 20:15:46 Sending HTTP request "POST" "https://graphql.zeepki.st/"
[Info   :Zeepkist GTR] 20:15:46 Received HTTP response headers after 61.2338ms - 200
[Info   :Zeepkist GTR] 20:15:46 End processing HTTP request after 61.4804ms - 200
[Info   :Zeepkist GTR] 20:15:48 Starting recorder
[Info   :Zeepkist GTR] 20:16:01 Loading personal best...
[Info   :Zeepkist GTR] 20:16:01 Start processing HTTP request "POST" "https://graphql.zeepki.st/"
[Info   :Zeepkist GTR] 20:16:01 Sending HTTP request "POST" "https://graphql.zeepki.st/"
[Info   :Zeepkist GTR] 20:16:01 Stopping existing recorder if any
[Info   :Zeepkist GTR] 20:16:01 Creating new recorder
[Info   :Zeepkist GTR] 20:16:01 Start processing HTTP request "POST" "https://graphql.zeepki.st/"
[Info   :Zeepkist GTR] 20:16:01 Sending HTTP request "POST" "https://graphql.zeepki.st/"
[Info   :Zeepkist GTR] 20:16:01 Start processing HTTP request "POST" "https://graphql.zeepki.st/"
[Info   :Zeepkist GTR] 20:16:01 Sending HTTP request "POST" "https://graphql.zeepki.st/"
[Info   :Zeepkist GTR] 20:16:01 Received HTTP response headers after 75.4379ms - 200
[Info   :Zeepkist GTR] 20:16:01 Received HTTP response headers after 73.7593ms - 200
[Info   :Zeepkist GTR] 20:16:01 End processing HTTP request after 75.7444ms - 200
[Info   :Zeepkist GTR] 20:16:01 End processing HTTP request after 74.1997ms - 200
[Info   :Zeepkist GTR] 20:16:01 Ghost version: 5
[Info   :Zeepkist GTR] 20:16:01 Received HTTP response headers after 132.5984ms - 200
[Info   :Zeepkist GTR] 20:16:01 End processing HTTP request after 132.9952ms - 200
[Info   :Zeepkist GTR] 20:16:01 Start processing HTTP request "POST" "https://graphql.zeepki.st/"
[Info   :Zeepkist GTR] 20:16:01 Sending HTTP request "POST" "https://graphql.zeepki.st/"
[Info   :Zeepkist GTR] 20:16:01 Received HTTP response headers after 80.3331ms - 200
[Info   :Zeepkist GTR] 20:16:01 End processing HTTP request after 80.6697ms - 200
[Info   :Zeepkist GTR] 20:16:02 Starting recorder
[Info   :Zeepkist GTR] 20:16:04 Start processing HTTP request "POST" "https://backend.zeepki.st/vote/submit"
[Info   :Zeepkist GTR] 20:16:04 Sending HTTP request "POST" "https://backend.zeepki.st/vote/submit"
[Info   :Zeepkist GTR] 20:16:04 Received HTTP response headers after 81.2857ms - 200
[Info   :Zeepkist GTR] 20:16:04 End processing HTTP request after 81.5245ms - 200
[Info   :Zeepkist GTR] 20:16:04 Loading personal best...
[Info   :Zeepkist GTR] 20:16:04 Start processing HTTP request "POST" "https://graphql.zeepki.st/"
[Info   :Zeepkist GTR] 20:16:04 Sending HTTP request "POST" "https://graphql.zeepki.st/"
[Info   :Zeepkist GTR] 20:16:04 Stopping existing recorder if any
[Info   :Zeepkist GTR] 20:16:04 Creating new recorder
[Info   :Zeepkist GTR] 20:16:04 Start processing HTTP request "POST" "https://graphql.zeepki.st/"
[Info   :Zeepkist GTR] 20:16:04 Sending HTTP request "POST" "https://graphql.zeepki.st/"
[Info   :Zeepkist GTR] 20:16:04 Start processing HTTP request "POST" "https://graphql.zeepki.st/"
[Info   :Zeepkist GTR] 20:16:04 Sending HTTP request "POST" "https://graphql.zeepki.st/"
[Info   :Zeepkist GTR] 20:16:04 Received HTTP response headers after 53.3105ms - 200
[Info   :Zeepkist GTR] 20:16:04 End processing HTTP request after 53.5516ms - 200
[Info   :Zeepkist GTR] 20:16:04 Received HTTP response headers after 56.8374ms - 200
[Info   :Zeepkist GTR] 20:16:04 End processing HTTP request after 57.0758ms - 200
[Info   :Zeepkist GTR] 20:16:04 Ghost version: 5
[Info   :Zeepkist GTR] 20:16:04 Received HTTP response headers after 108.1904ms - 200
[Info   :Zeepkist GTR] 20:16:04 End processing HTTP request after 108.4183ms - 200
[Info   :Zeepkist GTR] 20:16:05 Start processing HTTP request "POST" "https://graphql.zeepki.st/"
[Info   :Zeepkist GTR] 20:16:05 Sending HTTP request "POST" "https://graphql.zeepki.st/"
[Info   :Zeepkist GTR] 20:16:05 Received HTTP response headers after 51.7111ms - 200
[Info   :Zeepkist GTR] 20:16:05 End processing HTTP request after 51.939ms - 200
[Info   :Zeepkist GTR] 20:16:06 Starting recorder
[Info   :Zeepkist GTR] 20:16:11 Discarding recorder
[Info   :COTDTracker] Running update tab leaderboard function
[Info   :RoundLeaderboardTab] Drawing leaderboard -> forwarding to Instance.DrawTabLeaderboard()
[Info   :RoundLeaderboardTab] Drawing leaderboard -> forwarding to Instance.DrawTabLeaderboard()
[Info   :ChampionshipLeaderboardTab] Drawing leaderboard -> forwarding to Instance.DrawTabLeaderboard()
[Info   :ChampionshipLeaderboardTab] Drawing leaderboard -> forwarding to Instance.DrawTabLeaderboard()
[Info   :COTDTracker] Doing eliminations with leaderboard:
[Info   :COTDTracker] Player justMaki: Time: 21,03786
[Info   :COTDTracker] Player RoundNzt: Time: 21,11189
[Info   :COTDTracker] Player [CTR] Sandals: Time: 21,17193
[Info   :COTDTracker] Player JakeAdjacent: Time: 21,1883
[Info   :COTDTracker] Player Hi Im Yolo: Time: 21,22287
[Info   :COTDTracker] Player brrryy: Time: 21,25315
[Info   :COTDTracker] Player Lexer: Time: 21,29354
[Info   :COTDTracker] Player Noxitu: Time: 21,30756
[Info   :COTDTracker] Player Eclipse135: Time: 21,31138
[Info   :COTDTracker] Player Minkus: Time: 21,3189
[Info   :COTDTracker] Player ping: Time: 21,34332
[Info   :COTDTracker] Player Shattersmith: Time: 21,35162
[Info   :COTDTracker] Player [KURK] Quickracer10: Time: 21,37391
[Info   :COTDTracker] Player [CSC]Tommygaming: Time: 21,43382
[Info   :COTDTracker] Player Diabler: Time: 21,46112
[Info   :COTDTracker] Player 𝒱V𝑜o𝒾i𝒹d𝒱: Time: 21,51541
[Info   :COTDTracker] Player aizpun: Time: 21,52139
[Info   :COTDTracker] Player [CSC]AndMe17: Time: 21,53817
[Info   :COTDTracker] Player Six: Time: 21,54863
[Info   :COTDTracker] Player [ERR]ferinine: Time: 21,612
[Info   :COTDTracker] Player [CSC]IronDragon111000: Time: 21,69564
[Info   :COTDTracker] Player Warsnac: Time: 21,83044
[Info   :COTDTracker] Player Matic_D: Time: 21,87271
[Info   :COTDTracker] Player dtmittens: Time: 21,88272
[Info   :COTDTracker] Player Tudge Boat: Time: 22,08564
[Info   :COTDTracker] Player Waaksaam: Time: 22,09718
[Info   :COTDTracker] Player timesprout: Time: 22,36254
[Info   :COTDTracker] Player pannekoekbijter: Time: 22,63835
[Info   :COTDTracker] Player PlusMicron: Time: DNF
[Info   :COTDTracker] Player [CCC]Shinikage221: Time: DNF
[Info   :COTDTracker] Eliminating DNF: [CCC]Shinikage221
[Info   :COTDTracker] Eliminating DNF: PlusMicron
[Info   :COTDTracker] Eliminated 2 DNF players
[Info   :COTDTracker] Eliminating on time: pannekoekbijter
[Info   :COTDTracker] Eliminating 3 players: 
[Info   :COTDTracker] [CCC]Shinikage221
[Info   :COTDTracker] PlusMicron
[Info   :COTDTracker] pannekoekbijter
[Info   :BetterSplits] getting gtr splits
[Info   :Zeepkist GTR] 20:16:25 Loading personal best...
[Info   :Zeepkist GTR] 20:16:25 Start processing HTTP request "POST" "https://graphql.zeepki.st/"
[Info   :Zeepkist GTR] 20:16:25 Sending HTTP request "POST" "https://graphql.zeepki.st/"
[Info   :Zeepkist GTR] 20:16:25 Stopping existing recorder if any
[Info   :Zeepkist GTR] 20:16:25 Creating new recorder
[Info   :Zeepkist GTR] 20:16:25 Start processing HTTP request "POST" "https://graphql.zeepki.st/"
[Info   :Zeepkist GTR] 20:16:25 Sending HTTP request "POST" "https://graphql.zeepki.st/"
[Info   :Zeepkist GTR] 20:16:25 Start processing HTTP request "POST" "https://graphql.zeepki.st/"
[Info   :Zeepkist GTR] 20:16:25 Sending HTTP request "POST" "https://graphql.zeepki.st/"
[Error  :BetterSplits] could not get splits
Response: StatusCode: 400, ReasonPhrase: 'Bad Request', Version: 1.1, Content: System.Net.Http.StreamContent, Headers:
{
Date: Wed, 03 Jun 2026 18:16:26 GMT
Connection: keep-alive
access-control-allow-headers: Origin, X-Requested-With, Accept, Authorization, X-Apollo-Tracing, Content-Type, Content-Length, X-PostGraphile-Explain
access-control-allow-methods: HEAD, GET, POST
access-control-allow-origin: *
access-control-expose-headers: X-GraphQL-Event-Stream
alt-svc: h3=":443"; ma=86400
vary: Origin
via: 1.1 Caddy
x-graphql-event-stream: /stream
x-query-cost: 115
cf-cache-status: DYNAMIC
x-xss-protection: 1; mode=block
Strict-Transport-Security: max-age=15552000; includeSubDomains; preload
x-content-type-options: nosniff
Server-Timing: cfCacheStatus;desc="DYNAMIC", cfEdge;dur=4,cfOrigin;dur=44
Report-To: {"group":"cf-nel","max_age":604800,"endpoints":[{"url":"https://a.nel.cloudflare.com/report/v4?s=SLIcnXtaeUgQWZ5jP4L9TobLNupTBc4QWn5KJcm0wAlp4sUpst2uEivmt6y%2FMDJvXNdIc6mnCXunBwul9HnO9ac%2B69o2l49UQzMLhUuEJXdAq2AwjOMMwpcFXRz7hvr2j5ywFA%3D%3D"}]}
Nel: {"report_to":"cf-nel","success_fraction":0.0,"max_age":604800}
expect-ct: max-age=86400, enforce
referrer-policy: same-origin
x-frame-options: SAMEORIGIN
Server: cloudflare
CF-RAY: a060b05fab35e93f-MAD
Content-Type: application/json; charset=utf-8
Content-Length: 172
} 
Content: {"errors":[{"message":"Cannot query field \"personalBestGlobalsByIdLevel\" on type \"Level\". Did you mean \"personalBestGlobals\"?","locations":[{"line":1,"column":87}]}]}
Url: https://graphql.zeepki.st
Request: {"query":"query BetterSplitsPB($hash: String!, $steamId: BigFloat) { levelByHash(hash: $hash) { personalBestGlobalsByIdLevel(filter: {userByIdUser: {steamId: {equalTo: $steamId}}}) { nodes { recordByIdRecord { speeds splits time }}}}}","variables":{"hash":"39E285FE0CEA0E8A6CB513D9629A71E4C83BE827-3","steamId":"76561197972890120"}}
[Info   :Zeepkist GTR] 20:16:25 Received HTTP response headers after 64.5905ms - 200
[Info   :Zeepkist GTR] 20:16:25 End processing HTTP request after 64.8175ms - 200
[Info   :Zeepkist GTR] 20:16:25 Received HTTP response headers after 67.2124ms - 200
[Info   :Zeepkist GTR] 20:16:25 End processing HTTP request after 67.3961ms - 200
[Info   :Zeepkist GTR] 20:16:25 Ghost version: 5
[Info   :Zeepkist GTR] 20:16:26 Received HTTP response headers after 128.8977ms - 200
[Info   :Zeepkist GTR] 20:16:26 End processing HTTP request after 129.1032ms - 200
[Info   :Zeepkist GTR] 20:16:26 Start processing HTTP request "POST" "https://graphql.zeepki.st/"
[Info   :Zeepkist GTR] 20:16:26 Sending HTTP request "POST" "https://graphql.zeepki.st/"
[Info   :Zeepkist GTR] 20:16:26 Received HTTP response headers after 111.6664ms - 200
[Info   :Zeepkist GTR] 20:16:26 End processing HTTP request after 111.9012ms - 200
[Info   :Zeepkist GTR] 20:16:27 Starting recorder
[Info   :Zeepkist GTR] 20:16:38 Loading personal best...
[Info   :Zeepkist GTR] 20:16:38 Start processing HTTP request "POST" "https://graphql.zeepki.st/"
[Info   :Zeepkist GTR] 20:16:38 Sending HTTP request "POST" "https://graphql.zeepki.st/"
[Info   :Zeepkist GTR] 20:16:38 Stopping existing recorder if any
[Info   :Zeepkist GTR] 20:16:38 Creating new recorder
[Info   :Zeepkist GTR] 20:16:38 Start processing HTTP request "POST" "https://graphql.zeepki.st/"
[Info   :Zeepkist GTR] 20:16:38 Sending HTTP request "POST" "https://graphql.zeepki.st/"
[Info   :Zeepkist GTR] 20:16:38 Start processing HTTP request "POST" "https://graphql.zeepki.st/"
[Info   :Zeepkist GTR] 20:16:38 Sending HTTP request "POST" "https://graphql.zeepki.st/"
[Info   :Zeepkist GTR] 20:16:38 Received HTTP response headers after 52.3642ms - 200
[Info   :Zeepkist GTR] 20:16:38 End processing HTTP request after 52.5887ms - 200
[Info   :Zeepkist GTR] 20:16:38 Received HTTP response headers after 55.0888ms - 200
[Info   :Zeepkist GTR] 20:16:38 End processing HTTP request after 55.2695ms - 200
[Info   :Zeepkist GTR] 20:16:38 Ghost version: 5
[Info   :Zeepkist GTR] 20:16:38 Received HTTP response headers after 115.3363ms - 200
[Info   :Zeepkist GTR] 20:16:38 End processing HTTP request after 115.7342ms - 200
[Info   :Zeepkist GTR] 20:16:38 Start processing HTTP request "POST" "https://graphql.zeepki.st/"
[Info   :Zeepkist GTR] 20:16:38 Sending HTTP request "POST" "https://graphql.zeepki.st/"
[Info   :Zeepkist GTR] 20:16:38 Received HTTP response headers after 59.3402ms - 200
[Info   :Zeepkist GTR] 20:16:38 End processing HTTP request after 59.6425ms - 200
[Info   :Zeepkist GTR] 20:16:39 Starting recorder
[Info   :Zeepkist GTR] 20:17:02 Stopping recorder
[Info   :Zeepkist GTR] 20:17:02 Collecting extra information
[Info   :Zeepkist GTR] 20:17:02 Processing ghost data
[Info   :Zeepkist GTR] 20:17:02 Creating stream
[Info   :Zeepkist GTR] 20:17:02 Writing to stream
[Info   :Zeepkist GTR] 20:17:02 Closing stream
[Info   :Zeepkist GTR] 20:17:02 Getting buffer
[Info   :Zeepkist GTR] 20:17:02 Converting to base64
[Info   :Zeepkist GTR] 20:17:02 Creating resource
[Info   :Zeepkist GTR] 20:17:02 Start processing HTTP request "POST" "https://backend.zeepki.st/auth/refresh"
[Info   :Zeepkist GTR] 20:17:02 Sending HTTP request "POST" "https://backend.zeepki.st/auth/refresh"
[Info   :Zeepkist GTR] 20:17:02 Received HTTP response headers after 381.7873ms - 200
[Info   :Zeepkist GTR] 20:17:02 End processing HTTP request after 382.0826ms - 200
[Info   :Zeepkist GTR] 20:17:02 Start processing HTTP request "POST" "https://backend.zeepki.st/record/submit"
[Info   :Zeepkist GTR] 20:17:02 Sending HTTP request "POST" "https://backend.zeepki.st/record/submit"
[Info   :Zeepkist GTR] 20:17:02 Received HTTP response headers after 85.9562ms - 200
[Info   :Zeepkist GTR] 20:17:02 End processing HTTP request after 86.1716ms - 200
[Info   :Zeepkist GTR] 20:17:03 Loading personal best...
[Info   :Zeepkist GTR] 20:17:03 Start processing HTTP request "POST" "https://graphql.zeepki.st/"
[Info   :Zeepkist GTR] 20:17:03 Sending HTTP request "POST" "https://graphql.zeepki.st/"
[Info   :Zeepkist GTR] 20:17:03 Stopping existing recorder if any
[Info   :Zeepkist GTR] 20:17:03 Creating new recorder
[Info   :Zeepkist GTR] 20:17:03 Start processing HTTP request "POST" "https://graphql.zeepki.st/"
[Info   :Zeepkist GTR] 20:17:03 Sending HTTP request "POST" "https://graphql.zeepki.st/"
[Info   :Zeepkist GTR] 20:17:03 Start processing HTTP request "POST" "https://graphql.zeepki.st/"
[Info   :Zeepkist GTR] 20:17:03 Sending HTTP request "POST" "https://graphql.zeepki.st/"
[Info   :Zeepkist GTR] 20:17:03 Received HTTP response headers after 56.9989ms - 200
[Info   :Zeepkist GTR] 20:17:03 End processing HTTP request after 57.2283ms - 200
[Info   :Zeepkist GTR] 20:17:03 Received HTTP response headers after 59.0463ms - 200
[Info   :Zeepkist GTR] 20:17:03 End processing HTTP request after 59.236ms - 200
[Info   :Zeepkist GTR] 20:17:03 Ghost version: 5
[Info   :Zeepkist GTR] 20:17:03 Received HTTP response headers after 124.4032ms - 200
[Info   :Zeepkist GTR] 20:17:03 End processing HTTP request after 124.6241ms - 200
[Info   :Zeepkist GTR] 20:17:03 Start processing HTTP request "POST" "https://graphql.zeepki.st/"
[Info   :Zeepkist GTR] 20:17:03 Sending HTTP request "POST" "https://graphql.zeepki.st/"
[Info   :Zeepkist GTR] 20:17:03 Received HTTP response headers after 52.3592ms - 200
[Info   :Zeepkist GTR] 20:17:03 End processing HTTP request after 52.6046ms - 200
[Info   :Zeepkist GTR] 20:17:05 Starting recorder
[Info   :Zeepkist GTR] 20:17:26 Stopping recorder
[Info   :Zeepkist GTR] 20:17:26 Collecting extra information
[Info   :Zeepkist GTR] 20:17:26 Processing ghost data
[Info   :Zeepkist GTR] 20:17:26 Creating stream
[Info   :Zeepkist GTR] 20:17:26 Writing to stream
[Info   :Zeepkist GTR] 20:17:26 Closing stream
[Info   :Zeepkist GTR] 20:17:26 Getting buffer
[Info   :Zeepkist GTR] 20:17:26 Converting to base64
[Info   :Zeepkist GTR] 20:17:26 Creating resource
[Info   :Zeepkist GTR] 20:17:26 Start processing HTTP request "POST" "https://backend.zeepki.st/auth/refresh"
[Info   :Zeepkist GTR] 20:17:26 Sending HTTP request "POST" "https://backend.zeepki.st/auth/refresh"
[Info   :Zeepkist GTR] 20:17:26 Received HTTP response headers after 214.5764ms - 200
[Info   :Zeepkist GTR] 20:17:26 End processing HTTP request after 214.8863ms - 200
[Info   :Zeepkist GTR] 20:17:26 Start processing HTTP request "POST" "https://backend.zeepki.st/record/submit"
[Info   :Zeepkist GTR] 20:17:26 Sending HTTP request "POST" "https://backend.zeepki.st/record/submit"
[Info   :Zeepkist GTR] 20:17:26 Received HTTP response headers after 87.0597ms - 200
[Info   :Zeepkist GTR] 20:17:26 End processing HTTP request after 87.282ms - 200
[Info   :Zeepkist GTR] 20:17:34 Discarding recorder
[Info   :COTDTracker] Doing eliminations with leaderboard:
[Info   :COTDTracker] Player JakeAdjacent: Time: 19,86472
[Info   :COTDTracker] Player justMaki: Time: 19,89607
[Info   :COTDTracker] Player 𝒱V𝑜o𝒾i𝒹d𝒱: Time: 19,92605
[Info   :COTDTracker] Player Lexer: Time: 20,01273
[Info   :COTDTracker] Player Shattersmith: Time: 20,1657
[Info   :COTDTracker] Player Eclipse135: Time: 20,31997
[Info   :COTDTracker] Player [KURK] Quickracer10: Time: 20,36452
[Info   :COTDTracker] Player Six: Time: 20,54855
[Info   :COTDTracker] Player Diabler: Time: 20,58465
[Info   :COTDTracker] Player RoundNzt: Time: 20,61292
[Info   :COTDTracker] Player Hi Im Yolo: Time: 20,62117
[Info   :COTDTracker] Player [CSC]AndMe17: Time: 20,78604
[Info   :COTDTracker] Player Tudge Boat: Time: 20,84897
[Info   :COTDTracker] Player brrryy: Time: 20,86553
[Info   :COTDTracker] Player [CTR] Sandals: Time: 20,87251
[Info   :COTDTracker] Player Matic_D: Time: 21,09048
[Info   :COTDTracker] Player [CSC]Tommygaming: Time: 21,12154
[Info   :COTDTracker] Player ping: Time: 21,14715
[Info   :COTDTracker] Player Minkus: Time: 21,27159
[Info   :COTDTracker] Player aizpun: Time: 21,30464
[Info   :COTDTracker] Player [ERR]ferinine: Time: 21,33263
[Info   :COTDTracker] Player dtmittens: Time: 21,86112
[Info   :COTDTracker] Player timesprout: Time: 22,07517
[Info   :COTDTracker] Player Warsnac: Time: 22,15044
[Info   :COTDTracker] Player Waaksaam: Time: 22,34469
[Info   :COTDTracker] Player Noxitu: Time: 22,39215
[Info   :COTDTracker] Player [CSC]IronDragon111000: Time: 22,50038
[Info   :COTDTracker] Eliminated 0 DNF players
[Info   :COTDTracker] Eliminating on time: [CSC]IronDragon111000
[Info   :COTDTracker] Eliminating on time: Noxitu
[Info   :COTDTracker] Eliminating on time: Waaksaam
[Info   :COTDTracker] Eliminating 3 players: 
[Info   :COTDTracker] [CSC]IronDragon111000
[Info   :COTDTracker] Noxitu
[Info   :COTDTracker] Waaksaam
[Info   :COTDTracker] Running update tab leaderboard function
[Info   :BetterSplits] getting gtr splits
[Info   :Zeepkist GTR] 20:17:49 Loading personal best...
[Info   :Zeepkist GTR] 20:17:49 Start processing HTTP request "POST" "https://graphql.zeepki.st/"
[Info   :Zeepkist GTR] 20:17:49 Sending HTTP request "POST" "https://graphql.zeepki.st/"
[Info   :Zeepkist GTR] 20:17:49 Stopping existing recorder if any
[Info   :Zeepkist GTR] 20:17:49 Creating new recorder
[Info   :Zeepkist GTR] 20:17:49 Start processing HTTP request "POST" "https://graphql.zeepki.st/"
[Info   :Zeepkist GTR] 20:17:49 Sending HTTP request "POST" "https://graphql.zeepki.st/"
[Info   :Zeepkist GTR] 20:17:49 Start processing HTTP request "POST" "https://graphql.zeepki.st/"
[Info   :Zeepkist GTR] 20:17:49 Sending HTTP request "POST" "https://graphql.zeepki.st/"
[Error  :BetterSplits] could not get splits
Response: StatusCode: 400, ReasonPhrase: 'Bad Request', Version: 1.1, Content: System.Net.Http.StreamContent, Headers:
{
Date: Wed, 03 Jun 2026 18:17:50 GMT
Connection: keep-alive
access-control-allow-headers: Origin, X-Requested-With, Accept, Authorization, X-Apollo-Tracing, Content-Type, Content-Length, X-PostGraphile-Explain
access-control-allow-methods: HEAD, GET, POST
access-control-allow-origin: *
access-control-expose-headers: X-GraphQL-Event-Stream
alt-svc: h3=":443"; ma=86400
vary: Origin
via: 1.1 Caddy
x-graphql-event-stream: /stream
x-query-cost: 115
cf-cache-status: DYNAMIC
x-xss-protection: 1; mode=block
Strict-Transport-Security: max-age=15552000; includeSubDomains; preload
x-content-type-options: nosniff
Server-Timing: cfCacheStatus;desc="DYNAMIC", cfEdge;dur=5,cfOrigin;dur=37
Report-To: {"group":"cf-nel","max_age":604800,"endpoints":[{"url":"https://a.nel.cloudflare.com/report/v4?s=b%2BY6xLQVtVGByJbkYDkr9jefJL%2B2FZbY1HpGuqg4QI9NXTwK8Dac0DQutBhZ5dQI9kAZdpj2w1fWUbpY0UMdq9n44eEI65oC2xi%2FZnQAb8aCj7f6SiBBjUNbsyy3qLEy8bwNHg%3D%3D"}]}
Nel: {"report_to":"cf-nel","success_fraction":0.0,"max_age":604800}
expect-ct: max-age=86400, enforce
referrer-policy: same-origin
x-frame-options: SAMEORIGIN
Server: cloudflare
CF-RAY: a060b267ec1be93f-MAD
Content-Type: application/json; charset=utf-8
Content-Length: 172
} 
Content: {"errors":[{"message":"Cannot query field \"personalBestGlobalsByIdLevel\" on type \"Level\". Did you mean \"personalBestGlobals\"?","locations":[{"line":1,"column":87}]}]}
Url: https://graphql.zeepki.st
Request: {"query":"query BetterSplitsPB($hash: String!, $steamId: BigFloat) { levelByHash(hash: $hash) { personalBestGlobalsByIdLevel(filter: {userByIdUser: {steamId: {equalTo: $steamId}}}) { nodes { recordByIdRecord { speeds splits time }}}}}","variables":{"hash":"AE1895B982DC6EDB904CA8ECB525B894C164BA8B-3","steamId":"76561197972890120"}}
[Info   :Zeepkist GTR] 20:17:49 Received HTTP response headers after 110.2242ms - 200
[Info   :Zeepkist GTR] 20:17:49 End processing HTTP request after 110.4663ms - 200
[Info   :Zeepkist GTR] 20:17:49 Received HTTP response headers after 177.4877ms - 200
[Info   :Zeepkist GTR] 20:17:49 End processing HTTP request after 177.7418ms - 200
[Info   :Zeepkist GTR] 20:17:49 Start processing HTTP request "POST" "https://graphql.zeepki.st/"
[Info   :Zeepkist GTR] 20:17:49 Sending HTTP request "POST" "https://graphql.zeepki.st/"
[Info   :Zeepkist GTR] 20:17:49 Received HTTP response headers after 235.9311ms - 200
[Info   :Zeepkist GTR] 20:17:49 End processing HTTP request after 236.3023ms - 200
[Info   :Zeepkist GTR] 20:17:49 Received HTTP response headers after 56.3809ms - 200
[Info   :Zeepkist GTR] 20:17:49 End processing HTTP request after 56.7054ms - 200
[Info   :Zeepkist GTR] 20:17:49 Ghost version: 5
[Info   :Zeepkist GTR] 20:17:50 Starting recorder
[Info   :Zeepkist GTR] 20:18:12 Stopping recorder
[Info   :Zeepkist GTR] 20:18:12 Collecting extra information
[Info   :Zeepkist GTR] 20:18:12 Processing ghost data
[Info   :Zeepkist GTR] 20:18:12 Creating stream
[Info   :Zeepkist GTR] 20:18:12 Writing to stream
[Info   :Zeepkist GTR] 20:18:12 Closing stream
[Info   :Zeepkist GTR] 20:18:12 Getting buffer
[Info   :Zeepkist GTR] 20:18:12 Converting to base64
[Info   :Zeepkist GTR] 20:18:12 Creating resource
[Info   :Zeepkist GTR] 20:18:12 Start processing HTTP request "POST" "https://backend.zeepki.st/auth/refresh"
[Info   :Zeepkist GTR] 20:18:12 Sending HTTP request "POST" "https://backend.zeepki.st/auth/refresh"
[Info   :Zeepkist GTR] 20:18:12 Received HTTP response headers after 284.2639ms - 200
[Info   :Zeepkist GTR] 20:18:12 End processing HTTP request after 284.4799ms - 200
[Info   :Zeepkist GTR] 20:18:12 Start processing HTTP request "POST" "https://backend.zeepki.st/record/submit"
[Info   :Zeepkist GTR] 20:18:12 Sending HTTP request "POST" "https://backend.zeepki.st/record/submit"
[Info   :Zeepkist GTR] 20:18:12 Received HTTP response headers after 121.1929ms - 200
[Info   :Zeepkist GTR] 20:18:12 End processing HTTP request after 121.4325ms - 200
[Info   :Zeepkist GTR] 20:18:13 Loading personal best...
[Info   :Zeepkist GTR] 20:18:13 Start processing HTTP request "POST" "https://graphql.zeepki.st/"
[Info   :Zeepkist GTR] 20:18:13 Sending HTTP request "POST" "https://graphql.zeepki.st/"
[Info   :Zeepkist GTR] 20:18:13 Stopping existing recorder if any
[Info   :Zeepkist GTR] 20:18:13 Creating new recorder
[Info   :Zeepkist GTR] 20:18:13 Start processing HTTP request "POST" "https://graphql.zeepki.st/"
[Info   :Zeepkist GTR] 20:18:13 Sending HTTP request "POST" "https://graphql.zeepki.st/"
[Info   :Zeepkist GTR] 20:18:13 Start processing HTTP request "POST" "https://graphql.zeepki.st/"
[Info   :Zeepkist GTR] 20:18:13 Sending HTTP request "POST" "https://graphql.zeepki.st/"
[Info   :Zeepkist GTR] 20:18:13 Received HTTP response headers after 64.5243ms - 200
[Info   :Zeepkist GTR] 20:18:13 End processing HTTP request after 64.7526ms - 200
[Info   :Zeepkist GTR] 20:18:13 Received HTTP response headers after 84.3029ms - 200
[Info   :Zeepkist GTR] 20:18:13 End processing HTTP request after 84.5269ms - 200
[Info   :Zeepkist GTR] 20:18:13 Ghost version: 5
[Info   :Zeepkist GTR] 20:18:13 Received HTTP response headers after 130.4751ms - 200
[Info   :Zeepkist GTR] 20:18:13 End processing HTTP request after 130.7299ms - 200
[Info   :Zeepkist GTR] 20:18:13 Start processing HTTP request "POST" "https://graphql.zeepki.st/"
[Info   :Zeepkist GTR] 20:18:13 Sending HTTP request "POST" "https://graphql.zeepki.st/"
[Info   :Zeepkist GTR] 20:18:13 Received HTTP response headers after 53.7546ms - 200
[Info   :Zeepkist GTR] 20:18:13 End processing HTTP request after 54.0016ms - 200
[Info   :Zeepkist GTR] 20:18:15 Starting recorder
[Info   :Zeepkist GTR] 20:18:22 Loading personal best...
[Info   :Zeepkist GTR] 20:18:22 Start processing HTTP request "POST" "https://graphql.zeepki.st/"
[Info   :Zeepkist GTR] 20:18:22 Sending HTTP request "POST" "https://graphql.zeepki.st/"
[Info   :Zeepkist GTR] 20:18:22 Stopping existing recorder if any
[Info   :Zeepkist GTR] 20:18:22 Creating new recorder
[Info   :Zeepkist GTR] 20:18:22 Start processing HTTP request "POST" "https://graphql.zeepki.st/"
[Info   :Zeepkist GTR] 20:18:22 Sending HTTP request "POST" "https://graphql.zeepki.st/"
[Info   :Zeepkist GTR] 20:18:22 Start processing HTTP request "POST" "https://graphql.zeepki.st/"
[Info   :Zeepkist GTR] 20:18:22 Sending HTTP request "POST" "https://graphql.zeepki.st/"
[Info   :Zeepkist GTR] 20:18:22 Received HTTP response headers after 63.5934ms - 200
[Info   :Zeepkist GTR] 20:18:22 End processing HTTP request after 63.8381ms - 200
[Info   :Zeepkist GTR] 20:18:22 Received HTTP response headers after 65.3851ms - 200
[Info   :Zeepkist GTR] 20:18:22 End processing HTTP request after 65.599ms - 200
[Info   :Zeepkist GTR] 20:18:22 Ghost version: 5
[Info   :Zeepkist GTR] 20:18:22 Received HTTP response headers after 127.7586ms - 200
[Info   :Zeepkist GTR] 20:18:22 End processing HTTP request after 128.0598ms - 200
[Info   :Zeepkist GTR] 20:18:22 Start processing HTTP request "POST" "https://graphql.zeepki.st/"
[Info   :Zeepkist GTR] 20:18:22 Sending HTTP request "POST" "https://graphql.zeepki.st/"
[Info   :Zeepkist GTR] 20:18:22 Received HTTP response headers after 52.5241ms - 200
[Info   :Zeepkist GTR] 20:18:22 End processing HTTP request after 52.8048ms - 200
[Info   :Zeepkist GTR] 20:18:23 Starting recorder
[Info   :Zeepkist GTR] 20:18:29 Loading personal best...
[Info   :Zeepkist GTR] 20:18:29 Start processing HTTP request "POST" "https://graphql.zeepki.st/"
[Info   :Zeepkist GTR] 20:18:29 Sending HTTP request "POST" "https://graphql.zeepki.st/"
[Info   :Zeepkist GTR] 20:18:29 Stopping existing recorder if any
[Info   :Zeepkist GTR] 20:18:29 Creating new recorder
[Info   :Zeepkist GTR] 20:18:29 Start processing HTTP request "POST" "https://graphql.zeepki.st/"
[Info   :Zeepkist GTR] 20:18:29 Sending HTTP request "POST" "https://graphql.zeepki.st/"
[Info   :Zeepkist GTR] 20:18:29 Start processing HTTP request "POST" "https://graphql.zeepki.st/"
[Info   :Zeepkist GTR] 20:18:29 Sending HTTP request "POST" "https://graphql.zeepki.st/"
[Info   :Zeepkist GTR] 20:18:29 Received HTTP response headers after 55.2429ms - 200
[Info   :Zeepkist GTR] 20:18:29 End processing HTTP request after 55.4779ms - 200
[Info   :Zeepkist GTR] 20:18:29 Received HTTP response headers after 59.2552ms - 200
[Info   :Zeepkist GTR] 20:18:29 End processing HTTP request after 59.4696ms - 200
[Info   :Zeepkist GTR] 20:18:30 Ghost version: 5
[Info   :Zeepkist GTR] 20:18:30 Received HTTP response headers after 108.4402ms - 200
[Info   :Zeepkist GTR] 20:18:30 End processing HTTP request after 108.6732ms - 200
[Info   :Zeepkist GTR] 20:18:30 Start processing HTTP request "POST" "https://graphql.zeepki.st/"
[Info   :Zeepkist GTR] 20:18:30 Sending HTTP request "POST" "https://graphql.zeepki.st/"
[Info   :Zeepkist GTR] 20:18:30 Received HTTP response headers after 51.0019ms - 200
[Info   :Zeepkist GTR] 20:18:30 End processing HTTP request after 51.2446ms - 200
[Info   :Zeepkist GTR] 20:18:31 Starting recorder
[Info   :Zeepkist GTR] 20:18:53 Stopping recorder
[Info   :Zeepkist GTR] 20:18:53 Collecting extra information
[Info   :Zeepkist GTR] 20:18:53 Processing ghost data
[Info   :Zeepkist GTR] 20:18:53 Creating stream
[Info   :Zeepkist GTR] 20:18:53 Writing to stream
[Info   :Zeepkist GTR] 20:18:53 Closing stream
[Info   :Zeepkist GTR] 20:18:53 Getting buffer
[Info   :Zeepkist GTR] 20:18:53 Converting to base64
[Info   :Zeepkist GTR] 20:18:53 Creating resource
[Info   :Zeepkist GTR] 20:18:53 Start processing HTTP request "POST" "https://backend.zeepki.st/auth/refresh"
[Info   :Zeepkist GTR] 20:18:53 Sending HTTP request "POST" "https://backend.zeepki.st/auth/refresh"
[Info   :Zeepkist GTR] 20:18:53 Received HTTP response headers after 333.8384ms - 200
[Info   :Zeepkist GTR] 20:18:53 End processing HTTP request after 334.0506ms - 200
[Info   :Zeepkist GTR] 20:18:53 Start processing HTTP request "POST" "https://backend.zeepki.st/record/submit"
[Info   :Zeepkist GTR] 20:18:53 Sending HTTP request "POST" "https://backend.zeepki.st/record/submit"
[Info   :Zeepkist GTR] 20:18:53 Received HTTP response headers after 216.2906ms - 200
[Info   :Zeepkist GTR] 20:18:53 End processing HTTP request after 216.538ms - 200
[Info   :Zeepkist GTR] 20:18:57 Discarding recorder
[Info   :COTDTracker] Running update tab leaderboard function
[Info   :COTDTracker] Running update tab leaderboard function
[Info   :COTDTracker] Doing eliminations with leaderboard:
[Info   :COTDTracker] Player justMaki: Time: 21,03111
[Info   :COTDTracker] Player RoundNzt: Time: 21,13726
[Info   :COTDTracker] Player [KURK] Quickracer10: Time: 21,14143
[Info   :COTDTracker] Player [CTR] Sandals: Time: 21,17742
[Info   :COTDTracker] Player Shattersmith: Time: 21,18604
[Info   :COTDTracker] Player Minkus: Time: 21,22441
[Info   :COTDTracker] Player JakeAdjacent: Time: 21,24491
[Info   :COTDTracker] Player Warsnac: Time: 21,26013
[Info   :COTDTracker] Player ping: Time: 21,31336
[Info   :COTDTracker] Player brrryy: Time: 21,31798
[Info   :COTDTracker] Player Lexer: Time: 21,36139
[Info   :COTDTracker] Player Six: Time: 21,36305
[Info   :COTDTracker] Player Hi Im Yolo: Time: 21,36813
[Info   :COTDTracker] Player [CSC]Tommygaming: Time: 21,37323
[Info   :COTDTracker] Player [CSC]AndMe17: Time: 21,42706
[Info   :COTDTracker] Player Eclipse135: Time: 21,43598
[Info   :COTDTracker] Player Matic_D: Time: 21,48423
[Info   :COTDTracker] Player aizpun: Time: 21,49099
[Info   :COTDTracker] Player 𝒱V𝑜o𝒾i𝒹d𝒱: Time: 21,49231
[Info   :COTDTracker] Player Diabler: Time: 21,55769
[Info   :COTDTracker] Player [ERR]ferinine: Time: 21,58993
[Info   :COTDTracker] Player Tudge Boat: Time: 21,73263
[Info   :COTDTracker] Player dtmittens: Time: 21,79796
[Info   :COTDTracker] Player timesprout: Time: 22,12472
[Info   :COTDTracker] Eliminated 0 DNF players
[Info   :COTDTracker] Eliminating on time: timesprout
[Info   :COTDTracker] Eliminating on time: dtmittens
[Info   :COTDTracker] Eliminating on time: Tudge Boat
[Info   :COTDTracker] Eliminating 3 players: 
[Info   :COTDTracker] timesprout
[Info   :COTDTracker] dtmittens
[Info   :COTDTracker] Tudge Boat
[Info   :BetterSplits] getting gtr splits
[Info   :Zeepkist GTR] 20:19:11 Loading personal best...
[Info   :Zeepkist GTR] 20:19:11 Start processing HTTP request "POST" "https://graphql.zeepki.st/"
[Info   :Zeepkist GTR] 20:19:11 Sending HTTP request "POST" "https://graphql.zeepki.st/"
[Info   :Zeepkist GTR] 20:19:11 Stopping existing recorder if any
[Info   :Zeepkist GTR] 20:19:11 Creating new recorder
[Info   :Zeepkist GTR] 20:19:11 Start processing HTTP request "POST" "https://graphql.zeepki.st/"
[Info   :Zeepkist GTR] 20:19:11 Sending HTTP request "POST" "https://graphql.zeepki.st/"
[Info   :Zeepkist GTR] 20:19:11 Start processing HTTP request "POST" "https://graphql.zeepki.st/"
[Info   :Zeepkist GTR] 20:19:11 Sending HTTP request "POST" "https://graphql.zeepki.st/"
[Error  :BetterSplits] could not get splits
Response: StatusCode: 400, ReasonPhrase: 'Bad Request', Version: 1.1, Content: System.Net.Http.StreamContent, Headers:
{
Date: Wed, 03 Jun 2026 18:19:12 GMT
Connection: keep-alive
access-control-allow-headers: Origin, X-Requested-With, Accept, Authorization, X-Apollo-Tracing, Content-Type, Content-Length, X-PostGraphile-Explain
access-control-allow-methods: HEAD, GET, POST
access-control-allow-origin: *
access-control-expose-headers: X-GraphQL-Event-Stream
alt-svc: h3=":443"; ma=86400
vary: Origin
via: 1.1 Caddy
x-graphql-event-stream: /stream
x-query-cost: 115
cf-cache-status: DYNAMIC
x-xss-protection: 1; mode=block
Strict-Transport-Security: max-age=15552000; includeSubDomains; preload
x-content-type-options: nosniff
Server-Timing: cfCacheStatus;desc="DYNAMIC", cfEdge;dur=7,cfOrigin;dur=38
Report-To: {"group":"cf-nel","max_age":604800,"endpoints":[{"url":"https://a.nel.cloudflare.com/report/v4?s=LOPWH83PwVObjh7Eq3jjbHtTNimhtno%2FwOJbMs%2FfO1lwQB9khxdeYPMjBtrOEfgxvXHkdXvqXerD3ZF1QIHabBFNdiJbcLFw%2B25yMjmo%2F7h7IukkqCk2coeTaTyq%2B%2BrFuRc8%2FQ%3D%3D"}]}
Nel: {"report_to":"cf-nel","success_fraction":0.0,"max_age":604800}
expect-ct: max-age=86400, enforce
referrer-policy: same-origin
x-frame-options: SAMEORIGIN
Server: cloudflare
CF-RAY: a060b46d29abe93f-MAD
Content-Type: application/json; charset=utf-8
Content-Length: 172
} 
Content: {"errors":[{"message":"Cannot query field \"personalBestGlobalsByIdLevel\" on type \"Level\". Did you mean \"personalBestGlobals\"?","locations":[{"line":1,"column":87}]}]}
Url: https://graphql.zeepki.st
Request: {"query":"query BetterSplitsPB($hash: String!, $steamId: BigFloat) { levelByHash(hash: $hash) { personalBestGlobalsByIdLevel(filter: {userByIdUser: {steamId: {equalTo: $steamId}}}) { nodes { recordByIdRecord { speeds splits time }}}}}","variables":{"hash":"39E285FE0CEA0E8A6CB513D9629A71E4C83BE827-3","steamId":"76561197972890120"}}
[Info   :Zeepkist GTR] 20:19:11 Received HTTP response headers after 84.8969ms - 200
[Info   :Zeepkist GTR] 20:19:11 End processing HTTP request after 85.1414ms - 200
[Info   :Zeepkist GTR] 20:19:11 Received HTTP response headers after 84.5743ms - 200
[Info   :Zeepkist GTR] 20:19:11 End processing HTTP request after 84.7715ms - 200
[Info   :Zeepkist GTR] 20:19:12 Ghost version: 5
[Info   :Zeepkist GTR] 20:19:12 Received HTTP response headers after 176.1547ms - 200
[Info   :Zeepkist GTR] 20:19:12 End processing HTTP request after 176.3956ms - 200
[Info   :Zeepkist GTR] 20:19:12 Start processing HTTP request "POST" "https://graphql.zeepki.st/"
[Info   :Zeepkist GTR] 20:19:12 Sending HTTP request "POST" "https://graphql.zeepki.st/"
[Info   :Zeepkist GTR] 20:19:12 Received HTTP response headers after 79.0611ms - 200
[Info   :Zeepkist GTR] 20:19:12 End processing HTTP request after 79.3066ms - 200
[Info   :Zeepkist GTR] 20:19:13 Starting recorder
[Info   :Zeepkist GTR] 20:19:34 Stopping recorder
[Info   :Zeepkist GTR] 20:19:34 Collecting extra information
[Info   :Zeepkist GTR] 20:19:34 Processing ghost data
[Info   :Zeepkist GTR] 20:19:34 Creating stream
[Info   :Zeepkist GTR] 20:19:34 Writing to stream
[Info   :Zeepkist GTR] 20:19:34 Closing stream
[Info   :Zeepkist GTR] 20:19:34 Getting buffer
[Info   :Zeepkist GTR] 20:19:34 Converting to base64
[Info   :Zeepkist GTR] 20:19:34 Creating resource
[Info   :Zeepkist GTR] 20:19:34 Start processing HTTP request "POST" "https://backend.zeepki.st/auth/refresh"
[Info   :Zeepkist GTR] 20:19:34 Sending HTTP request "POST" "https://backend.zeepki.st/auth/refresh"
[Info   :Zeepkist GTR] 20:19:35 Received HTTP response headers after 839.6266ms - 200
[Info   :Zeepkist GTR] 20:19:35 End processing HTTP request after 839.8338ms - 200
[Info   :Zeepkist GTR] 20:19:35 Start processing HTTP request "POST" "https://backend.zeepki.st/record/submit"
[Info   :Zeepkist GTR] 20:19:35 Sending HTTP request "POST" "https://backend.zeepki.st/record/submit"
[Info   :Zeepkist GTR] 20:19:36 Received HTTP response headers after 857.0579ms - 200
[Info   :Zeepkist GTR] 20:19:36 End processing HTTP request after 857.2991ms - 200
[Info   :Zeepkist GTR] 20:19:38 Loading personal best...
[Info   :Zeepkist GTR] 20:19:38 Start processing HTTP request "POST" "https://graphql.zeepki.st/"
[Info   :Zeepkist GTR] 20:19:38 Sending HTTP request "POST" "https://graphql.zeepki.st/"
[Info   :Zeepkist GTR] 20:19:38 Stopping existing recorder if any
[Info   :Zeepkist GTR] 20:19:38 Creating new recorder
[Info   :Zeepkist GTR] 20:19:38 Start processing HTTP request "POST" "https://graphql.zeepki.st/"
[Info   :Zeepkist GTR] 20:19:38 Sending HTTP request "POST" "https://graphql.zeepki.st/"
[Info   :Zeepkist GTR] 20:19:38 Start processing HTTP request "POST" "https://graphql.zeepki.st/"
[Info   :Zeepkist GTR] 20:19:38 Sending HTTP request "POST" "https://graphql.zeepki.st/"
[Info   :Zeepkist GTR] 20:19:38 Received HTTP response headers after 55.998ms - 200
[Info   :Zeepkist GTR] 20:19:38 End processing HTTP request after 56.2194ms - 200
[Info   :Zeepkist GTR] 20:19:38 Received HTTP response headers after 60.8023ms - 200
[Info   :Zeepkist GTR] 20:19:38 End processing HTTP request after 60.996ms - 200
[Info   :Zeepkist GTR] 20:19:38 Start processing HTTP request "GET" "https://cdn.zeepki.st/ghosts/01KT7BCQRA9M1M18Y84Y3AGZVN.bin"
[Info   :Zeepkist GTR] 20:19:38 Sending HTTP request "GET" "https://cdn.zeepki.st/ghosts/01KT7BCQRA9M1M18Y84Y3AGZVN.bin"
[Info   :Zeepkist GTR] 20:19:38 Received HTTP response headers after 123.8319ms - 200
[Info   :Zeepkist GTR] 20:19:38 End processing HTTP request after 124.0623ms - 200
[Info   :Zeepkist GTR] 20:19:38 Start processing HTTP request "POST" "https://graphql.zeepki.st/"
[Info   :Zeepkist GTR] 20:19:38 Sending HTTP request "POST" "https://graphql.zeepki.st/"
[Info   :Zeepkist GTR] 20:19:38 Received HTTP response headers after 55.8313ms - 200
[Info   :Zeepkist GTR] 20:19:38 End processing HTTP request after 56.0636ms - 200
[Info   :Zeepkist GTR] 20:19:38 Received HTTP response headers after 599.1726ms - 200
[Info   :Zeepkist GTR] 20:19:38 End processing HTTP request after 599.4299ms - 200
[Info   :Zeepkist GTR] 20:19:38 Ghost version: 5
[Info   :Zeepkist GTR] 20:19:39 Starting recorder
[Info   :Zeepkist GTR] 20:20:00 Stopping recorder
[Info   :Zeepkist GTR] 20:20:00 Collecting extra information
[Info   :Zeepkist GTR] 20:20:00 Processing ghost data
[Info   :Zeepkist GTR] 20:20:00 Creating stream
[Info   :Zeepkist GTR] 20:20:00 Writing to stream
[Info   :Zeepkist GTR] 20:20:00 Closing stream
[Info   :Zeepkist GTR] 20:20:00 Getting buffer
[Info   :Zeepkist GTR] 20:20:00 Converting to base64
[Info   :Zeepkist GTR] 20:20:00 Creating resource
[Info   :Zeepkist GTR] 20:20:00 Start processing HTTP request "POST" "https://backend.zeepki.st/auth/refresh"
[Info   :Zeepkist GTR] 20:20:00 Sending HTTP request "POST" "https://backend.zeepki.st/auth/refresh"
[Info   :Zeepkist GTR] 20:20:00 Received HTTP response headers after 314.6064ms - 200
[Info   :Zeepkist GTR] 20:20:00 End processing HTTP request after 314.8257ms - 200
[Info   :Zeepkist GTR] 20:20:00 Start processing HTTP request "POST" "https://backend.zeepki.st/record/submit"
[Info   :Zeepkist GTR] 20:20:00 Sending HTTP request "POST" "https://backend.zeepki.st/record/submit"
[Info   :Zeepkist GTR] 20:20:01 Received HTTP response headers after 163.7667ms - 200
[Info   :Zeepkist GTR] 20:20:01 End processing HTTP request after 164.0239ms - 200
[Info   :Zeepkist GTR] 20:20:02 Loading personal best...
[Info   :Zeepkist GTR] 20:20:02 Start processing HTTP request "POST" "https://graphql.zeepki.st/"
[Info   :Zeepkist GTR] 20:20:02 Sending HTTP request "POST" "https://graphql.zeepki.st/"
[Info   :Zeepkist GTR] 20:20:02 Stopping existing recorder if any
[Info   :Zeepkist GTR] 20:20:02 Creating new recorder
[Info   :Zeepkist GTR] 20:20:02 Start processing HTTP request "POST" "https://graphql.zeepki.st/"
[Info   :Zeepkist GTR] 20:20:02 Sending HTTP request "POST" "https://graphql.zeepki.st/"
[Info   :Zeepkist GTR] 20:20:02 Start processing HTTP request "POST" "https://graphql.zeepki.st/"
[Info   :Zeepkist GTR] 20:20:02 Sending HTTP request "POST" "https://graphql.zeepki.st/"
[Info   :Zeepkist GTR] 20:20:02 Received HTTP response headers after 147.6343ms - 200
[Info   :Zeepkist GTR] 20:20:02 Received HTTP response headers after 148.124ms - 200
[Info   :Zeepkist GTR] 20:20:02 End processing HTTP request after 148.3898ms - 200
[Info   :Zeepkist GTR] 20:20:02 End processing HTTP request after 147.8833ms - 200
[Info   :Zeepkist GTR] 20:20:02 Start processing HTTP request "GET" "https://cdn.zeepki.st/ghosts/01KT7BDG3S7T6YKHWDRS46J01V.bin"
[Info   :Zeepkist GTR] 20:20:02 Sending HTTP request "GET" "https://cdn.zeepki.st/ghosts/01KT7BDG3S7T6YKHWDRS46J01V.bin"
[Info   :Zeepkist GTR] 20:20:02 Received HTTP response headers after 167.0919ms - 200
[Info   :Zeepkist GTR] 20:20:02 End processing HTTP request after 167.3629ms - 200
[Info   :Zeepkist GTR] 20:20:02 Start processing HTTP request "POST" "https://graphql.zeepki.st/"
[Info   :Zeepkist GTR] 20:20:02 Sending HTTP request "POST" "https://graphql.zeepki.st/"
[Info   :Zeepkist GTR] 20:20:02 Received HTTP response headers after 53.7167ms - 200
[Info   :Zeepkist GTR] 20:20:02 End processing HTTP request after 53.9993ms - 200
[Info   :Zeepkist GTR] 20:20:02 Received HTTP response headers after 559.8049ms - 200
[Info   :Zeepkist GTR] 20:20:02 End processing HTTP request after 560.0481ms - 200
[Info   :Zeepkist GTR] 20:20:02 Ghost version: 5
[Info   :Zeepkist GTR] 20:20:03 Starting recorder
[Info   :Zeepkist GTR] 20:20:14 Loading personal best...
[Info   :Zeepkist GTR] 20:20:14 Start processing HTTP request "POST" "https://graphql.zeepki.st/"
[Info   :Zeepkist GTR] 20:20:14 Sending HTTP request "POST" "https://graphql.zeepki.st/"
[Info   :Zeepkist GTR] 20:20:14 Stopping existing recorder if any
[Info   :Zeepkist GTR] 20:20:14 Creating new recorder
[Info   :Zeepkist GTR] 20:20:14 Start processing HTTP request "POST" "https://graphql.zeepki.st/"
[Info   :Zeepkist GTR] 20:20:14 Sending HTTP request "POST" "https://graphql.zeepki.st/"
[Info   :Zeepkist GTR] 20:20:14 Start processing HTTP request "POST" "https://graphql.zeepki.st/"
[Info   :Zeepkist GTR] 20:20:14 Sending HTTP request "POST" "https://graphql.zeepki.st/"
[Info   :Zeepkist GTR] 20:20:14 Received HTTP response headers after 117.8156ms - 200
[Info   :Zeepkist GTR] 20:20:14 Received HTTP response headers after 118.287ms - 200
[Info   :Zeepkist GTR] 20:20:14 End processing HTTP request after 118.069ms - 200
[Info   :Zeepkist GTR] 20:20:14 End processing HTTP request after 118.5511ms - 200
[Info   :Zeepkist GTR] 20:20:14 Ghost version: 5
[Info   :Zeepkist GTR] 20:20:14 Received HTTP response headers after 190.9081ms - 200
[Info   :Zeepkist GTR] 20:20:14 End processing HTTP request after 191.1854ms - 200
[Info   :Zeepkist GTR] 20:20:14 Start processing HTTP request "POST" "https://graphql.zeepki.st/"
[Info   :Zeepkist GTR] 20:20:14 Sending HTTP request "POST" "https://graphql.zeepki.st/"
[Info   :Zeepkist GTR] 20:20:14 Received HTTP response headers after 49.7005ms - 200
[Info   :Zeepkist GTR] 20:20:14 End processing HTTP request after 49.9442ms - 200
[Info   :Zeepkist GTR] 20:20:16 Starting recorder
[Info   :Zeepkist GTR] 20:20:20 Discarding recorder
[Info   :COTDTracker] Running update tab leaderboard function
[Info   :COTDTracker] Running update tab leaderboard function
[Info   :COTDTracker] Doing eliminations with leaderboard:
[Info   :COTDTracker] Player justMaki: Time: 19,66821
[Info   :COTDTracker] Player JakeAdjacent: Time: 19,7367
[Info   :COTDTracker] Player [CSC]Tommygaming: Time: 19,81324
[Info   :COTDTracker] Player Lexer: Time: 19,88025
[Info   :COTDTracker] Player [KURK] Quickracer10: Time: 20,01289
[Info   :COTDTracker] Player 𝒱V𝑜o𝒾i𝒹d𝒱: Time: 20,11193
[Info   :COTDTracker] Player Eclipse135: Time: 20,16514
[Info   :COTDTracker] Player Shattersmith: Time: 20,16802
[Info   :COTDTracker] Player Minkus: Time: 20,20031
[Info   :COTDTracker] Player [CSC]AndMe17: Time: 20,25389
[Info   :COTDTracker] Player Hi Im Yolo: Time: 20,30412
[Info   :COTDTracker] Player [CTR] Sandals: Time: 20,41937
[Info   :COTDTracker] Player Diabler: Time: 20,56346
[Info   :COTDTracker] Player aizpun: Time: 20,61292
[Info   :COTDTracker] Player RoundNzt: Time: 20,70205
[Info   :COTDTracker] Player brrryy: Time: 20,79798
[Info   :COTDTracker] Player Six: Time: 20,8754
[Info   :COTDTracker] Player ping: Time: 21,0188
[Info   :COTDTracker] Player Matic_D: Time: 21,22798
[Info   :COTDTracker] Player [ERR]ferinine: Time: 21,39687
[Info   :COTDTracker] Player Warsnac: Time: DNF
[Info   :COTDTracker] Eliminating DNF: Warsnac
[Info   :COTDTracker] Eliminated 1 DNF players
[Info   :COTDTracker] Eliminating on time: [ERR]ferinine
[Info   :COTDTracker] Eliminating on time: Matic_D
[Info   :COTDTracker] Eliminating 3 players: 
[Info   :COTDTracker] Warsnac
[Info   :COTDTracker] [ERR]ferinine
[Info   :COTDTracker] Matic_D
[Info   :COTDTracker] Running update tab leaderboard function
[Info   :COTDTracker] Running update tab leaderboard function
[Info   :COTDTracker] Running update tab leaderboard function
[Info   :COTDTracker] Running update tab leaderboard function
[Info   :COTDTracker] Running update tab leaderboard function
[Info   :BetterSplits] getting gtr splits
[Info   :Zeepkist GTR] 20:20:35 Loading personal best...
[Info   :Zeepkist GTR] 20:20:35 Start processing HTTP request "POST" "https://graphql.zeepki.st/"
[Info   :Zeepkist GTR] 20:20:35 Sending HTTP request "POST" "https://graphql.zeepki.st/"
[Info   :Zeepkist GTR] 20:20:35 Stopping existing recorder if any
[Info   :Zeepkist GTR] 20:20:35 Creating new recorder
[Info   :Zeepkist GTR] 20:20:35 Start processing HTTP request "POST" "https://graphql.zeepki.st/"
[Info   :Zeepkist GTR] 20:20:35 Sending HTTP request "POST" "https://graphql.zeepki.st/"
[Info   :Zeepkist GTR] 20:20:35 Start processing HTTP request "POST" "https://graphql.zeepki.st/"
[Info   :Zeepkist GTR] 20:20:35 Sending HTTP request "POST" "https://graphql.zeepki.st/"
[Error  :BetterSplits] could not get splits
Response: StatusCode: 400, ReasonPhrase: 'Bad Request', Version: 1.1, Content: System.Net.Http.StreamContent, Headers:
{
Date: Wed, 03 Jun 2026 18:20:36 GMT
Connection: keep-alive
access-control-allow-headers: Origin, X-Requested-With, Accept, Authorization, X-Apollo-Tracing, Content-Type, Content-Length, X-PostGraphile-Explain
access-control-allow-methods: HEAD, GET, POST
access-control-allow-origin: *
access-control-expose-headers: X-GraphQL-Event-Stream
alt-svc: h3=":443"; ma=86400
vary: Origin
via: 1.1 Caddy
x-graphql-event-stream: /stream
x-query-cost: 115
cf-cache-status: DYNAMIC
x-xss-protection: 1; mode=block
Strict-Transport-Security: max-age=15552000; includeSubDomains; preload
x-content-type-options: nosniff
Server-Timing: cfCacheStatus;desc="DYNAMIC", cfEdge;dur=7,cfOrigin;dur=38
Report-To: {"group":"cf-nel","max_age":604800,"endpoints":[{"url":"https://a.nel.cloudflare.com/report/v4?s=uT4ggAgtUv83XF9L7oUhyhSPa0SlRdUjHPm5h5wLxU0bZBvsaG26eHNYYJOwexdv4quhwEIDCHhlIOpfKm1FhBZSJ186zRXSaw8fPGvMKvouBkZu6SmWr14uke8VxrNF4UyAdw%3D%3D"}]}
Nel: {"report_to":"cf-nel","success_fraction":0.0,"max_age":604800}
expect-ct: max-age=86400, enforce
referrer-policy: same-origin
x-frame-options: SAMEORIGIN
Server: cloudflare
CF-RAY: a060b6751fc9e93f-MAD
Content-Type: application/json; charset=utf-8
Content-Length: 172
} 
Content: {"errors":[{"message":"Cannot query field \"personalBestGlobalsByIdLevel\" on type \"Level\". Did you mean \"personalBestGlobals\"?","locations":[{"line":1,"column":87}]}]}
Url: https://graphql.zeepki.st
Request: {"query":"query BetterSplitsPB($hash: String!, $steamId: BigFloat) { levelByHash(hash: $hash) { personalBestGlobalsByIdLevel(filter: {userByIdUser: {steamId: {equalTo: $steamId}}}) { nodes { recordByIdRecord { speeds splits time }}}}}","variables":{"hash":"AE1895B982DC6EDB904CA8ECB525B894C164BA8B-3","steamId":"76561197972890120"}}
[Info   :Zeepkist GTR] 20:20:35 Received HTTP response headers after 60.7206ms - 200
[Info   :Zeepkist GTR] 20:20:35 End processing HTTP request after 60.9285ms - 200
[Info   :Zeepkist GTR] 20:20:35 Received HTTP response headers after 122.3227ms - 200
[Info   :Zeepkist GTR] 20:20:35 End processing HTTP request after 122.5518ms - 200
[Info   :Zeepkist GTR] 20:20:35 Start processing HTTP request "POST" "https://graphql.zeepki.st/"
[Info   :Zeepkist GTR] 20:20:35 Sending HTTP request "POST" "https://graphql.zeepki.st/"
[Info   :Zeepkist GTR] 20:20:35 Received HTTP response headers after 165.2783ms - 200
[Info   :Zeepkist GTR] 20:20:35 End processing HTTP request after 165.5113ms - 200
[Info   :Zeepkist GTR] 20:20:35 Start processing HTTP request "GET" "https://cdn.zeepki.st/ghosts/01KT7BBECSXT70TAXJ428M804M.bin"
[Info   :Zeepkist GTR] 20:20:35 Sending HTTP request "GET" "https://cdn.zeepki.st/ghosts/01KT7BBECSXT70TAXJ428M804M.bin"
[Info   :Zeepkist GTR] 20:20:35 Received HTTP response headers after 65.7215ms - 200
[Info   :Zeepkist GTR] 20:20:35 End processing HTTP request after 65.9936ms - 200
[Info   :Zeepkist GTR] 20:20:35 Received HTTP response headers after 586.1083ms - 200
[Info   :Zeepkist GTR] 20:20:35 End processing HTTP request after 586.4081ms - 200
[Info   :Zeepkist GTR] 20:20:35 Ghost version: 5
[Info   :Zeepkist GTR] 20:20:36 Starting recorder
[Info   :Zeepkist GTR] 20:20:58 Stopping recorder
[Info   :Zeepkist GTR] 20:20:58 Collecting extra information
[Info   :Zeepkist GTR] 20:20:58 Processing ghost data
[Info   :Zeepkist GTR] 20:20:58 Creating stream
[Info   :Zeepkist GTR] 20:20:58 Writing to stream
[Info   :Zeepkist GTR] 20:20:58 Closing stream
[Info   :Zeepkist GTR] 20:20:58 Getting buffer
[Info   :Zeepkist GTR] 20:20:58 Converting to base64
[Info   :Zeepkist GTR] 20:20:58 Creating resource
[Info   :Zeepkist GTR] 20:20:58 Start processing HTTP request "POST" "https://backend.zeepki.st/auth/refresh"
[Info   :Zeepkist GTR] 20:20:58 Sending HTTP request "POST" "https://backend.zeepki.st/auth/refresh"
[Info   :Zeepkist GTR] 20:20:59 Received HTTP response headers after 485.6102ms - 200
[Info   :Zeepkist GTR] 20:20:59 End processing HTTP request after 485.9002ms - 200
[Info   :Zeepkist GTR] 20:20:59 Start processing HTTP request "POST" "https://backend.zeepki.st/record/submit"
[Info   :Zeepkist GTR] 20:20:59 Sending HTTP request "POST" "https://backend.zeepki.st/record/submit"
[Info   :Zeepkist GTR] 20:20:59 Received HTTP response headers after 270.329ms - 200
[Info   :Zeepkist GTR] 20:20:59 End processing HTTP request after 270.575ms - 200
[Info   :Zeepkist GTR] 20:20:59 Loading personal best...
[Info   :Zeepkist GTR] 20:20:59 Start processing HTTP request "POST" "https://graphql.zeepki.st/"
[Info   :Zeepkist GTR] 20:20:59 Sending HTTP request "POST" "https://graphql.zeepki.st/"
[Info   :Zeepkist GTR] 20:20:59 Stopping existing recorder if any
[Info   :Zeepkist GTR] 20:20:59 Creating new recorder
[Info   :Zeepkist GTR] 20:20:59 Start processing HTTP request "POST" "https://graphql.zeepki.st/"
[Info   :Zeepkist GTR] 20:20:59 Sending HTTP request "POST" "https://graphql.zeepki.st/"
[Info   :Zeepkist GTR] 20:20:59 Start processing HTTP request "POST" "https://graphql.zeepki.st/"
[Info   :Zeepkist GTR] 20:20:59 Sending HTTP request "POST" "https://graphql.zeepki.st/"
[Info   :Zeepkist GTR] 20:20:59 Received HTTP response headers after 64.8175ms - 200
[Info   :Zeepkist GTR] 20:20:59 End processing HTTP request after 65.0435ms - 200
[Info   :Zeepkist GTR] 20:20:59 Received HTTP response headers after 70.9206ms - 200
[Info   :Zeepkist GTR] 20:20:59 End processing HTTP request after 71.136ms - 200
[Info   :Zeepkist GTR] 20:20:59 Ghost version: 5
[Info   :Zeepkist GTR] 20:20:59 Received HTTP response headers after 128.4954ms - 200
[Info   :Zeepkist GTR] 20:20:59 End processing HTTP request after 128.7164ms - 200
[Info   :Zeepkist GTR] 20:21:00 Start processing HTTP request "POST" "https://graphql.zeepki.st/"
[Info   :Zeepkist GTR] 20:21:00 Sending HTTP request "POST" "https://graphql.zeepki.st/"
[Info   :Zeepkist GTR] 20:21:00 Received HTTP response headers after 55.2234ms - 200
[Info   :Zeepkist GTR] 20:21:00 End processing HTTP request after 55.4766ms - 200
[Info   :Zeepkist GTR] 20:21:01 Starting recorder
[Info   :Zeepkist GTR] 20:21:16 Loading personal best...
[Info   :Zeepkist GTR] 20:21:16 Start processing HTTP request "POST" "https://graphql.zeepki.st/"
[Info   :Zeepkist GTR] 20:21:16 Sending HTTP request "POST" "https://graphql.zeepki.st/"
[Info   :Zeepkist GTR] 20:21:16 Stopping existing recorder if any
[Info   :Zeepkist GTR] 20:21:16 Creating new recorder
[Info   :Zeepkist GTR] 20:21:16 Start processing HTTP request "POST" "https://graphql.zeepki.st/"
[Info   :Zeepkist GTR] 20:21:16 Sending HTTP request "POST" "https://graphql.zeepki.st/"
[Info   :Zeepkist GTR] 20:21:16 Start processing HTTP request "POST" "https://graphql.zeepki.st/"
[Info   :Zeepkist GTR] 20:21:16 Sending HTTP request "POST" "https://graphql.zeepki.st/"
[Info   :Zeepkist GTR] 20:21:16 Received HTTP response headers after 57.1131ms - 200
[Info   :Zeepkist GTR] 20:21:16 End processing HTTP request after 57.3596ms - 200
[Info   :Zeepkist GTR] 20:21:16 Received HTTP response headers after 62.8657ms - 200
[Info   :Zeepkist GTR] 20:21:16 End processing HTTP request after 63.0918ms - 200
[Info   :Zeepkist GTR] 20:21:16 Ghost version: 5
[Info   :Zeepkist GTR] 20:21:16 Received HTTP response headers after 125.3511ms - 200
[Info   :Zeepkist GTR] 20:21:16 End processing HTTP request after 125.6184ms - 200
[Info   :Zeepkist GTR] 20:21:16 Start processing HTTP request "POST" "https://graphql.zeepki.st/"
[Info   :Zeepkist GTR] 20:21:16 Sending HTTP request "POST" "https://graphql.zeepki.st/"
[Info   :Zeepkist GTR] 20:21:17 Received HTTP response headers after 50.6985ms - 200
[Info   :Zeepkist GTR] 20:21:17 End processing HTTP request after 50.9378ms - 200
[Info   :Zeepkist GTR] 20:21:18 Starting recorder
[Info   :Zeepkist GTR] 20:21:40 Stopping recorder
[Info   :Zeepkist GTR] 20:21:40 Collecting extra information
[Info   :Zeepkist GTR] 20:21:40 Processing ghost data
[Info   :Zeepkist GTR] 20:21:40 Creating stream
[Info   :Zeepkist GTR] 20:21:40 Writing to stream
[Info   :Zeepkist GTR] 20:21:40 Closing stream
[Info   :Zeepkist GTR] 20:21:40 Getting buffer
[Info   :Zeepkist GTR] 20:21:40 Converting to base64
[Info   :Zeepkist GTR] 20:21:40 Creating resource
[Info   :Zeepkist GTR] 20:21:40 Start processing HTTP request "POST" "https://backend.zeepki.st/auth/refresh"
[Info   :Zeepkist GTR] 20:21:40 Sending HTTP request "POST" "https://backend.zeepki.st/auth/refresh"
[Info   :Zeepkist GTR] 20:21:40 Received HTTP response headers after 358.8173ms - 200
[Info   :Zeepkist GTR] 20:21:40 End processing HTTP request after 359.0359ms - 200
[Info   :Zeepkist GTR] 20:21:40 Start processing HTTP request "POST" "https://backend.zeepki.st/record/submit"
[Info   :Zeepkist GTR] 20:21:40 Sending HTTP request "POST" "https://backend.zeepki.st/record/submit"
[Info   :Zeepkist GTR] 20:21:41 Received HTTP response headers after 100.7683ms - 200
[Info   :Zeepkist GTR] 20:21:41 End processing HTTP request after 100.9965ms - 200
[Info   :Zeepkist GTR] 20:21:43 Discarding recorder
[Info   :COTDTracker] Doing eliminations with leaderboard:
[Info   :COTDTracker] Player justMaki: Time: 20,9779
[Info   :COTDTracker] Player Shattersmith: Time: 21,06349
[Info   :COTDTracker] Player 𝒱V𝑜o𝒾i𝒹d𝒱: Time: 21,07556
[Info   :COTDTracker] Player [CTR] Sandals: Time: 21,09562
[Info   :COTDTracker] Player RoundNzt: Time: 21,14046
[Info   :COTDTracker] Player [KURK] Quickracer10: Time: 21,1705
[Info   :COTDTracker] Player brrryy: Time: 21,195
[Info   :COTDTracker] Player Lexer: Time: 21,21389
[Info   :COTDTracker] Player JakeAdjacent: Time: 21,2337
[Info   :COTDTracker] Player Eclipse135: Time: 21,3012
[Info   :COTDTracker] Player [CSC]Tommygaming: Time: 21,31435
[Info   :COTDTracker] Player Minkus: Time: 21,36122
[Info   :COTDTracker] Player Diabler: Time: 21,36996
[Info   :COTDTracker] Player Hi Im Yolo: Time: 21,45663
[Info   :COTDTracker] Player [CSC]AndMe17: Time: 21,45816
[Info   :COTDTracker] Player ping: Time: 21,53531
[Info   :COTDTracker] Player Six: Time: 21,58115
[Info   :COTDTracker] Player aizpun: Time: 21,86332
[Info   :COTDTracker] Eliminated 0 DNF players
[Info   :COTDTracker] Eliminating on time: aizpun
[Info   :COTDTracker] Eliminating on time: Six
[Info   :COTDTracker] Eliminating on time: ping
[Info   :COTDTracker] Eliminating 3 players: 
[Info   :COTDTracker] aizpun
[Info   :COTDTracker] Six
[Info   :COTDTracker] ping
[Info   :BetterSplits] getting gtr splits
[Info   :Zeepkist GTR] 20:21:57 Loading personal best...
[Info   :Zeepkist GTR] 20:21:57 Start processing HTTP request "POST" "https://graphql.zeepki.st/"
[Info   :Zeepkist GTR] 20:21:57 Sending HTTP request "POST" "https://graphql.zeepki.st/"
[Info   :Zeepkist GTR] 20:21:57 Stopping existing recorder if any
[Info   :Zeepkist GTR] 20:21:57 Creating new recorder
[Info   :Zeepkist GTR] 20:21:57 Start processing HTTP request "POST" "https://graphql.zeepki.st/"
[Info   :Zeepkist GTR] 20:21:57 Sending HTTP request "POST" "https://graphql.zeepki.st/"
[Info   :Zeepkist GTR] 20:21:57 Start processing HTTP request "POST" "https://graphql.zeepki.st/"
[Info   :Zeepkist GTR] 20:21:57 Sending HTTP request "POST" "https://graphql.zeepki.st/"
[Error  :BetterSplits] could not get splits
Response: StatusCode: 400, ReasonPhrase: 'Bad Request', Version: 1.1, Content: System.Net.Http.StreamContent, Headers:
{
Date: Wed, 03 Jun 2026 18:21:58 GMT
Connection: keep-alive
access-control-allow-headers: Origin, X-Requested-With, Accept, Authorization, X-Apollo-Tracing, Content-Type, Content-Length, X-PostGraphile-Explain
access-control-allow-methods: HEAD, GET, POST
access-control-allow-origin: *
access-control-expose-headers: X-GraphQL-Event-Stream
alt-svc: h3=":443"; ma=86400
vary: Origin
via: 1.1 Caddy
x-graphql-event-stream: /stream
x-query-cost: 115
cf-cache-status: DYNAMIC
x-xss-protection: 1; mode=block
Strict-Transport-Security: max-age=15552000; includeSubDomains; preload
x-content-type-options: nosniff
Server-Timing: cfCacheStatus;desc="DYNAMIC", cfEdge;dur=7,cfOrigin;dur=37
Report-To: {"group":"cf-nel","max_age":604800,"endpoints":[{"url":"https://a.nel.cloudflare.com/report/v4?s=Tt2LYEEZu9J1LodhnWabvYYXNRXBH9vaxSID%2BAXGv56wRQiz72RAXh2i%2BRmJKqNH0HlcxKrzZKlf8%2BOhOdn1vZ%2F%2BFlW2IuCQsDAcFYQZHCmACUyGX3vJR1RCyS7eZ4yIOfqVfg%3D%3D"}]}
Nel: {"report_to":"cf-nel","success_fraction":0.0,"max_age":604800}
expect-ct: max-age=86400, enforce
referrer-policy: same-origin
x-frame-options: SAMEORIGIN
Server: cloudflare
CF-RAY: a060b87aeff1e93f-MAD
Content-Type: application/json; charset=utf-8
Content-Length: 172
} 
Content: {"errors":[{"message":"Cannot query field \"personalBestGlobalsByIdLevel\" on type \"Level\". Did you mean \"personalBestGlobals\"?","locations":[{"line":1,"column":87}]}]}
Url: https://graphql.zeepki.st
Request: {"query":"query BetterSplitsPB($hash: String!, $steamId: BigFloat) { levelByHash(hash: $hash) { personalBestGlobalsByIdLevel(filter: {userByIdUser: {steamId: {equalTo: $steamId}}}) { nodes { recordByIdRecord { speeds splits time }}}}}","variables":{"hash":"39E285FE0CEA0E8A6CB513D9629A71E4C83BE827-3","steamId":"76561197972890120"}}
[Info   :Zeepkist GTR] 20:21:57 Received HTTP response headers after 74.985ms - 200
[Info   :Zeepkist GTR] 20:21:57 End processing HTTP request after 75.2139ms - 200
[Info   :Zeepkist GTR] 20:21:57 Received HTTP response headers after 76.1083ms - 200
[Info   :Zeepkist GTR] 20:21:58 End processing HTTP request after 76.269ms - 200
[Info   :Zeepkist GTR] 20:21:58 Ghost version: 5
[Info   :Zeepkist GTR] 20:21:58 Received HTTP response headers after 135.3756ms - 200
[Info   :Zeepkist GTR] 20:21:58 End processing HTTP request after 135.5815ms - 200
[Info   :Zeepkist GTR] 20:21:58 Start processing HTTP request "POST" "https://graphql.zeepki.st/"
[Info   :Zeepkist GTR] 20:21:58 Sending HTTP request "POST" "https://graphql.zeepki.st/"
[Info   :Zeepkist GTR] 20:21:58 Received HTTP response headers after 103.4101ms - 200
[Info   :Zeepkist GTR] 20:21:58 End processing HTTP request after 103.6316ms - 200
[Info   :Zeepkist GTR] 20:21:59 Starting recorder
[Info   :Zeepkist GTR] 20:23:06 Discarding recorder
[Info   :COTDTracker] Doing eliminations with leaderboard:
[Info   :COTDTracker] Player JakeAdjacent: Time: 19,75185
[Info   :COTDTracker] Player justMaki: Time: 19,7564
[Info   :COTDTracker] Player 𝒱V𝑜o𝒾i𝒹d𝒱: Time: 19,91262
[Info   :COTDTracker] Player [CSC]Tommygaming: Time: 19,95129
[Info   :COTDTracker] Player [KURK] Quickracer10: Time: 19,97864
[Info   :COTDTracker] Player Hi Im Yolo: Time: 20,12304
[Info   :COTDTracker] Player [CTR] Sandals: Time: 20,24444
[Info   :COTDTracker] Player Eclipse135: Time: 20,25841
[Info   :COTDTracker] Player Lexer: Time: 20,26188
[Info   :COTDTracker] Player Shattersmith: Time: 20,33113
[Info   :COTDTracker] Player [CSC]AndMe17: Time: 20,39038
[Info   :COTDTracker] Player Diabler: Time: 20,65636
[Info   :COTDTracker] Player RoundNzt: Time: 20,78679
[Info   :COTDTracker] Player brrryy: Time: 20,88211
[Info   :COTDTracker] Player Minkus: Time: 20,91721
[Info   :COTDTracker] Eliminated 0 DNF players
[Info   :COTDTracker] Eliminating on time: Minkus
[Info   :COTDTracker] Eliminating on time: brrryy
[Info   :COTDTracker] Eliminating on time: RoundNzt
[Info   :COTDTracker] Eliminating 3 players: 
[Info   :COTDTracker] Minkus
[Info   :COTDTracker] brrryy
[Info   :COTDTracker] RoundNzt
[Info   :BetterSplits] getting gtr splits
[Info   :Zeepkist GTR] 20:23:21 Loading personal best...
[Info   :Zeepkist GTR] 20:23:21 Start processing HTTP request "POST" "https://graphql.zeepki.st/"
[Info   :Zeepkist GTR] 20:23:21 Sending HTTP request "POST" "https://graphql.zeepki.st/"
[Info   :Zeepkist GTR] 20:23:21 Stopping existing recorder if any
[Info   :Zeepkist GTR] 20:23:21 Creating new recorder
[Info   :Zeepkist GTR] 20:23:21 Start processing HTTP request "POST" "https://graphql.zeepki.st/"
[Info   :Zeepkist GTR] 20:23:21 Sending HTTP request "POST" "https://graphql.zeepki.st/"
[Info   :Zeepkist GTR] 20:23:21 Start processing HTTP request "POST" "https://graphql.zeepki.st/"
[Info   :Zeepkist GTR] 20:23:21 Sending HTTP request "POST" "https://graphql.zeepki.st/"
[Error  :BetterSplits] could not get splits
Response: StatusCode: 400, ReasonPhrase: 'Bad Request', Version: 1.1, Content: System.Net.Http.StreamContent, Headers:
{
Date: Wed, 03 Jun 2026 18:23:22 GMT
Connection: keep-alive
access-control-allow-headers: Origin, X-Requested-With, Accept, Authorization, X-Apollo-Tracing, Content-Type, Content-Length, X-PostGraphile-Explain
access-control-allow-methods: HEAD, GET, POST
access-control-allow-origin: *
access-control-expose-headers: X-GraphQL-Event-Stream
alt-svc: h3=":443"; ma=86400
vary: Origin
via: 1.1 Caddy
x-graphql-event-stream: /stream
x-query-cost: 115
cf-cache-status: DYNAMIC
x-xss-protection: 1; mode=block
Strict-Transport-Security: max-age=15552000; includeSubDomains; preload
x-content-type-options: nosniff
Server-Timing: cfCacheStatus;desc="DYNAMIC", cfEdge;dur=6,cfOrigin;dur=40
Report-To: {"group":"cf-nel","max_age":604800,"endpoints":[{"url":"https://a.nel.cloudflare.com/report/v4?s=IFs37IUcsQg3A2YHoiZoy8%2FInvLgJtOOnRBgk6DrEbK%2BaV6t12OW83HMFKsWTo%2FAjsocGI2sqpdUItSp6sqwwWBI%2BqiRh1Kjc0FDL28ejNRbV0UM6%2BnT1dfD5R2D7MaQXRp2QA%3D%3D"}]}
Nel: {"report_to":"cf-nel","success_fraction":0.0,"max_age":604800}
expect-ct: max-age=86400, enforce
referrer-policy: same-origin
x-frame-options: SAMEORIGIN
Server: cloudflare
CF-RAY: a060ba835a2ae93f-MAD
Content-Type: application/json; charset=utf-8
Content-Length: 172
} 
Content: {"errors":[{"message":"Cannot query field \"personalBestGlobalsByIdLevel\" on type \"Level\". Did you mean \"personalBestGlobals\"?","locations":[{"line":1,"column":87}]}]}
Url: https://graphql.zeepki.st
Request: {"query":"query BetterSplitsPB($hash: String!, $steamId: BigFloat) { levelByHash(hash: $hash) { personalBestGlobalsByIdLevel(filter: {userByIdUser: {steamId: {equalTo: $steamId}}}) { nodes { recordByIdRecord { speeds splits time }}}}}","variables":{"hash":"AE1895B982DC6EDB904CA8ECB525B894C164BA8B-3","steamId":"76561197972890120"}}
[Info   :Zeepkist GTR] 20:23:21 Received HTTP response headers after 108.9151ms - 200
[Info   :Zeepkist GTR] 20:23:21 End processing HTTP request after 109.1726ms - 200
[Info   :Zeepkist GTR] 20:23:21 Ghost version: 5
[Info   :Zeepkist GTR] 20:23:21 Received HTTP response headers after 198.2118ms - 200
[Info   :Zeepkist GTR] 20:23:21 End processing HTTP request after 198.4662ms - 200
[Info   :Zeepkist GTR] 20:23:21 Received HTTP response headers after 261.4863ms - 200
[Info   :Zeepkist GTR] 20:23:21 End processing HTTP request after 261.7806ms - 200
[Info   :Zeepkist GTR] 20:23:21 Start processing HTTP request "POST" "https://graphql.zeepki.st/"
[Info   :Zeepkist GTR] 20:23:21 Sending HTTP request "POST" "https://graphql.zeepki.st/"
[Info   :Zeepkist GTR] 20:23:21 Received HTTP response headers after 63.2551ms - 200
[Info   :Zeepkist GTR] 20:23:21 End processing HTTP request after 63.5524ms - 200
[Info   :Zeepkist GTR] 20:23:22 Starting recorder
[Info   :Zeepkist GTR] 20:24:29 Discarding recorder
[Info   :COTDTracker] Doing eliminations with leaderboard:
[Info   :COTDTracker] Player justMaki: Time: 21,00356
[Info   :COTDTracker] Player Shattersmith: Time: 21,05666
[Info   :COTDTracker] Player JakeAdjacent: Time: 21,0893
[Info   :COTDTracker] Player [CTR] Sandals: Time: 21,14717
[Info   :COTDTracker] Player 𝒱V𝑜o𝒾i𝒹d𝒱: Time: 21,14821
[Info   :COTDTracker] Player [KURK] Quickracer10: Time: 21,20751
[Info   :COTDTracker] Player [CSC]Tommygaming: Time: 21,24417
[Info   :COTDTracker] Player Eclipse135: Time: 21,24948
[Info   :COTDTracker] Player Lexer: Time: 21,24951
[Info   :COTDTracker] Player [CSC]AndMe17: Time: 21,27363
[Info   :COTDTracker] Player Diabler: Time: 21,40112
[Info   :COTDTracker] Player Hi Im Yolo: Time: 21,58975
[Info   :COTDTracker] Eliminated 0 DNF players
[Info   :COTDTracker] Eliminating on time: Hi Im Yolo
[Info   :COTDTracker] Eliminating on time: Diabler
[Info   :COTDTracker] Eliminating 2 players: 
[Info   :COTDTracker] Hi Im Yolo
[Info   :COTDTracker] Diabler
[Info   :BetterSplits] getting gtr splits
[Info   :Zeepkist GTR] 20:24:43 Loading personal best...
[Info   :Zeepkist GTR] 20:24:43 Start processing HTTP request "POST" "https://graphql.zeepki.st/"
[Info   :Zeepkist GTR] 20:24:43 Sending HTTP request "POST" "https://graphql.zeepki.st/"
[Info   :Zeepkist GTR] 20:24:43 Stopping existing recorder if any
[Info   :Zeepkist GTR] 20:24:43 Creating new recorder
[Info   :Zeepkist GTR] 20:24:43 Start processing HTTP request "POST" "https://graphql.zeepki.st/"
[Info   :Zeepkist GTR] 20:24:43 Sending HTTP request "POST" "https://graphql.zeepki.st/"
[Info   :Zeepkist GTR] 20:24:43 Start processing HTTP request "POST" "https://graphql.zeepki.st/"
[Info   :Zeepkist GTR] 20:24:43 Sending HTTP request "POST" "https://graphql.zeepki.st/"
[Error  :BetterSplits] could not get splits
Response: StatusCode: 400, ReasonPhrase: 'Bad Request', Version: 1.1, Content: System.Net.Http.StreamContent, Headers:
{
Date: Wed, 03 Jun 2026 18:24:44 GMT
Connection: keep-alive
access-control-allow-headers: Origin, X-Requested-With, Accept, Authorization, X-Apollo-Tracing, Content-Type, Content-Length, X-PostGraphile-Explain
access-control-allow-methods: HEAD, GET, POST
access-control-allow-origin: *
access-control-expose-headers: X-GraphQL-Event-Stream
alt-svc: h3=":443"; ma=86400
vary: Origin
via: 1.1 Caddy
x-graphql-event-stream: /stream
x-query-cost: 115
cf-cache-status: DYNAMIC
x-xss-protection: 1; mode=block
Strict-Transport-Security: max-age=15552000; includeSubDomains; preload
x-content-type-options: nosniff
Server-Timing: cfCacheStatus;desc="DYNAMIC", cfEdge;dur=6,cfOrigin;dur=37
Report-To: {"group":"cf-nel","max_age":604800,"endpoints":[{"url":"https://a.nel.cloudflare.com/report/v4?s=UJxLKk8UTnCPW9XWNEQpQmveo3hgL5tRtiB00g2kemz1Oh94%2B9EEK2Qzmr218s5DFGRRgN4LG50Cz9fgifnOPWDQDSnAOCI29ipSaXpixkjHHLEQFPIkOvVN%2FZWV32s8U3Ooxg%3D%3D"}]}
Nel: {"report_to":"cf-nel","success_fraction":0.0,"max_age":604800}
expect-ct: max-age=86400, enforce
referrer-policy: same-origin
x-frame-options: SAMEORIGIN
Server: cloudflare
CF-RAY: a060bc87fa7ee93f-MAD
Content-Type: application/json; charset=utf-8
Content-Length: 172
} 
Content: {"errors":[{"message":"Cannot query field \"personalBestGlobalsByIdLevel\" on type \"Level\". Did you mean \"personalBestGlobals\"?","locations":[{"line":1,"column":87}]}]}
Url: https://graphql.zeepki.st
Request: {"query":"query BetterSplitsPB($hash: String!, $steamId: BigFloat) { levelByHash(hash: $hash) { personalBestGlobalsByIdLevel(filter: {userByIdUser: {steamId: {equalTo: $steamId}}}) { nodes { recordByIdRecord { speeds splits time }}}}}","variables":{"hash":"39E285FE0CEA0E8A6CB513D9629A71E4C83BE827-3","steamId":"76561197972890120"}}
[Info   :Zeepkist GTR] 20:24:43 Received HTTP response headers after 75.4019ms - 200
[Info   :Zeepkist GTR] 20:24:43 Received HTTP response headers after 75.9686ms - 200
[Info   :Zeepkist GTR] 20:24:43 End processing HTTP request after 75.6516ms - 200
[Info   :Zeepkist GTR] 20:24:43 End processing HTTP request after 76.2074ms - 200
[Info   :Zeepkist GTR] 20:24:43 Ghost version: 5
[Info   :Zeepkist GTR] 20:24:44 Received HTTP response headers after 147.9007ms - 200
[Info   :Zeepkist GTR] 20:24:44 End processing HTTP request after 148.1309ms - 200
[Info   :Zeepkist GTR] 20:24:44 Start processing HTTP request "POST" "https://graphql.zeepki.st/"
[Info   :Zeepkist GTR] 20:24:44 Sending HTTP request "POST" "https://graphql.zeepki.st/"
[Info   :Zeepkist GTR] 20:24:44 Received HTTP response headers after 57.6059ms - 200
[Info   :Zeepkist GTR] 20:24:44 End processing HTTP request after 57.8455ms - 200
[Info   :Zeepkist GTR] 20:24:45 Starting recorder
[Info   :Zeepkist GTR] 20:25:52 Discarding recorder
[Info   :COTDTracker] Doing eliminations with leaderboard:
[Info   :COTDTracker] Player [KURK] Quickracer10: Time: 19,80855
[Info   :COTDTracker] Player justMaki: Time: 19,81166
[Info   :COTDTracker] Player JakeAdjacent: Time: 19,92196
[Info   :COTDTracker] Player Eclipse135: Time: 19,96484
[Info   :COTDTracker] Player Shattersmith: Time: 19,97791
[Info   :COTDTracker] Player Lexer: Time: 20,10296
[Info   :COTDTracker] Player [CTR] Sandals: Time: 20,10547
[Info   :COTDTracker] Player [CSC]Tommygaming: Time: 20,11102
[Info   :COTDTracker] Player [CSC]AndMe17: Time: 20,24029
[Info   :COTDTracker] Player 𝒱V𝑜o𝒾i𝒹d𝒱: Time: 20,27772
[Info   :COTDTracker] Eliminated 0 DNF players
[Info   :COTDTracker] Eliminating on time: 𝒱V𝑜o𝒾i𝒹d𝒱
[Info   :COTDTracker] Eliminating on time: [CSC]AndMe17
[Info   :COTDTracker] Eliminating 2 players: 
[Info   :COTDTracker] 𝒱V𝑜o𝒾i𝒹d𝒱
[Info   :COTDTracker] [CSC]AndMe17
[Info   :BetterSplits] getting gtr splits
[Info   :Zeepkist GTR] 20:26:07 Loading personal best...
[Info   :Zeepkist GTR] 20:26:07 Start processing HTTP request "POST" "https://graphql.zeepki.st/"
[Info   :Zeepkist GTR] 20:26:07 Sending HTTP request "POST" "https://graphql.zeepki.st/"
[Info   :Zeepkist GTR] 20:26:07 Stopping existing recorder if any
[Info   :Zeepkist GTR] 20:26:07 Creating new recorder
[Info   :Zeepkist GTR] 20:26:07 Start processing HTTP request "POST" "https://graphql.zeepki.st/"
[Info   :Zeepkist GTR] 20:26:07 Sending HTTP request "POST" "https://graphql.zeepki.st/"
[Info   :Zeepkist GTR] 20:26:07 Start processing HTTP request "POST" "https://graphql.zeepki.st/"
[Info   :Zeepkist GTR] 20:26:07 Sending HTTP request "POST" "https://graphql.zeepki.st/"
[Info   :Zeepkist GTR] 20:26:08 Starting recorder
[Error  :BetterSplits] could not get splits
Response: StatusCode: 400, ReasonPhrase: 'Bad Request', Version: 1.1, Content: System.Net.Http.StreamContent, Headers:
{
Date: Wed, 03 Jun 2026 18:26:10 GMT
Connection: keep-alive
access-control-allow-headers: Origin, X-Requested-With, Accept, Authorization, X-Apollo-Tracing, Content-Type, Content-Length, X-PostGraphile-Explain
access-control-allow-methods: HEAD, GET, POST
access-control-allow-origin: *
access-control-expose-headers: X-GraphQL-Event-Stream
alt-svc: h3=":443"; ma=86400
vary: Origin
via: 1.1 Caddy
x-graphql-event-stream: /stream
x-query-cost: 115
cf-cache-status: DYNAMIC
x-xss-protection: 1; mode=block
Strict-Transport-Security: max-age=15552000; includeSubDomains; preload
x-content-type-options: nosniff
Server-Timing: cfCacheStatus;desc="DYNAMIC", cfEdge;dur=6,cfOrigin;dur=2561
Report-To: {"group":"cf-nel","max_age":604800,"endpoints":[{"url":"https://a.nel.cloudflare.com/report/v4?s=rWvlylulCWPtvdd2%2FjixI6boj9MwunJo87kCzCctXe6KDMDTz4HsmvWa%2FXG0nonyYuyL1dd9OpnW6M6m%2Bb4lQUmT1HsdGtKz12nls%2BakP8UrfJxr%2FZYxe%2B2DrCyz2WRusMUC%2Bw%3D%3D"}]}
Nel: {"report_to":"cf-nel","success_fraction":0.0,"max_age":604800}
expect-ct: max-age=86400, enforce
referrer-policy: same-origin
x-frame-options: SAMEORIGIN
Server: cloudflare
CF-RAY: a060be91895be93f-MAD
Content-Type: application/json; charset=utf-8
Content-Length: 172
} 
Content: {"errors":[{"message":"Cannot query field \"personalBestGlobalsByIdLevel\" on type \"Level\". Did you mean \"personalBestGlobals\"?","locations":[{"line":1,"column":87}]}]}
Url: https://graphql.zeepki.st
Request: {"query":"query BetterSplitsPB($hash: String!, $steamId: BigFloat) { levelByHash(hash: $hash) { personalBestGlobalsByIdLevel(filter: {userByIdUser: {steamId: {equalTo: $steamId}}}) { nodes { recordByIdRecord { speeds splits time }}}}}","variables":{"hash":"AE1895B982DC6EDB904CA8ECB525B894C164BA8B-3","steamId":"76561197972890120"}}
[Info   :Zeepkist GTR] 20:26:10 Received HTTP response headers after 2929.8556ms - 200
[Info   :Zeepkist GTR] 20:26:10 End processing HTTP request after 2930.0836ms - 200
[Info   :Zeepkist GTR] 20:26:10 Received HTTP response headers after 3036.8194ms - 200
[Info   :Zeepkist GTR] 20:26:10 End processing HTTP request after 3037.0572ms - 200
[Info   :Zeepkist GTR] 20:26:10 Received HTTP response headers after 3062.9792ms - 200
[Info   :Zeepkist GTR] 20:26:10 End processing HTTP request after 3063.2165ms - 200
[Info   :Zeepkist GTR] 20:26:10 Ghost version: 5
[Info   :Zeepkist GTR] 20:26:10 Start processing HTTP request "POST" "https://graphql.zeepki.st/"
[Info   :Zeepkist GTR] 20:26:10 Sending HTTP request "POST" "https://graphql.zeepki.st/"
[Info   :Zeepkist GTR] 20:26:10 Received HTTP response headers after 93.6696ms - 200
[Info   :Zeepkist GTR] 20:26:10 End processing HTTP request after 93.9744ms - 200
[Info   :Zeepkist GTR] 20:27:15 Discarding recorder
[Info   :COTDTracker] Doing eliminations with leaderboard:
[Info   :COTDTracker] Player justMaki: Time: 21,08506
[Info   :COTDTracker] Player Eclipse135: Time: 21,15499
[Info   :COTDTracker] Player [CTR] Sandals: Time: 21,16614
[Info   :COTDTracker] Player [KURK] Quickracer10: Time: 21,17386
[Info   :COTDTracker] Player Lexer: Time: 21,28322
[Info   :COTDTracker] Player JakeAdjacent: Time: 21,28878
[Info   :COTDTracker] Player [CSC]Tommygaming: Time: 21,37251
[Info   :COTDTracker] Player Shattersmith: Time: DNF
[Info   :COTDTracker] Eliminating DNF: Shattersmith
[Info   :COTDTracker] Eliminated 1 DNF players
[Info   :COTDTracker] Eliminating on time: [CSC]Tommygaming
[Info   :COTDTracker] Eliminating 2 players: 
[Info   :COTDTracker] Shattersmith
[Info   :COTDTracker] [CSC]Tommygaming
[Info   :BetterSplits] getting gtr splits
[Info   :Zeepkist GTR] 20:27:30 Loading personal best...
[Info   :Zeepkist GTR] 20:27:30 Start processing HTTP request "POST" "https://graphql.zeepki.st/"
[Info   :Zeepkist GTR] 20:27:30 Sending HTTP request "POST" "https://graphql.zeepki.st/"
[Info   :Zeepkist GTR] 20:27:30 Stopping existing recorder if any
[Info   :Zeepkist GTR] 20:27:30 Creating new recorder
[Info   :Zeepkist GTR] 20:27:30 Start processing HTTP request "POST" "https://graphql.zeepki.st/"
[Info   :Zeepkist GTR] 20:27:30 Sending HTTP request "POST" "https://graphql.zeepki.st/"
[Info   :Zeepkist GTR] 20:27:30 Start processing HTTP request "POST" "https://graphql.zeepki.st/"
[Info   :Zeepkist GTR] 20:27:30 Sending HTTP request "POST" "https://graphql.zeepki.st/"
[Error  :BetterSplits] could not get splits
Response: StatusCode: 400, ReasonPhrase: 'Bad Request', Version: 1.1, Content: System.Net.Http.StreamContent, Headers:
{
Date: Wed, 03 Jun 2026 18:27:31 GMT
Connection: keep-alive
access-control-allow-headers: Origin, X-Requested-With, Accept, Authorization, X-Apollo-Tracing, Content-Type, Content-Length, X-PostGraphile-Explain
access-control-allow-methods: HEAD, GET, POST
access-control-allow-origin: *
access-control-expose-headers: X-GraphQL-Event-Stream
alt-svc: h3=":443"; ma=86400
vary: Origin
via: 1.1 Caddy
x-graphql-event-stream: /stream
x-query-cost: 115
cf-cache-status: DYNAMIC
x-xss-protection: 1; mode=block
Strict-Transport-Security: max-age=15552000; includeSubDomains; preload
x-content-type-options: nosniff
Server-Timing: cfCacheStatus;desc="DYNAMIC", cfEdge;dur=8,cfOrigin;dur=231
Report-To: {"group":"cf-nel","max_age":604800,"endpoints":[{"url":"https://a.nel.cloudflare.com/report/v4?s=Pz716Bg0A0iiHrNkAFN1JpRwc2dUH5MfUqKQYCMan8kCLw53l0bYYuaPegOzbzdkVmqXsAUvi2oyiVaWi%2BoeExB9NRDRHzwGkDGnv3Xc%2B3vcO4HcBYEroa5ZGMyJFCMgQWyL%2BA%3D%3D"}]}
Nel: {"report_to":"cf-nel","success_fraction":0.0,"max_age":604800}
expect-ct: max-age=86400, enforce
referrer-policy: same-origin
x-frame-options: SAMEORIGIN
Server: cloudflare
CF-RAY: a060c0966dbae93f-MAD
Content-Type: application/json; charset=utf-8
Content-Length: 172
} 
Content: {"errors":[{"message":"Cannot query field \"personalBestGlobalsByIdLevel\" on type \"Level\". Did you mean \"personalBestGlobals\"?","locations":[{"line":1,"column":87}]}]}
Url: https://graphql.zeepki.st
Request: {"query":"query BetterSplitsPB($hash: String!, $steamId: BigFloat) { levelByHash(hash: $hash) { personalBestGlobalsByIdLevel(filter: {userByIdUser: {steamId: {equalTo: $steamId}}}) { nodes { recordByIdRecord { speeds splits time }}}}}","variables":{"hash":"39E285FE0CEA0E8A6CB513D9629A71E4C83BE827-3","steamId":"76561197972890120"}}
[Info   :Zeepkist GTR] 20:27:30 Received HTTP response headers after 356.0497ms - 200
[Info   :Zeepkist GTR] 20:27:30 End processing HTTP request after 356.3494ms - 200
[Info   :Zeepkist GTR] 20:27:30 Received HTTP response headers after 357.9845ms - 200
[Info   :Zeepkist GTR] 20:27:30 End processing HTTP request after 358.1833ms - 200
[Info   :Zeepkist GTR] 20:27:30 Ghost version: 5
[Info   :Zeepkist GTR] 20:27:30 Received HTTP response headers after 507.0591ms - 200
[Info   :Zeepkist GTR] 20:27:30 End processing HTTP request after 507.3104ms - 200
[Info   :Zeepkist GTR] 20:27:30 Start processing HTTP request "POST" "https://graphql.zeepki.st/"
[Info   :Zeepkist GTR] 20:27:30 Sending HTTP request "POST" "https://graphql.zeepki.st/"
[Info   :Zeepkist GTR] 20:27:30 Received HTTP response headers after 54.196ms - 200
[Info   :Zeepkist GTR] 20:27:30 End processing HTTP request after 54.4336ms - 200
[Info   :Zeepkist GTR] 20:27:31 Starting recorder
[Info   :Zeepkist GTR] 20:28:38 Discarding recorder
[Info   :COTDTracker] Doing eliminations with leaderboard:
[Info   :COTDTracker] Player JakeAdjacent: Time: 19,77674
[Info   :COTDTracker] Player justMaki: Time: 19,9479
[Info   :COTDTracker] Player Lexer: Time: 19,98248
[Info   :COTDTracker] Player [CTR] Sandals: Time: 20,06963
[Info   :COTDTracker] Player Eclipse135: Time: 20,07962
[Info   :COTDTracker] Player [KURK] Quickracer10: Time: 20,19603
[Info   :COTDTracker] Eliminated 0 DNF players
[Info   :COTDTracker] Eliminating on time: [KURK] Quickracer10
[Info   :COTDTracker] Eliminating 1 players: 
[Info   :COTDTracker] [KURK] Quickracer10
[Info   :BetterSplits] getting gtr splits
[Info   :Zeepkist GTR] 20:28:53 Loading personal best...
[Info   :Zeepkist GTR] 20:28:53 Start processing HTTP request "POST" "https://graphql.zeepki.st/"
[Info   :Zeepkist GTR] 20:28:53 Sending HTTP request "POST" "https://graphql.zeepki.st/"
[Info   :Zeepkist GTR] 20:28:53 Stopping existing recorder if any
[Info   :Zeepkist GTR] 20:28:53 Creating new recorder
[Info   :Zeepkist GTR] 20:28:53 Start processing HTTP request "POST" "https://graphql.zeepki.st/"
[Info   :Zeepkist GTR] 20:28:53 Sending HTTP request "POST" "https://graphql.zeepki.st/"
[Info   :Zeepkist GTR] 20:28:53 Start processing HTTP request "POST" "https://graphql.zeepki.st/"
[Info   :Zeepkist GTR] 20:28:53 Sending HTTP request "POST" "https://graphql.zeepki.st/"
[Error  :BetterSplits] could not get splits
Response: StatusCode: 400, ReasonPhrase: 'Bad Request', Version: 1.1, Content: System.Net.Http.StreamContent, Headers:
{
Date: Wed, 03 Jun 2026 18:28:54 GMT
Connection: keep-alive
access-control-allow-headers: Origin, X-Requested-With, Accept, Authorization, X-Apollo-Tracing, Content-Type, Content-Length, X-PostGraphile-Explain
access-control-allow-methods: HEAD, GET, POST
access-control-allow-origin: *
access-control-expose-headers: X-GraphQL-Event-Stream
alt-svc: h3=":443"; ma=86400
vary: Origin
via: 1.1 Caddy
x-graphql-event-stream: /stream
x-query-cost: 115
cf-cache-status: DYNAMIC
x-xss-protection: 1; mode=block
Strict-Transport-Security: max-age=15552000; includeSubDomains; preload
x-content-type-options: nosniff
Server-Timing: cfCacheStatus;desc="DYNAMIC", cfEdge;dur=6,cfOrigin;dur=38
Report-To: {"group":"cf-nel","max_age":604800,"endpoints":[{"url":"https://a.nel.cloudflare.com/report/v4?s=Ei83f2qmtMsGwjAsCFpR82kInetx4aDhNLOvfbuCk%2F9rWnIE%2Fu8526zS0a%2BiF%2BR4UZl0kTt7wd2IH8ef692mNS4uXxcDdrAFJ1qOXYITUb65FmN10R4ObCPz%2BWVM1O4q1MRmrg%3D%3D"}]}
Nel: {"report_to":"cf-nel","success_fraction":0.0,"max_age":604800}
expect-ct: max-age=86400, enforce
referrer-policy: same-origin
x-frame-options: SAMEORIGIN
Server: cloudflare
CF-RAY: a060c29e9e7ce93f-MAD
Content-Type: application/json; charset=utf-8
Content-Length: 172
} 
Content: {"errors":[{"message":"Cannot query field \"personalBestGlobalsByIdLevel\" on type \"Level\". Did you mean \"personalBestGlobals\"?","locations":[{"line":1,"column":87}]}]}
Url: https://graphql.zeepki.st
Request: {"query":"query BetterSplitsPB($hash: String!, $steamId: BigFloat) { levelByHash(hash: $hash) { personalBestGlobalsByIdLevel(filter: {userByIdUser: {steamId: {equalTo: $steamId}}}) { nodes { recordByIdRecord { speeds splits time }}}}}","variables":{"hash":"AE1895B982DC6EDB904CA8ECB525B894C164BA8B-3","steamId":"76561197972890120"}}
[Info   :Zeepkist GTR] 20:28:53 Received HTTP response headers after 104.5613ms - 200
[Info   :Zeepkist GTR] 20:28:53 End processing HTTP request after 104.8014ms - 200
[Info   :Zeepkist GTR] 20:28:53 Received HTTP response headers after 107.3771ms - 200
[Info   :Zeepkist GTR] 20:28:53 End processing HTTP request after 107.5455ms - 200
[Info   :Zeepkist GTR] 20:28:53 Ghost version: 5
[Info   :Zeepkist GTR] 20:28:53 Received HTTP response headers after 180.3326ms - 200
[Info   :Zeepkist GTR] 20:28:53 End processing HTTP request after 180.5848ms - 200
[Info   :Zeepkist GTR] 20:28:53 Start processing HTTP request "POST" "https://graphql.zeepki.st/"
[Info   :Zeepkist GTR] 20:28:53 Sending HTTP request "POST" "https://graphql.zeepki.st/"
[Info   :Zeepkist GTR] 20:28:53 Received HTTP response headers after 60.2498ms - 200
[Info   :Zeepkist GTR] 20:28:53 End processing HTTP request after 60.5572ms - 200
[Info   :Zeepkist GTR] 20:28:54 Starting recorder
[Info   :Zeepkist GTR] 20:30:01 Discarding recorder
[Info   :COTDTracker] Doing eliminations with leaderboard:
[Info   :COTDTracker] Player justMaki: Time: 21,07657
[Info   :COTDTracker] Player [CTR] Sandals: Time: 21,07795
[Info   :COTDTracker] Player Lexer: Time: 21,20128
[Info   :COTDTracker] Player Eclipse135: Time: 21,22035
[Info   :COTDTracker] Player JakeAdjacent: Time: 21,22449
[Info   :COTDTracker] Eliminated 0 DNF players
[Info   :COTDTracker] Eliminating on time: JakeAdjacent
[Info   :COTDTracker] Eliminating 1 players: 
[Info   :COTDTracker] JakeAdjacent
[Info   :BetterSplits] getting gtr splits
[Info   :Zeepkist GTR] 20:30:16 Loading personal best...
[Info   :Zeepkist GTR] 20:30:16 Start processing HTTP request "POST" "https://graphql.zeepki.st/"
[Info   :Zeepkist GTR] 20:30:16 Sending HTTP request "POST" "https://graphql.zeepki.st/"
[Info   :Zeepkist GTR] 20:30:16 Stopping existing recorder if any
[Info   :Zeepkist GTR] 20:30:16 Creating new recorder
[Info   :Zeepkist GTR] 20:30:16 Start processing HTTP request "POST" "https://graphql.zeepki.st/"
[Info   :Zeepkist GTR] 20:30:16 Sending HTTP request "POST" "https://graphql.zeepki.st/"
[Info   :Zeepkist GTR] 20:30:16 Start processing HTTP request "POST" "https://graphql.zeepki.st/"
[Info   :Zeepkist GTR] 20:30:16 Sending HTTP request "POST" "https://graphql.zeepki.st/"
[Error  :BetterSplits] could not get splits
Response: StatusCode: 400, ReasonPhrase: 'Bad Request', Version: 1.1, Content: System.Net.Http.StreamContent, Headers:
{
Date: Wed, 03 Jun 2026 18:30:17 GMT
Connection: keep-alive
access-control-allow-headers: Origin, X-Requested-With, Accept, Authorization, X-Apollo-Tracing, Content-Type, Content-Length, X-PostGraphile-Explain
access-control-allow-methods: HEAD, GET, POST
access-control-allow-origin: *
access-control-expose-headers: X-GraphQL-Event-Stream
alt-svc: h3=":443"; ma=86400
vary: Origin
via: 1.1 Caddy
x-graphql-event-stream: /stream
x-query-cost: 115
cf-cache-status: DYNAMIC
x-xss-protection: 1; mode=block
Strict-Transport-Security: max-age=15552000; includeSubDomains; preload
x-content-type-options: nosniff
Server-Timing: cfCacheStatus;desc="DYNAMIC", cfEdge;dur=6,cfOrigin;dur=873
Report-To: {"group":"cf-nel","max_age":604800,"endpoints":[{"url":"https://a.nel.cloudflare.com/report/v4?s=fDnh56sBucWDr8uGUbkKtNbLU%2Bb6pntLR5x6pfs3mnA2WBJpeAJpgZEpVpSgapgu%2BbfvGeVViq1em9xyXYfFilk0%2FpkCYCYwOQFHkkBSewBgFSiPWNvY8XjjUzzgTcGgE2sEUQ%3D%3D"}]}
Nel: {"report_to":"cf-nel","success_fraction":0.0,"max_age":604800}
expect-ct: max-age=86400, enforce
referrer-policy: same-origin
x-frame-options: SAMEORIGIN
Server: cloudflare
CF-RAY: a060c4a47819e93f-MAD
Content-Type: application/json; charset=utf-8
Content-Length: 172
} 
Content: {"errors":[{"message":"Cannot query field \"personalBestGlobalsByIdLevel\" on type \"Level\". Did you mean \"personalBestGlobals\"?","locations":[{"line":1,"column":87}]}]}
Url: https://graphql.zeepki.st
Request: {"query":"query BetterSplitsPB($hash: String!, $steamId: BigFloat) { levelByHash(hash: $hash) { personalBestGlobalsByIdLevel(filter: {userByIdUser: {steamId: {equalTo: $steamId}}}) { nodes { recordByIdRecord { speeds splits time }}}}}","variables":{"hash":"39E285FE0CEA0E8A6CB513D9629A71E4C83BE827-3","steamId":"76561197972890120"}}
[Info   :Zeepkist GTR] 20:30:16 Received HTTP response headers after 868.4842ms - 200
[Info   :Zeepkist GTR] 20:30:16 End processing HTTP request after 868.7213ms - 200
[Info   :Zeepkist GTR] 20:30:16 Received HTTP response headers after 875.659ms - 200
[Info   :Zeepkist GTR] 20:30:16 End processing HTTP request after 875.8606ms - 200
[Info   :Zeepkist GTR] 20:30:17 Ghost version: 5
[Info   :Zeepkist GTR] 20:30:17 Received HTTP response headers after 1273.2835ms - 200
[Info   :Zeepkist GTR] 20:30:17 End processing HTTP request after 1273.5145ms - 200
[Info   :Zeepkist GTR] 20:30:17 Start processing HTTP request "POST" "https://graphql.zeepki.st/"
[Info   :Zeepkist GTR] 20:30:17 Sending HTTP request "POST" "https://graphql.zeepki.st/"
[Info   :Zeepkist GTR] 20:30:17 Received HTTP response headers after 101.4958ms - 200
[Info   :Zeepkist GTR] 20:30:17 End processing HTTP request after 101.7671ms - 200
[Info   :Zeepkist GTR] 20:30:17 Starting recorder
[Info   :Zeepkist GTR] 20:31:24 Discarding recorder
[Info   :COTDTracker] Doing eliminations with leaderboard:
[Info   :COTDTracker] Player justMaki: Time: 19,86403
[Info   :COTDTracker] Player Lexer: Time: 20,17273
[Info   :COTDTracker] Player [CTR] Sandals: Time: 20,21455
[Info   :COTDTracker] Player Eclipse135: Time: 20,43733
[Info   :COTDTracker] Eliminated 0 DNF players
[Info   :COTDTracker] Eliminating on time: Eclipse135
[Info   :COTDTracker] Eliminating 1 players: 
[Info   :COTDTracker] Eclipse135
[Info   :BetterSplits] getting gtr splits
[Info   :Zeepkist GTR] 20:31:39 Loading personal best...
[Info   :Zeepkist GTR] 20:31:39 Start processing HTTP request "POST" "https://graphql.zeepki.st/"
[Info   :Zeepkist GTR] 20:31:39 Sending HTTP request "POST" "https://graphql.zeepki.st/"
[Info   :Zeepkist GTR] 20:31:39 Stopping existing recorder if any
[Info   :Zeepkist GTR] 20:31:39 Creating new recorder
[Info   :Zeepkist GTR] 20:31:39 Start processing HTTP request "POST" "https://graphql.zeepki.st/"
[Info   :Zeepkist GTR] 20:31:39 Sending HTTP request "POST" "https://graphql.zeepki.st/"
[Info   :Zeepkist GTR] 20:31:39 Start processing HTTP request "POST" "https://graphql.zeepki.st/"
[Info   :Zeepkist GTR] 20:31:39 Sending HTTP request "POST" "https://graphql.zeepki.st/"
[Error  :BetterSplits] could not get splits
Response: StatusCode: 400, ReasonPhrase: 'Bad Request', Version: 1.1, Content: System.Net.Http.StreamContent, Headers:
{
Date: Wed, 03 Jun 2026 18:31:40 GMT
Connection: keep-alive
access-control-allow-headers: Origin, X-Requested-With, Accept, Authorization, X-Apollo-Tracing, Content-Type, Content-Length, X-PostGraphile-Explain
access-control-allow-methods: HEAD, GET, POST
access-control-allow-origin: *
access-control-expose-headers: X-GraphQL-Event-Stream
alt-svc: h3=":443"; ma=86400
vary: Origin
via: 1.1 Caddy
x-graphql-event-stream: /stream
x-query-cost: 115
cf-cache-status: DYNAMIC
x-xss-protection: 1; mode=block
Strict-Transport-Security: max-age=15552000; includeSubDomains; preload
x-content-type-options: nosniff
Server-Timing: cfCacheStatus;desc="DYNAMIC", cfEdge;dur=7,cfOrigin;dur=165
Report-To: {"group":"cf-nel","max_age":604800,"endpoints":[{"url":"https://a.nel.cloudflare.com/report/v4?s=fUDO%2F%2FAB2QvmbWe4dmz1L4p7pyTGc0dyqkWgUZ0AQTkD5JJrOuzTV8l2i29kqF%2Fvm%2FMOcoJfa%2FnK%2F2rtJIeUllt8j4210iSm5NEZiHZ0zufe82h1oOdi3sKTdePITq42Sht8Ig%3D%3D"}]}
Nel: {"report_to":"cf-nel","success_fraction":0.0,"max_age":604800}
expect-ct: max-age=86400, enforce
referrer-policy: same-origin
x-frame-options: SAMEORIGIN
Server: cloudflare
CF-RAY: a060c6ad090ce93f-MAD
Content-Type: application/json; charset=utf-8
Content-Length: 172
} 
Content: {"errors":[{"message":"Cannot query field \"personalBestGlobalsByIdLevel\" on type \"Level\". Did you mean \"personalBestGlobals\"?","locations":[{"line":1,"column":87}]}]}
Url: https://graphql.zeepki.st
Request: {"query":"query BetterSplitsPB($hash: String!, $steamId: BigFloat) { levelByHash(hash: $hash) { personalBestGlobalsByIdLevel(filter: {userByIdUser: {steamId: {equalTo: $steamId}}}) { nodes { recordByIdRecord { speeds splits time }}}}}","variables":{"hash":"AE1895B982DC6EDB904CA8ECB525B894C164BA8B-3","steamId":"76561197972890120"}}
[Info   :Zeepkist GTR] 20:31:39 Received HTTP response headers after 293.522ms - 200
[Info   :Zeepkist GTR] 20:31:39 End processing HTTP request after 293.7598ms - 200
[Info   :Zeepkist GTR] 20:31:39 Received HTTP response headers after 343.5145ms - 200
[Info   :Zeepkist GTR] 20:31:39 End processing HTTP request after 343.7353ms - 200
[Info   :Zeepkist GTR] 20:31:39 Ghost version: 5
[Info   :Zeepkist GTR] 20:31:39 Received HTTP response headers after 312.2919ms - 200
[Info   :Zeepkist GTR] 20:31:39 End processing HTTP request after 312.6222ms - 200
[Info   :Zeepkist GTR] 20:31:39 Start processing HTTP request "POST" "https://graphql.zeepki.st/"
[Info   :Zeepkist GTR] 20:31:39 Sending HTTP request "POST" "https://graphql.zeepki.st/"
[Info   :Zeepkist GTR] 20:31:39 Received HTTP response headers after 128.0984ms - 200
[Info   :Zeepkist GTR] 20:31:39 End processing HTTP request after 128.42ms - 200
[Info   :Zeepkist GTR] 20:31:41 Starting recorder
[Info   :Zeepkist GTR] 20:32:47 Discarding recorder
[Info   :COTDTracker] Doing eliminations with leaderboard:
[Info   :COTDTracker] Player justMaki: Time: 21,05185
[Info   :COTDTracker] Player Lexer: Time: 21,09313
[Info   :COTDTracker] Player [CTR] Sandals: Time: 21,09593
[Info   :COTDTracker] Eliminated 0 DNF players
[Info   :COTDTracker] Eliminating on time: [CTR] Sandals
[Info   :COTDTracker] Eliminating 1 players: 
[Info   :COTDTracker] [CTR] Sandals
[Info   :BetterSplits] getting gtr splits
[Info   :Zeepkist GTR] 20:33:02 Loading personal best...
[Info   :Zeepkist GTR] 20:33:02 Start processing HTTP request "POST" "https://graphql.zeepki.st/"
[Info   :Zeepkist GTR] 20:33:02 Sending HTTP request "POST" "https://graphql.zeepki.st/"
[Info   :Zeepkist GTR] 20:33:02 Stopping existing recorder if any
[Info   :Zeepkist GTR] 20:33:02 Creating new recorder
[Info   :Zeepkist GTR] 20:33:02 Start processing HTTP request "POST" "https://graphql.zeepki.st/"
[Info   :Zeepkist GTR] 20:33:02 Sending HTTP request "POST" "https://graphql.zeepki.st/"
[Info   :Zeepkist GTR] 20:33:02 Start processing HTTP request "POST" "https://graphql.zeepki.st/"
[Info   :Zeepkist GTR] 20:33:02 Sending HTTP request "POST" "https://graphql.zeepki.st/"
[Error  :BetterSplits] could not get splits
Response: StatusCode: 400, ReasonPhrase: 'Bad Request', Version: 1.1, Content: System.Net.Http.StreamContent, Headers:
{
Date: Wed, 03 Jun 2026 18:33:03 GMT
Connection: keep-alive
access-control-allow-headers: Origin, X-Requested-With, Accept, Authorization, X-Apollo-Tracing, Content-Type, Content-Length, X-PostGraphile-Explain
access-control-allow-methods: HEAD, GET, POST
access-control-allow-origin: *
access-control-expose-headers: X-GraphQL-Event-Stream
alt-svc: h3=":443"; ma=86400
vary: Origin
via: 1.1 Caddy
x-graphql-event-stream: /stream
x-query-cost: 115
cf-cache-status: DYNAMIC
x-xss-protection: 1; mode=block
Strict-Transport-Security: max-age=15552000; includeSubDomains; preload
x-content-type-options: nosniff
Server-Timing: cfCacheStatus;desc="DYNAMIC", cfEdge;dur=5,cfOrigin;dur=39
Report-To: {"group":"cf-nel","max_age":604800,"endpoints":[{"url":"https://a.nel.cloudflare.com/report/v4?s=GnQT6SEoEE1Zq9ryW%2FvyvQeNHS%2BF6YEVRgiXFtMrXC7WbmvZbbCGRMGH79GZOs7SFjOBESpdMVIFsFUuTYMEHCn3ntiqQ6tqWDU6sX%2BX4YGxD6GxCdxjCzOsCTWz0rNUVhMNdQ%3D%3D"}]}
Nel: {"report_to":"cf-nel","success_fraction":0.0,"max_age":604800}
expect-ct: max-age=86400, enforce
referrer-policy: same-origin
x-frame-options: SAMEORIGIN
Server: cloudflare
CF-RAY: a060c8b1aa97e93f-MAD
Content-Type: application/json; charset=utf-8
Content-Length: 172
} 
Content: {"errors":[{"message":"Cannot query field \"personalBestGlobalsByIdLevel\" on type \"Level\". Did you mean \"personalBestGlobals\"?","locations":[{"line":1,"column":87}]}]}
Url: https://graphql.zeepki.st
Request: {"query":"query BetterSplitsPB($hash: String!, $steamId: BigFloat) { levelByHash(hash: $hash) { personalBestGlobalsByIdLevel(filter: {userByIdUser: {steamId: {equalTo: $steamId}}}) { nodes { recordByIdRecord { speeds splits time }}}}}","variables":{"hash":"39E285FE0CEA0E8A6CB513D9629A71E4C83BE827-3","steamId":"76561197972890120"}}
[Info   :Zeepkist GTR] 20:33:02 Received HTTP response headers after 77.7029ms - 200
[Info   :Zeepkist GTR] 20:33:02 End processing HTTP request after 77.9327ms - 200
[Info   :Zeepkist GTR] 20:33:02 Ghost version: 5
[Info   :Zeepkist GTR] 20:33:02 Received HTTP response headers after 135.5275ms - 200
[Info   :Zeepkist GTR] 20:33:02 End processing HTTP request after 135.7483ms - 200
[Info   :Zeepkist GTR] 20:33:02 Received HTTP response headers after 167.1884ms - 200
[Info   :Zeepkist GTR] 20:33:02 End processing HTTP request after 167.3976ms - 200
[Info   :Zeepkist GTR] 20:33:02 Start processing HTTP request "POST" "https://graphql.zeepki.st/"
[Info   :Zeepkist GTR] 20:33:02 Sending HTTP request "POST" "https://graphql.zeepki.st/"
[Info   :Zeepkist GTR] 20:33:02 Received HTTP response headers after 52.4868ms - 200
[Info   :Zeepkist GTR] 20:33:02 End processing HTTP request after 52.7262ms - 200
[Info   :Zeepkist GTR] 20:33:03 Starting recorder
[Info   :Zeepkist GTR] 20:34:10 Discarding recorder
[Info   :COTDTracker] Doing eliminations with leaderboard:
[Info   :COTDTracker] Player justMaki: Time: 19,86089
[Info   :COTDTracker] Player Lexer: Time: 20,12283
[Info   :COTDTracker] Eliminated 0 DNF players
[Info   :COTDTracker] Eliminating on time: Lexer
[Info   :COTDTracker] Eliminating 1 players: 
[Info   :COTDTracker] Lexer
[Info   :BetterSplits] getting gtr splits
[Info   :Zeepkist GTR] 20:34:25 Loading personal best...
[Info   :Zeepkist GTR] 20:34:25 Start processing HTTP request "POST" "https://graphql.zeepki.st/"
[Info   :Zeepkist GTR] 20:34:25 Sending HTTP request "POST" "https://graphql.zeepki.st/"
[Info   :Zeepkist GTR] 20:34:25 Stopping existing recorder if any
[Info   :Zeepkist GTR] 20:34:25 Creating new recorder
[Info   :Zeepkist GTR] 20:34:25 Start processing HTTP request "POST" "https://graphql.zeepki.st/"
[Info   :Zeepkist GTR] 20:34:25 Sending HTTP request "POST" "https://graphql.zeepki.st/"
[Info   :Zeepkist GTR] 20:34:25 Start processing HTTP request "POST" "https://graphql.zeepki.st/"
[Info   :Zeepkist GTR] 20:34:25 Sending HTTP request "POST" "https://graphql.zeepki.st/"
[Error  :BetterSplits] could not get splits
Response: StatusCode: 400, ReasonPhrase: 'Bad Request', Version: 1.1, Content: System.Net.Http.StreamContent, Headers:
{
Date: Wed, 03 Jun 2026 18:34:26 GMT
Connection: keep-alive
access-control-allow-headers: Origin, X-Requested-With, Accept, Authorization, X-Apollo-Tracing, Content-Type, Content-Length, X-PostGraphile-Explain
access-control-allow-methods: HEAD, GET, POST
access-control-allow-origin: *
access-control-expose-headers: X-GraphQL-Event-Stream
alt-svc: h3=":443"; ma=86400
vary: Origin
via: 1.1 Caddy
x-graphql-event-stream: /stream
x-query-cost: 115
cf-cache-status: DYNAMIC
x-xss-protection: 1; mode=block
Strict-Transport-Security: max-age=15552000; includeSubDomains; preload
x-content-type-options: nosniff
Server-Timing: cfCacheStatus;desc="DYNAMIC", cfEdge;dur=7,cfOrigin;dur=39
Report-To: {"group":"cf-nel","max_age":604800,"endpoints":[{"url":"https://a.nel.cloudflare.com/report/v4?s=UUONhwZUeBBE8ITeJko3mkIWtLCds6GWsNqrCHmsPEIT6sBTyCkAZzHYxk6X%2BrZyEN%2BIDW62HhSCMmnk1EaoehocHT62NvQ4cvITYv8rqNaGQaPaNXIwRoW%2FXLxbcqZm0Kbw8g%3D%3D"}]}
Nel: {"report_to":"cf-nel","success_fraction":0.0,"max_age":604800}
expect-ct: max-age=86400, enforce
referrer-policy: same-origin
x-frame-options: SAMEORIGIN
Server: cloudflare
CF-RAY: a060caba3cc4e93f-MAD
Content-Type: application/json; charset=utf-8
Content-Length: 172
} 
Content: {"errors":[{"message":"Cannot query field \"personalBestGlobalsByIdLevel\" on type \"Level\". Did you mean \"personalBestGlobals\"?","locations":[{"line":1,"column":87}]}]}
Url: https://graphql.zeepki.st
Request: {"query":"query BetterSplitsPB($hash: String!, $steamId: BigFloat) { levelByHash(hash: $hash) { personalBestGlobalsByIdLevel(filter: {userByIdUser: {steamId: {equalTo: $steamId}}}) { nodes { recordByIdRecord { speeds splits time }}}}}","variables":{"hash":"AE1895B982DC6EDB904CA8ECB525B894C164BA8B-3","steamId":"76561197972890120"}}
[Info   :Zeepkist GTR] 20:34:25 Received HTTP response headers after 131.13ms - 200
[Info   :Zeepkist GTR] 20:34:25 End processing HTTP request after 131.3479ms - 200
[Info   :Zeepkist GTR] 20:34:25 Received HTTP response headers after 134.7514ms - 200
[Info   :Zeepkist GTR] 20:34:25 End processing HTTP request after 134.9986ms - 200
[Info   :Zeepkist GTR] 20:34:25 Received HTTP response headers after 183.9021ms - 200
[Info   :Zeepkist GTR] 20:34:25 End processing HTTP request after 184.1232ms - 200
[Info   :Zeepkist GTR] 20:34:25 Ghost version: 5
[Info   :Zeepkist GTR] 20:34:25 Start processing HTTP request "POST" "https://graphql.zeepki.st/"
[Info   :Zeepkist GTR] 20:34:25 Sending HTTP request "POST" "https://graphql.zeepki.st/"
[Info   :Zeepkist GTR] 20:34:25 Received HTTP response headers after 55.356ms - 200
[Info   :Zeepkist GTR] 20:34:25 End processing HTTP request after 55.6392ms - 200
[Info   :Zeepkist GTR] 20:34:26 Starting recorder
[Info   :Zeepkist GTR] 20:35:03 Application is shutting down...
[Info   :Zeepkist GTR] 20:35:03 Unpatching
[Info   :Zeepkist RTM] 20:35:03 Application is shutting down...
[Info   :Zeepkist RTM] 20:35:03 Unpatching
[Error  :ZtreamerBot] Exception: Thread was being aborted.
[Info   :ZtreamerBot] UDP listener stopped.
