[Message:   BepInEx] BepInEx 5.4.22.0 - Zeepkist (15/01/2026 17:20:07)
[Info   :   BepInEx] Running under Unity v2021.3.10.1867021
[Info   :   BepInEx] CLR runtime version: 4.0.30319.42000
[Info   :   BepInEx] Supports SRE: True
[Info   :   BepInEx] System platform: Bits64, Windows
[Message:   BepInEx] Preloader started
[Info   :   BepInEx] Loaded 1 patcher method from [BepInEx.Preloader 5.4.22.0]
[Info   :   BepInEx] 1 patcher plugin loaded
[Info   :   BepInEx] Patching [UnityEngine.CoreModule] with [BepInEx.Chainloader]
[Message:   BepInEx] Preloader finished
[Message:   BepInEx] Chainloader ready
[Message:   BepInEx] Chainloader started
[Info   :   BepInEx] 39 plugins to load
[Info   :   BepInEx] Loading [Toolkist 1.3]
[Info   :   BepInEx] Loading [LocalTranslation 1.1.1]
[Info   :LocalTranslation] Plugin andme123.localtranslation is loaded!
[Info   :   BepInEx] Loading [Zeep SDK 2.7.5]
[Info   :  Zeep SDK] Plugin ZeepSDK is loaded!
[Info   :   BepInEx] Loading [AuthorTimeHunting 1.17.6]
[Info   :AuthorTimeHunting] StateMachine: Transitioning from null to StateMasterOff
[Info   :AuthorTimeHunting] Plugin AuthorTimeHunting is loaded!
[Info   :   BepInEx] Loading [BetterSplits 0.2.5]
[Info   :BetterSplits] Plugin BetterSplits is loaded!
[Info   :   BepInEx] Loading [BrokenTracks 0.2.5]
[Info   :BrokenTracks] Plugin BrokenTracks is loaded!
[Info   :   BepInEx] Loading [Chat2Playlist 1.0.8]
[Info   :Chat2Playlist] Plugin Chat2Playlist is loaded!
[Info   :   BepInEx] Loading [Live Leaderboard Logger 0.2.1]
[Info   :Live Leaderboard Logger] Live Leaderboard Logger 0.2.1 loaded.
[Info   :Live Leaderboard Logger] Subscribed: LeaderboardUpdated=True PlayerResultsChanged=True BackingField=True
[Info   :   BepInEx] Loading [RollingNoiseFix 1.2.0]
[Info   :RollingNoiseFix] RollingNoiseFix 1.2.0 loaded. Mode=Throttle interval=6
[Info   :   BepInEx] Loading [Strength of Field 1.1.0]
[Info   :Strength of Field] Strength of Field plugin loaded!
[Info   :   BepInEx] Loading [Topout Tracker 0.1.0]
[Info   :Topout Tracker] Topout Tracker plugin loaded!
[Info   :   BepInEx] Loading [Tournament Casting UI 1.0.0]
[Info   :Tournament Casting UI] Tournament Casting UI 1.0.0-beta.8 loaded. Local pool v?, 0 players (refreshing from repo).
[Info   :Tournament Casting UI] [config] Stay in photomode = True
[Info   :   BepInEx] Loading [Zombie Pursuit 0.2.2]
[Info   :Zombie Pursuit] Zombie Pursuit 0.2.2 loaded.
[Info   :   BepInEx] Loading [EditorSpeedSplits 1.0.8]
[Info   :EditorSpeedSplits] Plugin com.andme.editorspeedsplits is loaded!
[Info   :   BepInEx] Loading [TeamX 2.1.2]
[Info   :   BepInEx] Loading [Blueprints X 4.3]
[Info   :   BepInEx] Loading [Chat Utilities 2.5]
[Info   :Chat Utilities] Chat Utilities loaded.
[Info   :   BepInEx] Loading [Grid Scaler 2.1]
[Info   :Grid Scaler] Plugin GridScaler is loaded!
[Info   :   BepInEx] Loading [PhotoDrone 1.9.1]
[Info   :       Zua] Successfully registered type 'UnityEngine.Vector3'.
[Info   :PhotoDrone] Plugin PhotoDrone is loaded!
[Info   :   BepInEx] Loading [Shpleeble 1.1]
[Info   : Shpleeble] Plugin Shpleeble loaded
[Info   :   BepInEx] Loading [Practice Mode 2.4]
[Info   :Practice Mode] Plugin Practice Mode is loaded!
[Info   :   BepInEx] Loading [Save State 1.3]
[Info   :Save State] Plugin Save State is loaded.
[Info   :   BepInEx] Loading [FastStart 1.0.0]
[Info   : FastStart] Plugin FastStart is loaded!
[Info   :   BepInEx] Loading [Zeepkist Bingo 1.1.5]
[Info   :Zeepkist Bingo] Zeepkist Bingo v1.1.5 is loading...
[Info   :Zeepkist Bingo] [BingoTTS] Initialized. Cache: C:/Users/rafa/AppData/Local/Temp/Steelpan Interactive/Zeepkist\ZeepkistBingo_TTS
[Info   :Zeepkist Bingo] [BingoTTS] Available voices: Microsoft Helena Desktop, Microsoft Zira Desktop
[Info   :Zeepkist Bingo] [BINGO UI] Menu initialized
[Info   :Zeepkist Bingo] [BINGO UI] Mini board initialized
[Info   :Zeepkist Bingo] [BINGO UI] Team status initialized
[Info   :Zeepkist Bingo] [BINGO] V2 UI components initialized
[Info   :Zeepkist Bingo] [InstantLoader] Initialized
[Info   :Zeepkist Bingo] Bingo commands registered
[Info   :Zeepkist Bingo] [BINGO TEST] Test commands registered (/bt0 - /bt50)
[Info   :Zeepkist Bingo] Event hooks registered
[Info   :Zeepkist Bingo] [WEBSOCKET] Base URL set to: wss://zeepkist-bingo.chrisleiter.workers.dev
[Info   :Zeepkist Bingo] Zeepkist Bingo loaded successfully!
[Info   :   BepInEx] Loading [COTDTracker 0.11.1]
[Info   :COTDTracker] Plugin COTDTracker is loaded!
[Info   :   BepInEx] Loading [Level Editor Trails 4.0.5]
[Info   :Level Editor Trails] Plugin LevelEditorTrails is loaded!
[Info   :   BepInEx] Loading [Zeepkist GTR 1.7.1]
[Info   :   BepInEx] Loading [Medal Times 5.3.1]
[Info   :Medal Times] Plugin net.tnrd.zeepkist.medaltimes is loaded!
[Info   :   BepInEx] Loading [Object Properties 7.1.0]
[Info   :Object Properties] Plugin net.tnrd.zeepkist.objectproperties is loaded!
[Info   :   BepInEx] Loading [Zeepkist RTM 2.1.4]
[Info   :Zeepkist RTM] 19:34:23 Patching
[Info   :Zeepkist RTM] 19:34:23 Found 3 eager services
[Info   :Zeepkist RTM] 19:34:23 Found eager service '"UnhandledExceptionLoggerService"'
[Info   :Zeepkist RTM] 19:34:23 Found eager service '"ConfigService"'
[Info   :Zeepkist RTM] 19:34:23 Found eager service '"CommandsService"'
[Info   :Zeepkist RTM] 19:34:23 Application started. Press Ctrl+C to shut down.
[Info   :Zeepkist RTM] 19:34:23 Hosting environment: "Production"
[Info   :Zeepkist RTM] 19:34:23 Content root path: "C:\Program Files (x86)\Steam\steamapps\common\Zeepkist\BepInEx\plugins\Mods\3285481_8137916"
[Info   :Zeepkist RTM] Plugin net.tnrd.zeepkist.rtm is loaded!
[Info   :   BepInEx] Loading [PursuitZK 1.0.4]
[Info   : PursuitZK] Plugin PursuitZK is loaded!
[Info   :   BepInEx] Loading [Rushtick 1.0.0]
[Info   :  Rushtick] Plugin Rushtick is loaded!
[Info   :   BepInEx] Loading [Showdown4 1.0.0]
[Info   : Showdown4] Plugin Showdown4 is loaded!
[Info   :   BepInEx] Loading [SpeedSplits 2.0.0]
[Warning:SpeedSplits] Plugin Speedsplits (Speedsplits) is no longer functional and will not be updated. Please remove this plugin manually or unsubscribe in Modkist if the plugin is still listed.
[Info   :   BepInEx] Loading [TopOutTournament 1.0.17]
[Error  :ChatCommandApi] Unhandled exception in RegisterLocalChatCommand: System.InvalidOperationException: Local command '/topout' is already registered.
  at ZeepSDK.ChatCommands.ChatCommandRegistry.EnsureNoLocalConflict (System.String prefix, System.String keyword) [0x00020] in D:\a\ZeepSDK\ZeepSDK\ZeepSDK\ChatCommands\ChatCommandRegistry.cs:311 
  at ZeepSDK.ChatCommands.ChatCommandRegistry.RegisterLocalChatCommand (ZeepSDK.ChatCommands.ILocalChatCommand chatCommand) [0x00006] in D:\a\ZeepSDK\ZeepSDK\ZeepSDK\ChatCommands\ChatCommandRegistry.cs:64 
  at ZeepSDK.ChatCommands.ChatCommandApi.RegisterLocalChatCommand (System.String prefix, System.String command, System.String description, ZeepSDK.ChatCommands.LocalChatCommandCallbackDelegate callback) [0x00000] in D:\a\ZeepSDK\ZeepSDK\ZeepSDK\ChatCommands\ChatCommandApi.cs:53 
[Info   :TopOutTournament] Plugin TopOutTournament is loaded!
[Info   :   BepInEx] Loading [VertexSnapper 3.17.5]
[Info   :VertexSnapper] Plugin VertexSnapper is loaded!
[Info   :   BepInEx] Loading [ZtreamerBot 2.0.0]
[Info   :       Zua] Successfully registered type 'System.Collections.Generic.Dictionary`2[[System.String, mscorlib, Version=4.0.0.0, Culture=neutral, PublicKeyToken=b77a5c561934e089],[System.Object, mscorlib, Version=4.0.0.0, Culture=neutral, PublicKeyToken=b77a5c561934e089]]'.
[Info   :ZtreamerBot] Plugin ZtreamerBot is loaded!
[Info   :   BepInEx] Loading [Workshop2Playlist 1.3.0]
[Info   :Workshop2Playlist] Plugin Workshop2Playlist is loaded!
[Info   :   BepInEx] Loading [ZeepTourney 0.0.9]
[Info   :ZeepTourney] Plugin ZeepTourney is loaded!
[Message:   BepInEx] Chainloader startup complete
[Info   :Strength of Field] SOF data loaded: 2161 players (divisor=1983)
[Info   :Tournament Casting UI] Pool refreshed from repo: v2026-06-12, 1936 players.
[Info   :Tournament Casting UI] [sd] pool loaded (repo): season 7, 11 teams, 7 maps
[Info   :Zeepkist Bingo] [BINGO AUDIO] Generating custom sounds...
[Info   :Zeepkist Bingo] [BINGO AUDIO] All custom sounds generated!
[Info   :Zeepkist Bingo] [BINGO AUDIO] Custom FMOD audio system initialized!
[Warning:ModSettingsTabsBuilder] Mod settings tab configuration for 'net.tnrd.zeepkist.gtr' references unknown section '2.3 - Ghosts - Offline Ghosts'. Section was skipped.
[Info   :Zeepkist GTR] 19:34:25 Start processing HTTP request "GET" https://zeepki.st/cdn-cgi/trace
[Info   :Zeepkist GTR] 19:34:25 Sending HTTP request "GET" https://zeepki.st/cdn-cgi/trace
[Info   :Zeepkist GTR] 19:34:25 Received HTTP response headers after 87.2782ms - 200
[Info   :Zeepkist GTR] 19:34:25 End processing HTTP request after 101.1025ms - 200
[Fatal  :Zeepkist GTR] 19:34:25 Unable to load UI assembly
[Info   :Zeepkist GTR] 19:34:27 Loaded 4 shaders from gtr-shaders asset bundle
[Info   :Zeepkist GTR] 19:34:27 Patching
[Info   :Zeepkist GTR] 19:34:28 Found 36 eager services
[Info   :Zeepkist GTR] Plugin net.tnrd.zeepkist.gtr is loaded!
[Info   :     TeamX]  [TEAMX] Initializing TeamX...
[Info   :Chat Utilities] Chat Utilities loaded chat commands. Count: 139
[Info   :ZtreamerBot] UDP Listener auto-started.
[Info   :ZtreamerBot] UDP listener thread started on port 12333.
[Info   :Zeepkist GTR] 19:34:39 Start processing HTTP request "POST" https://es-backend-5eu0pg2dcfyp6u2v33lz.zeepki.st/auth/login
[Info   :Zeepkist GTR] 19:34:39 Start processing HTTP request "POST" https://es-backend-5eu0pg2dcfyp6u2v33lz.zeepki.st/auth/login
[Info   :Zeepkist GTR] 19:34:39 Sending HTTP request "POST" https://es-backend-5eu0pg2dcfyp6u2v33lz.zeepki.st/auth/login
[Info   :VertexSnapper] [VertexSnapper] Config initialized on scene: 3D_MainMenu
[Info   :Zeepkist GTR] 19:34:40 Received HTTP response headers after 751.7312ms - 200
[Info   :Zeepkist GTR] 19:34:40 End processing HTTP request after 752.0478ms - 200
[Info   :Zeepkist GTR] 19:34:40 End processing HTTP request after 763.5279ms - 200
[Error  :CrashlyticsApi] Failed to show crash reporting consent dialog: System.OperationCanceledException: The operation was canceled.
  at ZeepSDK.External.Cysharp.Threading.Tasks.CompilerServices.AsyncUniTask`1[TStateMachine].GetResult (System.Int16 token) [0x00000] in D:\a\ZeepSDK\ZeepSDK\ZeepSDK\External\UniTask\CompilerServices\StateMachineRunner.cs:219 
  at ZeepSDK.External.Cysharp.Threading.Tasks.UniTaskExtensions.ForgetCoreWithCatch (ZeepSDK.External.Cysharp.Threading.Tasks.UniTask task, System.Action`1[T] exceptionHandler, System.Boolean handleExceptionOnMainThread) [0x00028] in D:\a\ZeepSDK\ZeepSDK\ZeepSDK\External\UniTask\UniTaskExtensions.cs:599 
[Info   :Zeepkist Bingo] [BINGO] Level loaded
[Info   :Zeepkist GTR] 19:34:53 Start processing HTTP request "POST" https://es-backend-5eu0pg2dcfyp6u2v33lz.zeepki.st/level/request
[Info   :Zeepkist GTR] 19:34:53 Start processing HTTP request "POST" https://es-backend-5eu0pg2dcfyp6u2v33lz.zeepki.st/level/request
[Info   :Zeepkist GTR] 19:34:53 Sending HTTP request "POST" https://es-backend-5eu0pg2dcfyp6u2v33lz.zeepki.st/level/request
[Info   :Zeepkist GTR] 19:34:53 Received HTTP response headers after 59.5559ms - 200
[Info   :Zeepkist GTR] 19:34:53 End processing HTTP request after 59.8036ms - 200
[Info   :Zeepkist GTR] 19:34:53 Start processing HTTP request "POST" https://es-graphql-1q5xcqmja6dvh4ctc4t9.zeepki.st/
[Info   :Zeepkist GTR] 19:34:53 Start processing HTTP request "POST" https://es-graphql-1q5xcqmja6dvh4ctc4t9.zeepki.st/
[Info   :Zeepkist GTR] 19:34:53 Sending HTTP request "POST" https://es-graphql-1q5xcqmja6dvh4ctc4t9.zeepki.st/
[Info   :Zeepkist GTR] 19:34:53 Start processing HTTP request "POST" https://es-graphql-1q5xcqmja6dvh4ctc4t9.zeepki.st/
[Info   :Zeepkist GTR] 19:34:53 Start processing HTTP request "POST" https://es-graphql-1q5xcqmja6dvh4ctc4t9.zeepki.st/
[Info   :Zeepkist GTR] 19:34:53 Sending HTTP request "POST" https://es-graphql-1q5xcqmja6dvh4ctc4t9.zeepki.st/
[Info   :BetterSplits] getting gtr splits
[Info   :Zeepkist GTR] 19:34:53 End processing HTTP request after 159.2586ms - 200
[Info   :Zeepkist Bingo] [BINGO] === PLAYER SPAWNED ===
[Info   :Zeepkist Bingo] [BINGO] IsInActiveSession: False
[Info   :Zeepkist Bingo] [BINGO] Not in active session, skipping timer reset
[Info   :Zeepkist GTR] 19:34:53 Loading personal best...
[Info   :Zeepkist GTR] 19:34:53 Start processing HTTP request "POST" https://es-graphql-1q5xcqmja6dvh4ctc4t9.zeepki.st/
[Info   :Zeepkist GTR] 19:34:53 Start processing HTTP request "POST" https://es-graphql-1q5xcqmja6dvh4ctc4t9.zeepki.st/
[Info   :Zeepkist GTR] 19:34:53 Sending HTTP request "POST" https://es-graphql-1q5xcqmja6dvh4ctc4t9.zeepki.st/
[Info   :Zeepkist GTR] 19:34:53 Stopping existing recorder if any
[Info   :Zeepkist GTR] 19:34:53 Creating new recorder
[Info   :BetterSplits] got gtr splits
[Info   :Zeepkist GTR] 19:34:53 Received HTTP response headers after 225.9766ms - 200
[Info   :Zeepkist GTR] 19:34:53 End processing HTTP request after 226.2897ms - 200
[Info   :Zeepkist GTR] 19:34:53 Received HTTP response headers after 220.9549ms - 200
[Info   :Zeepkist GTR] 19:34:53 End processing HTTP request after 221.2103ms - 200
[Info   :Zeepkist GTR] 19:34:53 End processing HTTP request after 230.4985ms - 200
[Info   :Zeepkist GTR] 19:34:53 End processing HTTP request after 239.4824ms - 200
[Info   :Zeepkist GTR] 19:34:53 Received HTTP response headers after 146.2235ms - 200
[Info   :Zeepkist GTR] 19:34:53 End processing HTTP request after 146.5492ms - 200
[Info   :Zeepkist GTR] 19:34:53 End processing HTTP request after 152.4965ms - 200
[Info   :Zeepkist GTR] 19:34:53 Start processing HTTP request "GET" https://cdn.zeepki.st/ghosts/01M2NP7GPK2S0W9ECFQ2SADPFR.bin
[Info   :Zeepkist GTR] 19:34:53 Sending HTTP request "GET" https://cdn.zeepki.st/ghosts/01M2NP7GPK2S0W9ECFQ2SADPFR.bin
[Info   :Zeepkist GTR] 19:34:54 Received HTTP response headers after 791.2256ms - 200
[Info   :Zeepkist GTR] 19:34:54 End processing HTTP request after 791.5765ms - 200
[Info   :Zeepkist GTR] 19:34:55 Starting recorder
[Info   :Zeepkist Bingo] [BINGO] === PLAYER SPAWNED ===
[Info   :Zeepkist Bingo] [BINGO] IsInActiveSession: False
[Info   :Zeepkist Bingo] [BINGO] Not in active session, skipping timer reset
[Info   :Zeepkist GTR] 19:35:01 Loading personal best...
[Info   :Zeepkist GTR] 19:35:01 Start processing HTTP request "POST" https://es-graphql-1q5xcqmja6dvh4ctc4t9.zeepki.st/
[Info   :Zeepkist GTR] 19:35:01 Start processing HTTP request "POST" https://es-graphql-1q5xcqmja6dvh4ctc4t9.zeepki.st/
[Info   :Zeepkist GTR] 19:35:01 Sending HTTP request "POST" https://es-graphql-1q5xcqmja6dvh4ctc4t9.zeepki.st/
[Info   :Zeepkist GTR] 19:35:01 Stopping existing recorder if any
[Info   :Zeepkist GTR] 19:35:01 Creating new recorder
[Info   :Zeepkist GTR] 19:35:01 Received HTTP response headers after 84.8988ms - 200
[Info   :Zeepkist GTR] 19:35:01 End processing HTTP request after 85.1068ms - 200
[Info   :Zeepkist GTR] 19:35:01 End processing HTTP request after 91.5837ms - 200
[Info   :Zeepkist GTR] 19:35:03 Starting recorder
[Info   :Zeepkist Bingo] [BINGO] === PLAYER SPAWNED ===
[Info   :Zeepkist Bingo] [BINGO] IsInActiveSession: False
[Info   :Zeepkist Bingo] [BINGO] Not in active session, skipping timer reset
[Info   :Zeepkist GTR] 19:35:11 Loading personal best...
[Info   :Zeepkist GTR] 19:35:11 Start processing HTTP request "POST" https://es-graphql-1q5xcqmja6dvh4ctc4t9.zeepki.st/
[Info   :Zeepkist GTR] 19:35:11 Start processing HTTP request "POST" https://es-graphql-1q5xcqmja6dvh4ctc4t9.zeepki.st/
[Info   :Zeepkist GTR] 19:35:11 Sending HTTP request "POST" https://es-graphql-1q5xcqmja6dvh4ctc4t9.zeepki.st/
[Info   :Zeepkist GTR] 19:35:11 Stopping existing recorder if any
[Info   :Zeepkist GTR] 19:35:11 Creating new recorder
[Info   :Zeepkist GTR] 19:35:11 Received HTTP response headers after 55.0178ms - 200
[Info   :Zeepkist GTR] 19:35:11 End processing HTTP request after 55.2773ms - 200
[Info   :Zeepkist GTR] 19:35:11 End processing HTTP request after 60.1294ms - 200
[Info   :Zeepkist GTR] 19:35:13 Starting recorder
[Info   :Zeepkist GTR] 19:35:37 Stopping recorder
[Info   :Zeepkist GTR] 19:35:37 Collecting extra information
[Info   :Zeepkist GTR] 19:35:37 Resolved workshop ID "3802362759" from lobby 3802362759 and level 0
[Info   :Zeepkist GTR] 19:35:37 Processing ghost data
[Info   :Zeepkist GTR] 19:35:37 Creating stream
[Info   :Zeepkist GTR] 19:35:37 Writing to stream
[Info   :Zeepkist GTR] 19:35:38 Converting to base64
[Info   :Zeepkist GTR] 19:35:38 Creating resource
[Info   :Zeepkist GTR] 19:35:38 Start processing HTTP request "POST" https://es-backend-5eu0pg2dcfyp6u2v33lz.zeepki.st/record/submit
[Info   :Zeepkist GTR] 19:35:38 Start processing HTTP request "POST" https://es-backend-5eu0pg2dcfyp6u2v33lz.zeepki.st/record/submit
[Info   :Zeepkist GTR] 19:35:38 Sending HTTP request "POST" https://es-backend-5eu0pg2dcfyp6u2v33lz.zeepki.st/record/submit
[Info   :Zeepkist GTR] 19:35:39 Received HTTP response headers after 989.0344ms - 200
[Info   :Zeepkist GTR] 19:35:39 End processing HTTP request after 989.2625ms - 200
[Info   :Zeepkist GTR] 19:35:39 End processing HTTP request after 995.2469ms - 200
[Info   :Zeepkist Bingo] [BINGO] === PLAYER SPAWNED ===
[Info   :Zeepkist Bingo] [BINGO] IsInActiveSession: False
[Info   :Zeepkist Bingo] [BINGO] Not in active session, skipping timer reset
[Info   :Zeepkist GTR] 19:35:39 Loading personal best...
[Info   :Zeepkist GTR] 19:35:39 Start processing HTTP request "POST" https://es-graphql-1q5xcqmja6dvh4ctc4t9.zeepki.st/
[Info   :Zeepkist GTR] 19:35:39 Start processing HTTP request "POST" https://es-graphql-1q5xcqmja6dvh4ctc4t9.zeepki.st/
[Info   :Zeepkist GTR] 19:35:39 Sending HTTP request "POST" https://es-graphql-1q5xcqmja6dvh4ctc4t9.zeepki.st/
[Info   :Zeepkist GTR] 19:35:39 Stopping existing recorder if any
[Info   :Zeepkist GTR] 19:35:39 Creating new recorder
[Info   :Zeepkist GTR] 19:35:39 Received HTTP response headers after 54.7719ms - 200
[Info   :Zeepkist GTR] 19:35:39 End processing HTTP request after 55.0002ms - 200
[Info   :Zeepkist GTR] 19:35:39 End processing HTTP request after 59.3496ms - 200
[Info   :Zeepkist GTR] 19:35:40 Starting recorder
[Info   :Zeepkist Bingo] [BINGO] === PLAYER SPAWNED ===
[Info   :Zeepkist Bingo] [BINGO] IsInActiveSession: False
[Info   :Zeepkist Bingo] [BINGO] Not in active session, skipping timer reset
[Info   :Zeepkist GTR] 19:35:50 Loading personal best...
[Info   :Zeepkist GTR] 19:35:50 Start processing HTTP request "POST" https://es-graphql-1q5xcqmja6dvh4ctc4t9.zeepki.st/
[Info   :Zeepkist GTR] 19:35:50 Start processing HTTP request "POST" https://es-graphql-1q5xcqmja6dvh4ctc4t9.zeepki.st/
[Info   :Zeepkist GTR] 19:35:50 Sending HTTP request "POST" https://es-graphql-1q5xcqmja6dvh4ctc4t9.zeepki.st/
[Info   :Zeepkist GTR] 19:35:50 Stopping existing recorder if any
[Info   :Zeepkist GTR] 19:35:50 Creating new recorder
[Info   :Zeepkist GTR] 19:35:50 Received HTTP response headers after 63.6026ms - 200
[Info   :Zeepkist GTR] 19:35:50 End processing HTTP request after 63.8094ms - 200
[Info   :Zeepkist GTR] 19:35:50 End processing HTTP request after 67.3503ms - 200
[Info   :Zeepkist GTR] 19:35:52 Starting recorder
[Error  :Strength of Field] Failed to download Cup Strength data: The operation has timed out.
[Info   :Zeepkist Bingo] [BINGO] === PLAYER SPAWNED ===
[Info   :Zeepkist Bingo] [BINGO] IsInActiveSession: False
[Info   :Zeepkist Bingo] [BINGO] Not in active session, skipping timer reset
[Info   :Zeepkist GTR] 19:36:01 Loading personal best...
[Info   :Zeepkist GTR] 19:36:01 Start processing HTTP request "POST" https://es-graphql-1q5xcqmja6dvh4ctc4t9.zeepki.st/
[Info   :Zeepkist GTR] 19:36:01 Start processing HTTP request "POST" https://es-graphql-1q5xcqmja6dvh4ctc4t9.zeepki.st/
[Info   :Zeepkist GTR] 19:36:01 Sending HTTP request "POST" https://es-graphql-1q5xcqmja6dvh4ctc4t9.zeepki.st/
[Info   :Zeepkist GTR] 19:36:01 Stopping existing recorder if any
[Info   :Zeepkist GTR] 19:36:01 Creating new recorder
[Info   :Zeepkist GTR] 19:36:01 Received HTTP response headers after 52.7056ms - 200
[Info   :Zeepkist GTR] 19:36:01 End processing HTTP request after 52.9142ms - 200
[Info   :Zeepkist GTR] 19:36:01 End processing HTTP request after 53.718ms - 200
[Info   :Zeepkist GTR] 19:36:03 Starting recorder
[Info   :Zeepkist Bingo] [BINGO] === PLAYER SPAWNED ===
[Info   :Zeepkist Bingo] [BINGO] IsInActiveSession: False
[Info   :Zeepkist Bingo] [BINGO] Not in active session, skipping timer reset
[Info   :Zeepkist GTR] 19:36:27 Loading personal best...
[Info   :Zeepkist GTR] 19:36:27 Start processing HTTP request "POST" https://es-graphql-1q5xcqmja6dvh4ctc4t9.zeepki.st/
[Info   :Zeepkist GTR] 19:36:27 Start processing HTTP request "POST" https://es-graphql-1q5xcqmja6dvh4ctc4t9.zeepki.st/
[Info   :Zeepkist GTR] 19:36:27 Sending HTTP request "POST" https://es-graphql-1q5xcqmja6dvh4ctc4t9.zeepki.st/
[Info   :Zeepkist GTR] 19:36:27 Stopping existing recorder if any
[Info   :Zeepkist GTR] 19:36:27 Creating new recorder
[Info   :Zeepkist GTR] 19:36:27 Received HTTP response headers after 59.1323ms - 200
[Info   :Zeepkist GTR] 19:36:27 End processing HTTP request after 59.3443ms - 200
[Info   :Zeepkist GTR] 19:36:27 End processing HTTP request after 60.1683ms - 200
[Info   :Zeepkist GTR] 19:36:29 Starting recorder
[Info   :Zeepkist Bingo] [BINGO] === PLAYER SPAWNED ===
[Info   :Zeepkist Bingo] [BINGO] IsInActiveSession: False
[Info   :Zeepkist Bingo] [BINGO] Not in active session, skipping timer reset
[Info   :Zeepkist GTR] 19:36:41 Loading personal best...
[Info   :Zeepkist GTR] 19:36:41 Start processing HTTP request "POST" https://es-graphql-1q5xcqmja6dvh4ctc4t9.zeepki.st/
[Info   :Zeepkist GTR] 19:36:41 Start processing HTTP request "POST" https://es-graphql-1q5xcqmja6dvh4ctc4t9.zeepki.st/
[Info   :Zeepkist GTR] 19:36:41 Sending HTTP request "POST" https://es-graphql-1q5xcqmja6dvh4ctc4t9.zeepki.st/
[Info   :Zeepkist GTR] 19:36:41 Stopping existing recorder if any
[Info   :Zeepkist GTR] 19:36:41 Creating new recorder
[Info   :Zeepkist GTR] 19:36:41 Received HTTP response headers after 222.057ms - 200
[Info   :Zeepkist GTR] 19:36:41 End processing HTTP request after 222.2756ms - 200
[Info   :Zeepkist GTR] 19:36:41 End processing HTTP request after 228.9477ms - 200
[Info   :Zeepkist GTR] 19:36:43 Starting recorder
[Info   :Zeepkist Bingo] [BINGO] === PLAYER SPAWNED ===
[Info   :Zeepkist Bingo] [BINGO] IsInActiveSession: False
[Info   :Zeepkist Bingo] [BINGO] Not in active session, skipping timer reset
[Info   :Zeepkist GTR] 19:36:52 Loading personal best...
[Info   :Zeepkist GTR] 19:36:52 Start processing HTTP request "POST" https://es-graphql-1q5xcqmja6dvh4ctc4t9.zeepki.st/
[Info   :Zeepkist GTR] 19:36:52 Start processing HTTP request "POST" https://es-graphql-1q5xcqmja6dvh4ctc4t9.zeepki.st/
[Info   :Zeepkist GTR] 19:36:52 Sending HTTP request "POST" https://es-graphql-1q5xcqmja6dvh4ctc4t9.zeepki.st/
[Info   :Zeepkist GTR] 19:36:52 Stopping existing recorder if any
[Info   :Zeepkist GTR] 19:36:52 Creating new recorder
[Info   :Zeepkist GTR] 19:36:52 Received HTTP response headers after 67.3552ms - 200
[Info   :Zeepkist GTR] 19:36:52 End processing HTTP request after 67.5626ms - 200
[Info   :Zeepkist GTR] 19:36:52 End processing HTTP request after 73.1173ms - 200
[Info   :Zeepkist GTR] 19:36:54 Starting recorder
[Info   :Zeepkist Bingo] [BINGO] === PLAYER SPAWNED ===
[Info   :Zeepkist Bingo] [BINGO] IsInActiveSession: False
[Info   :Zeepkist Bingo] [BINGO] Not in active session, skipping timer reset
[Info   :Zeepkist GTR] 19:37:02 Loading personal best...
[Info   :Zeepkist GTR] 19:37:02 Start processing HTTP request "POST" https://es-graphql-1q5xcqmja6dvh4ctc4t9.zeepki.st/
[Info   :Zeepkist GTR] 19:37:02 Start processing HTTP request "POST" https://es-graphql-1q5xcqmja6dvh4ctc4t9.zeepki.st/
[Info   :Zeepkist GTR] 19:37:02 Sending HTTP request "POST" https://es-graphql-1q5xcqmja6dvh4ctc4t9.zeepki.st/
[Info   :Zeepkist GTR] 19:37:02 Stopping existing recorder if any
[Info   :Zeepkist GTR] 19:37:02 Creating new recorder
[Info   :Zeepkist GTR] 19:37:02 Received HTTP response headers after 74.8145ms - 200
[Info   :Zeepkist GTR] 19:37:02 End processing HTTP request after 75.0172ms - 200
[Info   :Zeepkist GTR] 19:37:02 End processing HTTP request after 81.1255ms - 200
[Info   :Zeepkist GTR] 19:37:04 Starting recorder
[Info   :Zeepkist Bingo] [BINGO] === PLAYER SPAWNED ===
[Info   :Zeepkist Bingo] [BINGO] IsInActiveSession: False
[Info   :Zeepkist Bingo] [BINGO] Not in active session, skipping timer reset
[Info   :Zeepkist GTR] 19:37:12 Loading personal best...
[Info   :Zeepkist GTR] 19:37:12 Start processing HTTP request "POST" https://es-graphql-1q5xcqmja6dvh4ctc4t9.zeepki.st/
[Info   :Zeepkist GTR] 19:37:12 Start processing HTTP request "POST" https://es-graphql-1q5xcqmja6dvh4ctc4t9.zeepki.st/
[Info   :Zeepkist GTR] 19:37:12 Sending HTTP request "POST" https://es-graphql-1q5xcqmja6dvh4ctc4t9.zeepki.st/
[Info   :Zeepkist GTR] 19:37:12 Stopping existing recorder if any
[Info   :Zeepkist GTR] 19:37:12 Creating new recorder
[Info   :Zeepkist GTR] 19:37:12 Received HTTP response headers after 54.8325ms - 200
[Info   :Zeepkist GTR] 19:37:12 End processing HTTP request after 55.0681ms - 200
[Info   :Zeepkist GTR] 19:37:12 End processing HTTP request after 60.2059ms - 200
[Info   :Zeepkist GTR] 19:37:14 Starting recorder
[Info   :Zeepkist GTR] 19:37:39 Stopping recorder
[Info   :Zeepkist GTR] 19:37:39 Collecting extra information
[Info   :Zeepkist GTR] 19:37:39 Resolved workshop ID "3802362759" from lobby 3802362759 and level 0
[Info   :Zeepkist GTR] 19:37:39 Processing ghost data
[Info   :Zeepkist GTR] 19:37:39 Creating stream
[Info   :Zeepkist GTR] 19:37:39 Writing to stream
[Info   :Zeepkist GTR] 19:37:39 Converting to base64
[Info   :Zeepkist GTR] 19:37:39 Creating resource
[Info   :Zeepkist GTR] 19:37:39 Start processing HTTP request "POST" https://es-backend-5eu0pg2dcfyp6u2v33lz.zeepki.st/record/submit
[Info   :Zeepkist GTR] 19:37:39 Start processing HTTP request "POST" https://es-backend-5eu0pg2dcfyp6u2v33lz.zeepki.st/record/submit
[Info   :Zeepkist GTR] 19:37:39 Sending HTTP request "POST" https://es-backend-5eu0pg2dcfyp6u2v33lz.zeepki.st/record/submit
[Info   :Zeepkist GTR] 19:37:39 Received HTTP response headers after 386.4126ms - 200
[Info   :Zeepkist GTR] 19:37:39 End processing HTTP request after 386.6198ms - 200
[Info   :Zeepkist GTR] 19:37:39 End processing HTTP request after 387.5092ms - 200
[Info   :Zeepkist Bingo] [BINGO] === PLAYER SPAWNED ===
[Info   :Zeepkist Bingo] [BINGO] IsInActiveSession: False
[Info   :Zeepkist Bingo] [BINGO] Not in active session, skipping timer reset
[Info   :Zeepkist GTR] 19:37:40 Loading personal best...
[Info   :Zeepkist GTR] 19:37:40 Start processing HTTP request "POST" https://es-graphql-1q5xcqmja6dvh4ctc4t9.zeepki.st/
[Info   :Zeepkist GTR] 19:37:40 Start processing HTTP request "POST" https://es-graphql-1q5xcqmja6dvh4ctc4t9.zeepki.st/
[Info   :Zeepkist GTR] 19:37:40 Sending HTTP request "POST" https://es-graphql-1q5xcqmja6dvh4ctc4t9.zeepki.st/
[Info   :Zeepkist GTR] 19:37:40 Stopping existing recorder if any
[Info   :Zeepkist GTR] 19:37:40 Creating new recorder
[Info   :Zeepkist GTR] 19:37:40 Received HTTP response headers after 61.76ms - 200
[Info   :Zeepkist GTR] 19:37:40 End processing HTTP request after 61.9659ms - 200
[Info   :Zeepkist GTR] 19:37:40 End processing HTTP request after 62.7845ms - 200
[Info   :Zeepkist GTR] 19:37:42 Starting recorder
[Info   :Zeepkist Bingo] [BINGO] === PLAYER SPAWNED ===
[Info   :Zeepkist Bingo] [BINGO] IsInActiveSession: False
[Info   :Zeepkist Bingo] [BINGO] Not in active session, skipping timer reset
[Info   :Zeepkist GTR] 19:37:44 Loading personal best...
[Info   :Zeepkist GTR] 19:37:44 Start processing HTTP request "POST" https://es-graphql-1q5xcqmja6dvh4ctc4t9.zeepki.st/
[Info   :Zeepkist GTR] 19:37:44 Start processing HTTP request "POST" https://es-graphql-1q5xcqmja6dvh4ctc4t9.zeepki.st/
[Info   :Zeepkist GTR] 19:37:44 Sending HTTP request "POST" https://es-graphql-1q5xcqmja6dvh4ctc4t9.zeepki.st/
[Info   :Zeepkist GTR] 19:37:44 Stopping existing recorder if any
[Info   :Zeepkist GTR] 19:37:44 Creating new recorder
[Info   :Zeepkist GTR] 19:37:44 Received HTTP response headers after 67.8278ms - 200
[Info   :Zeepkist GTR] 19:37:44 End processing HTTP request after 68.0431ms - 200
[Info   :Zeepkist GTR] 19:37:44 End processing HTTP request after 74.8316ms - 200
[Info   :Zeepkist GTR] 19:37:46 Starting recorder
[Info   :Zeepkist Bingo] [BINGO] === PLAYER SPAWNED ===
[Info   :Zeepkist Bingo] [BINGO] IsInActiveSession: False
[Info   :Zeepkist Bingo] [BINGO] Not in active session, skipping timer reset
[Info   :Zeepkist GTR] 19:37:55 Loading personal best...
[Info   :Zeepkist GTR] 19:37:55 Start processing HTTP request "POST" https://es-graphql-1q5xcqmja6dvh4ctc4t9.zeepki.st/
[Info   :Zeepkist GTR] 19:37:55 Start processing HTTP request "POST" https://es-graphql-1q5xcqmja6dvh4ctc4t9.zeepki.st/
[Info   :Zeepkist GTR] 19:37:55 Sending HTTP request "POST" https://es-graphql-1q5xcqmja6dvh4ctc4t9.zeepki.st/
[Info   :Zeepkist GTR] 19:37:55 Stopping existing recorder if any
[Info   :Zeepkist GTR] 19:37:55 Creating new recorder
[Info   :Zeepkist GTR] 19:37:55 Received HTTP response headers after 82.6184ms - 200
[Info   :Zeepkist GTR] 19:37:55 End processing HTTP request after 82.8375ms - 200
[Info   :Zeepkist GTR] 19:37:55 End processing HTTP request after 88.4964ms - 200
[Info   :Zeepkist GTR] 19:37:56 Starting recorder
[Info   :Zeepkist GTR] 19:38:03 Start processing HTTP request "POST" https://es-graphql-1q5xcqmja6dvh4ctc4t9.zeepki.st/
[Info   :Zeepkist GTR] 19:38:03 Start processing HTTP request "POST" https://es-graphql-1q5xcqmja6dvh4ctc4t9.zeepki.st/
[Info   :Zeepkist GTR] 19:38:03 Sending HTTP request "POST" https://es-graphql-1q5xcqmja6dvh4ctc4t9.zeepki.st/
[Info   :Zeepkist GTR] 19:38:03 Received HTTP response headers after 74.7392ms - 200
[Info   :Zeepkist GTR] 19:38:03 End processing HTTP request after 74.9657ms - 200
[Info   :Zeepkist GTR] 19:38:03 End processing HTTP request after 78.7173ms - 200
[Info   :Zeepkist GTR] 19:38:21 Stopping recorder
[Info   :Zeepkist GTR] 19:38:21 Collecting extra information
[Info   :Zeepkist GTR] 19:38:21 Resolved workshop ID "3802362759" from lobby 3802362759 and level 0
[Info   :Zeepkist GTR] 19:38:21 Processing ghost data
[Info   :Zeepkist GTR] 19:38:21 Creating stream
[Info   :Zeepkist GTR] 19:38:21 Writing to stream
[Info   :Zeepkist GTR] 19:38:21 Converting to base64
[Info   :Zeepkist GTR] 19:38:21 Creating resource
[Info   :Zeepkist GTR] 19:38:21 Start processing HTTP request "POST" https://es-backend-5eu0pg2dcfyp6u2v33lz.zeepki.st/record/submit
[Info   :Zeepkist GTR] 19:38:21 Start processing HTTP request "POST" https://es-backend-5eu0pg2dcfyp6u2v33lz.zeepki.st/record/submit
[Info   :Zeepkist GTR] 19:38:21 Sending HTTP request "POST" https://es-backend-5eu0pg2dcfyp6u2v33lz.zeepki.st/record/submit
[Info   :Zeepkist GTR] 19:38:21 Received HTTP response headers after 137.8951ms - 200
[Info   :Zeepkist GTR] 19:38:21 End processing HTTP request after 138.1171ms - 200
[Info   :Zeepkist GTR] 19:38:21 End processing HTTP request after 144.3885ms - 200
[Info   :Zeepkist Bingo] [BINGO] === PLAYER SPAWNED ===
[Info   :Zeepkist Bingo] [BINGO] IsInActiveSession: False
[Info   :Zeepkist Bingo] [BINGO] Not in active session, skipping timer reset
[Info   :Zeepkist GTR] 19:38:22 Loading personal best...
[Info   :Zeepkist GTR] 19:38:22 Start processing HTTP request "POST" https://es-graphql-1q5xcqmja6dvh4ctc4t9.zeepki.st/
[Info   :Zeepkist GTR] 19:38:22 Start processing HTTP request "POST" https://es-graphql-1q5xcqmja6dvh4ctc4t9.zeepki.st/
[Info   :Zeepkist GTR] 19:38:22 Sending HTTP request "POST" https://es-graphql-1q5xcqmja6dvh4ctc4t9.zeepki.st/
[Info   :Zeepkist GTR] 19:38:22 Stopping existing recorder if any
[Info   :Zeepkist GTR] 19:38:22 Creating new recorder
[Info   :Zeepkist GTR] 19:38:22 Received HTTP response headers after 63.0253ms - 200
[Info   :Zeepkist GTR] 19:38:22 End processing HTTP request after 63.2533ms - 200
[Info   :Zeepkist GTR] 19:38:22 End processing HTTP request after 65.319ms - 200
[Info   :Zeepkist GTR] 19:38:24 Starting recorder
[Info   :Zeepkist GTR] 19:38:33 Discarding recorder
[Info   :RoundLeaderboardTab] Drawing leaderboard -> forwarding to Instance.DrawTabLeaderboard()
[Info   :Zeepkist Bingo] [BINGO] Level loaded
[Info   :Zeepkist GTR] 19:38:47 Start processing HTTP request "POST" https://es-backend-5eu0pg2dcfyp6u2v33lz.zeepki.st/level/request
[Info   :Zeepkist GTR] 19:38:47 Start processing HTTP request "POST" https://es-backend-5eu0pg2dcfyp6u2v33lz.zeepki.st/level/request
[Info   :Zeepkist GTR] 19:38:47 Sending HTTP request "POST" https://es-backend-5eu0pg2dcfyp6u2v33lz.zeepki.st/level/request
[Info   :Zeepkist GTR] 19:38:47 Start processing HTTP request "POST" https://es-graphql-1q5xcqmja6dvh4ctc4t9.zeepki.st/
[Info   :Zeepkist GTR] 19:38:47 Start processing HTTP request "POST" https://es-graphql-1q5xcqmja6dvh4ctc4t9.zeepki.st/
[Info   :Zeepkist GTR] 19:38:47 Sending HTTP request "POST" https://es-graphql-1q5xcqmja6dvh4ctc4t9.zeepki.st/
[Info   :Zeepkist GTR] 19:38:47 Start processing HTTP request "POST" https://es-graphql-1q5xcqmja6dvh4ctc4t9.zeepki.st/
[Info   :Zeepkist GTR] 19:38:47 Start processing HTTP request "POST" https://es-graphql-1q5xcqmja6dvh4ctc4t9.zeepki.st/
[Info   :Zeepkist GTR] 19:38:47 Sending HTTP request "POST" https://es-graphql-1q5xcqmja6dvh4ctc4t9.zeepki.st/
[Warning:Zeepkist GTR] 19:38:47 Current-level record subscription failed
[Info   :BetterSplits] getting gtr splits
[Info   :Zeepkist GTR] 19:38:48 Received HTTP response headers after 211.4886ms - 200
[Info   :Zeepkist GTR] 19:38:48 End processing HTTP request after 211.756ms - 200
[Info   :Zeepkist GTR] 19:38:48 End processing HTTP request after 213.0853ms - 200
[Info   :Zeepkist GTR] 19:38:48 Received HTTP response headers after 213.3426ms - 200
[Info   :Zeepkist GTR] 19:38:48 Received HTTP response headers after 212.7055ms - 200
[Info   :Zeepkist GTR] 19:38:48 End processing HTTP request after 213.6207ms - 200
[Info   :Zeepkist GTR] 19:38:48 End processing HTTP request after 212.9973ms - 200
[Info   :Zeepkist Bingo] [BINGO] === PLAYER SPAWNED ===
[Info   :Zeepkist Bingo] [BINGO] IsInActiveSession: False
[Info   :Zeepkist Bingo] [BINGO] Not in active session, skipping timer reset
[Info   :Zeepkist GTR] 19:38:48 Loading personal best...
[Info   :Zeepkist GTR] 19:38:48 Start processing HTTP request "POST" https://es-graphql-1q5xcqmja6dvh4ctc4t9.zeepki.st/
[Info   :Zeepkist GTR] 19:38:48 Start processing HTTP request "POST" https://es-graphql-1q5xcqmja6dvh4ctc4t9.zeepki.st/
[Info   :Zeepkist GTR] 19:38:48 Sending HTTP request "POST" https://es-graphql-1q5xcqmja6dvh4ctc4t9.zeepki.st/
[Info   :Zeepkist GTR] 19:38:48 Stopping existing recorder if any
[Info   :Zeepkist GTR] 19:38:48 Creating new recorder
[Info   :Zeepkist GTR] 19:38:48 End processing HTTP request after 249.8497ms - 200
[Info   :Zeepkist GTR] 19:38:48 End processing HTTP request after 249.1187ms - 200
[Info   :Zeepkist GTR] 19:38:48 Received HTTP response headers after 51.8738ms - 200
[Info   :Zeepkist GTR] 19:38:48 End processing HTTP request after 52.1504ms - 200
[Info   :Zeepkist GTR] 19:38:48 End processing HTTP request after 55.209ms - 200
[Info   :BetterSplits] got gtr splits
[Info   :Zeepkist GTR] 19:38:49 Starting recorder
[Info   :Zeepkist Bingo] [BINGO] === PLAYER SPAWNED ===
[Info   :Zeepkist Bingo] [BINGO] IsInActiveSession: False
[Info   :Zeepkist Bingo] [BINGO] Not in active session, skipping timer reset
[Info   :Zeepkist GTR] 19:38:55 Loading personal best...
[Info   :Zeepkist GTR] 19:38:55 Start processing HTTP request "POST" https://es-graphql-1q5xcqmja6dvh4ctc4t9.zeepki.st/
[Info   :Zeepkist GTR] 19:38:55 Start processing HTTP request "POST" https://es-graphql-1q5xcqmja6dvh4ctc4t9.zeepki.st/
[Info   :Zeepkist GTR] 19:38:55 Sending HTTP request "POST" https://es-graphql-1q5xcqmja6dvh4ctc4t9.zeepki.st/
[Info   :Zeepkist GTR] 19:38:55 Stopping existing recorder if any
[Info   :Zeepkist GTR] 19:38:55 Creating new recorder
[Info   :Zeepkist GTR] 19:38:55 Received HTTP response headers after 60.1784ms - 200
[Info   :Zeepkist GTR] 19:38:55 End processing HTTP request after 60.3821ms - 200
[Info   :Zeepkist GTR] 19:38:55 End processing HTTP request after 60.8555ms - 200
[Info   :Zeepkist GTR] 19:38:57 Starting recorder
[Info   :Zeepkist GTR] 19:39:20 Stopping recorder
[Info   :Zeepkist GTR] 19:39:20 Collecting extra information
[Info   :Zeepkist GTR] 19:39:20 Resolved workshop ID "3443023577" from lobby 3443023577 and level 0
[Info   :Zeepkist GTR] 19:39:20 Processing ghost data
[Info   :Zeepkist GTR] 19:39:20 Creating stream
[Info   :Zeepkist GTR] 19:39:20 Writing to stream
[Info   :Zeepkist GTR] 19:39:21 Converting to base64
[Info   :Zeepkist GTR] 19:39:21 Creating resource
[Info   :Zeepkist GTR] 19:39:21 Start processing HTTP request "POST" https://es-backend-5eu0pg2dcfyp6u2v33lz.zeepki.st/record/submit
[Info   :Zeepkist GTR] 19:39:21 Start processing HTTP request "POST" https://es-backend-5eu0pg2dcfyp6u2v33lz.zeepki.st/record/submit
[Info   :Zeepkist GTR] 19:39:21 Sending HTTP request "POST" https://es-backend-5eu0pg2dcfyp6u2v33lz.zeepki.st/record/submit
[Info   :Zeepkist GTR] 19:39:21 Received HTTP response headers after 309.8185ms - 200
[Info   :Zeepkist GTR] 19:39:21 End processing HTTP request after 310.0886ms - 200
[Info   :Zeepkist GTR] 19:39:21 End processing HTTP request after 322.4721ms - 200
[Info   :Zeepkist Bingo] [BINGO] === PLAYER SPAWNED ===
[Info   :Zeepkist Bingo] [BINGO] IsInActiveSession: False
[Info   :Zeepkist Bingo] [BINGO] Not in active session, skipping timer reset
[Info   :Zeepkist GTR] 19:39:22 Loading personal best...
[Info   :Zeepkist GTR] 19:39:22 Start processing HTTP request "POST" https://es-graphql-1q5xcqmja6dvh4ctc4t9.zeepki.st/
[Info   :Zeepkist GTR] 19:39:22 Start processing HTTP request "POST" https://es-graphql-1q5xcqmja6dvh4ctc4t9.zeepki.st/
[Info   :Zeepkist GTR] 19:39:22 Sending HTTP request "POST" https://es-graphql-1q5xcqmja6dvh4ctc4t9.zeepki.st/
[Info   :Zeepkist GTR] 19:39:22 Stopping existing recorder if any
[Info   :Zeepkist GTR] 19:39:22 Creating new recorder
[Info   :Zeepkist GTR] 19:39:22 Received HTTP response headers after 63.4473ms - 200
[Info   :Zeepkist GTR] 19:39:22 End processing HTTP request after 63.6991ms - 200
[Info   :Zeepkist GTR] 19:39:22 End processing HTTP request after 70.6185ms - 200
[Info   :Zeepkist GTR] 19:39:23 Starting recorder
[Info   :Zeepkist GTR] 19:39:47 Stopping recorder
[Info   :Zeepkist GTR] 19:39:47 Collecting extra information
[Info   :Zeepkist GTR] 19:39:47 Resolved workshop ID "3443023577" from lobby 3443023577 and level 0
[Info   :Zeepkist GTR] 19:39:47 Processing ghost data
[Info   :Zeepkist GTR] 19:39:47 Creating stream
[Info   :Zeepkist GTR] 19:39:47 Writing to stream
[Info   :Zeepkist GTR] 19:39:47 Converting to base64
[Info   :Zeepkist GTR] 19:39:47 Creating resource
[Info   :Zeepkist GTR] 19:39:47 Start processing HTTP request "POST" https://es-backend-5eu0pg2dcfyp6u2v33lz.zeepki.st/record/submit
[Info   :Zeepkist GTR] 19:39:47 Start processing HTTP request "POST" https://es-backend-5eu0pg2dcfyp6u2v33lz.zeepki.st/record/submit
[Info   :Zeepkist GTR] 19:39:47 Sending HTTP request "POST" https://es-backend-5eu0pg2dcfyp6u2v33lz.zeepki.st/record/submit
[Info   :Zeepkist GTR] 19:39:47 Received HTTP response headers after 142.9225ms - 200
[Info   :Zeepkist GTR] 19:39:47 End processing HTTP request after 143.1509ms - 200
[Info   :Zeepkist GTR] 19:39:47 End processing HTTP request after 144.8535ms - 200
[Info   :Zeepkist Bingo] [BINGO] === PLAYER SPAWNED ===
[Info   :Zeepkist Bingo] [BINGO] IsInActiveSession: False
[Info   :Zeepkist Bingo] [BINGO] Not in active session, skipping timer reset
[Info   :Zeepkist GTR] 19:39:49 Loading personal best...
[Info   :Zeepkist GTR] 19:39:49 Start processing HTTP request "POST" https://es-graphql-1q5xcqmja6dvh4ctc4t9.zeepki.st/
[Info   :Zeepkist GTR] 19:39:49 Start processing HTTP request "POST" https://es-graphql-1q5xcqmja6dvh4ctc4t9.zeepki.st/
[Info   :Zeepkist GTR] 19:39:49 Sending HTTP request "POST" https://es-graphql-1q5xcqmja6dvh4ctc4t9.zeepki.st/
[Info   :Zeepkist GTR] 19:39:49 Stopping existing recorder if any
[Info   :Zeepkist GTR] 19:39:49 Creating new recorder
[Info   :Zeepkist GTR] 19:39:49 Received HTTP response headers after 54.1415ms - 200
[Info   :Zeepkist GTR] 19:39:49 End processing HTTP request after 54.3598ms - 200
[Info   :Zeepkist GTR] 19:39:49 End processing HTTP request after 62.7649ms - 200
[Info   :Zeepkist GTR] 19:39:49 Start processing HTTP request "GET" https://cdn.zeepki.st/ghosts/01M3SPDB93PNB8ARE92YPZD8FZ.bin
[Info   :Zeepkist GTR] 19:39:49 Sending HTTP request "GET" https://cdn.zeepki.st/ghosts/01M3SPDB93PNB8ARE92YPZD8FZ.bin
[Info   :Zeepkist GTR] 19:39:49 Received HTTP response headers after 772.2022ms - 200
[Info   :Zeepkist GTR] 19:39:49 End processing HTTP request after 772.4577ms - 200
[Info   :Zeepkist GTR] 19:39:50 Starting recorder
[Info   :Zeepkist GTR] 19:39:54 Start processing HTTP request "POST" https://es-graphql-1q5xcqmja6dvh4ctc4t9.zeepki.st/
[Info   :Zeepkist GTR] 19:39:54 Start processing HTTP request "POST" https://es-graphql-1q5xcqmja6dvh4ctc4t9.zeepki.st/
[Info   :Zeepkist GTR] 19:39:54 Sending HTTP request "POST" https://es-graphql-1q5xcqmja6dvh4ctc4t9.zeepki.st/
[Info   :Zeepkist GTR] 19:39:54 Received HTTP response headers after 54.1336ms - 200
[Info   :Zeepkist GTR] 19:39:54 End processing HTTP request after 54.3684ms - 200
[Info   :Zeepkist GTR] 19:39:55 End processing HTTP request after 58.7207ms - 200
[Info   :Zeepkist GTR] 19:40:14 Stopping recorder
[Info   :Zeepkist GTR] 19:40:14 Collecting extra information
[Info   :Zeepkist GTR] 19:40:14 Resolved workshop ID "3443023577" from lobby 3443023577 and level 0
[Info   :Zeepkist GTR] 19:40:14 Processing ghost data
[Info   :Zeepkist GTR] 19:40:14 Creating stream
[Info   :Zeepkist GTR] 19:40:14 Writing to stream
[Info   :Zeepkist GTR] 19:40:14 Converting to base64
[Info   :Zeepkist GTR] 19:40:14 Creating resource
[Info   :Zeepkist GTR] 19:40:14 Start processing HTTP request "POST" https://es-backend-5eu0pg2dcfyp6u2v33lz.zeepki.st/record/submit
[Info   :Zeepkist GTR] 19:40:14 Start processing HTTP request "POST" https://es-backend-5eu0pg2dcfyp6u2v33lz.zeepki.st/record/submit
[Info   :Zeepkist GTR] 19:40:14 Sending HTTP request "POST" https://es-backend-5eu0pg2dcfyp6u2v33lz.zeepki.st/record/submit
[Info   :Zeepkist GTR] 19:40:14 Received HTTP response headers after 151.8311ms - 200
[Info   :Zeepkist GTR] 19:40:14 End processing HTTP request after 152.0628ms - 200
[Info   :Zeepkist GTR] 19:40:14 End processing HTTP request after 159.7613ms - 200
[Info   :Zeepkist GTR] 19:40:14 Start processing HTTP request "POST" https://es-graphql-1q5xcqmja6dvh4ctc4t9.zeepki.st/
[Info   :Zeepkist GTR] 19:40:14 Start processing HTTP request "POST" https://es-graphql-1q5xcqmja6dvh4ctc4t9.zeepki.st/
[Info   :Zeepkist GTR] 19:40:14 Sending HTTP request "POST" https://es-graphql-1q5xcqmja6dvh4ctc4t9.zeepki.st/
[Info   :Zeepkist GTR] 19:40:15 Received HTTP response headers after 62.9468ms - 200
[Info   :Zeepkist GTR] 19:40:15 End processing HTTP request after 63.1528ms - 200
[Info   :Zeepkist GTR] 19:40:15 End processing HTTP request after 70.6552ms - 200
[Info   :Zeepkist Bingo] [BINGO] === PLAYER SPAWNED ===
[Info   :Zeepkist Bingo] [BINGO] IsInActiveSession: False
[Info   :Zeepkist Bingo] [BINGO] Not in active session, skipping timer reset
[Info   :Zeepkist GTR] 19:40:18 Loading personal best...
[Info   :Zeepkist GTR] 19:40:18 Start processing HTTP request "POST" https://es-graphql-1q5xcqmja6dvh4ctc4t9.zeepki.st/
[Info   :Zeepkist GTR] 19:40:18 Start processing HTTP request "POST" https://es-graphql-1q5xcqmja6dvh4ctc4t9.zeepki.st/
[Info   :Zeepkist GTR] 19:40:18 Sending HTTP request "POST" https://es-graphql-1q5xcqmja6dvh4ctc4t9.zeepki.st/
[Info   :Zeepkist GTR] 19:40:18 Stopping existing recorder if any
[Info   :Zeepkist GTR] 19:40:18 Creating new recorder
[Info   :Zeepkist GTR] 19:40:18 Received HTTP response headers after 59.024ms - 200
[Info   :Zeepkist GTR] 19:40:18 End processing HTTP request after 59.3858ms - 200
[Info   :Zeepkist GTR] 19:40:18 End processing HTTP request after 60.8338ms - 200
[Info   :Zeepkist GTR] 19:40:18 Start processing HTTP request "GET" https://cdn.zeepki.st/ghosts/01M3SPE5HD0N22G5GT0M2WACZG.bin
[Info   :Zeepkist GTR] 19:40:18 Sending HTTP request "GET" https://cdn.zeepki.st/ghosts/01M3SPE5HD0N22G5GT0M2WACZG.bin
[Info   :Zeepkist GTR] 19:40:18 Received HTTP response headers after 680.4436ms - 200
[Info   :Zeepkist GTR] 19:40:18 End processing HTTP request after 680.6934ms - 200
[Info   :Zeepkist GTR] 19:40:19 Starting recorder
[Info   :Zeepkist GTR] 19:40:43 Stopping recorder
[Info   :Zeepkist GTR] 19:40:43 Collecting extra information
[Info   :Zeepkist GTR] 19:40:43 Resolved workshop ID "3443023577" from lobby 3443023577 and level 0
[Info   :Zeepkist GTR] 19:40:43 Processing ghost data
[Info   :Zeepkist GTR] 19:40:43 Creating stream
[Info   :Zeepkist GTR] 19:40:43 Writing to stream
[Info   :Zeepkist GTR] 19:40:43 Converting to base64
[Info   :Zeepkist GTR] 19:40:43 Creating resource
[Info   :Zeepkist GTR] 19:40:43 Start processing HTTP request "POST" https://es-backend-5eu0pg2dcfyp6u2v33lz.zeepki.st/record/submit
[Info   :Zeepkist GTR] 19:40:43 Start processing HTTP request "POST" https://es-backend-5eu0pg2dcfyp6u2v33lz.zeepki.st/record/submit
[Info   :Zeepkist GTR] 19:40:43 Sending HTTP request "POST" https://es-backend-5eu0pg2dcfyp6u2v33lz.zeepki.st/record/submit
[Info   :Zeepkist GTR] 19:40:43 Received HTTP response headers after 150.0182ms - 200
[Info   :Zeepkist GTR] 19:40:43 End processing HTTP request after 150.2641ms - 200
[Info   :Zeepkist GTR] 19:40:43 End processing HTTP request after 152.5401ms - 200
[Info   :Zeepkist Bingo] [BINGO] === PLAYER SPAWNED ===
[Info   :Zeepkist Bingo] [BINGO] IsInActiveSession: False
[Info   :Zeepkist Bingo] [BINGO] Not in active session, skipping timer reset
[Info   :Zeepkist GTR] 19:40:45 Loading personal best...
[Info   :Zeepkist GTR] 19:40:45 Start processing HTTP request "POST" https://es-graphql-1q5xcqmja6dvh4ctc4t9.zeepki.st/
[Info   :Zeepkist GTR] 19:40:45 Start processing HTTP request "POST" https://es-graphql-1q5xcqmja6dvh4ctc4t9.zeepki.st/
[Info   :Zeepkist GTR] 19:40:45 Sending HTTP request "POST" https://es-graphql-1q5xcqmja6dvh4ctc4t9.zeepki.st/
[Info   :Zeepkist GTR] 19:40:45 Stopping existing recorder if any
[Info   :Zeepkist GTR] 19:40:45 Creating new recorder
[Info   :Zeepkist GTR] 19:40:45 Received HTTP response headers after 57.4944ms - 200
[Info   :Zeepkist GTR] 19:40:45 End processing HTTP request after 57.7157ms - 200
[Info   :Zeepkist GTR] 19:40:45 End processing HTTP request after 63.4072ms - 200
[Info   :Zeepkist GTR] 19:40:46 Starting recorder
[Info   :Zeepkist Bingo] [BINGO] === PLAYER SPAWNED ===
[Info   :Zeepkist Bingo] [BINGO] IsInActiveSession: False
[Info   :Zeepkist Bingo] [BINGO] Not in active session, skipping timer reset
[Info   :Zeepkist GTR] 19:41:05 Loading personal best...
[Info   :Zeepkist GTR] 19:41:05 Start processing HTTP request "POST" https://es-graphql-1q5xcqmja6dvh4ctc4t9.zeepki.st/
[Info   :Zeepkist GTR] 19:41:05 Start processing HTTP request "POST" https://es-graphql-1q5xcqmja6dvh4ctc4t9.zeepki.st/
[Info   :Zeepkist GTR] 19:41:05 Sending HTTP request "POST" https://es-graphql-1q5xcqmja6dvh4ctc4t9.zeepki.st/
[Info   :Zeepkist GTR] 19:41:05 Stopping existing recorder if any
[Info   :Zeepkist GTR] 19:41:05 Creating new recorder
[Info   :Zeepkist GTR] 19:41:05 Received HTTP response headers after 221.3152ms - 200
[Info   :Zeepkist GTR] 19:41:05 End processing HTTP request after 221.5501ms - 200
[Info   :Zeepkist GTR] 19:41:05 End processing HTTP request after 232.3943ms - 200
[Info   :Zeepkist GTR] 19:41:07 Starting recorder
[Info   :Zeepkist GTR] 19:41:30 Stopping recorder
[Info   :Zeepkist GTR] 19:41:30 Collecting extra information
[Info   :Zeepkist GTR] 19:41:30 Resolved workshop ID "3443023577" from lobby 3443023577 and level 0
[Info   :Zeepkist GTR] 19:41:30 Processing ghost data
[Info   :Zeepkist GTR] 19:41:30 Creating stream
[Info   :Zeepkist GTR] 19:41:30 Writing to stream
[Info   :Zeepkist GTR] 19:41:30 Converting to base64
[Info   :Zeepkist GTR] 19:41:30 Creating resource
[Info   :Zeepkist GTR] 19:41:30 Start processing HTTP request "POST" https://es-backend-5eu0pg2dcfyp6u2v33lz.zeepki.st/record/submit
[Info   :Zeepkist GTR] 19:41:30 Start processing HTTP request "POST" https://es-backend-5eu0pg2dcfyp6u2v33lz.zeepki.st/record/submit
[Info   :Zeepkist GTR] 19:41:30 Sending HTTP request "POST" https://es-backend-5eu0pg2dcfyp6u2v33lz.zeepki.st/record/submit
[Info   :Zeepkist GTR] 19:41:31 Received HTTP response headers after 378.2774ms - 200
[Info   :Zeepkist GTR] 19:41:31 End processing HTTP request after 378.5042ms - 200
[Info   :Zeepkist GTR] 19:41:31 End processing HTTP request after 379.4742ms - 200
[Info   :Zeepkist GTR] 19:41:37 Start processing HTTP request "POST" https://es-graphql-1q5xcqmja6dvh4ctc4t9.zeepki.st/
[Info   :Zeepkist GTR] 19:41:37 Start processing HTTP request "POST" https://es-graphql-1q5xcqmja6dvh4ctc4t9.zeepki.st/
[Info   :Zeepkist GTR] 19:41:37 Sending HTTP request "POST" https://es-graphql-1q5xcqmja6dvh4ctc4t9.zeepki.st/
[Info   :Zeepkist GTR] 19:41:37 Received HTTP response headers after 54.4005ms - 200
[Info   :Zeepkist GTR] 19:41:37 End processing HTTP request after 54.6824ms - 200
[Info   :Zeepkist GTR] 19:41:37 End processing HTTP request after 59.4768ms - 200
[Info   :Zeepkist Bingo] [BINGO] === PLAYER SPAWNED ===
[Info   :Zeepkist Bingo] [BINGO] IsInActiveSession: False
[Info   :Zeepkist Bingo] [BINGO] Not in active session, skipping timer reset
[Info   :Zeepkist GTR] 19:42:34 Loading personal best...
[Info   :Zeepkist GTR] 19:42:34 Start processing HTTP request "POST" https://es-graphql-1q5xcqmja6dvh4ctc4t9.zeepki.st/
[Info   :Zeepkist GTR] 19:42:34 Start processing HTTP request "POST" https://es-graphql-1q5xcqmja6dvh4ctc4t9.zeepki.st/
[Info   :Zeepkist GTR] 19:42:34 Sending HTTP request "POST" https://es-graphql-1q5xcqmja6dvh4ctc4t9.zeepki.st/
[Info   :Zeepkist GTR] 19:42:34 Stopping existing recorder if any
[Info   :Zeepkist GTR] 19:42:34 Creating new recorder
[Info   :Zeepkist GTR] 19:42:34 Received HTTP response headers after 64.4831ms - 200
[Info   :Zeepkist GTR] 19:42:34 End processing HTTP request after 64.8014ms - 200
[Info   :Zeepkist GTR] 19:42:34 End processing HTTP request after 65.9684ms - 200
[Info   :Zeepkist GTR] 19:42:34 Start processing HTTP request "GET" https://cdn.zeepki.st/ghosts/01M3SPGGEKXCS6Z2HJ4KDW6D7Q.bin
[Info   :Zeepkist GTR] 19:42:34 Sending HTTP request "GET" https://cdn.zeepki.st/ghosts/01M3SPGGEKXCS6Z2HJ4KDW6D7Q.bin
[Info   :Zeepkist GTR] 19:42:35 Received HTTP response headers after 796.4766ms - 200
[Info   :Zeepkist GTR] 19:42:35 End processing HTTP request after 796.9222ms - 200
[Info   :Zeepkist GTR] 19:42:36 Starting recorder
[Info   :Zeepkist GTR] 19:42:59 Stopping recorder
[Info   :Zeepkist GTR] 19:42:59 Collecting extra information
[Info   :Zeepkist GTR] 19:42:59 Resolved workshop ID "3443023577" from lobby 3443023577 and level 0
[Info   :Zeepkist GTR] 19:42:59 Processing ghost data
[Info   :Zeepkist GTR] 19:42:59 Creating stream
[Info   :Zeepkist GTR] 19:42:59 Writing to stream
[Info   :Zeepkist GTR] 19:42:59 Converting to base64
[Info   :Zeepkist GTR] 19:42:59 Creating resource
[Info   :Zeepkist GTR] 19:42:59 Start processing HTTP request "POST" https://es-backend-5eu0pg2dcfyp6u2v33lz.zeepki.st/record/submit
[Info   :Zeepkist GTR] 19:42:59 Start processing HTTP request "POST" https://es-backend-5eu0pg2dcfyp6u2v33lz.zeepki.st/record/submit
[Info   :Zeepkist GTR] 19:42:59 Sending HTTP request "POST" https://es-backend-5eu0pg2dcfyp6u2v33lz.zeepki.st/record/submit
[Info   :Zeepkist GTR] 19:42:59 Received HTTP response headers after 160.2274ms - 200
[Info   :Zeepkist GTR] 19:42:59 End processing HTTP request after 160.4474ms - 200
[Info   :Zeepkist GTR] 19:42:59 End processing HTTP request after 165.8438ms - 200
[Info   :Zeepkist GTR] 19:43:01 Start processing HTTP request "POST" https://es-graphql-1q5xcqmja6dvh4ctc4t9.zeepki.st/
[Info   :Zeepkist GTR] 19:43:01 Start processing HTTP request "POST" https://es-graphql-1q5xcqmja6dvh4ctc4t9.zeepki.st/
[Info   :Zeepkist GTR] 19:43:01 Sending HTTP request "POST" https://es-graphql-1q5xcqmja6dvh4ctc4t9.zeepki.st/
[Info   :Zeepkist Bingo] [BINGO] === PLAYER SPAWNED ===
[Info   :Zeepkist Bingo] [BINGO] IsInActiveSession: False
[Info   :Zeepkist Bingo] [BINGO] Not in active session, skipping timer reset
[Info   :Zeepkist GTR] 19:43:01 Loading personal best...
[Info   :Zeepkist GTR] 19:43:01 Start processing HTTP request "POST" https://es-graphql-1q5xcqmja6dvh4ctc4t9.zeepki.st/
[Info   :Zeepkist GTR] 19:43:01 Start processing HTTP request "POST" https://es-graphql-1q5xcqmja6dvh4ctc4t9.zeepki.st/
[Info   :Zeepkist GTR] 19:43:01 Sending HTTP request "POST" https://es-graphql-1q5xcqmja6dvh4ctc4t9.zeepki.st/
[Info   :Zeepkist GTR] 19:43:01 Stopping existing recorder if any
[Info   :Zeepkist GTR] 19:43:01 Creating new recorder
[Info   :Zeepkist GTR] 19:43:01 Received HTTP response headers after 58.0197ms - 200
[Info   :Zeepkist GTR] 19:43:01 End processing HTTP request after 58.245ms - 200
[Info   :Zeepkist GTR] 19:43:01 End processing HTTP request after 72.0471ms - 200
[Info   :Zeepkist GTR] 19:43:01 Received HTTP response headers after 212.8506ms - 200
[Info   :Zeepkist GTR] 19:43:01 End processing HTTP request after 213.0698ms - 200
[Info   :Zeepkist GTR] 19:43:01 End processing HTTP request after 218.7911ms - 200
[Info   :Zeepkist GTR] 19:43:01 Start processing HTTP request "GET" https://cdn.zeepki.st/ghosts/01M3SPK6ZNQHWZW8FJ30T7GBAK.bin
[Info   :Zeepkist GTR] 19:43:01 Sending HTTP request "GET" https://cdn.zeepki.st/ghosts/01M3SPK6ZNQHWZW8FJ30T7GBAK.bin
[Info   :Zeepkist GTR] 19:43:02 Received HTTP response headers after 718.98ms - 200
[Info   :Zeepkist GTR] 19:43:02 End processing HTTP request after 719.2336ms - 200
[Info   :Zeepkist GTR] 19:43:02 Starting recorder
[Info   :Zeepkist GTR] 19:43:16 Start processing HTTP request "POST" https://es-graphql-1q5xcqmja6dvh4ctc4t9.zeepki.st/
[Info   :Zeepkist GTR] 19:43:16 Start processing HTTP request "POST" https://es-graphql-1q5xcqmja6dvh4ctc4t9.zeepki.st/
[Info   :Zeepkist GTR] 19:43:16 Sending HTTP request "POST" https://es-graphql-1q5xcqmja6dvh4ctc4t9.zeepki.st/
[Info   :Zeepkist GTR] 19:43:16 Received HTTP response headers after 204.6985ms - 200
[Info   :Zeepkist GTR] 19:43:16 End processing HTTP request after 204.9188ms - 200
[Info   :Zeepkist GTR] 19:43:16 End processing HTTP request after 209.3715ms - 200
[Info   :Zeepkist GTR] 19:43:26 Stopping recorder
[Info   :Zeepkist GTR] 19:43:26 Collecting extra information
[Info   :Zeepkist GTR] 19:43:26 Resolved workshop ID "3443023577" from lobby 3443023577 and level 0
[Info   :Zeepkist GTR] 19:43:26 Processing ghost data
[Info   :Zeepkist GTR] 19:43:26 Creating stream
[Info   :Zeepkist GTR] 19:43:26 Writing to stream
[Info   :Zeepkist GTR] 19:43:26 Converting to base64
[Info   :Zeepkist GTR] 19:43:26 Creating resource
[Info   :Zeepkist GTR] 19:43:26 Start processing HTTP request "POST" https://es-backend-5eu0pg2dcfyp6u2v33lz.zeepki.st/record/submit
[Info   :Zeepkist GTR] 19:43:26 Start processing HTTP request "POST" https://es-backend-5eu0pg2dcfyp6u2v33lz.zeepki.st/record/submit
[Info   :Zeepkist GTR] 19:43:26 Sending HTTP request "POST" https://es-backend-5eu0pg2dcfyp6u2v33lz.zeepki.st/record/submit
[Info   :Zeepkist GTR] 19:43:26 Received HTTP response headers after 340.1352ms - 200
[Info   :Zeepkist GTR] 19:43:26 End processing HTTP request after 340.3698ms - 200
[Info   :Zeepkist GTR] 19:43:26 End processing HTTP request after 346.1295ms - 200
[Info   :Zeepkist Bingo] [BINGO] === PLAYER SPAWNED ===
[Info   :Zeepkist Bingo] [BINGO] IsInActiveSession: False
[Info   :Zeepkist Bingo] [BINGO] Not in active session, skipping timer reset
[Info   :Zeepkist GTR] 19:43:28 Loading personal best...
[Info   :Zeepkist GTR] 19:43:28 Start processing HTTP request "POST" https://es-graphql-1q5xcqmja6dvh4ctc4t9.zeepki.st/
[Info   :Zeepkist GTR] 19:43:28 Start processing HTTP request "POST" https://es-graphql-1q5xcqmja6dvh4ctc4t9.zeepki.st/
[Info   :Zeepkist GTR] 19:43:28 Sending HTTP request "POST" https://es-graphql-1q5xcqmja6dvh4ctc4t9.zeepki.st/
[Info   :Zeepkist GTR] 19:43:28 Stopping existing recorder if any
[Info   :Zeepkist GTR] 19:43:28 Creating new recorder
[Info   :Zeepkist GTR] 19:43:28 Received HTTP response headers after 60.7058ms - 200
[Info   :Zeepkist GTR] 19:43:28 End processing HTTP request after 60.925ms - 200
[Info   :Zeepkist GTR] 19:43:28 End processing HTTP request after 66.5136ms - 200
[Info   :Zeepkist GTR] 19:43:28 Start processing HTTP request "GET" https://cdn.zeepki.st/ghosts/01M3SPM1294KBSBAHXNBD70H81.bin
[Info   :Zeepkist GTR] 19:43:28 Sending HTTP request "GET" https://cdn.zeepki.st/ghosts/01M3SPM1294KBSBAHXNBD70H81.bin
[Info   :Zeepkist GTR] 19:43:28 Received HTTP response headers after 753.9475ms - 200
[Info   :Zeepkist GTR] 19:43:28 End processing HTTP request after 754.2142ms - 200
[Info   :Zeepkist GTR] 19:43:29 Starting recorder
[Info   :Zeepkist GTR] 19:43:31 Start processing HTTP request "POST" https://es-graphql-1q5xcqmja6dvh4ctc4t9.zeepki.st/
[Info   :Zeepkist GTR] 19:43:31 Start processing HTTP request "POST" https://es-graphql-1q5xcqmja6dvh4ctc4t9.zeepki.st/
[Info   :Zeepkist GTR] 19:43:31 Sending HTTP request "POST" https://es-graphql-1q5xcqmja6dvh4ctc4t9.zeepki.st/
[Info   :Zeepkist GTR] 19:43:31 Received HTTP response headers after 55.0524ms - 200
[Info   :Zeepkist GTR] 19:43:31 End processing HTTP request after 55.2931ms - 200
[Info   :Zeepkist GTR] 19:43:31 End processing HTTP request after 57.7583ms - 200
[Info   :Zeepkist GTR] 19:43:46 Discarding recorder
[Info   :RoundLeaderboardTab] Drawing leaderboard -> forwarding to Instance.DrawTabLeaderboard()
[Info   :Zeepkist Bingo] [BINGO] Level loaded
[Info   :Zeepkist GTR] 19:44:00 Start processing HTTP request "POST" https://es-backend-5eu0pg2dcfyp6u2v33lz.zeepki.st/level/request
[Info   :Zeepkist GTR] 19:44:00 Start processing HTTP request "POST" https://es-backend-5eu0pg2dcfyp6u2v33lz.zeepki.st/level/request
[Info   :Zeepkist GTR] 19:44:00 Sending HTTP request "POST" https://es-backend-5eu0pg2dcfyp6u2v33lz.zeepki.st/level/request
[Info   :Zeepkist GTR] 19:44:00 Start processing HTTP request "POST" https://es-graphql-1q5xcqmja6dvh4ctc4t9.zeepki.st/
[Info   :Zeepkist GTR] 19:44:00 Start processing HTTP request "POST" https://es-graphql-1q5xcqmja6dvh4ctc4t9.zeepki.st/
[Info   :Zeepkist GTR] 19:44:00 Sending HTTP request "POST" https://es-graphql-1q5xcqmja6dvh4ctc4t9.zeepki.st/
[Info   :Zeepkist GTR] 19:44:00 Start processing HTTP request "POST" https://es-graphql-1q5xcqmja6dvh4ctc4t9.zeepki.st/
[Warning:Zeepkist GTR] 19:44:00 Current-level record subscription failed
[Info   :Zeepkist GTR] 19:44:00 Start processing HTTP request "POST" https://es-graphql-1q5xcqmja6dvh4ctc4t9.zeepki.st/
[Info   :Zeepkist GTR] 19:44:00 Sending HTTP request "POST" https://es-graphql-1q5xcqmja6dvh4ctc4t9.zeepki.st/
[Info   :BetterSplits] getting gtr splits
[Info   :Zeepkist GTR] 19:44:00 Received HTTP response headers after 56.2026ms - 200
[Info   :Zeepkist GTR] 19:44:00 End processing HTTP request after 56.4555ms - 200
[Info   :Zeepkist GTR] 19:44:00 Received HTTP response headers after 63.9475ms - 200
[Info   :Zeepkist GTR] 19:44:00 End processing HTTP request after 64.1471ms - 200
[Info   :Zeepkist Bingo] [BINGO] === PLAYER SPAWNED ===
[Info   :Zeepkist Bingo] [BINGO] IsInActiveSession: False
[Info   :Zeepkist Bingo] [BINGO] Not in active session, skipping timer reset
[Info   :Zeepkist GTR] 19:44:00 Loading personal best...
[Info   :Zeepkist GTR] 19:44:00 Start processing HTTP request "POST" https://es-graphql-1q5xcqmja6dvh4ctc4t9.zeepki.st/
[Info   :Zeepkist GTR] 19:44:00 Start processing HTTP request "POST" https://es-graphql-1q5xcqmja6dvh4ctc4t9.zeepki.st/
[Info   :Zeepkist GTR] 19:44:00 Sending HTTP request "POST" https://es-graphql-1q5xcqmja6dvh4ctc4t9.zeepki.st/
[Info   :Zeepkist GTR] 19:44:00 Stopping existing recorder if any
[Info   :Zeepkist GTR] 19:44:00 Creating new recorder
[Info   :Zeepkist GTR] 19:44:00 End processing HTTP request after 96.9463ms - 200
[Info   :Zeepkist GTR] 19:44:00 End processing HTTP request after 96.13ms - 200
[Info   :Zeepkist GTR] 19:44:00 Received HTTP response headers after 73.1915ms - 200
[Info   :Zeepkist GTR] 19:44:00 End processing HTTP request after 73.4106ms - 200
[Info   :Zeepkist GTR] 19:44:00 End processing HTTP request after 83.6863ms - 200
[Info   :Zeepkist GTR] 19:44:00 Received HTTP response headers after 201.5638ms - 200
[Info   :Zeepkist GTR] 19:44:00 End processing HTTP request after 201.781ms - 200
[Info   :Zeepkist GTR] 19:44:00 End processing HTTP request after 215.9973ms - 200
[Info   :BetterSplits] got gtr splits
[Info   :Zeepkist GTR] 19:44:02 Starting recorder
[Info   :Zeepkist Bingo] [BINGO] === PLAYER SPAWNED ===
[Info   :Zeepkist Bingo] [BINGO] IsInActiveSession: False
[Info   :Zeepkist Bingo] [BINGO] Not in active session, skipping timer reset
[Info   :Zeepkist GTR] 19:44:08 Loading personal best...
[Info   :Zeepkist GTR] 19:44:08 Start processing HTTP request "POST" https://es-graphql-1q5xcqmja6dvh4ctc4t9.zeepki.st/
[Info   :Zeepkist GTR] 19:44:08 Start processing HTTP request "POST" https://es-graphql-1q5xcqmja6dvh4ctc4t9.zeepki.st/
[Info   :Zeepkist GTR] 19:44:08 Sending HTTP request "POST" https://es-graphql-1q5xcqmja6dvh4ctc4t9.zeepki.st/
[Info   :Zeepkist GTR] 19:44:08 Stopping existing recorder if any
[Info   :Zeepkist GTR] 19:44:08 Creating new recorder
[Info   :Zeepkist GTR] 19:44:08 Received HTTP response headers after 56.757ms - 200
[Info   :Zeepkist GTR] 19:44:08 End processing HTTP request after 56.9812ms - 200
[Info   :Zeepkist GTR] 19:44:08 End processing HTTP request after 61.1921ms - 200
[Info   :Zeepkist GTR] 19:44:10 Starting recorder
[Info   :Zeepkist GTR] 19:44:34 Stopping recorder
[Info   :Zeepkist GTR] 19:44:34 Collecting extra information
[Info   :Zeepkist GTR] 19:44:34 Resolved workshop ID "3560282598" from lobby 3560282598 and level 0
[Info   :Zeepkist GTR] 19:44:34 Processing ghost data
[Info   :Zeepkist GTR] 19:44:34 Creating stream
[Info   :Zeepkist GTR] 19:44:34 Writing to stream
[Info   :Zeepkist GTR] 19:44:34 Converting to base64
[Info   :Zeepkist GTR] 19:44:34 Creating resource
[Info   :Zeepkist GTR] 19:44:34 Start processing HTTP request "POST" https://es-backend-5eu0pg2dcfyp6u2v33lz.zeepki.st/record/submit
[Info   :Zeepkist GTR] 19:44:34 Start processing HTTP request "POST" https://es-backend-5eu0pg2dcfyp6u2v33lz.zeepki.st/record/submit
[Info   :Zeepkist GTR] 19:44:34 Sending HTTP request "POST" https://es-backend-5eu0pg2dcfyp6u2v33lz.zeepki.st/record/submit
[Info   :Zeepkist GTR] 19:44:35 Received HTTP response headers after 161.7884ms - 200
[Info   :Zeepkist GTR] 19:44:35 End processing HTTP request after 162.0533ms - 200
[Info   :Zeepkist GTR] 19:44:35 End processing HTTP request after 166.7133ms - 200
[Info   :Zeepkist Bingo] [BINGO] === PLAYER SPAWNED ===
[Info   :Zeepkist Bingo] [BINGO] IsInActiveSession: False
[Info   :Zeepkist Bingo] [BINGO] Not in active session, skipping timer reset
[Info   :Zeepkist GTR] 19:44:36 Loading personal best...
[Info   :Zeepkist GTR] 19:44:36 Start processing HTTP request "POST" https://es-graphql-1q5xcqmja6dvh4ctc4t9.zeepki.st/
[Info   :Zeepkist GTR] 19:44:36 Start processing HTTP request "POST" https://es-graphql-1q5xcqmja6dvh4ctc4t9.zeepki.st/
[Info   :Zeepkist GTR] 19:44:36 Sending HTTP request "POST" https://es-graphql-1q5xcqmja6dvh4ctc4t9.zeepki.st/
[Info   :Zeepkist GTR] 19:44:36 Stopping existing recorder if any
[Info   :Zeepkist GTR] 19:44:36 Creating new recorder
[Info   :Zeepkist GTR] 19:44:36 Received HTTP response headers after 59.1324ms - 200
[Info   :Zeepkist GTR] 19:44:36 End processing HTTP request after 59.3471ms - 200
[Info   :Zeepkist GTR] 19:44:36 End processing HTTP request after 65.0693ms - 200
[Info   :Zeepkist GTR] 19:44:36 Start processing HTTP request "GET" https://cdn.zeepki.st/ghosts/01M3SPP3VKJ7QSXF67G0S4HWZZ.bin
[Info   :Zeepkist GTR] 19:44:36 Sending HTTP request "GET" https://cdn.zeepki.st/ghosts/01M3SPP3VKJ7QSXF67G0S4HWZZ.bin
[Info   :Zeepkist GTR] 19:44:37 Received HTTP response headers after 667.3315ms - 200
[Info   :Zeepkist GTR] 19:44:37 End processing HTTP request after 667.5826ms - 200
[Info   :Zeepkist GTR] 19:44:38 Starting recorder
[Info   :Zeepkist GTR] 19:44:47 Start processing HTTP request "POST" https://es-graphql-1q5xcqmja6dvh4ctc4t9.zeepki.st/
[Info   :Zeepkist GTR] 19:44:47 Start processing HTTP request "POST" https://es-graphql-1q5xcqmja6dvh4ctc4t9.zeepki.st/
[Info   :Zeepkist GTR] 19:44:47 Sending HTTP request "POST" https://es-graphql-1q5xcqmja6dvh4ctc4t9.zeepki.st/
[Info   :Zeepkist GTR] 19:44:47 Received HTTP response headers after 129.557ms - 200
[Info   :Zeepkist GTR] 19:44:47 End processing HTTP request after 129.7745ms - 200
[Info   :Zeepkist GTR] 19:44:47 End processing HTTP request after 133.5055ms - 200
[Info   :Zeepkist GTR] 19:45:01 Stopping recorder
[Info   :Zeepkist GTR] 19:45:01 Collecting extra information
[Info   :Zeepkist GTR] 19:45:01 Resolved workshop ID "3560282598" from lobby 3560282598 and level 0
[Info   :Zeepkist GTR] 19:45:01 Processing ghost data
[Info   :Zeepkist GTR] 19:45:01 Creating stream
[Info   :Zeepkist GTR] 19:45:01 Writing to stream
[Info   :Zeepkist GTR] 19:45:02 Converting to base64
[Info   :Zeepkist GTR] 19:45:02 Creating resource
[Info   :Zeepkist GTR] 19:45:02 Start processing HTTP request "POST" https://es-backend-5eu0pg2dcfyp6u2v33lz.zeepki.st/record/submit
[Info   :Zeepkist GTR] 19:45:02 Start processing HTTP request "POST" https://es-backend-5eu0pg2dcfyp6u2v33lz.zeepki.st/record/submit
[Info   :Zeepkist GTR] 19:45:02 Sending HTTP request "POST" https://es-backend-5eu0pg2dcfyp6u2v33lz.zeepki.st/record/submit
[Info   :Zeepkist GTR] 19:45:02 Received HTTP response headers after 195.5504ms - 200
[Info   :Zeepkist GTR] 19:45:02 End processing HTTP request after 195.7688ms - 200
[Info   :Zeepkist GTR] 19:45:02 End processing HTTP request after 200.5366ms - 200
[Info   :Zeepkist Bingo] [BINGO] === PLAYER SPAWNED ===
[Info   :Zeepkist Bingo] [BINGO] IsInActiveSession: False
[Info   :Zeepkist Bingo] [BINGO] Not in active session, skipping timer reset
[Info   :Zeepkist GTR] 19:45:05 Loading personal best...
[Info   :Zeepkist GTR] 19:45:05 Start processing HTTP request "POST" https://es-graphql-1q5xcqmja6dvh4ctc4t9.zeepki.st/
[Info   :Zeepkist GTR] 19:45:05 Start processing HTTP request "POST" https://es-graphql-1q5xcqmja6dvh4ctc4t9.zeepki.st/
[Info   :Zeepkist GTR] 19:45:05 Sending HTTP request "POST" https://es-graphql-1q5xcqmja6dvh4ctc4t9.zeepki.st/
[Info   :Zeepkist GTR] 19:45:05 Stopping existing recorder if any
[Info   :Zeepkist GTR] 19:45:05 Creating new recorder
[Info   :Zeepkist GTR] 19:45:05 Received HTTP response headers after 68.8485ms - 200
[Info   :Zeepkist GTR] 19:45:05 End processing HTTP request after 69.1201ms - 200
[Info   :Zeepkist GTR] 19:45:05 End processing HTTP request after 75.0292ms - 200
[Info   :Zeepkist GTR] 19:45:05 Start processing HTTP request "GET" https://cdn.zeepki.st/ghosts/01M3SPPYFE01PNPYFXD0QK7X9T.bin
[Info   :Zeepkist GTR] 19:45:05 Sending HTTP request "GET" https://cdn.zeepki.st/ghosts/01M3SPPYFE01PNPYFXD0QK7X9T.bin
[Info   :Zeepkist GTR] 19:45:05 Received HTTP response headers after 710.5403ms - 200
[Info   :Zeepkist GTR] 19:45:05 End processing HTTP request after 710.8087ms - 200
[Info   :Zeepkist GTR] 19:45:06 Starting recorder
[Info   :Zeepkist GTR] 19:45:09 Start processing HTTP request "POST" https://es-graphql-1q5xcqmja6dvh4ctc4t9.zeepki.st/
[Info   :Zeepkist GTR] 19:45:09 Start processing HTTP request "POST" https://es-graphql-1q5xcqmja6dvh4ctc4t9.zeepki.st/
[Info   :Zeepkist GTR] 19:45:09 Sending HTTP request "POST" https://es-graphql-1q5xcqmja6dvh4ctc4t9.zeepki.st/
[Info   :Zeepkist GTR] 19:45:09 Received HTTP response headers after 58.2078ms - 200
[Info   :Zeepkist GTR] 19:45:09 End processing HTTP request after 58.4614ms - 200
[Info   :Zeepkist GTR] 19:45:09 End processing HTTP request after 64.6594ms - 200
[Info   :Zeepkist Bingo] [BINGO] === PLAYER SPAWNED ===
[Info   :Zeepkist Bingo] [BINGO] IsInActiveSession: False
[Info   :Zeepkist Bingo] [BINGO] Not in active session, skipping timer reset
[Info   :Zeepkist GTR] 19:45:12 Loading personal best...
[Info   :Zeepkist GTR] 19:45:12 Start processing HTTP request "POST" https://es-graphql-1q5xcqmja6dvh4ctc4t9.zeepki.st/
[Info   :Zeepkist GTR] 19:45:12 Start processing HTTP request "POST" https://es-graphql-1q5xcqmja6dvh4ctc4t9.zeepki.st/
[Info   :Zeepkist GTR] 19:45:12 Sending HTTP request "POST" https://es-graphql-1q5xcqmja6dvh4ctc4t9.zeepki.st/
[Info   :Zeepkist GTR] 19:45:12 Stopping existing recorder if any
[Info   :Zeepkist GTR] 19:45:12 Creating new recorder
[Info   :Zeepkist GTR] 19:45:12 Received HTTP response headers after 68.6997ms - 200
[Info   :Zeepkist GTR] 19:45:12 End processing HTTP request after 68.914ms - 200
[Info   :Zeepkist GTR] 19:45:12 End processing HTTP request after 74.8508ms - 200
[Info   :Zeepkist GTR] 19:45:14 Starting recorder
[Info   :Zeepkist Bingo] [BINGO] === PLAYER SPAWNED ===
[Info   :Zeepkist Bingo] [BINGO] IsInActiveSession: False
[Info   :Zeepkist Bingo] [BINGO] Not in active session, skipping timer reset
[Info   :Zeepkist GTR] 19:45:21 Loading personal best...
[Info   :Zeepkist GTR] 19:45:21 Start processing HTTP request "POST" https://es-graphql-1q5xcqmja6dvh4ctc4t9.zeepki.st/
[Info   :Zeepkist GTR] 19:45:21 Start processing HTTP request "POST" https://es-graphql-1q5xcqmja6dvh4ctc4t9.zeepki.st/
[Info   :Zeepkist GTR] 19:45:21 Sending HTTP request "POST" https://es-graphql-1q5xcqmja6dvh4ctc4t9.zeepki.st/
[Info   :Zeepkist GTR] 19:45:21 Stopping existing recorder if any
[Info   :Zeepkist GTR] 19:45:21 Creating new recorder
[Info   :Zeepkist GTR] 19:45:21 Received HTTP response headers after 211.7898ms - 200
[Info   :Zeepkist GTR] 19:45:21 End processing HTTP request after 212.0457ms - 200
[Info   :Zeepkist GTR] 19:45:21 End processing HTTP request after 214.6548ms - 200
[Info   :Zeepkist GTR] 19:45:22 Starting recorder
[Info   :Zeepkist Bingo] [BINGO] === PLAYER SPAWNED ===
[Info   :Zeepkist Bingo] [BINGO] IsInActiveSession: False
[Info   :Zeepkist Bingo] [BINGO] Not in active session, skipping timer reset
[Info   :Zeepkist GTR] 19:45:32 Loading personal best...
[Info   :Zeepkist GTR] 19:45:32 Start processing HTTP request "POST" https://es-graphql-1q5xcqmja6dvh4ctc4t9.zeepki.st/
[Info   :Zeepkist GTR] 19:45:32 Start processing HTTP request "POST" https://es-graphql-1q5xcqmja6dvh4ctc4t9.zeepki.st/
[Info   :Zeepkist GTR] 19:45:32 Sending HTTP request "POST" https://es-graphql-1q5xcqmja6dvh4ctc4t9.zeepki.st/
[Info   :Zeepkist GTR] 19:45:32 Stopping existing recorder if any
[Info   :Zeepkist GTR] 19:45:32 Creating new recorder
[Info   :Zeepkist GTR] 19:45:32 Received HTTP response headers after 54.7176ms - 200
[Info   :Zeepkist GTR] 19:45:32 End processing HTTP request after 54.9923ms - 200
[Info   :Zeepkist GTR] 19:45:32 End processing HTTP request after 55.9132ms - 200
[Info   :Zeepkist GTR] 19:45:33 Starting recorder
[Info   :Zeepkist GTR] 19:45:57 Stopping recorder
[Info   :Zeepkist GTR] 19:45:57 Collecting extra information
[Info   :Zeepkist GTR] 19:45:57 Resolved workshop ID "3560282598" from lobby 3560282598 and level 0
[Info   :Zeepkist GTR] 19:45:57 Processing ghost data
[Info   :Zeepkist GTR] 19:45:57 Creating stream
[Info   :Zeepkist GTR] 19:45:57 Writing to stream
[Info   :Zeepkist GTR] 19:45:57 Converting to base64
[Info   :Zeepkist GTR] 19:45:57 Creating resource
[Info   :Zeepkist GTR] 19:45:57 Start processing HTTP request "POST" https://es-backend-5eu0pg2dcfyp6u2v33lz.zeepki.st/record/submit
[Info   :Zeepkist GTR] 19:45:57 Start processing HTTP request "POST" https://es-backend-5eu0pg2dcfyp6u2v33lz.zeepki.st/record/submit
[Info   :Zeepkist GTR] 19:45:57 Sending HTTP request "POST" https://es-backend-5eu0pg2dcfyp6u2v33lz.zeepki.st/record/submit
[Info   :Zeepkist GTR] 19:45:58 Received HTTP response headers after 450.1315ms - 200
[Info   :Zeepkist GTR] 19:45:58 End processing HTTP request after 450.3647ms - 200
[Info   :Zeepkist GTR] 19:45:58 End processing HTTP request after 455.6204ms - 200
[Info   :RoundLeaderboardTab] Drawing leaderboard -> forwarding to Instance.DrawTabLeaderboard()
[Info   :Zeepkist Bingo] [BINGO] === PLAYER SPAWNED ===
[Info   :Zeepkist Bingo] [BINGO] IsInActiveSession: False
[Info   :Zeepkist Bingo] [BINGO] Not in active session, skipping timer reset
[Info   :Zeepkist GTR] 19:47:19 Loading personal best...
[Info   :Zeepkist GTR] 19:47:19 Start processing HTTP request "POST" https://es-graphql-1q5xcqmja6dvh4ctc4t9.zeepki.st/
[Info   :Zeepkist GTR] 19:47:19 Start processing HTTP request "POST" https://es-graphql-1q5xcqmja6dvh4ctc4t9.zeepki.st/
[Info   :Zeepkist GTR] 19:47:19 Sending HTTP request "POST" https://es-graphql-1q5xcqmja6dvh4ctc4t9.zeepki.st/
[Info   :Zeepkist GTR] 19:47:19 Stopping existing recorder if any
[Info   :Zeepkist GTR] 19:47:19 Creating new recorder
[Info   :Zeepkist GTR] 19:47:19 Received HTTP response headers after 222.8358ms - 200
[Info   :Zeepkist GTR] 19:47:19 End processing HTTP request after 223.0771ms - 200
[Info   :Zeepkist GTR] 19:47:19 End processing HTTP request after 234.2431ms - 200
[Info   :Zeepkist GTR] 19:47:21 Starting recorder
[Info   :Zeepkist Bingo] [BINGO] === PLAYER SPAWNED ===
[Info   :Zeepkist Bingo] [BINGO] IsInActiveSession: False
[Info   :Zeepkist Bingo] [BINGO] Not in active session, skipping timer reset
[Info   :Zeepkist GTR] 19:47:29 Loading personal best...
[Info   :Zeepkist GTR] 19:47:29 Start processing HTTP request "POST" https://es-graphql-1q5xcqmja6dvh4ctc4t9.zeepki.st/
[Info   :Zeepkist GTR] 19:47:29 Start processing HTTP request "POST" https://es-graphql-1q5xcqmja6dvh4ctc4t9.zeepki.st/
[Info   :Zeepkist GTR] 19:47:29 Sending HTTP request "POST" https://es-graphql-1q5xcqmja6dvh4ctc4t9.zeepki.st/
[Info   :Zeepkist GTR] 19:47:29 Stopping existing recorder if any
[Info   :Zeepkist GTR] 19:47:29 Creating new recorder
[Info   :Zeepkist GTR] 19:47:29 Received HTTP response headers after 246.1244ms - 200
[Info   :Zeepkist GTR] 19:47:29 End processing HTTP request after 246.3436ms - 200
[Info   :Zeepkist GTR] 19:47:29 End processing HTTP request after 252.7599ms - 200
[Info   :Zeepkist GTR] 19:47:31 Starting recorder
[Info   :Zeepkist Bingo] [BINGO] === PLAYER SPAWNED ===
[Info   :Zeepkist Bingo] [BINGO] IsInActiveSession: False
[Info   :Zeepkist Bingo] [BINGO] Not in active session, skipping timer reset
[Info   :Zeepkist GTR] 19:47:52 Loading personal best...
[Info   :Zeepkist GTR] 19:47:52 Start processing HTTP request "POST" https://es-graphql-1q5xcqmja6dvh4ctc4t9.zeepki.st/
[Info   :Zeepkist GTR] 19:47:52 Start processing HTTP request "POST" https://es-graphql-1q5xcqmja6dvh4ctc4t9.zeepki.st/
[Info   :Zeepkist GTR] 19:47:52 Sending HTTP request "POST" https://es-graphql-1q5xcqmja6dvh4ctc4t9.zeepki.st/
[Info   :Zeepkist GTR] 19:47:52 Stopping existing recorder if any
[Info   :Zeepkist GTR] 19:47:52 Creating new recorder
[Info   :Zeepkist GTR] 19:47:52 Received HTTP response headers after 57.513ms - 200
[Info   :Zeepkist GTR] 19:47:52 End processing HTTP request after 57.7301ms - 200
[Info   :Zeepkist GTR] 19:47:52 End processing HTTP request after 62.2382ms - 200
[Info   :Zeepkist GTR] 19:47:53 Starting recorder
[Info   :Zeepkist GTR] 19:48:29 Start processing HTTP request "POST" https://es-graphql-1q5xcqmja6dvh4ctc4t9.zeepki.st/
[Info   :Zeepkist GTR] 19:48:29 Start processing HTTP request "POST" https://es-graphql-1q5xcqmja6dvh4ctc4t9.zeepki.st/
[Info   :Zeepkist GTR] 19:48:29 Sending HTTP request "POST" https://es-graphql-1q5xcqmja6dvh4ctc4t9.zeepki.st/
[Info   :Zeepkist GTR] 19:48:29 Received HTTP response headers after 56.8125ms - 200
[Info   :Zeepkist GTR] 19:48:29 End processing HTTP request after 57.0265ms - 200
[Info   :Zeepkist GTR] 19:48:29 End processing HTTP request after 63.964ms - 200
[Info   :Zeepkist Bingo] [BINGO] === PLAYER SPAWNED ===
[Info   :Zeepkist Bingo] [BINGO] IsInActiveSession: False
[Info   :Zeepkist Bingo] [BINGO] Not in active session, skipping timer reset
[Info   :Zeepkist GTR] 19:48:56 Loading personal best...
[Info   :Zeepkist GTR] 19:48:56 Start processing HTTP request "POST" https://es-graphql-1q5xcqmja6dvh4ctc4t9.zeepki.st/
[Info   :Zeepkist GTR] 19:48:56 Start processing HTTP request "POST" https://es-graphql-1q5xcqmja6dvh4ctc4t9.zeepki.st/
[Info   :Zeepkist GTR] 19:48:56 Sending HTTP request "POST" https://es-graphql-1q5xcqmja6dvh4ctc4t9.zeepki.st/
[Info   :Zeepkist GTR] 19:48:56 Stopping existing recorder if any
[Info   :Zeepkist GTR] 19:48:56 Creating new recorder
[Info   :Zeepkist GTR] 19:48:56 Received HTTP response headers after 55.4527ms - 200
[Info   :Zeepkist GTR] 19:48:56 End processing HTTP request after 55.6916ms - 200
[Info   :Zeepkist GTR] 19:48:56 End processing HTTP request after 60.7487ms - 200
[Info   :Zeepkist GTR] 19:48:57 Starting recorder
[Info   :Zeepkist GTR] 19:48:59 Discarding recorder
[Info   :Zeepkist Bingo] [BINGO] Level loaded
[Info   :Zeepkist GTR] 19:49:13 Start processing HTTP request "POST" https://es-backend-5eu0pg2dcfyp6u2v33lz.zeepki.st/auth/refresh
[Info   :Zeepkist GTR] 19:49:13 Start processing HTTP request "POST" https://es-backend-5eu0pg2dcfyp6u2v33lz.zeepki.st/auth/refresh
[Info   :Zeepkist GTR] 19:49:13 Sending HTTP request "POST" https://es-backend-5eu0pg2dcfyp6u2v33lz.zeepki.st/auth/refresh
[Info   :Zeepkist GTR] 19:49:13 Start processing HTTP request "POST" https://es-graphql-1q5xcqmja6dvh4ctc4t9.zeepki.st/
[Info   :Zeepkist GTR] 19:49:13 Start processing HTTP request "POST" https://es-graphql-1q5xcqmja6dvh4ctc4t9.zeepki.st/
[Info   :Zeepkist GTR] 19:49:13 Sending HTTP request "POST" https://es-graphql-1q5xcqmja6dvh4ctc4t9.zeepki.st/
[Warning:Zeepkist GTR] 19:49:13 Current-level record subscription failed
[Info   :Zeepkist GTR] 19:49:13 Start processing HTTP request "POST" https://es-graphql-1q5xcqmja6dvh4ctc4t9.zeepki.st/
[Info   :Zeepkist GTR] 19:49:13 Start processing HTTP request "POST" https://es-graphql-1q5xcqmja6dvh4ctc4t9.zeepki.st/
[Info   :Zeepkist GTR] 19:49:13 Sending HTTP request "POST" https://es-graphql-1q5xcqmja6dvh4ctc4t9.zeepki.st/
[Info   :BetterSplits] getting gtr splits
[Info   :Zeepkist GTR] 19:49:13 Received HTTP response headers after 71.3564ms - 200
[Info   :Zeepkist GTR] 19:49:13 End processing HTTP request after 71.6276ms - 200
[Info   :Zeepkist GTR] 19:49:13 End processing HTTP request after 75.7617ms - 200
[Info   :Zeepkist Bingo] [BINGO] === PLAYER SPAWNED ===
[Info   :Zeepkist Bingo] [BINGO] IsInActiveSession: False
[Info   :Zeepkist Bingo] [BINGO] Not in active session, skipping timer reset
[Info   :Zeepkist GTR] 19:49:13 Loading personal best...
[Info   :Zeepkist GTR] 19:49:13 Start processing HTTP request "POST" https://es-graphql-1q5xcqmja6dvh4ctc4t9.zeepki.st/
[Info   :Zeepkist GTR] 19:49:13 Start processing HTTP request "POST" https://es-graphql-1q5xcqmja6dvh4ctc4t9.zeepki.st/
[Info   :Zeepkist GTR] 19:49:13 Sending HTTP request "POST" https://es-graphql-1q5xcqmja6dvh4ctc4t9.zeepki.st/
[Info   :Zeepkist GTR] 19:49:13 Stopping existing recorder if any
[Info   :Zeepkist GTR] 19:49:13 Creating new recorder
[Info   :Zeepkist GTR] 19:49:13 Received HTTP response headers after 55.1373ms - 200
[Info   :Zeepkist GTR] 19:49:13 End processing HTTP request after 55.3444ms - 200
[Info   :Zeepkist GTR] 19:49:13 End processing HTTP request after 56.0641ms - 200
[Info   :Zeepkist GTR] 19:49:13 Received HTTP response headers after 240.3613ms - 200
[Info   :Zeepkist GTR] 19:49:13 End processing HTTP request after 240.5856ms - 200
[Info   :Zeepkist GTR] 19:49:13 End processing HTTP request after 248.0823ms - 200
[Info   :BetterSplits] got gtr splits
[Info   :Zeepkist GTR] 19:49:13 Received HTTP response headers after 295.6864ms - 200
[Info   :Zeepkist GTR] 19:49:13 End processing HTTP request after 295.9046ms - 200
[Info   :Zeepkist GTR] 19:49:13 End processing HTTP request after 306.3006ms - 200
[Info   :Zeepkist GTR] 19:49:13 Start processing HTTP request "POST" https://es-backend-5eu0pg2dcfyp6u2v33lz.zeepki.st/level/request
[Info   :Zeepkist GTR] 19:49:13 Start processing HTTP request "POST" https://es-backend-5eu0pg2dcfyp6u2v33lz.zeepki.st/level/request
[Info   :Zeepkist GTR] 19:49:13 Sending HTTP request "POST" https://es-backend-5eu0pg2dcfyp6u2v33lz.zeepki.st/level/request
[Info   :Zeepkist GTR] 19:49:13 Received HTTP response headers after 53.1414ms - 200
[Info   :Zeepkist GTR] 19:49:13 End processing HTTP request after 53.3547ms - 200
[Info   :Zeepkist GTR] 19:49:13 End processing HTTP request after 54.5107ms - 200
[Info   :RoundLeaderboardTab] Drawing leaderboard -> forwarding to Instance.DrawTabLeaderboard()
[Info   :Zeepkist GTR] 19:49:15 Starting recorder
[Info   :Zeepkist Bingo] [BINGO] === PLAYER SPAWNED ===
[Info   :Zeepkist Bingo] [BINGO] IsInActiveSession: False
[Info   :Zeepkist Bingo] [BINGO] Not in active session, skipping timer reset
[Info   :Zeepkist GTR] 19:49:16 Loading personal best...
[Info   :Zeepkist GTR] 19:49:16 Start processing HTTP request "POST" https://es-graphql-1q5xcqmja6dvh4ctc4t9.zeepki.st/
[Info   :Zeepkist GTR] 19:49:16 Start processing HTTP request "POST" https://es-graphql-1q5xcqmja6dvh4ctc4t9.zeepki.st/
[Info   :Zeepkist GTR] 19:49:16 Sending HTTP request "POST" https://es-graphql-1q5xcqmja6dvh4ctc4t9.zeepki.st/
[Info   :Zeepkist GTR] 19:49:16 Stopping existing recorder if any
[Info   :Zeepkist GTR] 19:49:16 Creating new recorder
[Info   :Zeepkist GTR] 19:49:16 Received HTTP response headers after 52.9742ms - 200
[Info   :Zeepkist GTR] 19:49:16 End processing HTTP request after 53.2307ms - 200
[Info   :Zeepkist GTR] 19:49:16 End processing HTTP request after 60.4788ms - 200
[Info   :Zeepkist GTR] 19:49:18 Starting recorder
[Info   :Zeepkist Bingo] [BINGO] === PLAYER SPAWNED ===
[Info   :Zeepkist Bingo] [BINGO] IsInActiveSession: False
[Info   :Zeepkist Bingo] [BINGO] Not in active session, skipping timer reset
[Info   :Zeepkist GTR] 19:49:21 Loading personal best...
[Info   :Zeepkist GTR] 19:49:21 Start processing HTTP request "POST" https://es-graphql-1q5xcqmja6dvh4ctc4t9.zeepki.st/
[Info   :Zeepkist GTR] 19:49:21 Start processing HTTP request "POST" https://es-graphql-1q5xcqmja6dvh4ctc4t9.zeepki.st/
[Info   :Zeepkist GTR] 19:49:21 Sending HTTP request "POST" https://es-graphql-1q5xcqmja6dvh4ctc4t9.zeepki.st/
[Info   :Zeepkist GTR] 19:49:21 Stopping existing recorder if any
[Info   :Zeepkist GTR] 19:49:21 Creating new recorder
[Info   :Zeepkist GTR] 19:49:21 Received HTTP response headers after 56.9858ms - 200
[Info   :Zeepkist GTR] 19:49:21 End processing HTTP request after 57.1959ms - 200
[Info   :Zeepkist GTR] 19:49:21 End processing HTTP request after 61.4471ms - 200
[Info   :Zeepkist GTR] 19:49:23 Starting recorder
[Info   :Zeepkist Bingo] [BINGO] === PLAYER SPAWNED ===
[Info   :Zeepkist Bingo] [BINGO] IsInActiveSession: False
[Info   :Zeepkist Bingo] [BINGO] Not in active session, skipping timer reset
[Info   :Zeepkist GTR] 19:49:26 Loading personal best...
[Info   :Zeepkist GTR] 19:49:26 Start processing HTTP request "POST" https://es-graphql-1q5xcqmja6dvh4ctc4t9.zeepki.st/
[Info   :Zeepkist GTR] 19:49:26 Start processing HTTP request "POST" https://es-graphql-1q5xcqmja6dvh4ctc4t9.zeepki.st/
[Info   :Zeepkist GTR] 19:49:26 Sending HTTP request "POST" https://es-graphql-1q5xcqmja6dvh4ctc4t9.zeepki.st/
[Info   :Zeepkist GTR] 19:49:26 Stopping existing recorder if any
[Info   :Zeepkist GTR] 19:49:26 Creating new recorder
[Info   :Zeepkist GTR] 19:49:26 Received HTTP response headers after 56.3379ms - 200
[Info   :Zeepkist GTR] 19:49:26 End processing HTTP request after 56.577ms - 200
[Info   :Zeepkist GTR] 19:49:26 End processing HTTP request after 65.9985ms - 200
[Info   :Zeepkist GTR] 19:49:28 Starting recorder
[Info   :Zeepkist Bingo] [BINGO] === PLAYER SPAWNED ===
[Info   :Zeepkist Bingo] [BINGO] IsInActiveSession: False
[Info   :Zeepkist Bingo] [BINGO] Not in active session, skipping timer reset
[Info   :Zeepkist GTR] 19:49:38 Loading personal best...
[Info   :Zeepkist GTR] 19:49:38 Start processing HTTP request "POST" https://es-graphql-1q5xcqmja6dvh4ctc4t9.zeepki.st/
[Info   :Zeepkist GTR] 19:49:38 Start processing HTTP request "POST" https://es-graphql-1q5xcqmja6dvh4ctc4t9.zeepki.st/
[Info   :Zeepkist GTR] 19:49:38 Sending HTTP request "POST" https://es-graphql-1q5xcqmja6dvh4ctc4t9.zeepki.st/
[Info   :Zeepkist GTR] 19:49:38 Stopping existing recorder if any
[Info   :Zeepkist GTR] 19:49:38 Creating new recorder
[Info   :Zeepkist GTR] 19:49:38 Received HTTP response headers after 220.3937ms - 200
[Info   :Zeepkist GTR] 19:49:38 End processing HTTP request after 220.687ms - 200
[Info   :Zeepkist GTR] 19:49:38 End processing HTTP request after 222.3922ms - 200
[Info   :Zeepkist GTR] 19:49:40 Starting recorder
[Info   :Zeepkist GTR] 19:50:09 Stopping recorder
[Info   :Zeepkist GTR] 19:50:09 Collecting extra information
[Info   :Zeepkist GTR] 19:50:09 Resolved workshop ID "3806261665" from lobby 3806261665 and level 0
[Info   :Zeepkist GTR] 19:50:09 Processing ghost data
[Info   :Zeepkist GTR] 19:50:09 Creating stream
[Info   :Zeepkist GTR] 19:50:09 Writing to stream
[Info   :Zeepkist GTR] 19:50:10 Converting to base64
[Info   :Zeepkist GTR] 19:50:10 Creating resource
[Info   :Zeepkist GTR] 19:50:10 Start processing HTTP request "POST" https://es-backend-5eu0pg2dcfyp6u2v33lz.zeepki.st/record/submit
[Info   :Zeepkist GTR] 19:50:10 Start processing HTTP request "POST" https://es-backend-5eu0pg2dcfyp6u2v33lz.zeepki.st/record/submit
[Info   :Zeepkist GTR] 19:50:10 Sending HTTP request "POST" https://es-backend-5eu0pg2dcfyp6u2v33lz.zeepki.st/record/submit
[Info   :Zeepkist GTR] 19:50:10 Received HTTP response headers after 396.8339ms - 200
[Info   :Zeepkist GTR] 19:50:10 End processing HTTP request after 397.0413ms - 200
[Info   :Zeepkist GTR] 19:50:10 End processing HTTP request after 402.4898ms - 200
[Info   :Zeepkist Bingo] [BINGO] === PLAYER SPAWNED ===
[Info   :Zeepkist Bingo] [BINGO] IsInActiveSession: False
[Info   :Zeepkist Bingo] [BINGO] Not in active session, skipping timer reset
[Info   :Zeepkist GTR] 19:50:11 Loading personal best...
[Info   :Zeepkist GTR] 19:50:11 Start processing HTTP request "POST" https://es-graphql-1q5xcqmja6dvh4ctc4t9.zeepki.st/
[Info   :Zeepkist GTR] 19:50:11 Start processing HTTP request "POST" https://es-graphql-1q5xcqmja6dvh4ctc4t9.zeepki.st/
[Info   :Zeepkist GTR] 19:50:11 Sending HTTP request "POST" https://es-graphql-1q5xcqmja6dvh4ctc4t9.zeepki.st/
[Info   :Zeepkist GTR] 19:50:11 Stopping existing recorder if any
[Info   :Zeepkist GTR] 19:50:11 Creating new recorder
[Info   :Zeepkist GTR] 19:50:11 Received HTTP response headers after 56.8321ms - 200
[Info   :Zeepkist GTR] 19:50:11 End processing HTTP request after 57.0505ms - 200
[Info   :Zeepkist GTR] 19:50:11 End processing HTTP request after 65.6875ms - 200
[Info   :Zeepkist GTR] 19:50:13 Starting recorder
[Info   :Zeepkist GTR] 19:50:37 Stopping recorder
[Info   :Zeepkist GTR] 19:50:37 Collecting extra information
[Info   :Zeepkist GTR] 19:50:37 Resolved workshop ID "3806261665" from lobby 3806261665 and level 0
[Info   :Zeepkist GTR] 19:50:37 Processing ghost data
[Info   :Zeepkist GTR] 19:50:37 Creating stream
[Info   :Zeepkist GTR] 19:50:37 Writing to stream
[Info   :Zeepkist GTR] 19:50:37 Converting to base64
[Info   :Zeepkist GTR] 19:50:37 Creating resource
[Info   :Zeepkist GTR] 19:50:37 Start processing HTTP request "POST" https://es-backend-5eu0pg2dcfyp6u2v33lz.zeepki.st/record/submit
[Info   :Zeepkist GTR] 19:50:37 Start processing HTTP request "POST" https://es-backend-5eu0pg2dcfyp6u2v33lz.zeepki.st/record/submit
[Info   :Zeepkist GTR] 19:50:37 Sending HTTP request "POST" https://es-backend-5eu0pg2dcfyp6u2v33lz.zeepki.st/record/submit
[Info   :Zeepkist GTR] 19:50:37 Received HTTP response headers after 194.4856ms - 200
[Info   :Zeepkist GTR] 19:50:37 End processing HTTP request after 194.6947ms - 200
[Info   :Zeepkist GTR] 19:50:37 End processing HTTP request after 203.0402ms - 200
[Info   :Zeepkist Bingo] [BINGO] === PLAYER SPAWNED ===
[Info   :Zeepkist Bingo] [BINGO] IsInActiveSession: False
[Info   :Zeepkist Bingo] [BINGO] Not in active session, skipping timer reset
[Info   :Zeepkist GTR] 19:50:38 Loading personal best...
[Info   :Zeepkist GTR] 19:50:38 Start processing HTTP request "POST" https://es-graphql-1q5xcqmja6dvh4ctc4t9.zeepki.st/
[Info   :Zeepkist GTR] 19:50:38 Start processing HTTP request "POST" https://es-graphql-1q5xcqmja6dvh4ctc4t9.zeepki.st/
[Info   :Zeepkist GTR] 19:50:38 Sending HTTP request "POST" https://es-graphql-1q5xcqmja6dvh4ctc4t9.zeepki.st/
[Info   :Zeepkist GTR] 19:50:38 Stopping existing recorder if any
[Info   :Zeepkist GTR] 19:50:38 Creating new recorder
[Info   :Zeepkist GTR] 19:50:38 Received HTTP response headers after 66.5245ms - 200
[Info   :Zeepkist GTR] 19:50:38 End processing HTTP request after 66.7345ms - 200
[Info   :Zeepkist GTR] 19:50:38 End processing HTTP request after 67.7386ms - 200
[Info   :Zeepkist GTR] 19:50:40 Starting recorder
[Info   :Zeepkist GTR] 19:51:04 Stopping recorder
[Info   :Zeepkist GTR] 19:51:04 Collecting extra information
[Info   :Zeepkist GTR] 19:51:04 Resolved workshop ID "3806261665" from lobby 3806261665 and level 0
[Info   :Zeepkist GTR] 19:51:04 Processing ghost data
[Info   :Zeepkist GTR] 19:51:04 Creating stream
[Info   :Zeepkist GTR] 19:51:04 Writing to stream
[Info   :Zeepkist GTR] 19:51:04 Converting to base64
[Info   :Zeepkist GTR] 19:51:04 Creating resource
[Info   :Zeepkist GTR] 19:51:04 Start processing HTTP request "POST" https://es-backend-5eu0pg2dcfyp6u2v33lz.zeepki.st/record/submit
[Info   :Zeepkist GTR] 19:51:04 Start processing HTTP request "POST" https://es-backend-5eu0pg2dcfyp6u2v33lz.zeepki.st/record/submit
[Info   :Zeepkist GTR] 19:51:04 Sending HTTP request "POST" https://es-backend-5eu0pg2dcfyp6u2v33lz.zeepki.st/record/submit
[Info   :Zeepkist GTR] 19:51:04 Received HTTP response headers after 164.0541ms - 200
[Info   :Zeepkist GTR] 19:51:04 End processing HTTP request after 164.3233ms - 200
[Info   :Zeepkist GTR] 19:51:04 End processing HTTP request after 166.0997ms - 200
[Info   :Zeepkist Bingo] [BINGO] === PLAYER SPAWNED ===
[Info   :Zeepkist Bingo] [BINGO] IsInActiveSession: False
[Info   :Zeepkist Bingo] [BINGO] Not in active session, skipping timer reset
[Info   :Zeepkist GTR] 19:51:07 Loading personal best...
[Info   :Zeepkist GTR] 19:51:07 Start processing HTTP request "POST" https://es-graphql-1q5xcqmja6dvh4ctc4t9.zeepki.st/
[Info   :Zeepkist GTR] 19:51:07 Start processing HTTP request "POST" https://es-graphql-1q5xcqmja6dvh4ctc4t9.zeepki.st/
[Info   :Zeepkist GTR] 19:51:07 Sending HTTP request "POST" https://es-graphql-1q5xcqmja6dvh4ctc4t9.zeepki.st/
[Info   :Zeepkist GTR] 19:51:07 Stopping existing recorder if any
[Info   :Zeepkist GTR] 19:51:07 Creating new recorder
[Info   :Zeepkist GTR] 19:51:07 Received HTTP response headers after 73.0913ms - 200
[Info   :Zeepkist GTR] 19:51:07 End processing HTTP request after 73.3198ms - 200
[Info   :Zeepkist GTR] 19:51:07 End processing HTTP request after 85.9471ms - 200
[Info   :Zeepkist GTR] 19:51:08 Starting recorder
[Info   :Zeepkist GTR] 19:51:32 Stopping recorder
[Info   :Zeepkist GTR] 19:51:32 Collecting extra information
[Info   :Zeepkist GTR] 19:51:32 Resolved workshop ID "3806261665" from lobby 3806261665 and level 0
[Info   :Zeepkist GTR] 19:51:32 Processing ghost data
[Info   :Zeepkist GTR] 19:51:32 Creating stream
[Info   :Zeepkist GTR] 19:51:32 Writing to stream
[Info   :Zeepkist GTR] 19:51:32 Converting to base64
[Info   :Zeepkist GTR] 19:51:32 Creating resource
[Info   :Zeepkist GTR] 19:51:32 Start processing HTTP request "POST" https://es-backend-5eu0pg2dcfyp6u2v33lz.zeepki.st/record/submit
[Info   :Zeepkist GTR] 19:51:32 Start processing HTTP request "POST" https://es-backend-5eu0pg2dcfyp6u2v33lz.zeepki.st/record/submit
[Info   :Zeepkist GTR] 19:51:32 Sending HTTP request "POST" https://es-backend-5eu0pg2dcfyp6u2v33lz.zeepki.st/record/submit
[Info   :Zeepkist GTR] 19:51:33 Received HTTP response headers after 838.4014ms - 200
[Info   :Zeepkist GTR] 19:51:33 End processing HTTP request after 838.6421ms - 200
[Info   :Zeepkist GTR] 19:51:33 End processing HTTP request after 842.6929ms - 200
[Info   :Zeepkist Bingo] [BINGO] === PLAYER SPAWNED ===
[Info   :Zeepkist Bingo] [BINGO] IsInActiveSession: False
[Info   :Zeepkist Bingo] [BINGO] Not in active session, skipping timer reset
[Info   :Zeepkist GTR] 19:51:34 Loading personal best...
[Info   :Zeepkist GTR] 19:51:34 Start processing HTTP request "POST" https://es-graphql-1q5xcqmja6dvh4ctc4t9.zeepki.st/
[Info   :Zeepkist GTR] 19:51:34 Start processing HTTP request "POST" https://es-graphql-1q5xcqmja6dvh4ctc4t9.zeepki.st/
[Info   :Zeepkist GTR] 19:51:34 Sending HTTP request "POST" https://es-graphql-1q5xcqmja6dvh4ctc4t9.zeepki.st/
[Info   :Zeepkist GTR] 19:51:34 Stopping existing recorder if any
[Info   :Zeepkist GTR] 19:51:34 Creating new recorder
[Info   :Zeepkist GTR] 19:51:34 Received HTTP response headers after 97.0283ms - 200
[Info   :Zeepkist GTR] 19:51:34 End processing HTTP request after 97.2506ms - 200
[Info   :Zeepkist GTR] 19:51:34 End processing HTTP request after 104.4709ms - 200
[Info   :Zeepkist GTR] 19:51:35 Starting recorder
[Info   :Zeepkist Bingo] [BINGO] === PLAYER SPAWNED ===
[Info   :Zeepkist Bingo] [BINGO] IsInActiveSession: False
[Info   :Zeepkist Bingo] [BINGO] Not in active session, skipping timer reset
[Info   :Zeepkist GTR] 19:51:45 Loading personal best...
[Info   :Zeepkist GTR] 19:51:45 Start processing HTTP request "POST" https://es-graphql-1q5xcqmja6dvh4ctc4t9.zeepki.st/
[Info   :Zeepkist GTR] 19:51:45 Start processing HTTP request "POST" https://es-graphql-1q5xcqmja6dvh4ctc4t9.zeepki.st/
[Info   :Zeepkist GTR] 19:51:45 Sending HTTP request "POST" https://es-graphql-1q5xcqmja6dvh4ctc4t9.zeepki.st/
[Info   :Zeepkist GTR] 19:51:45 Stopping existing recorder if any
[Info   :Zeepkist GTR] 19:51:45 Creating new recorder
[Info   :Zeepkist GTR] 19:51:45 Received HTTP response headers after 205.3439ms - 200
[Info   :Zeepkist GTR] 19:51:45 End processing HTTP request after 205.5509ms - 200
[Info   :Zeepkist GTR] 19:51:45 End processing HTTP request after 206.8874ms - 200
[Info   :Zeepkist GTR] 19:51:46 Starting recorder
[Info   :Zeepkist GTR] 19:52:10 Stopping recorder
[Info   :Zeepkist GTR] 19:52:10 Collecting extra information
[Info   :Zeepkist GTR] 19:52:10 Resolved workshop ID "3806261665" from lobby 3806261665 and level 0
[Info   :Zeepkist GTR] 19:52:10 Processing ghost data
[Info   :Zeepkist GTR] 19:52:10 Creating stream
[Info   :Zeepkist GTR] 19:52:10 Writing to stream
[Info   :Zeepkist GTR] 19:52:10 Converting to base64
[Info   :Zeepkist GTR] 19:52:10 Creating resource
[Info   :Zeepkist GTR] 19:52:10 Start processing HTTP request "POST" https://es-backend-5eu0pg2dcfyp6u2v33lz.zeepki.st/record/submit
[Info   :Zeepkist GTR] 19:52:10 Start processing HTTP request "POST" https://es-backend-5eu0pg2dcfyp6u2v33lz.zeepki.st/record/submit
[Info   :Zeepkist GTR] 19:52:10 Sending HTTP request "POST" https://es-backend-5eu0pg2dcfyp6u2v33lz.zeepki.st/record/submit
[Info   :Zeepkist GTR] 19:52:11 Received HTTP response headers after 377.1078ms - 200
[Info   :Zeepkist GTR] 19:52:11 End processing HTTP request after 377.3532ms - 200
[Info   :Zeepkist GTR] 19:52:11 End processing HTTP request after 380.438ms - 200
[Info   :RoundLeaderboardTab] Drawing leaderboard -> forwarding to Instance.DrawTabLeaderboard()
[Info   :Zeepkist Bingo] [BINGO] === PLAYER SPAWNED ===
[Info   :Zeepkist Bingo] [BINGO] IsInActiveSession: False
[Info   :Zeepkist Bingo] [BINGO] Not in active session, skipping timer reset
[Info   :Zeepkist GTR] 19:52:17 Loading personal best...
[Info   :Zeepkist GTR] 19:52:17 Start processing HTTP request "POST" https://es-graphql-1q5xcqmja6dvh4ctc4t9.zeepki.st/
[Info   :Zeepkist GTR] 19:52:17 Start processing HTTP request "POST" https://es-graphql-1q5xcqmja6dvh4ctc4t9.zeepki.st/
[Info   :Zeepkist GTR] 19:52:17 Sending HTTP request "POST" https://es-graphql-1q5xcqmja6dvh4ctc4t9.zeepki.st/
[Info   :Zeepkist GTR] 19:52:17 Stopping existing recorder if any
[Info   :Zeepkist GTR] 19:52:17 Creating new recorder
[Info   :Zeepkist GTR] 19:52:17 Received HTTP response headers after 61.1533ms - 200
[Info   :Zeepkist GTR] 19:52:17 End processing HTTP request after 61.4006ms - 200
[Info   :Zeepkist GTR] 19:52:17 End processing HTTP request after 68.7156ms - 200
[Info   :Zeepkist GTR] 19:52:19 Starting recorder
[Info   :Zeepkist Bingo] [BINGO] === PLAYER SPAWNED ===
[Info   :Zeepkist Bingo] [BINGO] IsInActiveSession: False
[Info   :Zeepkist Bingo] [BINGO] Not in active session, skipping timer reset
[Info   :Zeepkist GTR] 19:52:23 Loading personal best...
[Info   :Zeepkist GTR] 19:52:23 Start processing HTTP request "POST" https://es-graphql-1q5xcqmja6dvh4ctc4t9.zeepki.st/
[Info   :Zeepkist GTR] 19:52:23 Start processing HTTP request "POST" https://es-graphql-1q5xcqmja6dvh4ctc4t9.zeepki.st/
[Info   :Zeepkist GTR] 19:52:23 Sending HTTP request "POST" https://es-graphql-1q5xcqmja6dvh4ctc4t9.zeepki.st/
[Info   :Zeepkist GTR] 19:52:23 Stopping existing recorder if any
[Info   :Zeepkist GTR] 19:52:23 Creating new recorder
[Info   :Zeepkist GTR] 19:52:23 Received HTTP response headers after 58.5027ms - 200
[Info   :Zeepkist GTR] 19:52:23 End processing HTTP request after 58.712ms - 200
[Info   :Zeepkist GTR] 19:52:23 End processing HTTP request after 60.3052ms - 200
[Info   :Zeepkist GTR] 19:52:24 Starting recorder
[Info   :Zeepkist Bingo] [BINGO] === PLAYER SPAWNED ===
[Info   :Zeepkist Bingo] [BINGO] IsInActiveSession: False
[Info   :Zeepkist Bingo] [BINGO] Not in active session, skipping timer reset
[Info   :Zeepkist GTR] 19:52:29 Loading personal best...
[Info   :Zeepkist GTR] 19:52:29 Start processing HTTP request "POST" https://es-graphql-1q5xcqmja6dvh4ctc4t9.zeepki.st/
[Info   :Zeepkist GTR] 19:52:29 Start processing HTTP request "POST" https://es-graphql-1q5xcqmja6dvh4ctc4t9.zeepki.st/
[Info   :Zeepkist GTR] 19:52:29 Sending HTTP request "POST" https://es-graphql-1q5xcqmja6dvh4ctc4t9.zeepki.st/
[Info   :Zeepkist GTR] 19:52:29 Stopping existing recorder if any
[Info   :Zeepkist GTR] 19:52:29 Creating new recorder
[Info   :Zeepkist GTR] 19:52:29 Received HTTP response headers after 112.3159ms - 200
[Info   :Zeepkist GTR] 19:52:29 End processing HTTP request after 112.5341ms - 200
[Info   :Zeepkist GTR] 19:52:29 End processing HTTP request after 116.3461ms - 200
[Info   :Zeepkist GTR] 19:52:31 Starting recorder
[Info   :Zeepkist Bingo] [BINGO] === PLAYER SPAWNED ===
[Info   :Zeepkist Bingo] [BINGO] IsInActiveSession: False
[Info   :Zeepkist Bingo] [BINGO] Not in active session, skipping timer reset
[Info   :Zeepkist GTR] 19:52:40 Loading personal best...
[Info   :Zeepkist GTR] 19:52:40 Start processing HTTP request "POST" https://es-graphql-1q5xcqmja6dvh4ctc4t9.zeepki.st/
[Info   :Zeepkist GTR] 19:52:40 Start processing HTTP request "POST" https://es-graphql-1q5xcqmja6dvh4ctc4t9.zeepki.st/
[Info   :Zeepkist GTR] 19:52:40 Sending HTTP request "POST" https://es-graphql-1q5xcqmja6dvh4ctc4t9.zeepki.st/
[Info   :Zeepkist GTR] 19:52:40 Stopping existing recorder if any
[Info   :Zeepkist GTR] 19:52:40 Creating new recorder
[Info   :Zeepkist GTR] 19:52:41 Received HTTP response headers after 56.4335ms - 200
[Info   :Zeepkist GTR] 19:52:41 End processing HTTP request after 56.662ms - 200
[Info   :Zeepkist GTR] 19:52:41 End processing HTTP request after 59.0303ms - 200
[Info   :Zeepkist GTR] 19:52:42 Starting recorder
[Info   :Zeepkist Bingo] [BINGO] === PLAYER SPAWNED ===
[Info   :Zeepkist Bingo] [BINGO] IsInActiveSession: False
[Info   :Zeepkist Bingo] [BINGO] Not in active session, skipping timer reset
[Info   :Zeepkist GTR] 19:52:52 Loading personal best...
[Info   :Zeepkist GTR] 19:52:52 Start processing HTTP request "POST" https://es-graphql-1q5xcqmja6dvh4ctc4t9.zeepki.st/
[Info   :Zeepkist GTR] 19:52:52 Start processing HTTP request "POST" https://es-graphql-1q5xcqmja6dvh4ctc4t9.zeepki.st/
[Info   :Zeepkist GTR] 19:52:52 Sending HTTP request "POST" https://es-graphql-1q5xcqmja6dvh4ctc4t9.zeepki.st/
[Info   :Zeepkist GTR] 19:52:52 Stopping existing recorder if any
[Info   :Zeepkist GTR] 19:52:52 Creating new recorder
[Info   :Zeepkist GTR] 19:52:52 Received HTTP response headers after 59.7565ms - 200
[Info   :Zeepkist GTR] 19:52:52 End processing HTTP request after 59.9798ms - 200
[Info   :Zeepkist GTR] 19:52:52 End processing HTTP request after 65.31ms - 200
[Info   :Zeepkist GTR] 19:52:54 Starting recorder
[Info   :Zeepkist Bingo] [BINGO] === PLAYER SPAWNED ===
[Info   :Zeepkist Bingo] [BINGO] IsInActiveSession: False
[Info   :Zeepkist Bingo] [BINGO] Not in active session, skipping timer reset
[Info   :Zeepkist GTR] 19:52:58 Loading personal best...
[Info   :Zeepkist GTR] 19:52:58 Start processing HTTP request "POST" https://es-graphql-1q5xcqmja6dvh4ctc4t9.zeepki.st/
[Info   :Zeepkist GTR] 19:52:58 Start processing HTTP request "POST" https://es-graphql-1q5xcqmja6dvh4ctc4t9.zeepki.st/
[Info   :Zeepkist GTR] 19:52:58 Sending HTTP request "POST" https://es-graphql-1q5xcqmja6dvh4ctc4t9.zeepki.st/
[Info   :Zeepkist GTR] 19:52:58 Stopping existing recorder if any
[Info   :Zeepkist GTR] 19:52:58 Creating new recorder
[Info   :Zeepkist GTR] 19:52:58 Received HTTP response headers after 66.9734ms - 200
[Info   :Zeepkist GTR] 19:52:58 End processing HTTP request after 67.1836ms - 200
[Info   :Zeepkist GTR] 19:52:58 End processing HTTP request after 74.2675ms - 200
[Info   :Zeepkist GTR] 19:53:00 Starting recorder
[Info   :Zeepkist Bingo] [BINGO] === PLAYER SPAWNED ===
[Info   :Zeepkist Bingo] [BINGO] IsInActiveSession: False
[Info   :Zeepkist Bingo] [BINGO] Not in active session, skipping timer reset
[Info   :Zeepkist GTR] 19:53:09 Loading personal best...
[Info   :Zeepkist GTR] 19:53:09 Start processing HTTP request "POST" https://es-graphql-1q5xcqmja6dvh4ctc4t9.zeepki.st/
[Info   :Zeepkist GTR] 19:53:09 Start processing HTTP request "POST" https://es-graphql-1q5xcqmja6dvh4ctc4t9.zeepki.st/
[Info   :Zeepkist GTR] 19:53:09 Sending HTTP request "POST" https://es-graphql-1q5xcqmja6dvh4ctc4t9.zeepki.st/
[Info   :Zeepkist GTR] 19:53:09 Stopping existing recorder if any
[Info   :Zeepkist GTR] 19:53:09 Creating new recorder
[Info   :Zeepkist GTR] 19:53:09 Received HTTP response headers after 75.3585ms - 200
[Info   :Zeepkist GTR] 19:53:09 End processing HTTP request after 75.579ms - 200
[Info   :Zeepkist GTR] 19:53:09 End processing HTTP request after 81.8709ms - 200
[Info   :Zeepkist GTR] 19:53:10 Starting recorder
[Info   :Zeepkist Bingo] [BINGO] === PLAYER SPAWNED ===
[Info   :Zeepkist Bingo] [BINGO] IsInActiveSession: False
[Info   :Zeepkist Bingo] [BINGO] Not in active session, skipping timer reset
[Info   :Zeepkist GTR] 19:53:14 Loading personal best...
[Info   :Zeepkist GTR] 19:53:14 Start processing HTTP request "POST" https://es-graphql-1q5xcqmja6dvh4ctc4t9.zeepki.st/
[Info   :Zeepkist GTR] 19:53:14 Start processing HTTP request "POST" https://es-graphql-1q5xcqmja6dvh4ctc4t9.zeepki.st/
[Info   :Zeepkist GTR] 19:53:14 Sending HTTP request "POST" https://es-graphql-1q5xcqmja6dvh4ctc4t9.zeepki.st/
[Info   :Zeepkist GTR] 19:53:14 Stopping existing recorder if any
[Info   :Zeepkist GTR] 19:53:14 Creating new recorder
[Info   :Zeepkist GTR] 19:53:14 Received HTTP response headers after 65.6259ms - 200
[Info   :Zeepkist GTR] 19:53:14 End processing HTTP request after 65.8486ms - 200
[Info   :Zeepkist GTR] 19:53:14 End processing HTTP request after 74.9413ms - 200
[Info   :Zeepkist GTR] 19:53:15 Starting recorder
[Info   :Zeepkist Bingo] [BINGO] === PLAYER SPAWNED ===
[Info   :Zeepkist Bingo] [BINGO] IsInActiveSession: False
[Info   :Zeepkist Bingo] [BINGO] Not in active session, skipping timer reset
[Info   :Zeepkist GTR] 19:53:25 Loading personal best...
[Info   :Zeepkist GTR] 19:53:25 Start processing HTTP request "POST" https://es-graphql-1q5xcqmja6dvh4ctc4t9.zeepki.st/
[Info   :Zeepkist GTR] 19:53:25 Start processing HTTP request "POST" https://es-graphql-1q5xcqmja6dvh4ctc4t9.zeepki.st/
[Info   :Zeepkist GTR] 19:53:25 Sending HTTP request "POST" https://es-graphql-1q5xcqmja6dvh4ctc4t9.zeepki.st/
[Info   :Zeepkist GTR] 19:53:25 Stopping existing recorder if any
[Info   :Zeepkist GTR] 19:53:25 Creating new recorder
[Info   :Zeepkist GTR] 19:53:25 Received HTTP response headers after 62.4008ms - 200
[Info   :Zeepkist GTR] 19:53:25 End processing HTTP request after 62.6183ms - 200
[Info   :Zeepkist GTR] 19:53:25 End processing HTTP request after 63.0051ms - 200
[Info   :Zeepkist GTR] 19:53:27 Starting recorder
[Info   :Zeepkist Bingo] [BINGO] === PLAYER SPAWNED ===
[Info   :Zeepkist Bingo] [BINGO] IsInActiveSession: False
[Info   :Zeepkist Bingo] [BINGO] Not in active session, skipping timer reset
[Info   :Zeepkist GTR] 19:53:31 Loading personal best...
[Info   :Zeepkist GTR] 19:53:31 Start processing HTTP request "POST" https://es-graphql-1q5xcqmja6dvh4ctc4t9.zeepki.st/
[Info   :Zeepkist GTR] 19:53:31 Start processing HTTP request "POST" https://es-graphql-1q5xcqmja6dvh4ctc4t9.zeepki.st/
[Info   :Zeepkist GTR] 19:53:31 Sending HTTP request "POST" https://es-graphql-1q5xcqmja6dvh4ctc4t9.zeepki.st/
[Info   :Zeepkist GTR] 19:53:31 Stopping existing recorder if any
[Info   :Zeepkist GTR] 19:53:31 Creating new recorder
[Info   :Zeepkist GTR] 19:53:31 Received HTTP response headers after 65.9096ms - 200
[Info   :Zeepkist GTR] 19:53:31 End processing HTTP request after 66.1249ms - 200
[Info   :Zeepkist GTR] 19:53:31 End processing HTTP request after 75.6569ms - 200
[Info   :Zeepkist GTR] 19:53:33 Starting recorder
[Info   :Zeepkist Bingo] [BINGO] === PLAYER SPAWNED ===
[Info   :Zeepkist Bingo] [BINGO] IsInActiveSession: False
[Info   :Zeepkist Bingo] [BINGO] Not in active session, skipping timer reset
[Info   :Zeepkist GTR] 19:53:37 Loading personal best...
[Info   :Zeepkist GTR] 19:53:37 Start processing HTTP request "POST" https://es-graphql-1q5xcqmja6dvh4ctc4t9.zeepki.st/
[Info   :Zeepkist GTR] 19:53:37 Start processing HTTP request "POST" https://es-graphql-1q5xcqmja6dvh4ctc4t9.zeepki.st/
[Info   :Zeepkist GTR] 19:53:37 Sending HTTP request "POST" https://es-graphql-1q5xcqmja6dvh4ctc4t9.zeepki.st/
[Info   :Zeepkist GTR] 19:53:37 Stopping existing recorder if any
[Info   :Zeepkist GTR] 19:53:37 Creating new recorder
[Info   :Zeepkist GTR] 19:53:37 Received HTTP response headers after 61.8587ms - 200
[Info   :Zeepkist GTR] 19:53:37 End processing HTTP request after 62.0741ms - 200
[Info   :Zeepkist GTR] 19:53:37 End processing HTTP request after 62.8883ms - 200
[Info   :Zeepkist GTR] 19:53:39 Starting recorder
[Info   :Zeepkist GTR] 19:53:42 Start processing HTTP request "POST" https://es-graphql-1q5xcqmja6dvh4ctc4t9.zeepki.st/
[Info   :Zeepkist GTR] 19:53:42 Start processing HTTP request "POST" https://es-graphql-1q5xcqmja6dvh4ctc4t9.zeepki.st/
[Info   :Zeepkist GTR] 19:53:42 Sending HTTP request "POST" https://es-graphql-1q5xcqmja6dvh4ctc4t9.zeepki.st/
[Info   :Zeepkist GTR] 19:53:42 Received HTTP response headers after 89.5568ms - 200
[Info   :Zeepkist GTR] 19:53:42 End processing HTTP request after 89.7681ms - 200
[Info   :Zeepkist GTR] 19:53:42 End processing HTTP request after 90.966ms - 200
[Info   :Zeepkist GTR] 19:54:03 Stopping recorder
[Info   :Zeepkist GTR] 19:54:03 Collecting extra information
[Info   :Zeepkist GTR] 19:54:03 Resolved workshop ID "3806261665" from lobby 3806261665 and level 0
[Info   :Zeepkist GTR] 19:54:03 Processing ghost data
[Info   :Zeepkist GTR] 19:54:03 Creating stream
[Info   :Zeepkist GTR] 19:54:03 Writing to stream
[Info   :Zeepkist GTR] 19:54:03 Converting to base64
[Info   :Zeepkist GTR] 19:54:03 Creating resource
[Info   :Zeepkist GTR] 19:54:03 Start processing HTTP request "POST" https://es-backend-5eu0pg2dcfyp6u2v33lz.zeepki.st/record/submit
[Info   :Zeepkist GTR] 19:54:03 Start processing HTTP request "POST" https://es-backend-5eu0pg2dcfyp6u2v33lz.zeepki.st/record/submit
[Info   :Zeepkist GTR] 19:54:03 Sending HTTP request "POST" https://es-backend-5eu0pg2dcfyp6u2v33lz.zeepki.st/record/submit
[Info   :Zeepkist GTR] 19:54:03 Received HTTP response headers after 342.1033ms - 200
[Info   :Zeepkist GTR] 19:54:03 End processing HTTP request after 342.3217ms - 200
[Info   :Zeepkist GTR] 19:54:03 End processing HTTP request after 344.0057ms - 200
[Info   :Zeepkist GTR] 19:54:05 Start processing HTTP request "POST" https://es-graphql-1q5xcqmja6dvh4ctc4t9.zeepki.st/
[Info   :Zeepkist GTR] 19:54:05 Start processing HTTP request "POST" https://es-graphql-1q5xcqmja6dvh4ctc4t9.zeepki.st/
[Info   :Zeepkist GTR] 19:54:05 Sending HTTP request "POST" https://es-graphql-1q5xcqmja6dvh4ctc4t9.zeepki.st/
[Info   :Zeepkist GTR] 19:54:05 Received HTTP response headers after 297.7085ms - 200
[Info   :Zeepkist GTR] 19:54:05 End processing HTTP request after 297.9897ms - 200
[Info   :Zeepkist GTR] 19:54:05 End processing HTTP request after 300.2698ms - 200
[Info   :Zeepkist Bingo] [BINGO] === PLAYER SPAWNED ===
[Info   :Zeepkist Bingo] [BINGO] IsInActiveSession: False
[Info   :Zeepkist Bingo] [BINGO] Not in active session, skipping timer reset
[Info   :Zeepkist GTR] 19:54:06 Loading personal best...
[Info   :Zeepkist GTR] 19:54:06 Start processing HTTP request "POST" https://es-graphql-1q5xcqmja6dvh4ctc4t9.zeepki.st/
[Info   :Zeepkist GTR] 19:54:06 Start processing HTTP request "POST" https://es-graphql-1q5xcqmja6dvh4ctc4t9.zeepki.st/
[Info   :Zeepkist GTR] 19:54:06 Sending HTTP request "POST" https://es-graphql-1q5xcqmja6dvh4ctc4t9.zeepki.st/
[Info   :Zeepkist GTR] 19:54:06 Stopping existing recorder if any
[Info   :Zeepkist GTR] 19:54:06 Creating new recorder
[Info   :Zeepkist GTR] 19:54:06 Received HTTP response headers after 63.6808ms - 200
[Info   :Zeepkist GTR] 19:54:06 End processing HTTP request after 63.9275ms - 200
[Info   :Zeepkist GTR] 19:54:06 End processing HTTP request after 67.1667ms - 200
[Info   :Zeepkist GTR] 19:54:06 Start processing HTTP request "GET" https://cdn.zeepki.st/ghosts/01M3SQ7F1R97HT39P2F65ZY8JD.bin
[Info   :Zeepkist GTR] 19:54:06 Sending HTTP request "GET" https://cdn.zeepki.st/ghosts/01M3SQ7F1R97HT39P2F65ZY8JD.bin
[Info   :Zeepkist GTR] 19:54:07 Received HTTP response headers after 731.8222ms - 200
[Info   :Zeepkist GTR] 19:54:07 End processing HTTP request after 732.0903ms - 200
[Info   :Zeepkist GTR] 19:54:08 Starting recorder
[Info   :Zeepkist GTR] 19:54:12 Discarding recorder
[Info   :RoundLeaderboardTab] Drawing leaderboard -> forwarding to Instance.DrawTabLeaderboard()
[Info   :RoundLeaderboardTab] Drawing leaderboard -> forwarding to Instance.DrawTabLeaderboard()
[Info   :RoundLeaderboardTab] Drawing leaderboard -> forwarding to Instance.DrawTabLeaderboard()
[Info   :RoundLeaderboardTab] Drawing leaderboard -> forwarding to Instance.DrawTabLeaderboard()
[Info   :ChampionshipLeaderboardTab] Drawing leaderboard -> forwarding to Instance.DrawTabLeaderboard()
[Info   :ChampionshipLeaderboardTab] Drawing leaderboard -> forwarding to Instance.DrawTabLeaderboard()
[Warning:OnlineLeaderboardTab] GTR leaderboard subscription failed: System.OperationCanceledException: The operation was canceled.
  at System.Threading.Channels.AsyncOperation`1[TResult].GetResult (System.Int16 token) [0x00053] in <f4f5f2aafdc0427494a7ef43d0100ed5>:0 
  at StrawberryShake.Transport.WebSockets.SocketOperation+MessageStream+<GetAsyncEnumerator>d__3.MoveNext () [0x000e4] in <b27e0001a2144356900c2ddd47f51981>:0 
  at System.Threading.Tasks.Sources.ManualResetValueTaskSourceCore`1[TResult].GetResult (System.Int16 token) [0x0001f] in <7b69b526073240d78fc73ce5db967a72>:0 
  at StrawberryShake.Transport.WebSockets.SocketOperation+MessageStream+<GetAsyncEnumerator>d__3.System.Threading.Tasks.Sources.IValueTaskSource<System.Boolean>.GetResult (System.Int16 token) [0x00000] in <b27e0001a2144356900c2ddd47f51981>:0 
  at StrawberryShake.Transport.WebSockets.WebSocketConnection+ResponseStream+<GetAsyncEnumerator>d__3.MoveNext () [0x00415] in <b27e0001a2144356900c2ddd47f51981>:0 
  at StrawberryShake.Transport.WebSockets.WebSocketConnection+ResponseStream+<GetAsyncEnumerator>d__3.MoveNext () [0x004c1] in <b27e0001a2144356900c2ddd47f51981>:0 
  at StrawberryShake.Transport.WebSockets.WebSocketConnection+ResponseStream+<GetAsyncEnumerator>d__3.MoveNext () [0x00595] in <b27e0001a2144356900c2ddd47f51981>:0 
  at StrawberryShake.Transport.WebSockets.WebSocketConnection+ResponseStream+<GetAsyncEnumerator>d__3.MoveNext () [0x00665] in <b27e0001a2144356900c2ddd47f51981>:0 
  at System.Threading.Tasks.Sources.ManualResetValueTaskSourceCore`1[TResult].GetResult (System.Int16 token) [0x0001f] in <7b69b526073240d78fc73ce5db967a72>:0 
  at StrawberryShake.Transport.WebSockets.WebSocketConnection+ResponseStream+<GetAsyncEnumerator>d__3.System.Threading.Tasks.Sources.IValueTaskSource<System.Boolean>.GetResult (System.Int16 token) [0x00000] in <b27e0001a2144356900c2ddd47f51981>:0 
  at StrawberryShake.OperationExecutor`2+OperationExecutorObservable[TData,TResult].ExecuteAsync (System.IObserver`1[T] observer, StrawberryShake.ObserverSession session, StrawberryShake.IOperationResult`1[TResultData] lastEmittedResult) [0x001bd] in <477cd25efd574ed694e416a1db52b995>:0 
  at StrawberryShake.OperationExecutor`2+OperationExecutorObservable[TData,TResult].ExecuteAsync (System.IObserver`1[T] observer, StrawberryShake.ObserverSession session, StrawberryShake.IOperationResult`1[TResultData] lastEmittedResult) [0x0026e] in <477cd25efd574ed694e416a1db52b995>:0 
[Warning:OnlineLeaderboardTab] GTR leaderboard subscription failed: System.OperationCanceledException: The operation was canceled.
  at System.Threading.Channels.AsyncOperation`1[TResult].GetResult (System.Int16 token) [0x00053] in <f4f5f2aafdc0427494a7ef43d0100ed5>:0 
  at StrawberryShake.Transport.WebSockets.SocketOperation+MessageStream+<GetAsyncEnumerator>d__3.MoveNext () [0x000e4] in <b27e0001a2144356900c2ddd47f51981>:0 
  at System.Threading.Tasks.Sources.ManualResetValueTaskSourceCore`1[TResult].GetResult (System.Int16 token) [0x0001f] in <7b69b526073240d78fc73ce5db967a72>:0 
  at StrawberryShake.Transport.WebSockets.SocketOperation+MessageStream+<GetAsyncEnumerator>d__3.System.Threading.Tasks.Sources.IValueTaskSource<System.Boolean>.GetResult (System.Int16 token) [0x00000] in <b27e0001a2144356900c2ddd47f51981>:0 
  at StrawberryShake.Transport.WebSockets.WebSocketConnection+ResponseStream+<GetAsyncEnumerator>d__3.MoveNext () [0x00415] in <b27e0001a2144356900c2ddd47f51981>:0 
  at StrawberryShake.Transport.WebSockets.WebSocketConnection+ResponseStream+<GetAsyncEnumerator>d__3.MoveNext () [0x004c1] in <b27e0001a2144356900c2ddd47f51981>:0 
  at StrawberryShake.Transport.WebSockets.WebSocketConnection+ResponseStream+<GetAsyncEnumerator>d__3.MoveNext () [0x00595] in <b27e0001a2144356900c2ddd47f51981>:0 
  at StrawberryShake.Transport.WebSockets.WebSocketConnection+ResponseStream+<GetAsyncEnumerator>d__3.MoveNext () [0x00665] in <b27e0001a2144356900c2ddd47f51981>:0 
  at System.Threading.Tasks.Sources.ManualResetValueTaskSourceCore`1[TResult].GetResult (System.Int16 token) [0x0001f] in <7b69b526073240d78fc73ce5db967a72>:0 
  at StrawberryShake.Transport.WebSockets.WebSocketConnection+ResponseStream+<GetAsyncEnumerator>d__3.System.Threading.Tasks.Sources.IValueTaskSource<System.Boolean>.GetResult (System.Int16 token) [0x00000] in <b27e0001a2144356900c2ddd47f51981>:0 
  at StrawberryShake.OperationExecutor`2+OperationExecutorObservable[TData,TResult].ExecuteAsync (System.IObserver`1[T] observer, StrawberryShake.ObserverSession session, StrawberryShake.IOperationResult`1[TResultData] lastEmittedResult) [0x001bd] in <477cd25efd574ed694e416a1db52b995>:0 
  at StrawberryShake.OperationExecutor`2+OperationExecutorObservable[TData,TResult].ExecuteAsync (System.IObserver`1[T] observer, StrawberryShake.ObserverSession session, StrawberryShake.IOperationResult`1[TResultData] lastEmittedResult) [0x0026e] in <477cd25efd574ed694e416a1db52b995>:0 
[Warning:OnlineLeaderboardTab] GTR leaderboard subscription failed: System.OperationCanceledException: The operation was canceled.
  at System.Threading.Channels.AsyncOperation`1[TResult].GetResult (System.Int16 token) [0x00053] in <f4f5f2aafdc0427494a7ef43d0100ed5>:0 
  at StrawberryShake.Transport.WebSockets.SocketOperation+MessageStream+<GetAsyncEnumerator>d__3.MoveNext () [0x000e4] in <b27e0001a2144356900c2ddd47f51981>:0 
  at System.Threading.Tasks.Sources.ManualResetValueTaskSourceCore`1[TResult].GetResult (System.Int16 token) [0x0001f] in <7b69b526073240d78fc73ce5db967a72>:0 
  at StrawberryShake.Transport.WebSockets.SocketOperation+MessageStream+<GetAsyncEnumerator>d__3.System.Threading.Tasks.Sources.IValueTaskSource<System.Boolean>.GetResult (System.Int16 token) [0x00000] in <b27e0001a2144356900c2ddd47f51981>:0 
  at StrawberryShake.Transport.WebSockets.WebSocketConnection+ResponseStream+<GetAsyncEnumerator>d__3.MoveNext () [0x00415] in <b27e0001a2144356900c2ddd47f51981>:0 
  at StrawberryShake.Transport.WebSockets.WebSocketConnection+ResponseStream+<GetAsyncEnumerator>d__3.MoveNext () [0x004c1] in <b27e0001a2144356900c2ddd47f51981>:0 
  at StrawberryShake.Transport.WebSockets.WebSocketConnection+ResponseStream+<GetAsyncEnumerator>d__3.MoveNext () [0x00595] in <b27e0001a2144356900c2ddd47f51981>:0 
  at StrawberryShake.Transport.WebSockets.WebSocketConnection+ResponseStream+<GetAsyncEnumerator>d__3.MoveNext () [0x00665] in <b27e0001a2144356900c2ddd47f51981>:0 
  at System.Threading.Tasks.Sources.ManualResetValueTaskSourceCore`1[TResult].GetResult (System.Int16 token) [0x0001f] in <7b69b526073240d78fc73ce5db967a72>:0 
  at StrawberryShake.Transport.WebSockets.WebSocketConnection+ResponseStream+<GetAsyncEnumerator>d__3.System.Threading.Tasks.Sources.IValueTaskSource<System.Boolean>.GetResult (System.Int16 token) [0x00000] in <b27e0001a2144356900c2ddd47f51981>:0 
  at StrawberryShake.OperationExecutor`2+OperationExecutorObservable[TData,TResult].ExecuteAsync (System.IObserver`1[T] observer, StrawberryShake.ObserverSession session, StrawberryShake.IOperationResult`1[TResultData] lastEmittedResult) [0x001bd] in <477cd25efd574ed694e416a1db52b995>:0 
  at StrawberryShake.OperationExecutor`2+OperationExecutorObservable[TData,TResult].ExecuteAsync (System.IObserver`1[T] observer, StrawberryShake.ObserverSession session, StrawberryShake.IOperationResult`1[TResultData] lastEmittedResult) [0x0026e] in <477cd25efd574ed694e416a1db52b995>:0 
[Warning:OnlineLeaderboardTab] GTR leaderboard subscription failed: System.OperationCanceledException: The operation was canceled.
  at System.Threading.Channels.AsyncOperation`1[TResult].GetResult (System.Int16 token) [0x00053] in <f4f5f2aafdc0427494a7ef43d0100ed5>:0 
  at StrawberryShake.Transport.WebSockets.SocketOperation+MessageStream+<GetAsyncEnumerator>d__3.MoveNext () [0x000e4] in <b27e0001a2144356900c2ddd47f51981>:0 
  at System.Threading.Tasks.Sources.ManualResetValueTaskSourceCore`1[TResult].GetResult (System.Int16 token) [0x0001f] in <7b69b526073240d78fc73ce5db967a72>:0 
  at StrawberryShake.Transport.WebSockets.SocketOperation+MessageStream+<GetAsyncEnumerator>d__3.System.Threading.Tasks.Sources.IValueTaskSource<System.Boolean>.GetResult (System.Int16 token) [0x00000] in <b27e0001a2144356900c2ddd47f51981>:0 
  at StrawberryShake.Transport.WebSockets.WebSocketConnection+ResponseStream+<GetAsyncEnumerator>d__3.MoveNext () [0x00415] in <b27e0001a2144356900c2ddd47f51981>:0 
  at StrawberryShake.Transport.WebSockets.WebSocketConnection+ResponseStream+<GetAsyncEnumerator>d__3.MoveNext () [0x004c1] in <b27e0001a2144356900c2ddd47f51981>:0 
  at StrawberryShake.Transport.WebSockets.WebSocketConnection+ResponseStream+<GetAsyncEnumerator>d__3.MoveNext () [0x00595] in <b27e0001a2144356900c2ddd47f51981>:0 
  at StrawberryShake.Transport.WebSockets.WebSocketConnection+ResponseStream+<GetAsyncEnumerator>d__3.MoveNext () [0x00665] in <b27e0001a2144356900c2ddd47f51981>:0 
  at System.Threading.Tasks.Sources.ManualResetValueTaskSourceCore`1[TResult].GetResult (System.Int16 token) [0x0001f] in <7b69b526073240d78fc73ce5db967a72>:0 
  at StrawberryShake.Transport.WebSockets.WebSocketConnection+ResponseStream+<GetAsyncEnumerator>d__3.System.Threading.Tasks.Sources.IValueTaskSource<System.Boolean>.GetResult (System.Int16 token) [0x00000] in <b27e0001a2144356900c2ddd47f51981>:0 
  at StrawberryShake.OperationExecutor`2+OperationExecutorObservable[TData,TResult].ExecuteAsync (System.IObserver`1[T] observer, StrawberryShake.ObserverSession session, StrawberryShake.IOperationResult`1[TResultData] lastEmittedResult) [0x001bd] in <477cd25efd574ed694e416a1db52b995>:0 
  at StrawberryShake.OperationExecutor`2+OperationExecutorObservable[TData,TResult].ExecuteAsync (System.IObserver`1[T] observer, StrawberryShake.ObserverSession session, StrawberryShake.IOperationResult`1[TResultData] lastEmittedResult) [0x0026e] in <477cd25efd574ed694e416a1db52b995>:0 
[Info   :Zeepkist Bingo] [BINGO] Level loaded
[Info   :Zeepkist GTR] 19:54:26 Start processing HTTP request "POST" https://es-backend-5eu0pg2dcfyp6u2v33lz.zeepki.st/level/request
[Info   :Zeepkist GTR] 19:54:26 Start processing HTTP request "POST" https://es-backend-5eu0pg2dcfyp6u2v33lz.zeepki.st/level/request
[Info   :Zeepkist GTR] 19:54:26 Sending HTTP request "POST" https://es-backend-5eu0pg2dcfyp6u2v33lz.zeepki.st/level/request
[Info   :Zeepkist GTR] 19:54:26 Start processing HTTP request "POST" https://es-graphql-1q5xcqmja6dvh4ctc4t9.zeepki.st/
[Info   :Zeepkist GTR] 19:54:26 Start processing HTTP request "POST" https://es-graphql-1q5xcqmja6dvh4ctc4t9.zeepki.st/
[Info   :Zeepkist GTR] 19:54:26 Sending HTTP request "POST" https://es-graphql-1q5xcqmja6dvh4ctc4t9.zeepki.st/
[Warning:Zeepkist GTR] 19:54:26 Current-level record subscription failed
[Info   :Zeepkist GTR] 19:54:26 Start processing HTTP request "POST" https://es-graphql-1q5xcqmja6dvh4ctc4t9.zeepki.st/
[Info   :Zeepkist GTR] 19:54:26 Start processing HTTP request "POST" https://es-graphql-1q5xcqmja6dvh4ctc4t9.zeepki.st/
[Info   :Zeepkist GTR] 19:54:26 Sending HTTP request "POST" https://es-graphql-1q5xcqmja6dvh4ctc4t9.zeepki.st/
[Info   :BetterSplits] getting gtr splits
[Info   :Zeepkist GTR] 19:54:26 Received HTTP response headers after 51.3521ms - 200
[Info   :Zeepkist GTR] 19:54:26 End processing HTTP request after 51.5704ms - 200
[Info   :Zeepkist GTR] 19:54:26 Received HTTP response headers after 68.5501ms - 200
[Info   :Zeepkist GTR] 19:54:26 End processing HTTP request after 68.7987ms - 200
[Info   :Zeepkist GTR] 19:54:26 End processing HTTP request after 104.1186ms - 200
[Info   :Zeepkist GTR] 19:54:26 End processing HTTP request after 104.6979ms - 200
[Info   :Zeepkist Bingo] [BINGO] === PLAYER SPAWNED ===
[Info   :Zeepkist Bingo] [BINGO] IsInActiveSession: False
[Info   :Zeepkist Bingo] [BINGO] Not in active session, skipping timer reset
[Info   :Zeepkist GTR] 19:54:26 Loading personal best...
[Info   :Zeepkist GTR] 19:54:26 Start processing HTTP request "POST" https://es-graphql-1q5xcqmja6dvh4ctc4t9.zeepki.st/
[Info   :Zeepkist GTR] 19:54:26 Start processing HTTP request "POST" https://es-graphql-1q5xcqmja6dvh4ctc4t9.zeepki.st/
[Info   :Zeepkist GTR] 19:54:26 Sending HTTP request "POST" https://es-graphql-1q5xcqmja6dvh4ctc4t9.zeepki.st/
[Info   :Zeepkist GTR] 19:54:26 Stopping existing recorder if any
[Info   :Zeepkist GTR] 19:54:26 Creating new recorder
[Info   :Zeepkist GTR] 19:54:26 Received HTTP response headers after 84.4334ms - 200
[Info   :Zeepkist GTR] 19:54:26 End processing HTTP request after 84.6541ms - 200
[Info   :Zeepkist GTR] 19:54:26 End processing HTTP request after 88.293ms - 200
[Info   :Zeepkist GTR] 19:54:26 Received HTTP response headers after 219.296ms - 200
[Info   :Zeepkist GTR] 19:54:26 End processing HTTP request after 219.483ms - 200
[Info   :Zeepkist GTR] 19:54:26 End processing HTTP request after 226.3293ms - 200
[Info   :BetterSplits] got gtr splits
[Info   :Zeepkist GTR] 19:54:28 Starting recorder
[Info   :Zeepkist Bingo] [BINGO] === PLAYER SPAWNED ===
[Info   :Zeepkist Bingo] [BINGO] IsInActiveSession: False
[Info   :Zeepkist Bingo] [BINGO] Not in active session, skipping timer reset
[Info   :Zeepkist GTR] 19:55:36 Loading personal best...
[Info   :Zeepkist GTR] 19:55:36 Start processing HTTP request "POST" https://es-graphql-1q5xcqmja6dvh4ctc4t9.zeepki.st/
[Info   :Zeepkist GTR] 19:55:36 Start processing HTTP request "POST" https://es-graphql-1q5xcqmja6dvh4ctc4t9.zeepki.st/
[Info   :Zeepkist GTR] 19:55:36 Sending HTTP request "POST" https://es-graphql-1q5xcqmja6dvh4ctc4t9.zeepki.st/
[Info   :Zeepkist GTR] 19:55:36 Stopping existing recorder if any
[Info   :Zeepkist GTR] 19:55:36 Creating new recorder
[Info   :Zeepkist GTR] 19:55:36 Received HTTP response headers after 65.606ms - 200
[Info   :Zeepkist GTR] 19:55:36 End processing HTTP request after 65.825ms - 200
[Info   :Zeepkist GTR] 19:55:36 End processing HTTP request after 73.1188ms - 200
[Info   :Zeepkist GTR] 19:55:37 Starting recorder
[Info   :Zeepkist Bingo] [BINGO] === PLAYER SPAWNED ===
[Info   :Zeepkist Bingo] [BINGO] IsInActiveSession: False
[Info   :Zeepkist Bingo] [BINGO] Not in active session, skipping timer reset
[Info   :Zeepkist GTR] 19:56:01 Loading personal best...
[Info   :Zeepkist GTR] 19:56:01 Start processing HTTP request "POST" https://es-graphql-1q5xcqmja6dvh4ctc4t9.zeepki.st/
[Info   :Zeepkist GTR] 19:56:01 Start processing HTTP request "POST" https://es-graphql-1q5xcqmja6dvh4ctc4t9.zeepki.st/
[Info   :Zeepkist GTR] 19:56:01 Sending HTTP request "POST" https://es-graphql-1q5xcqmja6dvh4ctc4t9.zeepki.st/
[Info   :Zeepkist GTR] 19:56:01 Stopping existing recorder if any
[Info   :Zeepkist GTR] 19:56:01 Creating new recorder
[Info   :Zeepkist GTR] 19:56:01 Received HTTP response headers after 65.7578ms - 200
[Info   :Zeepkist GTR] 19:56:01 End processing HTTP request after 65.9807ms - 200
[Info   :Zeepkist GTR] 19:56:01 End processing HTTP request after 68.1282ms - 200
[Info   :Zeepkist GTR] 19:56:03 Starting recorder
[Info   :Zeepkist Bingo] [BINGO] === PLAYER SPAWNED ===
[Info   :Zeepkist Bingo] [BINGO] IsInActiveSession: False
[Info   :Zeepkist Bingo] [BINGO] Not in active session, skipping timer reset
[Info   :Zeepkist GTR] 19:56:08 Loading personal best...
[Info   :Zeepkist GTR] 19:56:08 Start processing HTTP request "POST" https://es-graphql-1q5xcqmja6dvh4ctc4t9.zeepki.st/
[Info   :Zeepkist GTR] 19:56:08 Start processing HTTP request "POST" https://es-graphql-1q5xcqmja6dvh4ctc4t9.zeepki.st/
[Info   :Zeepkist GTR] 19:56:08 Sending HTTP request "POST" https://es-graphql-1q5xcqmja6dvh4ctc4t9.zeepki.st/
[Info   :Zeepkist GTR] 19:56:08 Stopping existing recorder if any
[Info   :Zeepkist GTR] 19:56:08 Creating new recorder
[Info   :Zeepkist GTR] 19:56:08 Received HTTP response headers after 192.6041ms - 502
[Info   :Zeepkist GTR] 19:56:08 End processing HTTP request after 192.827ms - 502
[Info   :Zeepkist GTR] 19:56:08 End processing HTTP request after 197.9464ms - 502
[Error  :Zeepkist GTR] 19:56:08 Failed to load personal best: "Result: IsSuccess='False', Reasons='ExceptionalError with Message='Response status code does not indicate success: 502 (Bad Gateway).', Exception='StrawberryShake.GraphQLClientException: Response status code does not indicate success: 502 (Bad Gateway).
  at StrawberryShake.OperationResultExtensions.EnsureNoErrors (StrawberryShake.IOperationResult result) [0x00027] in <477cd25efd574ed694e416a1db52b995>:0 
  at TNRD.Zeepkist.GTR.Ghosting.Playback.OnlineGhostGraphqlService.GetPersonalBests (TNRD.Zeepkist.GTR.GraphQL.LevelGraphqlIdentity level, System.Threading.CancellationToken cancellationToken) [0x000c7] in D:\a\Zeepkist.GTR.Mod\Zeepkist.GTR.Mod\Ghosting\Playback\OnlineGhostGraphqlService.cs:42 '', "
[Info   :Zeepkist GTR] 19:56:10 Starting recorder
[Info   :Zeepkist Bingo] [BINGO] === PLAYER SPAWNED ===
[Info   :Zeepkist Bingo] [BINGO] IsInActiveSession: False
[Info   :Zeepkist Bingo] [BINGO] Not in active session, skipping timer reset
[Info   :Zeepkist GTR] 19:56:21 Loading personal best...
[Info   :Zeepkist GTR] 19:56:21 Start processing HTTP request "POST" https://es-graphql-1q5xcqmja6dvh4ctc4t9.zeepki.st/
[Info   :Zeepkist GTR] 19:56:21 Start processing HTTP request "POST" https://es-graphql-1q5xcqmja6dvh4ctc4t9.zeepki.st/
[Info   :Zeepkist GTR] 19:56:21 Sending HTTP request "POST" https://es-graphql-1q5xcqmja6dvh4ctc4t9.zeepki.st/
[Info   :Zeepkist GTR] 19:56:21 Stopping existing recorder if any
[Info   :Zeepkist GTR] 19:56:21 Creating new recorder
[Info   :Zeepkist GTR] 19:56:21 Received HTTP response headers after 41.793ms - 503
[Info   :Zeepkist GTR] 19:56:21 End processing HTTP request after 42.0142ms - 503
[Info   :Zeepkist GTR] 19:56:21 End processing HTTP request after 47.3262ms - 503
[Error  :Zeepkist GTR] 19:56:21 Failed to load personal best: "Result: IsSuccess='False', Reasons='ExceptionalError with Message='Response status code does not indicate success: 503 (Service Unavailable).', Exception='StrawberryShake.GraphQLClientException: Response status code does not indicate success: 503 (Service Unavailable).
  at StrawberryShake.OperationResultExtensions.EnsureNoErrors (StrawberryShake.IOperationResult result) [0x00027] in <477cd25efd574ed694e416a1db52b995>:0 
  at TNRD.Zeepkist.GTR.Ghosting.Playback.OnlineGhostGraphqlService.GetPersonalBests (TNRD.Zeepkist.GTR.GraphQL.LevelGraphqlIdentity level, System.Threading.CancellationToken cancellationToken) [0x000c7] in D:\a\Zeepkist.GTR.Mod\Zeepkist.GTR.Mod\Ghosting\Playback\OnlineGhostGraphqlService.cs:42 '', "
[Info   :Zeepkist GTR] 19:56:23 Starting recorder
[Info   :Zeepkist GTR] 19:56:46 Stopping recorder
[Info   :Zeepkist GTR] 19:56:46 Collecting extra information
[Info   :Zeepkist GTR] 19:56:46 Resolved workshop ID "3447765647" from lobby 3447765647 and level 0
[Info   :Zeepkist GTR] 19:56:46 Processing ghost data
[Info   :Zeepkist GTR] 19:56:46 Creating stream
[Info   :Zeepkist GTR] 19:56:46 Writing to stream
[Info   :Zeepkist GTR] 19:56:46 Converting to base64
[Info   :Zeepkist GTR] 19:56:46 Creating resource
[Info   :Zeepkist GTR] 19:56:46 Start processing HTTP request "POST" https://es-backend-5eu0pg2dcfyp6u2v33lz.zeepki.st/record/submit
[Info   :Zeepkist GTR] 19:56:46 Start processing HTTP request "POST" https://es-backend-5eu0pg2dcfyp6u2v33lz.zeepki.st/record/submit
[Info   :Zeepkist GTR] 19:56:46 Sending HTTP request "POST" https://es-backend-5eu0pg2dcfyp6u2v33lz.zeepki.st/record/submit
[Info   :Zeepkist GTR] 19:56:46 Received HTTP response headers after 404.7468ms - 200
[Info   :Zeepkist GTR] 19:56:46 End processing HTTP request after 404.974ms - 200
[Info   :Zeepkist GTR] 19:56:46 End processing HTTP request after 409.2293ms - 200
[Info   :Zeepkist Bingo] [BINGO] === PLAYER SPAWNED ===
[Info   :Zeepkist Bingo] [BINGO] IsInActiveSession: False
[Info   :Zeepkist Bingo] [BINGO] Not in active session, skipping timer reset
[Info   :Zeepkist GTR] 19:56:48 Loading personal best...
[Info   :Zeepkist GTR] 19:56:48 Start processing HTTP request "POST" https://es-graphql-1q5xcqmja6dvh4ctc4t9.zeepki.st/
[Info   :Zeepkist GTR] 19:56:48 Start processing HTTP request "POST" https://es-graphql-1q5xcqmja6dvh4ctc4t9.zeepki.st/
[Info   :Zeepkist GTR] 19:56:48 Sending HTTP request "POST" https://es-graphql-1q5xcqmja6dvh4ctc4t9.zeepki.st/
[Info   :Zeepkist GTR] 19:56:48 Stopping existing recorder if any
[Info   :Zeepkist GTR] 19:56:48 Creating new recorder
[Info   :Zeepkist GTR] 19:56:48 Received HTTP response headers after 61.7886ms - 200
[Info   :Zeepkist GTR] 19:56:48 End processing HTTP request after 62.0024ms - 200
[Info   :Zeepkist GTR] 19:56:48 End processing HTTP request after 67.2818ms - 200
[Info   :Zeepkist GTR] 19:56:48 Start processing HTTP request "GET" https://cdn.zeepki.st/ghosts/01M3SQCEJXAGYCZQYHBY28MY73.bin
[Info   :Zeepkist GTR] 19:56:48 Sending HTTP request "GET" https://cdn.zeepki.st/ghosts/01M3SQCEJXAGYCZQYHBY28MY73.bin
[Info   :Zeepkist GTR] 19:56:48 Received HTTP response headers after 728.7898ms - 200
[Info   :Zeepkist GTR] 19:56:48 End processing HTTP request after 729.0752ms - 200
[Info   :Zeepkist GTR] 19:56:49 Starting recorder
[Info   :Zeepkist Bingo] [BINGO] === PLAYER SPAWNED ===
[Info   :Zeepkist Bingo] [BINGO] IsInActiveSession: False
[Info   :Zeepkist Bingo] [BINGO] Not in active session, skipping timer reset
[Info   :Zeepkist GTR] 19:56:55 Loading personal best...
[Info   :Zeepkist GTR] 19:56:55 Start processing HTTP request "POST" https://es-graphql-1q5xcqmja6dvh4ctc4t9.zeepki.st/
[Info   :Zeepkist GTR] 19:56:55 Start processing HTTP request "POST" https://es-graphql-1q5xcqmja6dvh4ctc4t9.zeepki.st/
[Info   :Zeepkist GTR] 19:56:55 Sending HTTP request "POST" https://es-graphql-1q5xcqmja6dvh4ctc4t9.zeepki.st/
[Info   :Zeepkist GTR] 19:56:55 Stopping existing recorder if any
[Info   :Zeepkist GTR] 19:56:55 Creating new recorder
[Info   :Zeepkist GTR] 19:56:55 Received HTTP response headers after 61.658ms - 200
[Info   :Zeepkist GTR] 19:56:55 End processing HTTP request after 61.89ms - 200
[Info   :Zeepkist GTR] 19:56:55 End processing HTTP request after 67.2724ms - 200
[Info   :Zeepkist GTR] 19:56:56 Starting recorder
[Info   :Zeepkist Bingo] [BINGO] === PLAYER SPAWNED ===
[Info   :Zeepkist Bingo] [BINGO] IsInActiveSession: False
[Info   :Zeepkist Bingo] [BINGO] Not in active session, skipping timer reset
[Info   :Zeepkist GTR] 19:57:01 Loading personal best...
[Info   :Zeepkist GTR] 19:57:01 Start processing HTTP request "POST" https://es-graphql-1q5xcqmja6dvh4ctc4t9.zeepki.st/
[Info   :Zeepkist GTR] 19:57:01 Start processing HTTP request "POST" https://es-graphql-1q5xcqmja6dvh4ctc4t9.zeepki.st/
[Info   :Zeepkist GTR] 19:57:01 Sending HTTP request "POST" https://es-graphql-1q5xcqmja6dvh4ctc4t9.zeepki.st/
[Info   :Zeepkist GTR] 19:57:01 Stopping existing recorder if any
[Info   :Zeepkist GTR] 19:57:01 Creating new recorder
[Info   :Zeepkist GTR] 19:57:01 Received HTTP response headers after 57.6882ms - 200
[Info   :Zeepkist GTR] 19:57:01 End processing HTTP request after 57.9053ms - 200
[Info   :Zeepkist GTR] 19:57:01 End processing HTTP request after 62.9975ms - 200
[Info   :Zeepkist GTR] 19:57:03 Starting recorder
[Info   :Zeepkist Bingo] [BINGO] === PLAYER SPAWNED ===
[Info   :Zeepkist Bingo] [BINGO] IsInActiveSession: False
[Info   :Zeepkist Bingo] [BINGO] Not in active session, skipping timer reset
[Info   :Zeepkist GTR] 19:57:23 Loading personal best...
[Info   :Zeepkist GTR] 19:57:23 Start processing HTTP request "POST" https://es-graphql-1q5xcqmja6dvh4ctc4t9.zeepki.st/
[Info   :Zeepkist GTR] 19:57:23 Start processing HTTP request "POST" https://es-graphql-1q5xcqmja6dvh4ctc4t9.zeepki.st/
[Info   :Zeepkist GTR] 19:57:23 Sending HTTP request "POST" https://es-graphql-1q5xcqmja6dvh4ctc4t9.zeepki.st/
[Info   :Zeepkist GTR] 19:57:23 Stopping existing recorder if any
[Info   :Zeepkist GTR] 19:57:23 Creating new recorder
[Info   :Zeepkist GTR] 19:57:23 Received HTTP response headers after 63.6395ms - 200
[Info   :Zeepkist GTR] 19:57:23 End processing HTTP request after 63.8645ms - 200
[Info   :Zeepkist GTR] 19:57:23 End processing HTTP request after 66.8727ms - 200
[Info   :Zeepkist GTR] 19:57:25 Starting recorder
[Info   :Zeepkist GTR] 19:57:48 Stopping recorder
[Info   :Zeepkist GTR] 19:57:48 Collecting extra information
[Info   :Zeepkist GTR] 19:57:48 Resolved workshop ID "3447765647" from lobby 3447765647 and level 0
[Info   :Zeepkist GTR] 19:57:48 Processing ghost data
[Info   :Zeepkist GTR] 19:57:48 Creating stream
[Info   :Zeepkist GTR] 19:57:48 Writing to stream
[Info   :Zeepkist GTR] 19:57:48 Converting to base64
[Info   :Zeepkist GTR] 19:57:48 Creating resource
[Info   :Zeepkist GTR] 19:57:48 Start processing HTTP request "POST" https://es-backend-5eu0pg2dcfyp6u2v33lz.zeepki.st/record/submit
[Info   :Zeepkist GTR] 19:57:48 Start processing HTTP request "POST" https://es-backend-5eu0pg2dcfyp6u2v33lz.zeepki.st/record/submit
[Info   :Zeepkist GTR] 19:57:48 Sending HTTP request "POST" https://es-backend-5eu0pg2dcfyp6u2v33lz.zeepki.st/record/submit
[Info   :Zeepkist GTR] 19:57:48 Received HTTP response headers after 141.0322ms - 200
[Info   :Zeepkist GTR] 19:57:48 End processing HTTP request after 141.2652ms - 200
[Info   :Zeepkist GTR] 19:57:49 End processing HTTP request after 146.1432ms - 200
[Info   :Zeepkist Bingo] [BINGO] === PLAYER SPAWNED ===
[Info   :Zeepkist Bingo] [BINGO] IsInActiveSession: False
[Info   :Zeepkist Bingo] [BINGO] Not in active session, skipping timer reset
[Info   :Zeepkist GTR] 19:57:50 Loading personal best...
[Info   :Zeepkist GTR] 19:57:50 Start processing HTTP request "POST" https://es-graphql-1q5xcqmja6dvh4ctc4t9.zeepki.st/
[Info   :Zeepkist GTR] 19:57:50 Start processing HTTP request "POST" https://es-graphql-1q5xcqmja6dvh4ctc4t9.zeepki.st/
[Info   :Zeepkist GTR] 19:57:50 Sending HTTP request "POST" https://es-graphql-1q5xcqmja6dvh4ctc4t9.zeepki.st/
[Info   :Zeepkist GTR] 19:57:50 Stopping existing recorder if any
[Info   :Zeepkist GTR] 19:57:50 Creating new recorder
[Info   :Zeepkist GTR] 19:57:50 Received HTTP response headers after 61.2613ms - 200
[Info   :Zeepkist GTR] 19:57:50 End processing HTTP request after 61.4779ms - 200
[Info   :Zeepkist GTR] 19:57:50 End processing HTTP request after 64.9772ms - 200
[Info   :Zeepkist GTR] 19:57:51 Starting recorder
[Info   :Zeepkist Bingo] [BINGO] === PLAYER SPAWNED ===
[Info   :Zeepkist Bingo] [BINGO] IsInActiveSession: False
[Info   :Zeepkist Bingo] [BINGO] Not in active session, skipping timer reset
[Info   :Zeepkist GTR] 19:57:56 Loading personal best...
[Info   :Zeepkist GTR] 19:57:56 Start processing HTTP request "POST" https://es-graphql-1q5xcqmja6dvh4ctc4t9.zeepki.st/
[Info   :Zeepkist GTR] 19:57:56 Start processing HTTP request "POST" https://es-graphql-1q5xcqmja6dvh4ctc4t9.zeepki.st/
[Info   :Zeepkist GTR] 19:57:56 Sending HTTP request "POST" https://es-graphql-1q5xcqmja6dvh4ctc4t9.zeepki.st/
[Info   :Zeepkist GTR] 19:57:56 Stopping existing recorder if any
[Info   :Zeepkist GTR] 19:57:56 Creating new recorder
[Info   :Zeepkist GTR] 19:57:56 Received HTTP response headers after 64.7654ms - 200
[Info   :Zeepkist GTR] 19:57:56 End processing HTTP request after 64.975ms - 200
[Info   :Zeepkist GTR] 19:57:56 End processing HTTP request after 66.4235ms - 200
[Info   :Zeepkist GTR] 19:57:58 Starting recorder
[Info   :Zeepkist GTR] 19:58:20 Stopping recorder
[Info   :Zeepkist GTR] 19:58:20 Collecting extra information
[Info   :Zeepkist GTR] 19:58:20 Resolved workshop ID "3447765647" from lobby 3447765647 and level 0
[Info   :Zeepkist GTR] 19:58:20 Processing ghost data
[Info   :Zeepkist GTR] 19:58:20 Creating stream
[Info   :Zeepkist GTR] 19:58:20 Writing to stream
[Info   :Zeepkist GTR] 19:58:21 Converting to base64
[Info   :Zeepkist GTR] 19:58:21 Creating resource
[Info   :Zeepkist GTR] 19:58:21 Start processing HTTP request "POST" https://es-backend-5eu0pg2dcfyp6u2v33lz.zeepki.st/record/submit
[Info   :Zeepkist GTR] 19:58:21 Start processing HTTP request "POST" https://es-backend-5eu0pg2dcfyp6u2v33lz.zeepki.st/record/submit
[Info   :Zeepkist GTR] 19:58:21 Sending HTTP request "POST" https://es-backend-5eu0pg2dcfyp6u2v33lz.zeepki.st/record/submit
[Info   :Zeepkist GTR] 19:58:21 Received HTTP response headers after 380.322ms - 200
[Info   :Zeepkist GTR] 19:58:21 End processing HTTP request after 380.5363ms - 200
[Info   :Zeepkist GTR] 19:58:21 End processing HTTP request after 387.9342ms - 200
[Info   :Zeepkist Bingo] [BINGO] === PLAYER SPAWNED ===
[Info   :Zeepkist Bingo] [BINGO] IsInActiveSession: False
[Info   :Zeepkist Bingo] [BINGO] Not in active session, skipping timer reset
[Info   :Zeepkist GTR] 19:58:23 Loading personal best...
[Info   :Zeepkist GTR] 19:58:23 Start processing HTTP request "POST" https://es-graphql-1q5xcqmja6dvh4ctc4t9.zeepki.st/
[Info   :Zeepkist GTR] 19:58:23 Start processing HTTP request "POST" https://es-graphql-1q5xcqmja6dvh4ctc4t9.zeepki.st/
[Info   :Zeepkist GTR] 19:58:23 Sending HTTP request "POST" https://es-graphql-1q5xcqmja6dvh4ctc4t9.zeepki.st/
[Info   :Zeepkist GTR] 19:58:23 Stopping existing recorder if any
[Info   :Zeepkist GTR] 19:58:23 Creating new recorder
[Info   :Zeepkist GTR] 19:58:23 Received HTTP response headers after 205.8804ms - 200
[Info   :Zeepkist GTR] 19:58:23 End processing HTTP request after 206.107ms - 200
[Info   :Zeepkist GTR] 19:58:23 End processing HTTP request after 211.7003ms - 200
[Info   :Zeepkist GTR] 19:58:23 Start processing HTTP request "GET" https://cdn.zeepki.st/ghosts/01M3SQFAYAA1XS5T2EFW4SRCJ0.bin
[Info   :Zeepkist GTR] 19:58:23 Sending HTTP request "GET" https://cdn.zeepki.st/ghosts/01M3SQFAYAA1XS5T2EFW4SRCJ0.bin
[Info   :Zeepkist GTR] 19:58:24 Received HTTP response headers after 683.6308ms - 200
[Info   :Zeepkist GTR] 19:58:24 End processing HTTP request after 683.925ms - 200
[Info   :Zeepkist GTR] 19:58:25 Starting recorder
[Info   :Zeepkist GTR] 19:58:47 Stopping recorder
[Info   :Zeepkist GTR] 19:58:47 Collecting extra information
[Info   :Zeepkist GTR] 19:58:47 Resolved workshop ID "3447765647" from lobby 3447765647 and level 0
[Info   :Zeepkist GTR] 19:58:47 Processing ghost data
[Info   :Zeepkist GTR] 19:58:47 Creating stream
[Info   :Zeepkist GTR] 19:58:47 Writing to stream
[Info   :Zeepkist GTR] 19:58:47 Converting to base64
[Info   :Zeepkist GTR] 19:58:47 Creating resource
[Info   :Zeepkist GTR] 19:58:47 Start processing HTTP request "POST" https://es-backend-5eu0pg2dcfyp6u2v33lz.zeepki.st/record/submit
[Info   :Zeepkist GTR] 19:58:47 Start processing HTTP request "POST" https://es-backend-5eu0pg2dcfyp6u2v33lz.zeepki.st/record/submit
[Info   :Zeepkist GTR] 19:58:47 Sending HTTP request "POST" https://es-backend-5eu0pg2dcfyp6u2v33lz.zeepki.st/record/submit
[Info   :Zeepkist GTR] 19:58:47 Received HTTP response headers after 147.8095ms - 200
[Info   :Zeepkist GTR] 19:58:47 End processing HTTP request after 148.0265ms - 200
[Info   :Zeepkist GTR] 19:58:47 End processing HTTP request after 152.0551ms - 200
[Info   :Zeepkist Bingo] [BINGO] === PLAYER SPAWNED ===
[Info   :Zeepkist Bingo] [BINGO] IsInActiveSession: False
[Info   :Zeepkist Bingo] [BINGO] Not in active session, skipping timer reset
[Info   :Zeepkist GTR] 19:59:06 Loading personal best...
[Info   :Zeepkist GTR] 19:59:06 Start processing HTTP request "POST" https://es-graphql-1q5xcqmja6dvh4ctc4t9.zeepki.st/
[Info   :Zeepkist GTR] 19:59:06 Start processing HTTP request "POST" https://es-graphql-1q5xcqmja6dvh4ctc4t9.zeepki.st/
[Info   :Zeepkist GTR] 19:59:06 Sending HTTP request "POST" https://es-graphql-1q5xcqmja6dvh4ctc4t9.zeepki.st/
[Info   :Zeepkist GTR] 19:59:06 Stopping existing recorder if any
[Info   :Zeepkist GTR] 19:59:06 Creating new recorder
[Info   :Zeepkist GTR] 19:59:06 Received HTTP response headers after 55.8131ms - 200
[Info   :Zeepkist GTR] 19:59:06 End processing HTTP request after 56.0288ms - 200
[Info   :Zeepkist GTR] 19:59:06 End processing HTTP request after 59.6301ms - 200
[Info   :Zeepkist GTR] 19:59:08 Starting recorder
[Info   :Zeepkist Bingo] [BINGO] === PLAYER SPAWNED ===
[Info   :Zeepkist Bingo] [BINGO] IsInActiveSession: False
[Info   :Zeepkist Bingo] [BINGO] Not in active session, skipping timer reset
[Info   :Zeepkist GTR] 19:59:10 Loading personal best...
[Info   :Zeepkist GTR] 19:59:10 Start processing HTTP request "POST" https://es-graphql-1q5xcqmja6dvh4ctc4t9.zeepki.st/
[Info   :Zeepkist GTR] 19:59:10 Start processing HTTP request "POST" https://es-graphql-1q5xcqmja6dvh4ctc4t9.zeepki.st/
[Info   :Zeepkist GTR] 19:59:10 Sending HTTP request "POST" https://es-graphql-1q5xcqmja6dvh4ctc4t9.zeepki.st/
[Info   :Zeepkist GTR] 19:59:10 Stopping existing recorder if any
[Info   :Zeepkist GTR] 19:59:10 Creating new recorder
[Info   :Zeepkist GTR] 19:59:10 Received HTTP response headers after 58.7098ms - 200
[Info   :Zeepkist GTR] 19:59:10 End processing HTTP request after 58.9231ms - 200
[Info   :Zeepkist GTR] 19:59:10 End processing HTTP request after 59.5669ms - 200
[Info   :Zeepkist GTR] 19:59:12 Starting recorder
[Info   :Zeepkist GTR] 19:59:35 Stopping recorder
[Info   :Zeepkist GTR] 19:59:35 Collecting extra information
[Info   :Zeepkist GTR] 19:59:35 Resolved workshop ID "3447765647" from lobby 3447765647 and level 0
[Info   :Zeepkist GTR] 19:59:35 Processing ghost data
[Info   :Zeepkist GTR] 19:59:35 Creating stream
[Info   :Zeepkist GTR] 19:59:35 Writing to stream
[Info   :Zeepkist GTR] 19:59:35 Converting to base64
[Info   :Zeepkist GTR] 19:59:35 Creating resource
[Info   :Zeepkist GTR] 19:59:35 Start processing HTTP request "POST" https://es-backend-5eu0pg2dcfyp6u2v33lz.zeepki.st/record/submit
[Info   :Zeepkist GTR] 19:59:35 Start processing HTTP request "POST" https://es-backend-5eu0pg2dcfyp6u2v33lz.zeepki.st/record/submit
[Info   :Zeepkist GTR] 19:59:35 Sending HTTP request "POST" https://es-backend-5eu0pg2dcfyp6u2v33lz.zeepki.st/record/submit
[Info   :Zeepkist GTR] 19:59:35 Received HTTP response headers after 147.4756ms - 200
[Info   :Zeepkist GTR] 19:59:35 End processing HTTP request after 147.6977ms - 200
[Info   :Zeepkist GTR] 19:59:35 End processing HTTP request after 151.9815ms - 200
[Info   :Zeepkist Bingo] [BINGO] === PLAYER SPAWNED ===
[Info   :Zeepkist Bingo] [BINGO] IsInActiveSession: False
[Info   :Zeepkist Bingo] [BINGO] Not in active session, skipping timer reset
[Info   :Zeepkist GTR] 19:59:36 Loading personal best...
[Info   :Zeepkist GTR] 19:59:36 Start processing HTTP request "POST" https://es-graphql-1q5xcqmja6dvh4ctc4t9.zeepki.st/
[Info   :Zeepkist GTR] 19:59:36 Start processing HTTP request "POST" https://es-graphql-1q5xcqmja6dvh4ctc4t9.zeepki.st/
[Info   :Zeepkist GTR] 19:59:36 Sending HTTP request "POST" https://es-graphql-1q5xcqmja6dvh4ctc4t9.zeepki.st/
[Info   :Zeepkist GTR] 19:59:36 Stopping existing recorder if any
[Info   :Zeepkist GTR] 19:59:36 Creating new recorder
[Info   :Zeepkist GTR] 19:59:36 Received HTTP response headers after 61.8512ms - 200
[Info   :Zeepkist GTR] 19:59:36 End processing HTTP request after 62.0675ms - 200
[Info   :Zeepkist GTR] 19:59:36 End processing HTTP request after 65.9562ms - 200
[Info   :Zeepkist GTR] 19:59:36 Start processing HTTP request "GET" https://cdn.zeepki.st/ghosts/01M3SQHK34E6VXE3DXWBYEJJS0.bin
[Info   :Zeepkist GTR] 19:59:36 Sending HTTP request "GET" https://cdn.zeepki.st/ghosts/01M3SQHK34E6VXE3DXWBYEJJS0.bin
[Info   :Zeepkist GTR] 19:59:37 Received HTTP response headers after 727.0627ms - 200
[Info   :Zeepkist GTR] 19:59:37 End processing HTTP request after 727.311ms - 200
[Info   :Zeepkist GTR] 19:59:38 Starting recorder
[Info   :Zeepkist Bingo] [BINGO] === PLAYER SPAWNED ===
[Info   :Zeepkist Bingo] [BINGO] IsInActiveSession: False
[Info   :Zeepkist Bingo] [BINGO] Not in active session, skipping timer reset
[Info   :Zeepkist GTR] 19:59:54 Loading personal best...
[Info   :Zeepkist GTR] 19:59:54 Start processing HTTP request "POST" https://es-graphql-1q5xcqmja6dvh4ctc4t9.zeepki.st/
[Info   :Zeepkist GTR] 19:59:54 Start processing HTTP request "POST" https://es-graphql-1q5xcqmja6dvh4ctc4t9.zeepki.st/
[Info   :Zeepkist GTR] 19:59:54 Sending HTTP request "POST" https://es-graphql-1q5xcqmja6dvh4ctc4t9.zeepki.st/
[Info   :Zeepkist GTR] 19:59:54 Stopping existing recorder if any
[Info   :Zeepkist GTR] 19:59:54 Creating new recorder
[Info   :Zeepkist GTR] 19:59:54 Received HTTP response headers after 66.2116ms - 200
[Info   :Zeepkist GTR] 19:59:54 End processing HTTP request after 66.4347ms - 200
[Info   :Zeepkist GTR] 19:59:54 End processing HTTP request after 70.7738ms - 200
[Info   :Zeepkist GTR] 19:59:55 Starting recorder
[Info   :Zeepkist Bingo] [BINGO] === PLAYER SPAWNED ===
[Info   :Zeepkist Bingo] [BINGO] IsInActiveSession: False
[Info   :Zeepkist Bingo] [BINGO] Not in active session, skipping timer reset
[Info   :Zeepkist GTR] 19:59:58 Loading personal best...
[Info   :Zeepkist GTR] 19:59:58 Start processing HTTP request "POST" https://es-graphql-1q5xcqmja6dvh4ctc4t9.zeepki.st/
[Info   :Zeepkist GTR] 19:59:58 Start processing HTTP request "POST" https://es-graphql-1q5xcqmja6dvh4ctc4t9.zeepki.st/
[Info   :Zeepkist GTR] 19:59:58 Sending HTTP request "POST" https://es-graphql-1q5xcqmja6dvh4ctc4t9.zeepki.st/
[Info   :Zeepkist GTR] 19:59:58 Stopping existing recorder if any
[Info   :Zeepkist GTR] 19:59:58 Creating new recorder
[Info   :Zeepkist GTR] 19:59:58 Received HTTP response headers after 52.1204ms - 200
[Info   :Zeepkist GTR] 19:59:58 End processing HTTP request after 52.3243ms - 200
[Info   :Zeepkist GTR] 19:59:58 End processing HTTP request after 53.4393ms - 200
[Info   :Zeepkist GTR] 19:59:59 Start processing HTTP request "POST" https://es-graphql-1q5xcqmja6dvh4ctc4t9.zeepki.st/
[Info   :Zeepkist GTR] 19:59:59 Start processing HTTP request "POST" https://es-graphql-1q5xcqmja6dvh4ctc4t9.zeepki.st/
[Info   :Zeepkist GTR] 19:59:59 Sending HTTP request "POST" https://es-graphql-1q5xcqmja6dvh4ctc4t9.zeepki.st/
[Info   :Zeepkist GTR] 20:00:00 Received HTTP response headers after 87.1698ms - 200
[Info   :Zeepkist GTR] 20:00:00 End processing HTTP request after 87.3961ms - 200
[Info   :Zeepkist GTR] 20:00:00 End processing HTTP request after 90.7079ms - 200
[Info   :Zeepkist GTR] 20:00:00 Starting recorder
[Info   :Zeepkist Bingo] [BINGO] === PLAYER SPAWNED ===
[Info   :Zeepkist Bingo] [BINGO] IsInActiveSession: False
[Info   :Zeepkist Bingo] [BINGO] Not in active session, skipping timer reset
[Info   :Zeepkist GTR] 20:00:06 Loading personal best...
[Info   :Zeepkist GTR] 20:00:06 Start processing HTTP request "POST" https://es-graphql-1q5xcqmja6dvh4ctc4t9.zeepki.st/
[Info   :Zeepkist GTR] 20:00:06 Start processing HTTP request "POST" https://es-graphql-1q5xcqmja6dvh4ctc4t9.zeepki.st/
[Info   :Zeepkist GTR] 20:00:06 Sending HTTP request "POST" https://es-graphql-1q5xcqmja6dvh4ctc4t9.zeepki.st/
[Info   :Zeepkist GTR] 20:00:06 Stopping existing recorder if any
[Info   :Zeepkist GTR] 20:00:06 Creating new recorder
[Info   :Zeepkist GTR] 20:00:06 Received HTTP response headers after 53.896ms - 200
[Info   :Zeepkist GTR] 20:00:06 End processing HTTP request after 54.1049ms - 200
[Info   :Zeepkist GTR] 20:00:06 End processing HTTP request after 60.1033ms - 200
[Info   :Zeepkist GTR] 20:00:08 Starting recorder
[Info   :Zeepkist GTR] 20:00:30 Discarding recorder
[Info   :RoundLeaderboardTab] Drawing leaderboard -> forwarding to Instance.DrawTabLeaderboard()
[Info   :Zeepkist Bingo] [BINGO] Level loaded
[Info   :Zeepkist GTR] 20:00:44 Start processing HTTP request "POST" https://es-backend-5eu0pg2dcfyp6u2v33lz.zeepki.st/level/request
[Info   :Zeepkist GTR] 20:00:44 Start processing HTTP request "POST" https://es-backend-5eu0pg2dcfyp6u2v33lz.zeepki.st/level/request
[Info   :Zeepkist GTR] 20:00:44 Sending HTTP request "POST" https://es-backend-5eu0pg2dcfyp6u2v33lz.zeepki.st/level/request
[Info   :Zeepkist GTR] 20:00:44 Start processing HTTP request "POST" https://es-graphql-1q5xcqmja6dvh4ctc4t9.zeepki.st/
[Info   :Zeepkist GTR] 20:00:44 Start processing HTTP request "POST" https://es-graphql-1q5xcqmja6dvh4ctc4t9.zeepki.st/
[Info   :Zeepkist GTR] 20:00:44 Sending HTTP request "POST" https://es-graphql-1q5xcqmja6dvh4ctc4t9.zeepki.st/
[Info   :Zeepkist GTR] 20:00:44 Start processing HTTP request "POST" https://es-graphql-1q5xcqmja6dvh4ctc4t9.zeepki.st/
[Info   :Zeepkist GTR] 20:00:44 Start processing HTTP request "POST" https://es-graphql-1q5xcqmja6dvh4ctc4t9.zeepki.st/
[Info   :Zeepkist GTR] 20:00:44 Sending HTTP request "POST" https://es-graphql-1q5xcqmja6dvh4ctc4t9.zeepki.st/
[Info   :BetterSplits] getting gtr splits
[Info   :Zeepkist Bingo] [BINGO] === PLAYER SPAWNED ===
[Info   :Zeepkist Bingo] [BINGO] IsInActiveSession: False
[Info   :Zeepkist Bingo] [BINGO] Not in active session, skipping timer reset
[Info   :Zeepkist GTR] 20:00:44 Loading personal best...
[Info   :Zeepkist GTR] 20:00:44 Start processing HTTP request "POST" https://es-graphql-1q5xcqmja6dvh4ctc4t9.zeepki.st/
[Info   :Zeepkist GTR] 20:00:44 Start processing HTTP request "POST" https://es-graphql-1q5xcqmja6dvh4ctc4t9.zeepki.st/
[Info   :Zeepkist GTR] 20:00:44 Sending HTTP request "POST" https://es-graphql-1q5xcqmja6dvh4ctc4t9.zeepki.st/
[Info   :Zeepkist GTR] 20:00:44 Stopping existing recorder if any
[Info   :Zeepkist GTR] 20:00:44 Creating new recorder
[Info   :Zeepkist GTR] 20:00:44 Received HTTP response headers after 222.1647ms - 200
[Info   :Zeepkist GTR] 20:00:44 End processing HTTP request after 222.4326ms - 200
[Info   :Zeepkist GTR] 20:00:44 End processing HTTP request after 228.3348ms - 200
[Info   :Zeepkist GTR] 20:00:44 Received HTTP response headers after 330.0842ms - 200
[Info   :Zeepkist GTR] 20:00:44 End processing HTTP request after 330.286ms - 200
[Info   :Zeepkist GTR] 20:00:44 End processing HTTP request after 331.4009ms - 200
[Info   :Zeepkist GTR] 20:00:44 Received HTTP response headers after 339.4863ms - 200
[Info   :Zeepkist GTR] 20:00:44 End processing HTTP request after 339.702ms - 200
[Warning:Zeepkist GTR] 20:00:44 Unable to resolve current level GraphQL ID
[Info   :Zeepkist GTR] 20:00:44 End processing HTTP request after 345.1886ms - 200
[Info   :BetterSplits] no record set
[Info   :Zeepkist GTR] 20:00:44 Received HTTP response headers after 400.1934ms - 200
[Info   :Zeepkist GTR] 20:00:44 End processing HTTP request after 400.4077ms - 200
[Info   :Zeepkist GTR] 20:00:44 End processing HTTP request after 401.3569ms - 200
[Info   :Zeepkist GTR] 20:00:46 Starting recorder
[Info   :   Console] Download started for AppId: 1440670, FileId: 3808767538, Result: OK
[Info   :Zeepkist Bingo] [BINGO] === PLAYER SPAWNED ===
[Info   :Zeepkist Bingo] [BINGO] IsInActiveSession: False
[Info   :Zeepkist Bingo] [BINGO] Not in active session, skipping timer reset
[Info   :Zeepkist GTR] 20:01:12 Loading personal best...
[Info   :Zeepkist GTR] 20:01:12 Start processing HTTP request "POST" https://es-graphql-1q5xcqmja6dvh4ctc4t9.zeepki.st/
[Info   :Zeepkist GTR] 20:01:12 Start processing HTTP request "POST" https://es-graphql-1q5xcqmja6dvh4ctc4t9.zeepki.st/
[Info   :Zeepkist GTR] 20:01:12 Sending HTTP request "POST" https://es-graphql-1q5xcqmja6dvh4ctc4t9.zeepki.st/
[Info   :Zeepkist GTR] 20:01:12 Start processing HTTP request "POST" https://es-graphql-1q5xcqmja6dvh4ctc4t9.zeepki.st/
[Info   :Zeepkist GTR] 20:01:12 Start processing HTTP request "POST" https://es-graphql-1q5xcqmja6dvh4ctc4t9.zeepki.st/
[Info   :Zeepkist GTR] 20:01:12 Sending HTTP request "POST" https://es-graphql-1q5xcqmja6dvh4ctc4t9.zeepki.st/
[Info   :Zeepkist GTR] 20:01:12 Stopping existing recorder if any
[Info   :Zeepkist GTR] 20:01:12 Creating new recorder
[Info   :Zeepkist GTR] 20:01:12 Received HTTP response headers after 44.0579ms - 503
[Info   :Zeepkist GTR] 20:01:12 Received HTTP response headers after 43.4521ms - 503
[Info   :Zeepkist GTR] 20:01:12 End processing HTTP request after 44.3249ms - 503
[Info   :Zeepkist GTR] 20:01:12 End processing HTTP request after 43.7112ms - 503
[Info   :Zeepkist GTR] 20:01:12 End processing HTTP request after 47.0999ms - 503
[Info   :Zeepkist GTR] 20:01:12 End processing HTTP request after 46.4786ms - 503
[Warning:Zeepkist GTR] 20:01:12 Failed to resolve current-level record IDs
[Error  :Zeepkist GTR] 20:01:12 Failed to load personal best: "Result: IsSuccess='False', Reasons='ExceptionalError with Message='Response status code does not indicate success: 503 (Service Unavailable).', Exception='StrawberryShake.GraphQLClientException: Response status code does not indicate success: 503 (Service Unavailable).
  at StrawberryShake.OperationResultExtensions.EnsureNoErrors (StrawberryShake.IOperationResult result) [0x00027] in <477cd25efd574ed694e416a1db52b995>:0 
  at TNRD.Zeepkist.GTR.Ghosting.Playback.OnlineGhostGraphqlService.GetPersonalBests (TNRD.Zeepkist.GTR.GraphQL.LevelGraphqlIdentity level, System.Threading.CancellationToken cancellationToken) [0x000c7] in D:\a\Zeepkist.GTR.Mod\Zeepkist.GTR.Mod\Ghosting\Playback\OnlineGhostGraphqlService.cs:42 '', "
[Info   :Zeepkist GTR] 20:01:14 Starting recorder
[Info   :Zeepkist GTR] 20:01:38 Stopping recorder
[Info   :Zeepkist GTR] 20:01:38 Collecting extra information
[Info   :Zeepkist GTR] 20:01:38 Resolved workshop ID "3808767538" from lobby 3808767538 and level 0
[Info   :Zeepkist GTR] 20:01:38 Processing ghost data
[Info   :Zeepkist GTR] 20:01:38 Creating stream
[Info   :Zeepkist GTR] 20:01:38 Writing to stream
[Info   :Zeepkist GTR] 20:01:38 Converting to base64
[Info   :Zeepkist GTR] 20:01:38 Creating resource
[Info   :Zeepkist GTR] 20:01:38 Start processing HTTP request "POST" https://es-backend-5eu0pg2dcfyp6u2v33lz.zeepki.st/record/submit
[Info   :Zeepkist GTR] 20:01:38 Start processing HTTP request "POST" https://es-backend-5eu0pg2dcfyp6u2v33lz.zeepki.st/record/submit
[Info   :Zeepkist GTR] 20:01:38 Sending HTTP request "POST" https://es-backend-5eu0pg2dcfyp6u2v33lz.zeepki.st/record/submit
[Info   :Zeepkist GTR] 20:01:40 Received HTTP response headers after 1156.5595ms - 200
[Info   :Zeepkist GTR] 20:01:40 End processing HTTP request after 1156.7936ms - 200
[Info   :Zeepkist GTR] 20:01:40 End processing HTTP request after 1159.829ms - 200
[Warning:Zeepkist GTR] 20:01:40 Skipping record feedback because no pre-submit snapshot was available
[Info   :Zeepkist Bingo] [BINGO] === PLAYER SPAWNED ===
[Info   :Zeepkist Bingo] [BINGO] IsInActiveSession: False
[Info   :Zeepkist Bingo] [BINGO] Not in active session, skipping timer reset
[Info   :Zeepkist GTR] 20:01:40 Loading personal best...
[Info   :Zeepkist GTR] 20:01:40 Start processing HTTP request "POST" https://es-graphql-1q5xcqmja6dvh4ctc4t9.zeepki.st/
[Info   :Zeepkist GTR] 20:01:40 Start processing HTTP request "POST" https://es-graphql-1q5xcqmja6dvh4ctc4t9.zeepki.st/
[Info   :Zeepkist GTR] 20:01:40 Sending HTTP request "POST" https://es-graphql-1q5xcqmja6dvh4ctc4t9.zeepki.st/
[Info   :Zeepkist GTR] 20:01:40 Start processing HTTP request "POST" https://es-graphql-1q5xcqmja6dvh4ctc4t9.zeepki.st/
[Info   :Zeepkist GTR] 20:01:40 Start processing HTTP request "POST" https://es-graphql-1q5xcqmja6dvh4ctc4t9.zeepki.st/
[Info   :Zeepkist GTR] 20:01:40 Sending HTTP request "POST" https://es-graphql-1q5xcqmja6dvh4ctc4t9.zeepki.st/
[Info   :Zeepkist GTR] 20:01:40 Stopping existing recorder if any
[Info   :Zeepkist GTR] 20:01:40 Creating new recorder
[Info   :Zeepkist GTR] 20:01:40 Received HTTP response headers after 117.568ms - 200
[Info   :Zeepkist GTR] 20:01:40 End processing HTTP request after 117.7815ms - 200
[Info   :Zeepkist GTR] 20:01:40 Received HTTP response headers after 119.6219ms - 200
[Info   :Zeepkist GTR] 20:01:40 End processing HTTP request after 119.8402ms - 200
[Info   :Zeepkist GTR] 20:01:40 End processing HTTP request after 122.4412ms - 200
[Info   :Zeepkist GTR] 20:01:40 End processing HTTP request after 123.0895ms - 200
[Info   :Zeepkist GTR] 20:01:40 Start processing HTTP request "GET" https://cdn.zeepki.st/ghosts/01M3SQNCVMHWC7A79J6H8J8DJY.bin
[Info   :Zeepkist GTR] 20:01:40 Sending HTTP request "GET" https://cdn.zeepki.st/ghosts/01M3SQNCVMHWC7A79J6H8J8DJY.bin
[Info   :Zeepkist GTR] 20:01:41 Received HTTP response headers after 766.7164ms - 200
[Info   :Zeepkist GTR] 20:01:41 End processing HTTP request after 767.0418ms - 200
[Info   :Zeepkist GTR] 20:01:41 Starting recorder
[Info   :Zeepkist GTR] 20:02:06 Stopping recorder
[Info   :Zeepkist GTR] 20:02:06 Collecting extra information
[Info   :Zeepkist GTR] 20:02:06 Resolved workshop ID "3808767538" from lobby 3808767538 and level 0
[Info   :Zeepkist GTR] 20:02:06 Processing ghost data
[Info   :Zeepkist GTR] 20:02:06 Creating stream
[Info   :Zeepkist GTR] 20:02:06 Writing to stream
[Info   :Zeepkist GTR] 20:02:06 Converting to base64
[Info   :Zeepkist GTR] 20:02:06 Creating resource
[Info   :Zeepkist GTR] 20:02:06 Start processing HTTP request "POST" https://es-backend-5eu0pg2dcfyp6u2v33lz.zeepki.st/record/submit
[Info   :Zeepkist GTR] 20:02:06 Start processing HTTP request "POST" https://es-backend-5eu0pg2dcfyp6u2v33lz.zeepki.st/record/submit
[Info   :Zeepkist GTR] 20:02:06 Sending HTTP request "POST" https://es-backend-5eu0pg2dcfyp6u2v33lz.zeepki.st/record/submit
[Info   :Zeepkist GTR] 20:02:07 Received HTTP response headers after 580.597ms - 200
[Info   :Zeepkist GTR] 20:02:07 End processing HTTP request after 580.8222ms - 200
[Info   :Zeepkist GTR] 20:02:07 End processing HTTP request after 582.6881ms - 200
[Info   :Zeepkist GTR] 20:02:08 Start processing HTTP request "POST" https://es-graphql-1q5xcqmja6dvh4ctc4t9.zeepki.st/
[Info   :Zeepkist GTR] 20:02:08 Start processing HTTP request "POST" https://es-graphql-1q5xcqmja6dvh4ctc4t9.zeepki.st/
[Info   :Zeepkist GTR] 20:02:08 Sending HTTP request "POST" https://es-graphql-1q5xcqmja6dvh4ctc4t9.zeepki.st/
[Info   :Zeepkist GTR] 20:02:08 Received HTTP response headers after 56.423ms - 200
[Info   :Zeepkist GTR] 20:02:08 End processing HTTP request after 56.7216ms - 200
[Info   :Zeepkist GTR] 20:02:08 End processing HTTP request after 61.2149ms - 200
[Info   :Zeepkist Bingo] [BINGO] === PLAYER SPAWNED ===
[Info   :Zeepkist Bingo] [BINGO] IsInActiveSession: False
[Info   :Zeepkist Bingo] [BINGO] Not in active session, skipping timer reset
[Info   :Zeepkist GTR] 20:02:33 Loading personal best...
[Info   :Zeepkist GTR] 20:02:33 Start processing HTTP request "POST" https://es-graphql-1q5xcqmja6dvh4ctc4t9.zeepki.st/
[Info   :Zeepkist GTR] 20:02:33 Start processing HTTP request "POST" https://es-graphql-1q5xcqmja6dvh4ctc4t9.zeepki.st/
[Info   :Zeepkist GTR] 20:02:33 Sending HTTP request "POST" https://es-graphql-1q5xcqmja6dvh4ctc4t9.zeepki.st/
[Info   :Zeepkist GTR] 20:02:33 Stopping existing recorder if any
[Info   :Zeepkist GTR] 20:02:33 Creating new recorder
[Info   :Zeepkist GTR] 20:02:33 Received HTTP response headers after 55.0746ms - 200
[Info   :Zeepkist GTR] 20:02:33 End processing HTTP request after 55.2883ms - 200
[Info   :Zeepkist GTR] 20:02:33 End processing HTTP request after 55.6035ms - 200
[Info   :Zeepkist GTR] 20:02:33 Start processing HTTP request "GET" https://cdn.zeepki.st/ghosts/01M3SQP7CJG17FQV0E295TKZEW.bin
[Info   :Zeepkist GTR] 20:02:33 Sending HTTP request "GET" https://cdn.zeepki.st/ghosts/01M3SQP7CJG17FQV0E295TKZEW.bin
[Info   :Zeepkist GTR] 20:02:34 Received HTTP response headers after 710.2505ms - 200
[Info   :Zeepkist GTR] 20:02:34 End processing HTTP request after 710.5343ms - 200
[Info   :Zeepkist GTR] 20:02:35 Starting recorder
[Info   :Zeepkist Bingo] [BINGO] === PLAYER SPAWNED ===
[Info   :Zeepkist Bingo] [BINGO] IsInActiveSession: False
[Info   :Zeepkist Bingo] [BINGO] Not in active session, skipping timer reset
[Info   :Zeepkist GTR] 20:02:51 Loading personal best...
[Info   :Zeepkist GTR] 20:02:51 Start processing HTTP request "POST" https://es-graphql-1q5xcqmja6dvh4ctc4t9.zeepki.st/
[Info   :Zeepkist GTR] 20:02:51 Start processing HTTP request "POST" https://es-graphql-1q5xcqmja6dvh4ctc4t9.zeepki.st/
[Info   :Zeepkist GTR] 20:02:51 Sending HTTP request "POST" https://es-graphql-1q5xcqmja6dvh4ctc4t9.zeepki.st/
[Info   :Zeepkist GTR] 20:02:51 Stopping existing recorder if any
[Info   :Zeepkist GTR] 20:02:51 Creating new recorder
[Info   :Zeepkist GTR] 20:02:51 Received HTTP response headers after 214.8293ms - 200
[Info   :Zeepkist GTR] 20:02:51 End processing HTTP request after 215.0636ms - 200
[Info   :Zeepkist GTR] 20:02:51 End processing HTTP request after 217.9323ms - 200
[Info   :Zeepkist GTR] 20:02:53 Starting recorder
[Info   :Zeepkist Bingo] [BINGO] === PLAYER SPAWNED ===
[Info   :Zeepkist Bingo] [BINGO] IsInActiveSession: False
[Info   :Zeepkist Bingo] [BINGO] Not in active session, skipping timer reset
[Info   :Zeepkist GTR] 20:03:09 Loading personal best...
[Info   :Zeepkist GTR] 20:03:09 Start processing HTTP request "POST" https://es-graphql-1q5xcqmja6dvh4ctc4t9.zeepki.st/
[Info   :Zeepkist GTR] 20:03:09 Start processing HTTP request "POST" https://es-graphql-1q5xcqmja6dvh4ctc4t9.zeepki.st/
[Info   :Zeepkist GTR] 20:03:09 Sending HTTP request "POST" https://es-graphql-1q5xcqmja6dvh4ctc4t9.zeepki.st/
[Info   :Zeepkist GTR] 20:03:09 Stopping existing recorder if any
[Info   :Zeepkist GTR] 20:03:09 Creating new recorder
[Info   :Zeepkist GTR] 20:03:09 Received HTTP response headers after 64.2364ms - 200
[Info   :Zeepkist GTR] 20:03:09 End processing HTTP request after 64.4435ms - 200
[Info   :Zeepkist GTR] 20:03:09 End processing HTTP request after 70.7217ms - 200
[Info   :Zeepkist GTR] 20:03:11 Starting recorder
[Info   :Zeepkist GTR] 20:03:36 Stopping recorder
[Info   :Zeepkist GTR] 20:03:36 Collecting extra information
[Info   :Zeepkist GTR] 20:03:36 Resolved workshop ID "3808767538" from lobby 3808767538 and level 0
[Info   :Zeepkist GTR] 20:03:36 Processing ghost data
[Info   :Zeepkist GTR] 20:03:36 Creating stream
[Info   :Zeepkist GTR] 20:03:36 Writing to stream
[Info   :Zeepkist GTR] 20:03:36 Converting to base64
[Info   :Zeepkist GTR] 20:03:36 Creating resource
[Info   :Zeepkist GTR] 20:03:36 Start processing HTTP request "POST" https://es-backend-5eu0pg2dcfyp6u2v33lz.zeepki.st/record/submit
[Info   :Zeepkist GTR] 20:03:36 Start processing HTTP request "POST" https://es-backend-5eu0pg2dcfyp6u2v33lz.zeepki.st/record/submit
[Info   :Zeepkist GTR] 20:03:36 Sending HTTP request "POST" https://es-backend-5eu0pg2dcfyp6u2v33lz.zeepki.st/record/submit
[Info   :Zeepkist GTR] 20:03:36 Received HTTP response headers after 411.3474ms - 200
[Info   :Zeepkist GTR] 20:03:36 End processing HTTP request after 411.561ms - 200
[Info   :Zeepkist GTR] 20:03:36 End processing HTTP request after 415.4804ms - 200
[Info   :Zeepkist Bingo] [BINGO] === PLAYER SPAWNED ===
[Info   :Zeepkist Bingo] [BINGO] IsInActiveSession: False
[Info   :Zeepkist Bingo] [BINGO] Not in active session, skipping timer reset
[Info   :Zeepkist GTR] 20:03:37 Loading personal best...
[Info   :Zeepkist GTR] 20:03:37 Start processing HTTP request "POST" https://es-graphql-1q5xcqmja6dvh4ctc4t9.zeepki.st/
[Info   :Zeepkist GTR] 20:03:37 Start processing HTTP request "POST" https://es-graphql-1q5xcqmja6dvh4ctc4t9.zeepki.st/
[Info   :Zeepkist GTR] 20:03:37 Sending HTTP request "POST" https://es-graphql-1q5xcqmja6dvh4ctc4t9.zeepki.st/
[Info   :Zeepkist GTR] 20:03:37 Stopping existing recorder if any
[Info   :Zeepkist GTR] 20:03:37 Creating new recorder
[Info   :Zeepkist GTR] 20:03:37 Received HTTP response headers after 58.5748ms - 200
[Info   :Zeepkist GTR] 20:03:37 End processing HTTP request after 58.7962ms - 200
[Info   :Zeepkist GTR] 20:03:37 End processing HTTP request after 65.6662ms - 200
[Info   :Zeepkist GTR] 20:03:39 Starting recorder
[Info   :Zeepkist Bingo] [BINGO] === PLAYER SPAWNED ===
[Info   :Zeepkist Bingo] [BINGO] IsInActiveSession: False
[Info   :Zeepkist Bingo] [BINGO] Not in active session, skipping timer reset
[Info   :Zeepkist GTR] 20:04:01 Loading personal best...
[Info   :Zeepkist GTR] 20:04:01 Start processing HTTP request "POST" https://es-graphql-1q5xcqmja6dvh4ctc4t9.zeepki.st/
[Info   :Zeepkist GTR] 20:04:01 Start processing HTTP request "POST" https://es-graphql-1q5xcqmja6dvh4ctc4t9.zeepki.st/
[Info   :Zeepkist GTR] 20:04:01 Sending HTTP request "POST" https://es-graphql-1q5xcqmja6dvh4ctc4t9.zeepki.st/
[Info   :Zeepkist GTR] 20:04:01 Stopping existing recorder if any
[Info   :Zeepkist GTR] 20:04:01 Creating new recorder
[Info   :Zeepkist GTR] 20:04:01 Received HTTP response headers after 959.8993ms - 200
[Info   :Zeepkist GTR] 20:04:01 End processing HTTP request after 960.117ms - 200
[Info   :Zeepkist GTR] 20:04:01 End processing HTTP request after 963.7979ms - 200
[Info   :Zeepkist GTR] 20:04:02 Starting recorder
[Info   :Zeepkist Bingo] [BINGO] === PLAYER SPAWNED ===
[Info   :Zeepkist Bingo] [BINGO] IsInActiveSession: False
[Info   :Zeepkist Bingo] [BINGO] Not in active session, skipping timer reset
[Info   :Zeepkist GTR] 20:04:16 Loading personal best...
[Info   :Zeepkist GTR] 20:04:16 Start processing HTTP request "POST" https://es-graphql-1q5xcqmja6dvh4ctc4t9.zeepki.st/
[Info   :Zeepkist GTR] 20:04:16 Start processing HTTP request "POST" https://es-graphql-1q5xcqmja6dvh4ctc4t9.zeepki.st/
[Info   :Zeepkist GTR] 20:04:16 Sending HTTP request "POST" https://es-graphql-1q5xcqmja6dvh4ctc4t9.zeepki.st/
[Info   :Zeepkist GTR] 20:04:16 Stopping existing recorder if any
[Info   :Zeepkist GTR] 20:04:16 Creating new recorder
[Info   :Zeepkist GTR] 20:04:16 Received HTTP response headers after 53.9702ms - 200
[Info   :Zeepkist GTR] 20:04:16 End processing HTTP request after 54.1862ms - 200
[Info   :Zeepkist GTR] 20:04:16 End processing HTTP request after 61.2295ms - 200
[Info   :Zeepkist GTR] 20:04:18 Starting recorder
[Info   :Zeepkist GTR] 20:04:43 Stopping recorder
[Info   :Zeepkist GTR] 20:04:43 Collecting extra information
[Info   :Zeepkist GTR] 20:04:43 Resolved workshop ID "3808767538" from lobby 3808767538 and level 0
[Info   :Zeepkist GTR] 20:04:43 Processing ghost data
[Info   :Zeepkist GTR] 20:04:43 Creating stream
[Info   :Zeepkist GTR] 20:04:43 Writing to stream
[Info   :Zeepkist GTR] 20:04:43 Converting to base64
[Info   :Zeepkist GTR] 20:04:43 Creating resource
[Info   :Zeepkist GTR] 20:04:43 Start processing HTTP request "POST" https://es-backend-5eu0pg2dcfyp6u2v33lz.zeepki.st/auth/refresh
[Info   :Zeepkist GTR] 20:04:43 Start processing HTTP request "POST" https://es-backend-5eu0pg2dcfyp6u2v33lz.zeepki.st/auth/refresh
[Info   :Zeepkist GTR] 20:04:43 Sending HTTP request "POST" https://es-backend-5eu0pg2dcfyp6u2v33lz.zeepki.st/auth/refresh
[Info   :Zeepkist GTR] 20:04:43 Received HTTP response headers after 78.8962ms - 200
[Info   :Zeepkist GTR] 20:04:43 End processing HTTP request after 79.112ms - 200
[Info   :Zeepkist GTR] 20:04:43 End processing HTTP request after 81.9826ms - 200
[Info   :Zeepkist GTR] 20:04:43 Start processing HTTP request "POST" https://es-backend-5eu0pg2dcfyp6u2v33lz.zeepki.st/record/submit
[Info   :Zeepkist GTR] 20:04:43 Start processing HTTP request "POST" https://es-backend-5eu0pg2dcfyp6u2v33lz.zeepki.st/record/submit
[Info   :Zeepkist GTR] 20:04:43 Sending HTTP request "POST" https://es-backend-5eu0pg2dcfyp6u2v33lz.zeepki.st/record/submit
[Info   :Zeepkist GTR] 20:04:43 Received HTTP response headers after 164.6598ms - 200
[Info   :Zeepkist GTR] 20:04:43 End processing HTTP request after 164.8858ms - 200
[Info   :Zeepkist GTR] 20:04:43 End processing HTTP request after 169.8473ms - 200
[Info   :Zeepkist Bingo] [BINGO] === PLAYER SPAWNED ===
[Info   :Zeepkist Bingo] [BINGO] IsInActiveSession: False
[Info   :Zeepkist Bingo] [BINGO] Not in active session, skipping timer reset
[Info   :Zeepkist GTR] 20:04:44 Loading personal best...
[Info   :Zeepkist GTR] 20:04:44 Start processing HTTP request "POST" https://es-graphql-1q5xcqmja6dvh4ctc4t9.zeepki.st/
[Info   :Zeepkist GTR] 20:04:44 Start processing HTTP request "POST" https://es-graphql-1q5xcqmja6dvh4ctc4t9.zeepki.st/
[Info   :Zeepkist GTR] 20:04:44 Sending HTTP request "POST" https://es-graphql-1q5xcqmja6dvh4ctc4t9.zeepki.st/
[Info   :Zeepkist GTR] 20:04:44 Stopping existing recorder if any
[Info   :Zeepkist GTR] 20:04:44 Creating new recorder
[Info   :Zeepkist GTR] 20:04:44 Received HTTP response headers after 58.9772ms - 200
[Info   :Zeepkist GTR] 20:04:44 End processing HTTP request after 59.2091ms - 200
[Info   :Zeepkist GTR] 20:04:44 End processing HTTP request after 61.2552ms - 200
[Info   :Zeepkist GTR] 20:04:46 Starting recorder
[Info   :Zeepkist Bingo] [BINGO] === PLAYER SPAWNED ===
[Info   :Zeepkist Bingo] [BINGO] IsInActiveSession: False
[Info   :Zeepkist Bingo] [BINGO] Not in active session, skipping timer reset
[Info   :Zeepkist GTR] 20:04:57 Loading personal best...
[Info   :Zeepkist GTR] 20:04:57 Start processing HTTP request "POST" https://es-graphql-1q5xcqmja6dvh4ctc4t9.zeepki.st/
[Info   :Zeepkist GTR] 20:04:57 Start processing HTTP request "POST" https://es-graphql-1q5xcqmja6dvh4ctc4t9.zeepki.st/
[Info   :Zeepkist GTR] 20:04:57 Sending HTTP request "POST" https://es-graphql-1q5xcqmja6dvh4ctc4t9.zeepki.st/
[Info   :Zeepkist GTR] 20:04:57 Stopping existing recorder if any
[Info   :Zeepkist GTR] 20:04:57 Creating new recorder
[Info   :Zeepkist GTR] 20:04:57 Received HTTP response headers after 213.9315ms - 200
[Info   :Zeepkist GTR] 20:04:57 End processing HTTP request after 214.1475ms - 200
[Info   :Zeepkist GTR] 20:04:57 End processing HTTP request after 226.2868ms - 200
[Info   :Zeepkist GTR] 20:04:58 Starting recorder
[Info   :Zeepkist GTR] 20:05:12 Start processing HTTP request "POST" https://es-graphql-1q5xcqmja6dvh4ctc4t9.zeepki.st/
[Info   :Zeepkist GTR] 20:05:12 Start processing HTTP request "POST" https://es-graphql-1q5xcqmja6dvh4ctc4t9.zeepki.st/
[Info   :Zeepkist GTR] 20:05:12 Sending HTTP request "POST" https://es-graphql-1q5xcqmja6dvh4ctc4t9.zeepki.st/
[Info   :Zeepkist GTR] 20:05:13 Received HTTP response headers after 281.7529ms - 200
[Info   :Zeepkist GTR] 20:05:13 End processing HTTP request after 281.9665ms - 200
[Info   :Zeepkist GTR] 20:05:13 End processing HTTP request after 293.0737ms - 200
[Info   :Zeepkist GTR] 20:05:23 Stopping recorder
[Info   :Zeepkist GTR] 20:05:23 Collecting extra information
[Info   :Zeepkist GTR] 20:05:23 Resolved workshop ID "3808767538" from lobby 3808767538 and level 0
[Info   :Zeepkist GTR] 20:05:23 Processing ghost data
[Info   :Zeepkist GTR] 20:05:23 Creating stream
[Info   :Zeepkist GTR] 20:05:23 Writing to stream
[Info   :Zeepkist GTR] 20:05:23 Converting to base64
[Info   :Zeepkist GTR] 20:05:23 Creating resource
[Info   :Zeepkist GTR] 20:05:23 Start processing HTTP request "POST" https://es-backend-5eu0pg2dcfyp6u2v33lz.zeepki.st/record/submit
[Info   :Zeepkist GTR] 20:05:23 Start processing HTTP request "POST" https://es-backend-5eu0pg2dcfyp6u2v33lz.zeepki.st/record/submit
[Info   :Zeepkist GTR] 20:05:23 Sending HTTP request "POST" https://es-backend-5eu0pg2dcfyp6u2v33lz.zeepki.st/record/submit
[Info   :Zeepkist GTR] 20:05:24 Received HTTP response headers after 396.0403ms - 200
[Info   :Zeepkist GTR] 20:05:24 End processing HTTP request after 396.2747ms - 200
[Info   :Zeepkist GTR] 20:05:24 End processing HTTP request after 403.2801ms - 200
[Info   :RoundLeaderboardTab] Drawing leaderboard -> forwarding to Instance.DrawTabLeaderboard()
[Info   :RoundLeaderboardTab] Drawing leaderboard -> forwarding to Instance.DrawTabLeaderboard()
[Info   :RoundLeaderboardTab] Drawing leaderboard -> forwarding to Instance.DrawTabLeaderboard()
[Info   :RoundLeaderboardTab] Drawing leaderboard -> forwarding to Instance.DrawTabLeaderboard()
[Info   :Zeepkist GTR] 20:05:43 Discarding recorder
[Info   :Zeepkist Bingo] [BINGO] Level loaded
[Info   :Zeepkist GTR] 20:05:57 Start processing HTTP request "POST" https://es-backend-5eu0pg2dcfyp6u2v33lz.zeepki.st/level/request
[Info   :Zeepkist GTR] 20:05:57 Start processing HTTP request "POST" https://es-backend-5eu0pg2dcfyp6u2v33lz.zeepki.st/level/request
[Info   :Zeepkist GTR] 20:05:57 Sending HTTP request "POST" https://es-backend-5eu0pg2dcfyp6u2v33lz.zeepki.st/level/request
[Info   :Zeepkist GTR] 20:05:57 Start processing HTTP request "POST" https://es-graphql-1q5xcqmja6dvh4ctc4t9.zeepki.st/
[Info   :Zeepkist GTR] 20:05:57 Start processing HTTP request "POST" https://es-graphql-1q5xcqmja6dvh4ctc4t9.zeepki.st/
[Info   :Zeepkist GTR] 20:05:57 Sending HTTP request "POST" https://es-graphql-1q5xcqmja6dvh4ctc4t9.zeepki.st/
[Warning:Zeepkist GTR] 20:05:57 Current-level record subscription failed
[Info   :Zeepkist GTR] 20:05:57 Start processing HTTP request "POST" https://es-graphql-1q5xcqmja6dvh4ctc4t9.zeepki.st/
[Info   :Zeepkist GTR] 20:05:57 Start processing HTTP request "POST" https://es-graphql-1q5xcqmja6dvh4ctc4t9.zeepki.st/
[Info   :Zeepkist GTR] 20:05:57 Sending HTTP request "POST" https://es-graphql-1q5xcqmja6dvh4ctc4t9.zeepki.st/
[Info   :BetterSplits] getting gtr splits
[Info   :Zeepkist GTR] 20:05:57 Received HTTP response headers after 53.3133ms - 200
[Info   :Zeepkist GTR] 20:05:57 End processing HTTP request after 53.5342ms - 200
[Info   :Zeepkist GTR] 20:05:57 Received HTTP response headers after 55.0069ms - 200
[Info   :Zeepkist GTR] 20:05:57 End processing HTTP request after 55.2336ms - 200
[Info   :Zeepkist GTR] 20:05:57 End processing HTTP request after 62.1475ms - 200
[Info   :Zeepkist GTR] 20:05:57 End processing HTTP request after 62.7382ms - 200
[Info   :Zeepkist Bingo] [BINGO] === PLAYER SPAWNED ===
[Info   :Zeepkist Bingo] [BINGO] IsInActiveSession: False
[Info   :Zeepkist Bingo] [BINGO] Not in active session, skipping timer reset
[Info   :Zeepkist GTR] 20:05:57 Loading personal best...
[Info   :Zeepkist GTR] 20:05:57 Start processing HTTP request "POST" https://es-graphql-1q5xcqmja6dvh4ctc4t9.zeepki.st/
[Info   :Zeepkist GTR] 20:05:57 Start processing HTTP request "POST" https://es-graphql-1q5xcqmja6dvh4ctc4t9.zeepki.st/
[Info   :Zeepkist GTR] 20:05:57 Sending HTTP request "POST" https://es-graphql-1q5xcqmja6dvh4ctc4t9.zeepki.st/
[Info   :Zeepkist GTR] 20:05:57 Stopping existing recorder if any
[Info   :Zeepkist GTR] 20:05:57 Creating new recorder
[Warning:Zeepkist GTR] 20:05:57 Unable to resolve current level GraphQL ID
[Info   :Zeepkist GTR] 20:05:57 Received HTTP response headers after 70.1787ms - 200
[Info   :Zeepkist GTR] 20:05:57 End processing HTTP request after 70.3945ms - 200
[Info   :Zeepkist GTR] 20:05:57 End processing HTTP request after 76.1168ms - 200
[Info   :Zeepkist GTR] 20:05:57 Received HTTP response headers after 215.0816ms - 200
[Info   :Zeepkist GTR] 20:05:57 End processing HTTP request after 215.3872ms - 200
[Info   :Zeepkist GTR] 20:05:57 End processing HTTP request after 216.6586ms - 200
[Info   :BetterSplits] no record set
[Info   :Zeepkist GTR] 20:05:59 Starting recorder
[Info   :   Console] Download started for AppId: 1440670, FileId: 3810618459, Result: OK
[Info   :Zeepkist GTR] 20:06:23 Stopping recorder
[Info   :Zeepkist GTR] 20:06:23 Collecting extra information
[Info   :Zeepkist GTR] 20:06:23 Resolved workshop ID "3810618459" from lobby 3810618459 and level 0
[Info   :Zeepkist GTR] 20:06:23 Processing ghost data
[Info   :Zeepkist GTR] 20:06:23 Creating stream
[Info   :Zeepkist GTR] 20:06:23 Writing to stream
[Info   :Zeepkist GTR] 20:06:23 Converting to base64
[Info   :Zeepkist GTR] 20:06:23 Creating resource
[Info   :Zeepkist GTR] 20:06:23 Start processing HTTP request "POST" https://es-backend-5eu0pg2dcfyp6u2v33lz.zeepki.st/record/submit
[Info   :Zeepkist GTR] 20:06:23 Start processing HTTP request "POST" https://es-backend-5eu0pg2dcfyp6u2v33lz.zeepki.st/record/submit
[Info   :Zeepkist GTR] 20:06:23 Sending HTTP request "POST" https://es-backend-5eu0pg2dcfyp6u2v33lz.zeepki.st/record/submit
[Info   :Zeepkist GTR] 20:06:24 Received HTTP response headers after 200.9893ms - 200
[Info   :Zeepkist GTR] 20:06:24 End processing HTTP request after 201.2207ms - 200
[Info   :Zeepkist GTR] 20:06:24 End processing HTTP request after 201.5665ms - 200
[Warning:Zeepkist GTR] 20:06:24 Skipping record feedback because no pre-submit snapshot was available
[Info   :Zeepkist Bingo] [BINGO] === PLAYER SPAWNED ===
[Info   :Zeepkist Bingo] [BINGO] IsInActiveSession: False
[Info   :Zeepkist Bingo] [BINGO] Not in active session, skipping timer reset
[Info   :Zeepkist GTR] 20:06:25 Loading personal best...
[Info   :Zeepkist GTR] 20:06:25 Start processing HTTP request "POST" https://es-graphql-1q5xcqmja6dvh4ctc4t9.zeepki.st/
[Info   :Zeepkist GTR] 20:06:25 Start processing HTTP request "POST" https://es-graphql-1q5xcqmja6dvh4ctc4t9.zeepki.st/
[Info   :Zeepkist GTR] 20:06:25 Sending HTTP request "POST" https://es-graphql-1q5xcqmja6dvh4ctc4t9.zeepki.st/
[Info   :Zeepkist GTR] 20:06:25 Start processing HTTP request "POST" https://es-graphql-1q5xcqmja6dvh4ctc4t9.zeepki.st/
[Info   :Zeepkist GTR] 20:06:25 Start processing HTTP request "POST" https://es-graphql-1q5xcqmja6dvh4ctc4t9.zeepki.st/
[Info   :Zeepkist GTR] 20:06:25 Sending HTTP request "POST" https://es-graphql-1q5xcqmja6dvh4ctc4t9.zeepki.st/
[Info   :Zeepkist GTR] 20:06:25 Stopping existing recorder if any
[Info   :Zeepkist GTR] 20:06:25 Creating new recorder
[Info   :Zeepkist GTR] 20:06:25 Received HTTP response headers after 55.6103ms - 200
[Info   :Zeepkist GTR] 20:06:25 End processing HTTP request after 55.8264ms - 200
[Info   :Zeepkist GTR] 20:06:25 End processing HTTP request after 66.8665ms - 200
[Info   :Zeepkist GTR] 20:06:25 Received HTTP response headers after 68.7467ms - 200
[Info   :Zeepkist GTR] 20:06:25 End processing HTTP request after 68.9502ms - 200
[Info   :Zeepkist GTR] 20:06:25 End processing HTTP request after 77.0518ms - 200
[Info   :Zeepkist GTR] 20:06:25 Start processing HTTP request "GET" https://cdn.zeepki.st/ghosts/01M3SQY27Z2QDW63MX7PB7HNVF.bin
[Info   :Zeepkist GTR] 20:06:25 Sending HTTP request "GET" https://cdn.zeepki.st/ghosts/01M3SQY27Z2QDW63MX7PB7HNVF.bin
[Info   :Zeepkist GTR] 20:06:26 Received HTTP response headers after 787.5684ms - 200
[Info   :Zeepkist GTR] 20:06:26 End processing HTTP request after 787.8194ms - 200
[Info   :Zeepkist GTR] 20:06:27 Starting recorder
[Info   :Zeepkist GTR] 20:06:51 Stopping recorder
[Info   :Zeepkist GTR] 20:06:51 Collecting extra information
[Info   :Zeepkist GTR] 20:06:51 Resolved workshop ID "3810618459" from lobby 3810618459 and level 0
[Info   :Zeepkist GTR] 20:06:51 Processing ghost data
[Info   :Zeepkist GTR] 20:06:51 Creating stream
[Info   :Zeepkist GTR] 20:06:51 Writing to stream
[Info   :Zeepkist GTR] 20:06:51 Converting to base64
[Info   :Zeepkist GTR] 20:06:51 Creating resource
[Info   :Zeepkist GTR] 20:06:51 Start processing HTTP request "POST" https://es-backend-5eu0pg2dcfyp6u2v33lz.zeepki.st/record/submit
[Info   :Zeepkist GTR] 20:06:51 Start processing HTTP request "POST" https://es-backend-5eu0pg2dcfyp6u2v33lz.zeepki.st/record/submit
[Info   :Zeepkist GTR] 20:06:51 Sending HTTP request "POST" https://es-backend-5eu0pg2dcfyp6u2v33lz.zeepki.st/record/submit
[Info   :Zeepkist GTR] 20:06:51 Received HTTP response headers after 223.8633ms - 200
[Info   :Zeepkist GTR] 20:06:51 End processing HTTP request after 224.0799ms - 200
[Info   :Zeepkist GTR] 20:06:51 End processing HTTP request after 228.0411ms - 200
[Info   :Zeepkist Bingo] [BINGO] === PLAYER SPAWNED ===
[Info   :Zeepkist Bingo] [BINGO] IsInActiveSession: False
[Info   :Zeepkist Bingo] [BINGO] Not in active session, skipping timer reset
[Info   :Zeepkist GTR] 20:06:53 Loading personal best...
[Info   :Zeepkist GTR] 20:06:53 Start processing HTTP request "POST" https://es-graphql-1q5xcqmja6dvh4ctc4t9.zeepki.st/
[Info   :Zeepkist GTR] 20:06:53 Start processing HTTP request "POST" https://es-graphql-1q5xcqmja6dvh4ctc4t9.zeepki.st/
[Info   :Zeepkist GTR] 20:06:53 Sending HTTP request "POST" https://es-graphql-1q5xcqmja6dvh4ctc4t9.zeepki.st/
[Info   :Zeepkist GTR] 20:06:53 Stopping existing recorder if any
[Info   :Zeepkist GTR] 20:06:53 Creating new recorder
[Info   :Zeepkist GTR] 20:06:54 Received HTTP response headers after 68.3374ms - 200
[Info   :Zeepkist GTR] 20:06:54 End processing HTTP request after 68.7047ms - 200
[Info   :Zeepkist GTR] 20:06:54 End processing HTTP request after 78.7499ms - 200
[Info   :Zeepkist GTR] 20:06:54 Start processing HTTP request "GET" https://cdn.zeepki.st/ghosts/01M3SQYX8R3BT8R6MME4QG6XEP.bin
[Info   :Zeepkist GTR] 20:06:54 Sending HTTP request "GET" https://cdn.zeepki.st/ghosts/01M3SQYX8R3BT8R6MME4QG6XEP.bin
[Info   :Zeepkist GTR] 20:06:54 Received HTTP response headers after 744.4884ms - 200
[Info   :Zeepkist GTR] 20:06:54 End processing HTTP request after 744.7632ms - 200
[Info   :Zeepkist GTR] 20:06:55 Start processing HTTP request "POST" https://es-graphql-1q5xcqmja6dvh4ctc4t9.zeepki.st/
[Info   :Zeepkist GTR] 20:06:55 Start processing HTTP request "POST" https://es-graphql-1q5xcqmja6dvh4ctc4t9.zeepki.st/
[Info   :Zeepkist GTR] 20:06:55 Sending HTTP request "POST" https://es-graphql-1q5xcqmja6dvh4ctc4t9.zeepki.st/
[Info   :Zeepkist GTR] 20:06:55 Received HTTP response headers after 46.822ms - 200
[Info   :Zeepkist GTR] 20:06:55 End processing HTTP request after 47.0609ms - 200
[Info   :Zeepkist GTR] 20:06:55 End processing HTTP request after 48.97ms - 200
[Info   :Zeepkist GTR] 20:06:55 Starting recorder
[Info   :RoundLeaderboardTab] Drawing leaderboard -> forwarding to Instance.DrawTabLeaderboard()
[Info   :Zeepkist Bingo] [BINGO] === PLAYER SPAWNED ===
[Info   :Zeepkist Bingo] [BINGO] IsInActiveSession: False
[Info   :Zeepkist Bingo] [BINGO] Not in active session, skipping timer reset
[Info   :Zeepkist GTR] 20:06:59 Loading personal best...
[Info   :Zeepkist GTR] 20:06:59 Start processing HTTP request "POST" https://es-graphql-1q5xcqmja6dvh4ctc4t9.zeepki.st/
[Info   :Zeepkist GTR] 20:06:59 Start processing HTTP request "POST" https://es-graphql-1q5xcqmja6dvh4ctc4t9.zeepki.st/
[Info   :Zeepkist GTR] 20:06:59 Sending HTTP request "POST" https://es-graphql-1q5xcqmja6dvh4ctc4t9.zeepki.st/
[Info   :Zeepkist GTR] 20:06:59 Stopping existing recorder if any
[Info   :Zeepkist GTR] 20:06:59 Creating new recorder
[Info   :Zeepkist GTR] 20:06:59 Received HTTP response headers after 221.0361ms - 200
[Info   :Zeepkist GTR] 20:06:59 End processing HTTP request after 221.2448ms - 200
[Info   :Zeepkist GTR] 20:06:59 End processing HTTP request after 222.6977ms - 200
[Info   :Zeepkist GTR] 20:07:01 Starting recorder
[Info   :Zeepkist GTR] 20:07:24 Stopping recorder
[Info   :Zeepkist GTR] 20:07:24 Collecting extra information
[Info   :Zeepkist GTR] 20:07:24 Resolved workshop ID "3810618459" from lobby 3810618459 and level 0
[Info   :Zeepkist GTR] 20:07:24 Processing ghost data
[Info   :Zeepkist GTR] 20:07:24 Creating stream
[Info   :Zeepkist GTR] 20:07:24 Writing to stream
[Info   :Zeepkist GTR] 20:07:25 Converting to base64
[Info   :Zeepkist GTR] 20:07:25 Creating resource
[Info   :Zeepkist GTR] 20:07:25 Start processing HTTP request "POST" https://es-backend-5eu0pg2dcfyp6u2v33lz.zeepki.st/record/submit
[Info   :Zeepkist GTR] 20:07:25 Start processing HTTP request "POST" https://es-backend-5eu0pg2dcfyp6u2v33lz.zeepki.st/record/submit
[Info   :Zeepkist GTR] 20:07:25 Sending HTTP request "POST" https://es-backend-5eu0pg2dcfyp6u2v33lz.zeepki.st/record/submit
[Info   :Zeepkist GTR] 20:07:25 Received HTTP response headers after 448.8919ms - 200
[Info   :Zeepkist GTR] 20:07:25 End processing HTTP request after 449.1478ms - 200
[Info   :Zeepkist GTR] 20:07:25 End processing HTTP request after 451.1324ms - 200
[Info   :Zeepkist Bingo] [BINGO] === PLAYER SPAWNED ===
[Info   :Zeepkist Bingo] [BINGO] IsInActiveSession: False
[Info   :Zeepkist Bingo] [BINGO] Not in active session, skipping timer reset
[Info   :Zeepkist GTR] 20:07:26 Loading personal best...
[Info   :Zeepkist GTR] 20:07:26 Start processing HTTP request "POST" https://es-graphql-1q5xcqmja6dvh4ctc4t9.zeepki.st/
[Info   :Zeepkist GTR] 20:07:26 Start processing HTTP request "POST" https://es-graphql-1q5xcqmja6dvh4ctc4t9.zeepki.st/
[Info   :Zeepkist GTR] 20:07:26 Sending HTTP request "POST" https://es-graphql-1q5xcqmja6dvh4ctc4t9.zeepki.st/
[Info   :Zeepkist GTR] 20:07:26 Stopping existing recorder if any
[Info   :Zeepkist GTR] 20:07:26 Creating new recorder
[Info   :Zeepkist GTR] 20:07:26 Received HTTP response headers after 94.0333ms - 200
[Info   :Zeepkist GTR] 20:07:26 End processing HTTP request after 94.3877ms - 200
[Info   :Zeepkist GTR] 20:07:26 End processing HTTP request after 98.0113ms - 200
[Info   :Zeepkist GTR] 20:07:26 Start processing HTTP request "GET" https://cdn.zeepki.st/ghosts/01M3SQZY7QQ61NNA51N0GQ8Q3Q.bin
[Info   :Zeepkist GTR] 20:07:26 Sending HTTP request "GET" https://cdn.zeepki.st/ghosts/01M3SQZY7QQ61NNA51N0GQ8Q3Q.bin
[Info   :Zeepkist GTR] 20:07:26 Start processing HTTP request "POST" https://es-graphql-1q5xcqmja6dvh4ctc4t9.zeepki.st/
[Info   :Zeepkist GTR] 20:07:26 Start processing HTTP request "POST" https://es-graphql-1q5xcqmja6dvh4ctc4t9.zeepki.st/
[Info   :Zeepkist GTR] 20:07:26 Sending HTTP request "POST" https://es-graphql-1q5xcqmja6dvh4ctc4t9.zeepki.st/
[Info   :Zeepkist GTR] 20:07:26 Received HTTP response headers after 64.3844ms - 200
[Info   :Zeepkist GTR] 20:07:26 End processing HTTP request after 64.6025ms - 200
[Info   :Zeepkist GTR] 20:07:26 End processing HTTP request after 66.2272ms - 200
[Info   :Zeepkist GTR] 20:07:27 Received HTTP response headers after 727.7878ms - 200
[Info   :Zeepkist GTR] 20:07:27 End processing HTTP request after 728.1141ms - 200
[Info   :Zeepkist GTR] 20:07:28 Starting recorder
[Info   :Zeepkist Bingo] [BINGO] === PLAYER SPAWNED ===
[Info   :Zeepkist Bingo] [BINGO] IsInActiveSession: False
[Info   :Zeepkist Bingo] [BINGO] Not in active session, skipping timer reset
[Info   :Zeepkist GTR] 20:07:52 Loading personal best...
[Info   :Zeepkist GTR] 20:07:52 Start processing HTTP request "POST" https://es-graphql-1q5xcqmja6dvh4ctc4t9.zeepki.st/
[Info   :Zeepkist GTR] 20:07:52 Start processing HTTP request "POST" https://es-graphql-1q5xcqmja6dvh4ctc4t9.zeepki.st/
[Info   :Zeepkist GTR] 20:07:52 Sending HTTP request "POST" https://es-graphql-1q5xcqmja6dvh4ctc4t9.zeepki.st/
[Info   :Zeepkist GTR] 20:07:52 Stopping existing recorder if any
[Info   :Zeepkist GTR] 20:07:52 Creating new recorder
[Info   :Zeepkist GTR] 20:07:52 Received HTTP response headers after 62.3136ms - 200
[Info   :Zeepkist GTR] 20:07:52 End processing HTTP request after 62.5131ms - 200
[Info   :Zeepkist GTR] 20:07:52 End processing HTTP request after 63.6129ms - 200
[Info   :Zeepkist GTR] 20:07:54 Starting recorder
[Info   :Zeepkist Bingo] [BINGO] === PLAYER SPAWNED ===
[Info   :Zeepkist Bingo] [BINGO] IsInActiveSession: False
[Info   :Zeepkist Bingo] [BINGO] Not in active session, skipping timer reset
[Info   :Zeepkist GTR] 20:08:04 Loading personal best...
[Info   :Zeepkist GTR] 20:08:04 Start processing HTTP request "POST" https://es-graphql-1q5xcqmja6dvh4ctc4t9.zeepki.st/
[Info   :Zeepkist GTR] 20:08:04 Start processing HTTP request "POST" https://es-graphql-1q5xcqmja6dvh4ctc4t9.zeepki.st/
[Info   :Zeepkist GTR] 20:08:04 Sending HTTP request "POST" https://es-graphql-1q5xcqmja6dvh4ctc4t9.zeepki.st/
[Info   :Zeepkist GTR] 20:08:04 Stopping existing recorder if any
[Info   :Zeepkist GTR] 20:08:04 Creating new recorder
[Info   :Zeepkist GTR] 20:08:04 Received HTTP response headers after 55.6642ms - 200
[Info   :Zeepkist GTR] 20:08:04 End processing HTTP request after 55.8782ms - 200
[Info   :Zeepkist GTR] 20:08:04 End processing HTTP request after 61.0397ms - 200
[Info   :Zeepkist GTR] 20:08:06 Starting recorder
[Info   :Zeepkist Bingo] [BINGO] === PLAYER SPAWNED ===
[Info   :Zeepkist Bingo] [BINGO] IsInActiveSession: False
[Info   :Zeepkist Bingo] [BINGO] Not in active session, skipping timer reset
[Info   :Zeepkist GTR] 20:08:16 Loading personal best...
[Info   :Zeepkist GTR] 20:08:16 Start processing HTTP request "POST" https://es-graphql-1q5xcqmja6dvh4ctc4t9.zeepki.st/
[Info   :Zeepkist GTR] 20:08:16 Start processing HTTP request "POST" https://es-graphql-1q5xcqmja6dvh4ctc4t9.zeepki.st/
[Info   :Zeepkist GTR] 20:08:16 Sending HTTP request "POST" https://es-graphql-1q5xcqmja6dvh4ctc4t9.zeepki.st/
[Info   :Zeepkist GTR] 20:08:16 Stopping existing recorder if any
[Info   :Zeepkist GTR] 20:08:16 Creating new recorder
[Info   :Zeepkist GTR] 20:08:16 Received HTTP response headers after 70.3771ms - 200
[Info   :Zeepkist GTR] 20:08:16 End processing HTTP request after 70.5963ms - 200
[Info   :Zeepkist GTR] 20:08:16 End processing HTTP request after 75.3577ms - 200
[Info   :Zeepkist GTR] 20:08:18 Starting recorder
[Info   :Zeepkist Bingo] [BINGO] === PLAYER SPAWNED ===
[Info   :Zeepkist Bingo] [BINGO] IsInActiveSession: False
[Info   :Zeepkist Bingo] [BINGO] Not in active session, skipping timer reset
[Info   :Zeepkist GTR] 20:08:29 Loading personal best...
[Info   :Zeepkist GTR] 20:08:29 Start processing HTTP request "POST" https://es-graphql-1q5xcqmja6dvh4ctc4t9.zeepki.st/
[Info   :Zeepkist GTR] 20:08:29 Start processing HTTP request "POST" https://es-graphql-1q5xcqmja6dvh4ctc4t9.zeepki.st/
[Info   :Zeepkist GTR] 20:08:29 Sending HTTP request "POST" https://es-graphql-1q5xcqmja6dvh4ctc4t9.zeepki.st/
[Info   :Zeepkist GTR] 20:08:29 Stopping existing recorder if any
[Info   :Zeepkist GTR] 20:08:29 Creating new recorder
[Info   :Zeepkist GTR] 20:08:29 Received HTTP response headers after 59.8675ms - 200
[Info   :Zeepkist GTR] 20:08:29 End processing HTTP request after 60.0714ms - 200
[Info   :Zeepkist GTR] 20:08:29 End processing HTTP request after 61.8687ms - 200
[Info   :Zeepkist GTR] 20:08:31 Starting recorder
[Info   :Zeepkist GTR] 20:08:55 Stopping recorder
[Info   :Zeepkist GTR] 20:08:55 Collecting extra information
[Info   :Zeepkist GTR] 20:08:55 Resolved workshop ID "3810618459" from lobby 3810618459 and level 0
[Info   :Zeepkist GTR] 20:08:55 Processing ghost data
[Info   :Zeepkist GTR] 20:08:55 Creating stream
[Info   :Zeepkist GTR] 20:08:55 Writing to stream
[Info   :Zeepkist GTR] 20:08:55 Converting to base64
[Info   :Zeepkist GTR] 20:08:55 Creating resource
[Info   :Zeepkist GTR] 20:08:55 Start processing HTTP request "POST" https://es-backend-5eu0pg2dcfyp6u2v33lz.zeepki.st/record/submit
[Info   :Zeepkist GTR] 20:08:55 Start processing HTTP request "POST" https://es-backend-5eu0pg2dcfyp6u2v33lz.zeepki.st/record/submit
[Info   :Zeepkist GTR] 20:08:55 Sending HTTP request "POST" https://es-backend-5eu0pg2dcfyp6u2v33lz.zeepki.st/record/submit
[Info   :Zeepkist GTR] 20:08:56 Received HTTP response headers after 146.2981ms - 200
[Info   :Zeepkist GTR] 20:08:56 End processing HTTP request after 146.5295ms - 200
[Info   :Zeepkist GTR] 20:08:56 End processing HTTP request after 153.1537ms - 200
[Info   :Zeepkist Bingo] [BINGO] === PLAYER SPAWNED ===
[Info   :Zeepkist Bingo] [BINGO] IsInActiveSession: False
[Info   :Zeepkist Bingo] [BINGO] Not in active session, skipping timer reset
[Info   :Zeepkist GTR] 20:08:57 Loading personal best...
[Info   :Zeepkist GTR] 20:08:57 Start processing HTTP request "POST" https://es-graphql-1q5xcqmja6dvh4ctc4t9.zeepki.st/
[Info   :Zeepkist GTR] 20:08:57 Start processing HTTP request "POST" https://es-graphql-1q5xcqmja6dvh4ctc4t9.zeepki.st/
[Info   :Zeepkist GTR] 20:08:57 Sending HTTP request "POST" https://es-graphql-1q5xcqmja6dvh4ctc4t9.zeepki.st/
[Info   :Zeepkist GTR] 20:08:57 Stopping existing recorder if any
[Info   :Zeepkist GTR] 20:08:57 Creating new recorder
[Info   :Zeepkist GTR] 20:08:57 Received HTTP response headers after 65.2097ms - 200
[Info   :Zeepkist GTR] 20:08:57 End processing HTTP request after 65.4387ms - 200
[Info   :Zeepkist GTR] 20:08:57 End processing HTTP request after 67.8982ms - 200
[Info   :Zeepkist GTR] 20:08:59 Starting recorder
[Info   :Zeepkist Bingo] [BINGO] === PLAYER SPAWNED ===
[Info   :Zeepkist Bingo] [BINGO] IsInActiveSession: False
[Info   :Zeepkist Bingo] [BINGO] Not in active session, skipping timer reset
[Info   :Zeepkist GTR] 20:09:20 Loading personal best...
[Info   :Zeepkist GTR] 20:09:20 Start processing HTTP request "POST" https://es-graphql-1q5xcqmja6dvh4ctc4t9.zeepki.st/
[Info   :Zeepkist GTR] 20:09:20 Start processing HTTP request "POST" https://es-graphql-1q5xcqmja6dvh4ctc4t9.zeepki.st/
[Info   :Zeepkist GTR] 20:09:20 Sending HTTP request "POST" https://es-graphql-1q5xcqmja6dvh4ctc4t9.zeepki.st/
[Info   :Zeepkist GTR] 20:09:20 Stopping existing recorder if any
[Info   :Zeepkist GTR] 20:09:20 Creating new recorder
[Info   :Zeepkist GTR] 20:09:20 Received HTTP response headers after 222.5623ms - 200
[Info   :Zeepkist GTR] 20:09:20 End processing HTTP request after 222.7825ms - 200
[Info   :Zeepkist GTR] 20:09:20 End processing HTTP request after 227.3702ms - 200
[Info   :Zeepkist GTR] 20:09:22 Starting recorder
[Info   :Zeepkist GTR] 20:09:45 Stopping recorder
[Info   :Zeepkist GTR] 20:09:45 Collecting extra information
[Info   :Zeepkist GTR] 20:09:45 Resolved workshop ID "3810618459" from lobby 3810618459 and level 0
[Info   :Zeepkist GTR] 20:09:45 Processing ghost data
[Info   :Zeepkist GTR] 20:09:45 Creating stream
[Info   :Zeepkist GTR] 20:09:45 Writing to stream
[Info   :Zeepkist GTR] 20:09:46 Converting to base64
[Info   :Zeepkist GTR] 20:09:46 Creating resource
[Info   :Zeepkist GTR] 20:09:46 Start processing HTTP request "POST" https://es-backend-5eu0pg2dcfyp6u2v33lz.zeepki.st/record/submit
[Info   :Zeepkist GTR] 20:09:46 Start processing HTTP request "POST" https://es-backend-5eu0pg2dcfyp6u2v33lz.zeepki.st/record/submit
[Info   :Zeepkist GTR] 20:09:46 Sending HTTP request "POST" https://es-backend-5eu0pg2dcfyp6u2v33lz.zeepki.st/record/submit
[Info   :Zeepkist GTR] 20:09:46 Received HTTP response headers after 428.071ms - 200
[Info   :Zeepkist GTR] 20:09:46 End processing HTTP request after 428.2979ms - 200
[Info   :Zeepkist GTR] 20:09:46 End processing HTTP request after 432.6923ms - 200
[Info   :Zeepkist GTR] 20:09:46 Start processing HTTP request "POST" https://es-graphql-1q5xcqmja6dvh4ctc4t9.zeepki.st/
[Info   :Zeepkist GTR] 20:09:46 Start processing HTTP request "POST" https://es-graphql-1q5xcqmja6dvh4ctc4t9.zeepki.st/
[Info   :Zeepkist GTR] 20:09:46 Sending HTTP request "POST" https://es-graphql-1q5xcqmja6dvh4ctc4t9.zeepki.st/
[Info   :Zeepkist GTR] 20:09:46 Received HTTP response headers after 53.249ms - 200
[Info   :Zeepkist GTR] 20:09:46 End processing HTTP request after 53.4647ms - 200
[Info   :Zeepkist GTR] 20:09:46 End processing HTTP request after 57.2732ms - 200
[Info   :Zeepkist Bingo] [BINGO] === PLAYER SPAWNED ===
[Info   :Zeepkist Bingo] [BINGO] IsInActiveSession: False
[Info   :Zeepkist Bingo] [BINGO] Not in active session, skipping timer reset
[Info   :Zeepkist GTR] 20:09:48 Loading personal best...
[Info   :Zeepkist GTR] 20:09:48 Start processing HTTP request "POST" https://es-graphql-1q5xcqmja6dvh4ctc4t9.zeepki.st/
[Info   :Zeepkist GTR] 20:09:48 Start processing HTTP request "POST" https://es-graphql-1q5xcqmja6dvh4ctc4t9.zeepki.st/
[Info   :Zeepkist GTR] 20:09:48 Sending HTTP request "POST" https://es-graphql-1q5xcqmja6dvh4ctc4t9.zeepki.st/
[Info   :Zeepkist GTR] 20:09:48 Stopping existing recorder if any
[Info   :Zeepkist GTR] 20:09:48 Creating new recorder
[Info   :Zeepkist GTR] 20:09:48 Received HTTP response headers after 67.2363ms - 200
[Info   :Zeepkist GTR] 20:09:48 End processing HTTP request after 67.4849ms - 200
[Info   :Zeepkist GTR] 20:09:48 End processing HTTP request after 75.9873ms - 200
[Info   :Zeepkist GTR] 20:09:48 Start processing HTTP request "GET" https://cdn.zeepki.st/ghosts/01M3SR47YN8TD99DB93FCM4B3W.bin
[Info   :Zeepkist GTR] 20:09:48 Sending HTTP request "GET" https://cdn.zeepki.st/ghosts/01M3SR47YN8TD99DB93FCM4B3W.bin
[Info   :Zeepkist GTR] 20:09:49 Received HTTP response headers after 709.9049ms - 200
[Info   :Zeepkist GTR] 20:09:49 End processing HTTP request after 710.2362ms - 200
[Info   :Zeepkist GTR] 20:09:50 Starting recorder
[Info   :Zeepkist GTR] 20:10:13 Stopping recorder
[Info   :Zeepkist GTR] 20:10:13 Collecting extra information
[Info   :Zeepkist GTR] 20:10:13 Resolved workshop ID "3810618459" from lobby 3810618459 and level 0
[Info   :Zeepkist GTR] 20:10:13 Processing ghost data
[Info   :Zeepkist GTR] 20:10:13 Creating stream
[Info   :Zeepkist GTR] 20:10:13 Writing to stream
[Info   :Zeepkist GTR] 20:10:14 Converting to base64
[Info   :Zeepkist GTR] 20:10:14 Creating resource
[Info   :Zeepkist GTR] 20:10:14 Start processing HTTP request "POST" https://es-backend-5eu0pg2dcfyp6u2v33lz.zeepki.st/record/submit
[Info   :Zeepkist GTR] 20:10:14 Start processing HTTP request "POST" https://es-backend-5eu0pg2dcfyp6u2v33lz.zeepki.st/record/submit
[Info   :Zeepkist GTR] 20:10:14 Sending HTTP request "POST" https://es-backend-5eu0pg2dcfyp6u2v33lz.zeepki.st/record/submit
[Info   :Zeepkist GTR] 20:10:14 Received HTTP response headers after 163.2963ms - 200
[Info   :Zeepkist GTR] 20:10:14 End processing HTTP request after 163.517ms - 200
[Info   :Zeepkist GTR] 20:10:14 End processing HTTP request after 166.0032ms - 200
[Info   :Zeepkist Bingo] [BINGO] === PLAYER SPAWNED ===
[Info   :Zeepkist Bingo] [BINGO] IsInActiveSession: False
[Info   :Zeepkist Bingo] [BINGO] Not in active session, skipping timer reset
[Info   :Zeepkist GTR] 20:10:15 Loading personal best...
[Info   :Zeepkist GTR] 20:10:15 Start processing HTTP request "POST" https://es-graphql-1q5xcqmja6dvh4ctc4t9.zeepki.st/
[Info   :Zeepkist GTR] 20:10:15 Start processing HTTP request "POST" https://es-graphql-1q5xcqmja6dvh4ctc4t9.zeepki.st/
[Info   :Zeepkist GTR] 20:10:15 Sending HTTP request "POST" https://es-graphql-1q5xcqmja6dvh4ctc4t9.zeepki.st/
[Info   :Zeepkist GTR] 20:10:15 Stopping existing recorder if any
[Info   :Zeepkist GTR] 20:10:15 Creating new recorder
[Info   :Zeepkist GTR] 20:10:15 Received HTTP response headers after 89.4814ms - 200
[Info   :Zeepkist GTR] 20:10:15 End processing HTTP request after 89.6879ms - 200
[Info   :Zeepkist GTR] 20:10:15 End processing HTTP request after 90.0696ms - 200
[Info   :Zeepkist GTR] 20:10:17 Starting recorder
[Info   :Zeepkist GTR] 20:10:26 Start processing HTTP request "POST" https://es-graphql-1q5xcqmja6dvh4ctc4t9.zeepki.st/
[Info   :Zeepkist GTR] 20:10:26 Start processing HTTP request "POST" https://es-graphql-1q5xcqmja6dvh4ctc4t9.zeepki.st/
[Info   :Zeepkist GTR] 20:10:26 Sending HTTP request "POST" https://es-graphql-1q5xcqmja6dvh4ctc4t9.zeepki.st/
[Info   :Zeepkist GTR] 20:10:26 Received HTTP response headers after 190.9981ms - 200
[Info   :Zeepkist GTR] 20:10:26 End processing HTTP request after 191.2383ms - 200
[Info   :Zeepkist GTR] 20:10:26 End processing HTTP request after 196.6582ms - 200
[Info   :Zeepkist Bingo] [BINGO] === PLAYER SPAWNED ===
[Info   :Zeepkist Bingo] [BINGO] IsInActiveSession: False
[Info   :Zeepkist Bingo] [BINGO] Not in active session, skipping timer reset
[Info   :Zeepkist GTR] 20:10:32 Loading personal best...
[Info   :Zeepkist GTR] 20:10:32 Start processing HTTP request "POST" https://es-graphql-1q5xcqmja6dvh4ctc4t9.zeepki.st/
[Info   :Zeepkist GTR] 20:10:32 Start processing HTTP request "POST" https://es-graphql-1q5xcqmja6dvh4ctc4t9.zeepki.st/
[Info   :Zeepkist GTR] 20:10:32 Sending HTTP request "POST" https://es-graphql-1q5xcqmja6dvh4ctc4t9.zeepki.st/
[Info   :Zeepkist GTR] 20:10:32 Stopping existing recorder if any
[Info   :Zeepkist GTR] 20:10:32 Creating new recorder
[Info   :Zeepkist GTR] 20:10:32 Received HTTP response headers after 71.3392ms - 200
[Info   :Zeepkist GTR] 20:10:32 End processing HTTP request after 71.5538ms - 200
[Info   :Zeepkist GTR] 20:10:32 End processing HTTP request after 71.9188ms - 200
[Info   :Zeepkist GTR] 20:10:34 Starting recorder
[Info   :COTDTracker] Starting cup with exclude list: 
[Info   :Zeepkist GTR] 20:10:56 Discarding recorder
[Info   :COTDTracker] Doing eliminations with leaderboard:
[Info   :COTDTracker] Player Jake: Time: 22,94171
[Info   :COTDTracker] Player justMaki: Time: 22,98496
[Info   :COTDTracker] Player RoundNzt: Time: 23,05057
[Info   :COTDTracker] Player Lexer: Time: 23,10552
[Info   :COTDTracker] Player [KURK] Quickracer10: Time: 23,14193
[Info   :COTDTracker] Player Azalea: Time: 23,1519
[Info   :COTDTracker] Player [CSC]AndMe18: Time: 23,17418
[Info   :COTDTracker] Player brrryy: Time: 23,27554
[Info   :COTDTracker] Player B_ES: Time: 23,32626
[Info   :COTDTracker] Player Noxitu: Time: 23,38115
[Info   :COTDTracker] Player Minkus: Time: 23,38601
[Info   :COTDTracker] Player Jorts: Time: 23,38931
[Info   :COTDTracker] Player [CSC]IronDragon111000: Time: 23,42941
[Info   :COTDTracker] Player [TILT]Redstony: Time: 23,49493
[Info   :COTDTracker] Player [CSC]K410K3N: Time: 23,51244
[Info   :COTDTracker] Player St Nicholas: Time: 23,57388
[Info   :COTDTracker] Player [CCC]Shinikage221: Time: 23,58792
[Info   :COTDTracker] Player Warsnac: Time: 23,60102
[Info   :COTDTracker] Player Akane: Time: 23,65016
[Info   :COTDTracker] Player gilgool: Time: 23,71673
[Info   :COTDTracker] Player DeiRex: Time: 23,73433
[Info   :COTDTracker] Player wokonbike: Time: 23,73478
[Info   :COTDTracker] Player aizpun: Time: 23,7531
[Info   :COTDTracker] Player timesprout: Time: 24,06201
[Info   :COTDTracker] Player [CSC] variableferret: Time: 24,08688
[Info   :COTDTracker] Player Crispy: Time: 26,42283
[Info   :COTDTracker] Player OwenTheOmnipotent: Time: 26,85474
[Info   :COTDTracker] Player DaimyoN: Time: DNF
[Info   :COTDTracker] Player Matic_D: Time: DNF
[Info   :Zeepkist Bingo] [BINGO] Level loaded
[Info   :Zeepkist GTR] 20:11:10 Start processing HTTP request "POST" https://es-backend-5eu0pg2dcfyp6u2v33lz.zeepki.st/level/request
[Info   :Zeepkist GTR] 20:11:10 Start processing HTTP request "POST" https://es-backend-5eu0pg2dcfyp6u2v33lz.zeepki.st/level/request
[Info   :Zeepkist GTR] 20:11:10 Sending HTTP request "POST" https://es-backend-5eu0pg2dcfyp6u2v33lz.zeepki.st/level/request
[Info   :Zeepkist GTR] 20:11:10 Start processing HTTP request "POST" https://es-graphql-1q5xcqmja6dvh4ctc4t9.zeepki.st/
[Info   :Zeepkist GTR] 20:11:10 Start processing HTTP request "POST" https://es-graphql-1q5xcqmja6dvh4ctc4t9.zeepki.st/
[Info   :Zeepkist GTR] 20:11:10 Sending HTTP request "POST" https://es-graphql-1q5xcqmja6dvh4ctc4t9.zeepki.st/
[Warning:Zeepkist GTR] 20:11:10 Current-level record subscription failed
[Info   :Zeepkist GTR] 20:11:10 Start processing HTTP request "POST" https://es-graphql-1q5xcqmja6dvh4ctc4t9.zeepki.st/
[Info   :Zeepkist GTR] 20:11:10 Start processing HTTP request "POST" https://es-graphql-1q5xcqmja6dvh4ctc4t9.zeepki.st/
[Info   :Zeepkist GTR] 20:11:10 Sending HTTP request "POST" https://es-graphql-1q5xcqmja6dvh4ctc4t9.zeepki.st/
[Info   :BetterSplits] getting gtr splits
[Info   :Zeepkist GTR] 20:11:10 Received HTTP response headers after 51.4581ms - 200
[Info   :Zeepkist GTR] 20:11:10 End processing HTTP request after 51.6564ms - 200
[Info   :Zeepkist GTR] 20:11:10 Received HTTP response headers after 61.6024ms - 200
[Info   :Zeepkist GTR] 20:11:10 End processing HTTP request after 61.8232ms - 200
[Info   :Zeepkist GTR] 20:11:10 End processing HTTP request after 73.7517ms - 200
[Info   :Zeepkist GTR] 20:11:10 End processing HTTP request after 73.1366ms - 200
[Info   :Zeepkist Bingo] [BINGO] === PLAYER SPAWNED ===
[Info   :Zeepkist Bingo] [BINGO] IsInActiveSession: False
[Info   :Zeepkist Bingo] [BINGO] Not in active session, skipping timer reset
[Info   :Zeepkist GTR] 20:11:10 Loading personal best...
[Info   :Zeepkist GTR] 20:11:10 Start processing HTTP request "POST" https://es-graphql-1q5xcqmja6dvh4ctc4t9.zeepki.st/
[Info   :Zeepkist GTR] 20:11:10 Start processing HTTP request "POST" https://es-graphql-1q5xcqmja6dvh4ctc4t9.zeepki.st/
[Info   :Zeepkist GTR] 20:11:10 Sending HTTP request "POST" https://es-graphql-1q5xcqmja6dvh4ctc4t9.zeepki.st/
[Info   :Zeepkist GTR] 20:11:10 Stopping existing recorder if any
[Info   :Zeepkist GTR] 20:11:10 Creating new recorder
[Info   :Zeepkist GTR] 20:11:10 Received HTTP response headers after 224.6112ms - 200
[Info   :Zeepkist GTR] 20:11:10 End processing HTTP request after 224.8497ms - 200
[Info   :Zeepkist GTR] 20:11:10 End processing HTTP request after 227.7865ms - 200
[Info   :Zeepkist GTR] 20:11:10 Received HTTP response headers after 151.0388ms - 200
[Info   :Zeepkist GTR] 20:11:10 End processing HTTP request after 151.3033ms - 200
[Info   :Zeepkist GTR] 20:11:10 End processing HTTP request after 158.5311ms - 200
[Info   :BetterSplits] got gtr splits
[Info   :Zeepkist GTR] 20:11:12 Starting recorder
[Info   :Zeepkist GTR] 20:11:37 Stopping recorder
[Info   :Zeepkist GTR] 20:11:37 Collecting extra information
[Info   :Zeepkist GTR] 20:11:37 Resolved workshop ID "3808767538" from lobby 3808767538 and level 0
[Info   :Zeepkist GTR] 20:11:37 Processing ghost data
[Info   :Zeepkist GTR] 20:11:37 Creating stream
[Info   :Zeepkist GTR] 20:11:37 Writing to stream
[Info   :Zeepkist GTR] 20:11:37 Converting to base64
[Info   :Zeepkist GTR] 20:11:37 Creating resource
[Info   :Zeepkist GTR] 20:11:37 Start processing HTTP request "POST" https://es-backend-5eu0pg2dcfyp6u2v33lz.zeepki.st/record/submit
[Info   :Zeepkist GTR] 20:11:37 Start processing HTTP request "POST" https://es-backend-5eu0pg2dcfyp6u2v33lz.zeepki.st/record/submit
[Info   :Zeepkist GTR] 20:11:37 Sending HTTP request "POST" https://es-backend-5eu0pg2dcfyp6u2v33lz.zeepki.st/record/submit
[Info   :Zeepkist GTR] 20:11:37 Received HTTP response headers after 689.93ms - 200
[Info   :Zeepkist GTR] 20:11:37 End processing HTTP request after 690.1706ms - 200
[Info   :Zeepkist GTR] 20:11:37 End processing HTTP request after 693.96ms - 200
[Info   :Zeepkist Bingo] [BINGO] === PLAYER SPAWNED ===
[Info   :Zeepkist Bingo] [BINGO] IsInActiveSession: False
[Info   :Zeepkist Bingo] [BINGO] Not in active session, skipping timer reset
[Info   :Zeepkist GTR] 20:11:38 Loading personal best...
[Info   :Zeepkist GTR] 20:11:38 Start processing HTTP request "POST" https://es-graphql-1q5xcqmja6dvh4ctc4t9.zeepki.st/
[Info   :Zeepkist GTR] 20:11:38 Start processing HTTP request "POST" https://es-graphql-1q5xcqmja6dvh4ctc4t9.zeepki.st/
[Info   :Zeepkist GTR] 20:11:38 Sending HTTP request "POST" https://es-graphql-1q5xcqmja6dvh4ctc4t9.zeepki.st/
[Info   :Zeepkist GTR] 20:11:38 Stopping existing recorder if any
[Info   :Zeepkist GTR] 20:11:38 Creating new recorder
[Info   :Zeepkist GTR] 20:11:38 Received HTTP response headers after 234.7953ms - 200
[Info   :Zeepkist GTR] 20:11:38 End processing HTTP request after 235.0151ms - 200
[Info   :Zeepkist GTR] 20:11:38 End processing HTTP request after 238.0561ms - 200
[Info   :Zeepkist GTR] 20:11:40 Starting recorder
[Info   :Zeepkist GTR] 20:11:50 Start processing HTTP request "POST" https://es-graphql-1q5xcqmja6dvh4ctc4t9.zeepki.st/
[Info   :Zeepkist GTR] 20:11:50 Start processing HTTP request "POST" https://es-graphql-1q5xcqmja6dvh4ctc4t9.zeepki.st/
[Info   :Zeepkist GTR] 20:11:50 Sending HTTP request "POST" https://es-graphql-1q5xcqmja6dvh4ctc4t9.zeepki.st/
[Info   :Zeepkist GTR] 20:11:50 Received HTTP response headers after 59.8251ms - 200
[Info   :Zeepkist GTR] 20:11:50 End processing HTTP request after 60.0464ms - 200
[Info   :Zeepkist GTR] 20:11:50 End processing HTTP request after 60.974ms - 200
[Info   :Zeepkist GTR] 20:12:04 Stopping recorder
[Info   :Zeepkist GTR] 20:12:04 Collecting extra information
[Info   :Zeepkist GTR] 20:12:04 Resolved workshop ID "3808767538" from lobby 3808767538 and level 0
[Info   :Zeepkist GTR] 20:12:04 Processing ghost data
[Info   :Zeepkist GTR] 20:12:04 Creating stream
[Info   :Zeepkist GTR] 20:12:04 Writing to stream
[Info   :Zeepkist GTR] 20:12:04 Converting to base64
[Info   :Zeepkist GTR] 20:12:04 Creating resource
[Info   :Zeepkist GTR] 20:12:04 Start processing HTTP request "POST" https://es-backend-5eu0pg2dcfyp6u2v33lz.zeepki.st/record/submit
[Info   :Zeepkist GTR] 20:12:04 Start processing HTTP request "POST" https://es-backend-5eu0pg2dcfyp6u2v33lz.zeepki.st/record/submit
[Info   :Zeepkist GTR] 20:12:04 Sending HTTP request "POST" https://es-backend-5eu0pg2dcfyp6u2v33lz.zeepki.st/record/submit
[Info   :Zeepkist GTR] 20:12:04 Received HTTP response headers after 239.9949ms - 200
[Info   :Zeepkist GTR] 20:12:04 End processing HTTP request after 240.3313ms - 200
[Info   :Zeepkist GTR] 20:12:04 End processing HTTP request after 242.9635ms - 200
[Info   :Zeepkist Bingo] [BINGO] === PLAYER SPAWNED ===
[Info   :Zeepkist Bingo] [BINGO] IsInActiveSession: False
[Info   :Zeepkist Bingo] [BINGO] Not in active session, skipping timer reset
[Info   :Zeepkist GTR] 20:12:05 Loading personal best...
[Info   :Zeepkist GTR] 20:12:05 Start processing HTTP request "POST" https://es-graphql-1q5xcqmja6dvh4ctc4t9.zeepki.st/
[Info   :Zeepkist GTR] 20:12:05 Start processing HTTP request "POST" https://es-graphql-1q5xcqmja6dvh4ctc4t9.zeepki.st/
[Info   :Zeepkist GTR] 20:12:05 Sending HTTP request "POST" https://es-graphql-1q5xcqmja6dvh4ctc4t9.zeepki.st/
[Info   :Zeepkist GTR] 20:12:05 Stopping existing recorder if any
[Info   :Zeepkist GTR] 20:12:05 Creating new recorder
[Info   :Zeepkist GTR] 20:12:06 Received HTTP response headers after 65.6125ms - 200
[Info   :Zeepkist GTR] 20:12:06 End processing HTTP request after 65.827ms - 200
[Info   :Zeepkist GTR] 20:12:06 End processing HTTP request after 69.2064ms - 200
[Info   :Zeepkist GTR] 20:12:07 Starting recorder
[Info   :Zeepkist GTR] 20:12:20 Discarding recorder
[Info   :COTDTracker] Running update tab leaderboard function
[Info   :COTDTracker] Running update tab leaderboard function
[Info   :COTDTracker] Doing eliminations with leaderboard:
[Info   :COTDTracker] Player B_ES: Time: 23,45546
[Info   :COTDTracker] Player [CSC]AndMe18: Time: 23,47823
[Info   :COTDTracker] Player justMaki: Time: 23,49435
[Info   :COTDTracker] Player Azalea: Time: 23,56008
[Info   :COTDTracker] Player [KURK] Quickracer10: Time: 23,5982
[Info   :COTDTracker] Player Warsnac: Time: 23,62609
[Info   :COTDTracker] Player Minkus: Time: 23,65261
[Info   :COTDTracker] Player RoundNzt: Time: 23,66471
[Info   :COTDTracker] Player Jake: Time: 23,71277
[Info   :COTDTracker] Player [CSC]IronDragon111000: Time: 23,79117
[Info   :COTDTracker] Player St Nicholas: Time: 23,80398
[Info   :COTDTracker] Player brrryy: Time: 23,84544
[Info   :COTDTracker] Player [TILT]Redstony: Time: 23,93873
[Info   :COTDTracker] Player [CSC] variableferret: Time: 23,98047
[Info   :COTDTracker] Player [CSC]K410K3N: Time: 23,98351
[Info   :COTDTracker] Player Noxitu: Time: 23,9931
[Info   :COTDTracker] Player Lexer: Time: 23,9989
[Info   :COTDTracker] Player gilgool: Time: 24,33445
[Info   :COTDTracker] Player Jorts: Time: 24,36501
[Info   :COTDTracker] Player aizpun: Time: 24,40247
[Info   :COTDTracker] Player DeiRex: Time: 24,48823
[Info   :COTDTracker] Player timesprout: Time: 24,59116
[Info   :COTDTracker] Player Matic_D: Time: 24,85011
[Info   :COTDTracker] Player [CCC]Shinikage221: Time: 25,32431
[Info   :COTDTracker] Player wokonbike: Time: 25,60087
[Info   :COTDTracker] Player Akane: Time: 25,66168
[Info   :COTDTracker] Player Crispy: Time: DNF
[Info   :COTDTracker] Player OwenTheOmnipotent: Time: DNF
[Info   :COTDTracker] Player DaimyoN: Time: DNF
[Info   :COTDTracker] Eliminating DNF: DaimyoN
[Info   :COTDTracker] Eliminating DNF: OwenTheOmnipotent
[Info   :COTDTracker] Eliminating DNF: Crispy
[Info   :COTDTracker] Eliminated 3 DNF players
[Info   :COTDTracker] Eliminating 3 players: 
[Info   :COTDTracker] DaimyoN
[Info   :COTDTracker] OwenTheOmnipotent
[Info   :COTDTracker] Crispy
[Info   :COTDTracker] Running update tab leaderboard function
[Info   :COTDTracker] Running update tab leaderboard function
[Info   :Zeepkist Bingo] [BINGO] Level loaded
[Info   :Zeepkist GTR] 20:12:34 Start processing HTTP request "POST" https://es-backend-5eu0pg2dcfyp6u2v33lz.zeepki.st/level/request
[Info   :Zeepkist GTR] 20:12:34 Start processing HTTP request "POST" https://es-backend-5eu0pg2dcfyp6u2v33lz.zeepki.st/level/request
[Info   :Zeepkist GTR] 20:12:34 Sending HTTP request "POST" https://es-backend-5eu0pg2dcfyp6u2v33lz.zeepki.st/level/request
[Info   :Zeepkist GTR] 20:12:34 Start processing HTTP request "POST" https://es-graphql-1q5xcqmja6dvh4ctc4t9.zeepki.st/
[Info   :Zeepkist GTR] 20:12:34 Start processing HTTP request "POST" https://es-graphql-1q5xcqmja6dvh4ctc4t9.zeepki.st/
[Info   :Zeepkist GTR] 20:12:34 Sending HTTP request "POST" https://es-graphql-1q5xcqmja6dvh4ctc4t9.zeepki.st/
[Warning:Zeepkist GTR] 20:12:34 Current-level record subscription failed
[Info   :Zeepkist GTR] 20:12:34 Start processing HTTP request "POST" https://es-graphql-1q5xcqmja6dvh4ctc4t9.zeepki.st/
[Info   :Zeepkist GTR] 20:12:34 Start processing HTTP request "POST" https://es-graphql-1q5xcqmja6dvh4ctc4t9.zeepki.st/
[Info   :Zeepkist GTR] 20:12:34 Sending HTTP request "POST" https://es-graphql-1q5xcqmja6dvh4ctc4t9.zeepki.st/
[Info   :BetterSplits] getting gtr splits
[Info   :Zeepkist GTR] 20:12:35 Received HTTP response headers after 58.8219ms - 200
[Info   :Zeepkist GTR] 20:12:35 End processing HTTP request after 59.0234ms - 200
[Info   :Zeepkist GTR] 20:12:35 End processing HTTP request after 61.122ms - 200
[Info   :Zeepkist GTR] 20:12:35 Received HTTP response headers after 72.8661ms - 200
[Info   :Zeepkist GTR] 20:12:35 End processing HTTP request after 73.0869ms - 200
[Info   :Zeepkist Bingo] [BINGO] === PLAYER SPAWNED ===
[Info   :Zeepkist Bingo] [BINGO] IsInActiveSession: False
[Info   :Zeepkist Bingo] [BINGO] Not in active session, skipping timer reset
[Info   :Zeepkist GTR] 20:12:35 Loading personal best...
[Info   :Zeepkist GTR] 20:12:35 Start processing HTTP request "POST" https://es-graphql-1q5xcqmja6dvh4ctc4t9.zeepki.st/
[Info   :Zeepkist GTR] 20:12:35 Start processing HTTP request "POST" https://es-graphql-1q5xcqmja6dvh4ctc4t9.zeepki.st/
[Info   :Zeepkist GTR] 20:12:35 Sending HTTP request "POST" https://es-graphql-1q5xcqmja6dvh4ctc4t9.zeepki.st/
[Info   :Zeepkist GTR] 20:12:35 Stopping existing recorder if any
[Info   :Zeepkist GTR] 20:12:35 Creating new recorder
[Info   :Zeepkist GTR] 20:12:35 End processing HTTP request after 99.294ms - 200
[Info   :BetterSplits] got gtr splits
[Info   :Zeepkist GTR] 20:12:35 Received HTTP response headers after 75.4955ms - 200
[Info   :Zeepkist GTR] 20:12:35 End processing HTTP request after 75.7099ms - 200
[Info   :Zeepkist GTR] 20:12:35 End processing HTTP request after 79.2941ms - 200
[Info   :Zeepkist GTR] 20:12:35 Received HTTP response headers after 226.4981ms - 200
[Info   :Zeepkist GTR] 20:12:35 End processing HTTP request after 226.7559ms - 200
[Info   :Zeepkist GTR] 20:12:35 End processing HTTP request after 228.253ms - 200
[Info   :Zeepkist GTR] 20:12:36 Starting recorder
[Info   :Zeepkist GTR] 20:13:00 Stopping recorder
[Info   :Zeepkist GTR] 20:13:00 Collecting extra information
[Info   :Zeepkist GTR] 20:13:00 Resolved workshop ID "3810618459" from lobby 3810618459 and level 0
[Info   :Zeepkist GTR] 20:13:00 Processing ghost data
[Info   :Zeepkist GTR] 20:13:00 Creating stream
[Info   :Zeepkist GTR] 20:13:00 Writing to stream
[Info   :Zeepkist GTR] 20:13:00 Converting to base64
[Info   :Zeepkist GTR] 20:13:00 Creating resource
[Info   :Zeepkist GTR] 20:13:00 Start processing HTTP request "POST" https://es-backend-5eu0pg2dcfyp6u2v33lz.zeepki.st/record/submit
[Info   :Zeepkist GTR] 20:13:00 Start processing HTTP request "POST" https://es-backend-5eu0pg2dcfyp6u2v33lz.zeepki.st/record/submit
[Info   :Zeepkist GTR] 20:13:00 Sending HTTP request "POST" https://es-backend-5eu0pg2dcfyp6u2v33lz.zeepki.st/record/submit
[Info   :Zeepkist GTR] 20:13:00 Received HTTP response headers after 273.4504ms - 200
[Info   :Zeepkist GTR] 20:13:00 End processing HTTP request after 273.6755ms - 200
[Info   :Zeepkist GTR] 20:13:00 End processing HTTP request after 277.1049ms - 200
[Info   :Zeepkist Bingo] [BINGO] === PLAYER SPAWNED ===
[Info   :Zeepkist Bingo] [BINGO] IsInActiveSession: False
[Info   :Zeepkist Bingo] [BINGO] Not in active session, skipping timer reset
[Info   :Zeepkist GTR] 20:13:01 Loading personal best...
[Info   :Zeepkist GTR] 20:13:01 Start processing HTTP request "POST" https://es-graphql-1q5xcqmja6dvh4ctc4t9.zeepki.st/
[Info   :Zeepkist GTR] 20:13:01 Start processing HTTP request "POST" https://es-graphql-1q5xcqmja6dvh4ctc4t9.zeepki.st/
[Info   :Zeepkist GTR] 20:13:01 Sending HTTP request "POST" https://es-graphql-1q5xcqmja6dvh4ctc4t9.zeepki.st/
[Info   :Zeepkist GTR] 20:13:01 Stopping existing recorder if any
[Info   :Zeepkist GTR] 20:13:01 Creating new recorder
[Info   :Zeepkist GTR] 20:13:01 Received HTTP response headers after 77.9003ms - 200
[Info   :Zeepkist GTR] 20:13:01 End processing HTTP request after 78.1282ms - 200
[Info   :Zeepkist GTR] 20:13:01 End processing HTTP request after 84.1469ms - 200
[Info   :Zeepkist GTR] 20:13:01 Start processing HTTP request "GET" https://cdn.zeepki.st/ghosts/01M3SRA5JAFA3RCW53T9DHZ140.bin
[Info   :Zeepkist GTR] 20:13:01 Sending HTTP request "GET" https://cdn.zeepki.st/ghosts/01M3SRA5JAFA3RCW53T9DHZ140.bin
[Info   :Zeepkist GTR] 20:13:02 Received HTTP response headers after 750.9931ms - 200
[Info   :Zeepkist GTR] 20:13:02 End processing HTTP request after 751.257ms - 200
[Info   :Zeepkist GTR] 20:13:03 Start processing HTTP request "POST" https://es-graphql-1q5xcqmja6dvh4ctc4t9.zeepki.st/
[Info   :Zeepkist GTR] 20:13:03 Start processing HTTP request "POST" https://es-graphql-1q5xcqmja6dvh4ctc4t9.zeepki.st/
[Info   :Zeepkist GTR] 20:13:03 Sending HTTP request "POST" https://es-graphql-1q5xcqmja6dvh4ctc4t9.zeepki.st/
[Info   :Zeepkist GTR] 20:13:03 Received HTTP response headers after 58.7781ms - 200
[Info   :Zeepkist GTR] 20:13:03 End processing HTTP request after 59.0117ms - 200
[Info   :Zeepkist GTR] 20:13:03 End processing HTTP request after 64.5442ms - 200
[Info   :Zeepkist GTR] 20:13:03 Starting recorder
[Info   :Zeepkist GTR] 20:13:13 Start processing HTTP request "POST" https://es-graphql-1q5xcqmja6dvh4ctc4t9.zeepki.st/
[Info   :Zeepkist GTR] 20:13:13 Start processing HTTP request "POST" https://es-graphql-1q5xcqmja6dvh4ctc4t9.zeepki.st/
[Info   :Zeepkist GTR] 20:13:13 Sending HTTP request "POST" https://es-graphql-1q5xcqmja6dvh4ctc4t9.zeepki.st/
[Info   :Zeepkist GTR] 20:13:13 Received HTTP response headers after 101.2943ms - 200
[Info   :Zeepkist GTR] 20:13:13 End processing HTTP request after 101.5257ms - 200
[Info   :Zeepkist GTR] 20:13:13 End processing HTTP request after 104.9789ms - 200
[Info   :Zeepkist Bingo] [BINGO] === PLAYER SPAWNED ===
[Info   :Zeepkist Bingo] [BINGO] IsInActiveSession: False
[Info   :Zeepkist Bingo] [BINGO] Not in active session, skipping timer reset
[Info   :Zeepkist GTR] 20:13:19 Loading personal best...
[Info   :Zeepkist GTR] 20:13:19 Start processing HTTP request "POST" https://es-graphql-1q5xcqmja6dvh4ctc4t9.zeepki.st/
[Info   :Zeepkist GTR] 20:13:19 Start processing HTTP request "POST" https://es-graphql-1q5xcqmja6dvh4ctc4t9.zeepki.st/
[Info   :Zeepkist GTR] 20:13:19 Sending HTTP request "POST" https://es-graphql-1q5xcqmja6dvh4ctc4t9.zeepki.st/
[Info   :Zeepkist GTR] 20:13:19 Stopping existing recorder if any
[Info   :Zeepkist GTR] 20:13:19 Creating new recorder
[Info   :Zeepkist GTR] 20:13:19 Received HTTP response headers after 81.3365ms - 200
[Info   :Zeepkist GTR] 20:13:19 End processing HTTP request after 81.5387ms - 200
[Info   :Zeepkist GTR] 20:13:19 End processing HTTP request after 83.5802ms - 200
[Info   :Zeepkist GTR] 20:13:21 Starting recorder
[Info   :Zeepkist Bingo] [BINGO] === PLAYER SPAWNED ===
[Info   :Zeepkist Bingo] [BINGO] IsInActiveSession: False
[Info   :Zeepkist Bingo] [BINGO] Not in active session, skipping timer reset
[Info   :Zeepkist GTR] 20:13:29 Loading personal best...
[Info   :Zeepkist GTR] 20:13:29 Start processing HTTP request "POST" https://es-graphql-1q5xcqmja6dvh4ctc4t9.zeepki.st/
[Info   :Zeepkist GTR] 20:13:29 Start processing HTTP request "POST" https://es-graphql-1q5xcqmja6dvh4ctc4t9.zeepki.st/
[Info   :Zeepkist GTR] 20:13:29 Sending HTTP request "POST" https://es-graphql-1q5xcqmja6dvh4ctc4t9.zeepki.st/
[Info   :Zeepkist GTR] 20:13:29 Stopping existing recorder if any
[Info   :Zeepkist GTR] 20:13:29 Creating new recorder
[Info   :Zeepkist GTR] 20:13:29 Received HTTP response headers after 57.3969ms - 200
[Info   :Zeepkist GTR] 20:13:29 End processing HTTP request after 57.6389ms - 200
[Info   :Zeepkist GTR] 20:13:29 End processing HTTP request after 60.2227ms - 200
[Info   :Zeepkist GTR] 20:13:30 Starting recorder
[Info   :Zeepkist Bingo] [CHAT] Intercepted message: good host
[Info   :Zeepkist Bingo] [CHAT] Not relaying - no bingo session
[Info   :Zeepkist Bingo] [BINGO] === PLAYER SPAWNED ===
[Info   :Zeepkist Bingo] [BINGO] IsInActiveSession: False
[Info   :Zeepkist Bingo] [BINGO] Not in active session, skipping timer reset
[Info   :Zeepkist GTR] 20:13:34 Loading personal best...
[Info   :Zeepkist GTR] 20:13:34 Start processing HTTP request "POST" https://es-graphql-1q5xcqmja6dvh4ctc4t9.zeepki.st/
[Info   :Zeepkist GTR] 20:13:34 Start processing HTTP request "POST" https://es-graphql-1q5xcqmja6dvh4ctc4t9.zeepki.st/
[Info   :Zeepkist GTR] 20:13:34 Sending HTTP request "POST" https://es-graphql-1q5xcqmja6dvh4ctc4t9.zeepki.st/
[Info   :Zeepkist GTR] 20:13:34 Stopping existing recorder if any
[Info   :Zeepkist GTR] 20:13:34 Creating new recorder
[Info   :Zeepkist GTR] 20:13:34 Received HTTP response headers after 86.9253ms - 200
[Info   :Zeepkist GTR] 20:13:34 End processing HTTP request after 87.1906ms - 200
[Info   :Zeepkist GTR] 20:13:34 End processing HTTP request after 90.5309ms - 200
[Info   :Zeepkist GTR] 20:13:36 Starting recorder
[Info   :Zeepkist GTR] 20:13:43 Discarding recorder
[Info   :COTDTracker] Running update tab leaderboard function
[Info   :COTDTracker] Doing eliminations with leaderboard:
[Info   :COTDTracker] Player Jake: Time: 22,99961
[Info   :COTDTracker] Player justMaki: Time: 23,03677
[Info   :COTDTracker] Player RoundNzt: Time: 23,04982
[Info   :COTDTracker] Player [CSC]AndMe18: Time: 23,11763
[Info   :COTDTracker] Player Noxitu: Time: 23,12278
[Info   :COTDTracker] Player B_ES: Time: 23,13618
[Info   :COTDTracker] Player Lexer: Time: 23,23009
[Info   :COTDTracker] Player Azalea: Time: 23,2543
[Info   :COTDTracker] Player [TILT]Redstony: Time: 23,28669
[Info   :COTDTracker] Player [KURK] Quickracer10: Time: 23,29084
[Info   :COTDTracker] Player Jorts: Time: 23,35835
[Info   :COTDTracker] Player Minkus: Time: 23,40973
[Info   :COTDTracker] Player brrryy: Time: 23,41132
[Info   :COTDTracker] Player aizpun: Time: 23,56329
[Info   :COTDTracker] Player Warsnac: Time: 23,66784
[Info   :COTDTracker] Player [CSC]IronDragon111000: Time: 23,74654
[Info   :COTDTracker] Player St Nicholas: Time: 23,76959
[Info   :COTDTracker] Player wokonbike: Time: 23,77716
[Info   :COTDTracker] Player gilgool: Time: 23,85465
[Info   :COTDTracker] Player [CSC]K410K3N: Time: 23,88914
[Info   :COTDTracker] Player [CSC] variableferret: Time: 23,96534
[Info   :COTDTracker] Player timesprout: Time: 24,02305
[Info   :COTDTracker] Player Akane: Time: 24,26896
[Info   :COTDTracker] Player Matic_D: Time: 24,40316
[Info   :COTDTracker] Player [CCC]Shinikage221: Time: 24,52093
[Info   :COTDTracker] Player DeiRex: Time: DNF
[Info   :COTDTracker] Eliminating DNF: DeiRex
[Info   :COTDTracker] Eliminated 1 DNF players
[Info   :COTDTracker] Eliminating on time: [CCC]Shinikage221
[Info   :COTDTracker] Eliminating on time: Matic_D
[Info   :COTDTracker] Eliminating 3 players: 
[Info   :COTDTracker] DeiRex
[Info   :COTDTracker] [CCC]Shinikage221
[Info   :COTDTracker] Matic_D
[Info   :COTDTracker] Running update tab leaderboard function
[Info   :Zeepkist Bingo] [BINGO] Level loaded
[Info   :Zeepkist GTR] 20:13:58 Start processing HTTP request "POST" https://es-backend-5eu0pg2dcfyp6u2v33lz.zeepki.st/level/request
[Info   :Zeepkist GTR] 20:13:58 Start processing HTTP request "POST" https://es-backend-5eu0pg2dcfyp6u2v33lz.zeepki.st/level/request
[Info   :Zeepkist GTR] 20:13:58 Sending HTTP request "POST" https://es-backend-5eu0pg2dcfyp6u2v33lz.zeepki.st/level/request
[Info   :Zeepkist GTR] 20:13:58 Start processing HTTP request "POST" https://es-graphql-1q5xcqmja6dvh4ctc4t9.zeepki.st/
[Info   :Zeepkist GTR] 20:13:58 Start processing HTTP request "POST" https://es-graphql-1q5xcqmja6dvh4ctc4t9.zeepki.st/
[Info   :Zeepkist GTR] 20:13:58 Sending HTTP request "POST" https://es-graphql-1q5xcqmja6dvh4ctc4t9.zeepki.st/
[Warning:Zeepkist GTR] 20:13:58 Current-level record subscription failed
[Info   :Zeepkist GTR] 20:13:58 Start processing HTTP request "POST" https://es-graphql-1q5xcqmja6dvh4ctc4t9.zeepki.st/
[Info   :Zeepkist GTR] 20:13:58 Start processing HTTP request "POST" https://es-graphql-1q5xcqmja6dvh4ctc4t9.zeepki.st/
[Info   :Zeepkist GTR] 20:13:58 Sending HTTP request "POST" https://es-graphql-1q5xcqmja6dvh4ctc4t9.zeepki.st/
[Info   :BetterSplits] getting gtr splits
[Info   :Zeepkist Bingo] [BINGO] === PLAYER SPAWNED ===
[Info   :Zeepkist Bingo] [BINGO] IsInActiveSession: False
[Info   :Zeepkist Bingo] [BINGO] Not in active session, skipping timer reset
[Info   :Zeepkist GTR] 20:13:58 Loading personal best...
[Info   :Zeepkist GTR] 20:13:58 Start processing HTTP request "POST" https://es-graphql-1q5xcqmja6dvh4ctc4t9.zeepki.st/
[Info   :Zeepkist GTR] 20:13:58 Start processing HTTP request "POST" https://es-graphql-1q5xcqmja6dvh4ctc4t9.zeepki.st/
[Info   :Zeepkist GTR] 20:13:58 Sending HTTP request "POST" https://es-graphql-1q5xcqmja6dvh4ctc4t9.zeepki.st/
[Info   :Zeepkist GTR] 20:13:58 Stopping existing recorder if any
[Info   :Zeepkist GTR] 20:13:58 Creating new recorder
[Info   :BetterSplits] got gtr splits
[Info   :Zeepkist GTR] 20:13:58 Received HTTP response headers after 218.8103ms - 200
[Info   :Zeepkist GTR] 20:13:58 End processing HTTP request after 219.0397ms - 200
[Info   :Zeepkist GTR] 20:13:58 End processing HTTP request after 222.3923ms - 200
[Info   :Zeepkist GTR] 20:13:58 Received HTTP response headers after 239.3661ms - 200
[Info   :Zeepkist GTR] 20:13:58 End processing HTTP request after 239.5887ms - 200
[Info   :Zeepkist GTR] 20:13:58 End processing HTTP request after 242.4136ms - 200
[Info   :Zeepkist GTR] 20:13:58 Received HTTP response headers after 245.901ms - 200
[Info   :Zeepkist GTR] 20:13:58 End processing HTTP request after 246.111ms - 200
[Info   :Zeepkist GTR] 20:13:58 End processing HTTP request after 250.3464ms - 200
[Info   :Zeepkist GTR] 20:13:58 Received HTTP response headers after 227.5132ms - 200
[Info   :Zeepkist GTR] 20:13:58 End processing HTTP request after 227.7572ms - 200
[Info   :Zeepkist GTR] 20:13:58 End processing HTTP request after 232.2066ms - 200
[Info   :Zeepkist GTR] 20:13:59 Starting recorder
[Info   :Zeepkist GTR] 20:14:24 Stopping recorder
[Info   :Zeepkist GTR] 20:14:24 Collecting extra information
[Info   :Zeepkist GTR] 20:14:24 Resolved workshop ID "3808767538" from lobby 3808767538 and level 0
[Info   :Zeepkist GTR] 20:14:24 Processing ghost data
[Info   :Zeepkist GTR] 20:14:24 Creating stream
[Info   :Zeepkist GTR] 20:14:24 Writing to stream
[Info   :Zeepkist GTR] 20:14:24 Converting to base64
[Info   :Zeepkist GTR] 20:14:24 Creating resource
[Info   :Zeepkist GTR] 20:14:24 Start processing HTTP request "POST" https://es-backend-5eu0pg2dcfyp6u2v33lz.zeepki.st/record/submit
[Info   :Zeepkist GTR] 20:14:24 Start processing HTTP request "POST" https://es-backend-5eu0pg2dcfyp6u2v33lz.zeepki.st/record/submit
[Info   :Zeepkist GTR] 20:14:24 Sending HTTP request "POST" https://es-backend-5eu0pg2dcfyp6u2v33lz.zeepki.st/record/submit
[Info   :Zeepkist GTR] 20:14:24 Received HTTP response headers after 231.9156ms - 200
[Info   :Zeepkist GTR] 20:14:24 End processing HTTP request after 232.1317ms - 200
[Info   :Zeepkist GTR] 20:14:24 End processing HTTP request after 233.9759ms - 200
[Info   :Zeepkist Bingo] [BINGO] === PLAYER SPAWNED ===
[Info   :Zeepkist Bingo] [BINGO] IsInActiveSession: False
[Info   :Zeepkist Bingo] [BINGO] Not in active session, skipping timer reset
[Info   :Zeepkist GTR] 20:14:25 Loading personal best...
[Info   :Zeepkist GTR] 20:14:25 Start processing HTTP request "POST" https://es-graphql-1q5xcqmja6dvh4ctc4t9.zeepki.st/
[Info   :Zeepkist GTR] 20:14:25 Start processing HTTP request "POST" https://es-graphql-1q5xcqmja6dvh4ctc4t9.zeepki.st/
[Info   :Zeepkist GTR] 20:14:25 Sending HTTP request "POST" https://es-graphql-1q5xcqmja6dvh4ctc4t9.zeepki.st/
[Info   :Zeepkist GTR] 20:14:25 Stopping existing recorder if any
[Info   :Zeepkist GTR] 20:14:25 Creating new recorder
[Info   :Zeepkist GTR] 20:14:25 Received HTTP response headers after 56.7416ms - 200
[Info   :Zeepkist GTR] 20:14:25 End processing HTTP request after 57.0178ms - 200
[Info   :Zeepkist GTR] 20:14:25 End processing HTTP request after 60.1378ms - 200
[Info   :Zeepkist GTR] 20:14:27 Starting recorder
[Info   :Zeepkist GTR] 20:14:36 Start processing HTTP request "POST" https://es-graphql-1q5xcqmja6dvh4ctc4t9.zeepki.st/
[Info   :Zeepkist GTR] 20:14:36 Start processing HTTP request "POST" https://es-graphql-1q5xcqmja6dvh4ctc4t9.zeepki.st/
[Info   :Zeepkist GTR] 20:14:36 Sending HTTP request "POST" https://es-graphql-1q5xcqmja6dvh4ctc4t9.zeepki.st/
[Info   :Zeepkist GTR] 20:14:36 Received HTTP response headers after 85.4094ms - 200
[Info   :Zeepkist GTR] 20:14:36 End processing HTTP request after 85.6182ms - 200
[Info   :Zeepkist GTR] 20:14:36 End processing HTTP request after 93.1868ms - 200
[Info   :Zeepkist GTR] 20:14:51 Stopping recorder
[Info   :Zeepkist GTR] 20:14:51 Collecting extra information
[Info   :Zeepkist GTR] 20:14:51 Resolved workshop ID "3808767538" from lobby 3808767538 and level 0
[Info   :Zeepkist GTR] 20:14:51 Processing ghost data
[Info   :Zeepkist GTR] 20:14:51 Creating stream
[Info   :Zeepkist GTR] 20:14:51 Writing to stream
[Info   :Zeepkist GTR] 20:14:51 Converting to base64
[Info   :Zeepkist GTR] 20:14:51 Creating resource
[Info   :Zeepkist GTR] 20:14:51 Start processing HTTP request "POST" https://es-backend-5eu0pg2dcfyp6u2v33lz.zeepki.st/record/submit
[Info   :Zeepkist GTR] 20:14:51 Start processing HTTP request "POST" https://es-backend-5eu0pg2dcfyp6u2v33lz.zeepki.st/record/submit
[Info   :Zeepkist GTR] 20:14:51 Sending HTTP request "POST" https://es-backend-5eu0pg2dcfyp6u2v33lz.zeepki.st/record/submit
[Info   :Zeepkist GTR] 20:14:51 Received HTTP response headers after 143.3617ms - 200
[Info   :Zeepkist GTR] 20:14:51 End processing HTTP request after 143.5843ms - 200
[Info   :Zeepkist GTR] 20:14:51 End processing HTTP request after 149.996ms - 200
[Info   :Zeepkist Bingo] [BINGO] === PLAYER SPAWNED ===
[Info   :Zeepkist Bingo] [BINGO] IsInActiveSession: False
[Info   :Zeepkist Bingo] [BINGO] Not in active session, skipping timer reset
[Info   :Zeepkist GTR] 20:14:52 Loading personal best...
[Info   :Zeepkist GTR] 20:14:52 Start processing HTTP request "POST" https://es-graphql-1q5xcqmja6dvh4ctc4t9.zeepki.st/
[Info   :Zeepkist GTR] 20:14:52 Start processing HTTP request "POST" https://es-graphql-1q5xcqmja6dvh4ctc4t9.zeepki.st/
[Info   :Zeepkist GTR] 20:14:52 Sending HTTP request "POST" https://es-graphql-1q5xcqmja6dvh4ctc4t9.zeepki.st/
[Info   :Zeepkist GTR] 20:14:52 Stopping existing recorder if any
[Info   :Zeepkist GTR] 20:14:52 Creating new recorder
[Info   :Zeepkist GTR] 20:14:52 Received HTTP response headers after 59.7406ms - 200
[Info   :Zeepkist GTR] 20:14:52 End processing HTTP request after 59.9843ms - 200
[Info   :Zeepkist GTR] 20:14:52 End processing HTTP request after 65.987ms - 200
[Info   :Zeepkist GTR] 20:14:53 Start processing HTTP request "GET" https://cdn.zeepki.st/ghosts/01M3SRDJ4PDY82T9FX292ZBP5T.bin
[Info   :Zeepkist GTR] 20:14:53 Sending HTTP request "GET" https://cdn.zeepki.st/ghosts/01M3SRDJ4PDY82T9FX292ZBP5T.bin
[Info   :Zeepkist GTR] 20:14:53 Received HTTP response headers after 711.59ms - 200
[Info   :Zeepkist GTR] 20:14:53 End processing HTTP request after 711.8802ms - 200
[Info   :Zeepkist GTR] 20:14:54 Starting recorder
[Info   :Zeepkist GTR] 20:14:56 Start processing HTTP request "POST" https://es-graphql-1q5xcqmja6dvh4ctc4t9.zeepki.st/
[Info   :Zeepkist GTR] 20:14:56 Start processing HTTP request "POST" https://es-graphql-1q5xcqmja6dvh4ctc4t9.zeepki.st/
[Info   :Zeepkist GTR] 20:14:56 Sending HTTP request "POST" https://es-graphql-1q5xcqmja6dvh4ctc4t9.zeepki.st/
[Info   :Zeepkist GTR] 20:14:56 Received HTTP response headers after 55.1585ms - 200
[Info   :Zeepkist GTR] 20:14:56 End processing HTTP request after 55.4786ms - 200
[Info   :Zeepkist GTR] 20:14:56 End processing HTTP request after 57.5275ms - 200
[Info   :COTDTracker] Running update tab leaderboard function
[Info   :Zeepkist GTR] 20:15:06 Discarding recorder
[Info   :COTDTracker] Running update tab leaderboard function
[Info   :COTDTracker] Doing eliminations with leaderboard:
[Info   :COTDTracker] Player [KURK] Quickracer10: Time: 23,4113
[Info   :COTDTracker] Player B_ES: Time: 23,42118
[Info   :COTDTracker] Player justMaki: Time: 23,5061
[Info   :COTDTracker] Player [CSC]AndMe18: Time: 23,52063
[Info   :COTDTracker] Player Jake: Time: 23,53219
[Info   :COTDTracker] Player Minkus: Time: 23,56404
[Info   :COTDTracker] Player Lexer: Time: 23,57776
[Info   :COTDTracker] Player Warsnac: Time: 23,64643
[Info   :COTDTracker] Player RoundNzt: Time: 23,66473
[Info   :COTDTracker] Player [TILT]Redstony: Time: 23,67983
[Info   :COTDTracker] Player Azalea: Time: 23,81686
[Info   :COTDTracker] Player brrryy: Time: 23,83891
[Info   :COTDTracker] Player [CSC]IronDragon111000: Time: 23,92498
[Info   :COTDTracker] Player aizpun: Time: 23,93017
[Info   :COTDTracker] Player [CSC]K410K3N: Time: 24,04695
[Info   :COTDTracker] Player gilgool: Time: 24,06787
[Info   :COTDTracker] Player Noxitu: Time: 24,19633
[Info   :COTDTracker] Player wokonbike: Time: 24,35087
[Info   :COTDTracker] Player [CSC] variableferret: Time: 24,36237
[Info   :COTDTracker] Player Jorts: Time: 24,64688
[Info   :COTDTracker] Player Akane: Time: 24,85915
[Info   :COTDTracker] Player timesprout: Time: 25,82551
[Info   :COTDTracker] Player St Nicholas: Time: DNF
[Info   :COTDTracker] Eliminating DNF: St Nicholas
[Info   :COTDTracker] Eliminated 1 DNF players
[Info   :COTDTracker] Eliminating on time: timesprout
[Info   :COTDTracker] Eliminating on time: Akane
[Info   :COTDTracker] Eliminating 3 players: 
[Info   :COTDTracker] St Nicholas
[Info   :COTDTracker] timesprout
[Info   :COTDTracker] Akane
[Info   :Zeepkist Bingo] [BINGO] Level loaded
[Info   :Zeepkist GTR] 20:15:20 Start processing HTTP request "POST" https://es-backend-5eu0pg2dcfyp6u2v33lz.zeepki.st/level/request
[Info   :Zeepkist GTR] 20:15:20 Start processing HTTP request "POST" https://es-backend-5eu0pg2dcfyp6u2v33lz.zeepki.st/level/request
[Info   :Zeepkist GTR] 20:15:20 Sending HTTP request "POST" https://es-backend-5eu0pg2dcfyp6u2v33lz.zeepki.st/level/request
[Info   :Zeepkist GTR] 20:15:20 Start processing HTTP request "POST" https://es-graphql-1q5xcqmja6dvh4ctc4t9.zeepki.st/
[Info   :Zeepkist GTR] 20:15:20 Start processing HTTP request "POST" https://es-graphql-1q5xcqmja6dvh4ctc4t9.zeepki.st/
[Info   :Zeepkist GTR] 20:15:20 Sending HTTP request "POST" https://es-graphql-1q5xcqmja6dvh4ctc4t9.zeepki.st/
[Warning:Zeepkist GTR] 20:15:20 Current-level record subscription failed
[Info   :Zeepkist GTR] 20:15:20 Start processing HTTP request "POST" https://es-graphql-1q5xcqmja6dvh4ctc4t9.zeepki.st/
[Info   :Zeepkist GTR] 20:15:20 Start processing HTTP request "POST" https://es-graphql-1q5xcqmja6dvh4ctc4t9.zeepki.st/
[Info   :Zeepkist GTR] 20:15:20 Sending HTTP request "POST" https://es-graphql-1q5xcqmja6dvh4ctc4t9.zeepki.st/
[Info   :BetterSplits] getting gtr splits
[Info   :Zeepkist GTR] 20:15:21 Received HTTP response headers after 86.3139ms - 200
[Info   :Zeepkist GTR] 20:15:21 End processing HTTP request after 86.5393ms - 200
[Info   :Zeepkist Bingo] [BINGO] === PLAYER SPAWNED ===
[Info   :Zeepkist Bingo] [BINGO] IsInActiveSession: False
[Info   :Zeepkist Bingo] [BINGO] Not in active session, skipping timer reset
[Info   :Zeepkist GTR] 20:15:21 Loading personal best...
[Info   :Zeepkist GTR] 20:15:21 Start processing HTTP request "POST" https://es-graphql-1q5xcqmja6dvh4ctc4t9.zeepki.st/
[Info   :Zeepkist GTR] 20:15:21 Start processing HTTP request "POST" https://es-graphql-1q5xcqmja6dvh4ctc4t9.zeepki.st/
[Info   :Zeepkist GTR] 20:15:21 Sending HTTP request "POST" https://es-graphql-1q5xcqmja6dvh4ctc4t9.zeepki.st/
[Info   :Zeepkist GTR] 20:15:21 Stopping existing recorder if any
[Info   :Zeepkist GTR] 20:15:21 Creating new recorder
[Info   :Zeepkist GTR] 20:15:21 Received HTTP response headers after 89.4914ms - 200
[Info   :Zeepkist GTR] 20:15:21 End processing HTTP request after 89.6878ms - 200
[Info   :Zeepkist GTR] 20:15:21 Received HTTP response headers after 96.3978ms - 200
[Info   :Zeepkist GTR] 20:15:21 End processing HTTP request after 96.6188ms - 200
[Info   :Zeepkist GTR] 20:15:21 End processing HTTP request after 101.2957ms - 200
[Info   :Zeepkist GTR] 20:15:21 End processing HTTP request after 100.5446ms - 200
[Info   :Zeepkist GTR] 20:15:21 End processing HTTP request after 101.9596ms - 200
[Info   :BetterSplits] got gtr splits
[Info   :Zeepkist GTR] 20:15:21 Received HTTP response headers after 170.0034ms - 200
[Info   :Zeepkist GTR] 20:15:21 End processing HTTP request after 170.2198ms - 200
[Info   :Zeepkist GTR] 20:15:21 End processing HTTP request after 176.7025ms - 200
[Info   :Zeepkist GTR] 20:15:22 Starting recorder
[Info   :Zeepkist Bingo] [BINGO] === PLAYER SPAWNED ===
[Info   :Zeepkist Bingo] [BINGO] IsInActiveSession: False
[Info   :Zeepkist Bingo] [BINGO] Not in active session, skipping timer reset
[Info   :Zeepkist GTR] 20:15:41 Loading personal best...
[Info   :Zeepkist GTR] 20:15:41 Start processing HTTP request "POST" https://es-graphql-1q5xcqmja6dvh4ctc4t9.zeepki.st/
[Info   :Zeepkist GTR] 20:15:41 Start processing HTTP request "POST" https://es-graphql-1q5xcqmja6dvh4ctc4t9.zeepki.st/
[Info   :Zeepkist GTR] 20:15:41 Sending HTTP request "POST" https://es-graphql-1q5xcqmja6dvh4ctc4t9.zeepki.st/
[Info   :Zeepkist GTR] 20:15:41 Stopping existing recorder if any
[Info   :Zeepkist GTR] 20:15:41 Creating new recorder
[Info   :Zeepkist GTR] 20:15:41 Received HTTP response headers after 59.3616ms - 200
[Info   :Zeepkist GTR] 20:15:41 End processing HTTP request after 59.5831ms - 200
[Info   :Zeepkist GTR] 20:15:41 End processing HTTP request after 61.1733ms - 200
[Info   :Zeepkist GTR] 20:15:42 Starting recorder
[Info   :Zeepkist GTR] 20:15:59 Start processing HTTP request "POST" https://es-graphql-1q5xcqmja6dvh4ctc4t9.zeepki.st/
[Info   :Zeepkist GTR] 20:15:59 Start processing HTTP request "POST" https://es-graphql-1q5xcqmja6dvh4ctc4t9.zeepki.st/
[Info   :Zeepkist GTR] 20:15:59 Sending HTTP request "POST" https://es-graphql-1q5xcqmja6dvh4ctc4t9.zeepki.st/
[Info   :Zeepkist GTR] 20:15:59 Received HTTP response headers after 209.1853ms - 200
[Info   :Zeepkist GTR] 20:15:59 End processing HTTP request after 209.4149ms - 200
[Info   :Zeepkist GTR] 20:15:59 End processing HTTP request after 214.9769ms - 200
[Info   :Zeepkist GTR] 20:16:06 Stopping recorder
[Info   :Zeepkist GTR] 20:16:06 Collecting extra information
[Info   :Zeepkist GTR] 20:16:06 Resolved workshop ID "3810618459" from lobby 3810618459 and level 0
[Info   :Zeepkist GTR] 20:16:06 Processing ghost data
[Info   :Zeepkist GTR] 20:16:06 Creating stream
[Info   :Zeepkist GTR] 20:16:06 Writing to stream
[Info   :Zeepkist GTR] 20:16:06 Converting to base64
[Info   :Zeepkist GTR] 20:16:06 Creating resource
[Info   :Zeepkist GTR] 20:16:06 Start processing HTTP request "POST" https://es-backend-5eu0pg2dcfyp6u2v33lz.zeepki.st/record/submit
[Info   :Zeepkist GTR] 20:16:06 Start processing HTTP request "POST" https://es-backend-5eu0pg2dcfyp6u2v33lz.zeepki.st/record/submit
[Info   :Zeepkist GTR] 20:16:06 Sending HTTP request "POST" https://es-backend-5eu0pg2dcfyp6u2v33lz.zeepki.st/record/submit
[Info   :Zeepkist GTR] 20:16:07 Received HTTP response headers after 415.3209ms - 200
[Info   :Zeepkist GTR] 20:16:07 End processing HTTP request after 415.5379ms - 200
[Info   :Zeepkist GTR] 20:16:07 End processing HTTP request after 422.8392ms - 200
[Info   :Zeepkist Bingo] [BINGO] === PLAYER SPAWNED ===
[Info   :Zeepkist Bingo] [BINGO] IsInActiveSession: False
[Info   :Zeepkist Bingo] [BINGO] Not in active session, skipping timer reset
[Info   :Zeepkist GTR] 20:16:08 Loading personal best...
[Info   :Zeepkist GTR] 20:16:08 Start processing HTTP request "POST" https://es-graphql-1q5xcqmja6dvh4ctc4t9.zeepki.st/
[Info   :Zeepkist GTR] 20:16:08 Start processing HTTP request "POST" https://es-graphql-1q5xcqmja6dvh4ctc4t9.zeepki.st/
[Info   :Zeepkist GTR] 20:16:08 Sending HTTP request "POST" https://es-graphql-1q5xcqmja6dvh4ctc4t9.zeepki.st/
[Info   :Zeepkist GTR] 20:16:08 Stopping existing recorder if any
[Info   :Zeepkist GTR] 20:16:08 Creating new recorder
[Info   :Zeepkist GTR] 20:16:08 Received HTTP response headers after 58.4305ms - 200
[Info   :Zeepkist GTR] 20:16:08 End processing HTTP request after 58.6678ms - 200
[Info   :Zeepkist GTR] 20:16:08 End processing HTTP request after 65.0855ms - 200
[Info   :Zeepkist GTR] 20:16:09 Starting recorder
[Info   :Zeepkist GTR] 20:16:29 Discarding recorder
[Info   :COTDTracker] Running update tab leaderboard function
[Info   :COTDTracker] Doing eliminations with leaderboard:
[Info   :COTDTracker] Player justMaki: Time: 22,9751
[Info   :COTDTracker] Player RoundNzt: Time: 23,00394
[Info   :COTDTracker] Player Jake: Time: 23,0186
[Info   :COTDTracker] Player [CSC]AndMe18: Time: 23,07334
[Info   :COTDTracker] Player Lexer: Time: 23,12595
[Info   :COTDTracker] Player B_ES: Time: 23,18607
[Info   :COTDTracker] Player Noxitu: Time: 23,19522
[Info   :COTDTracker] Player [TILT]Redstony: Time: 23,24169
[Info   :COTDTracker] Player [CSC]IronDragon111000: Time: 23,35002
[Info   :COTDTracker] Player Minkus: Time: 23,3778
[Info   :COTDTracker] Player [KURK] Quickracer10: Time: 23,37873
[Info   :COTDTracker] Player [CSC]K410K3N: Time: 23,42582
[Info   :COTDTracker] Player Azalea: Time: 23,47483
[Info   :COTDTracker] Player Jorts: Time: 23,4848
[Info   :COTDTracker] Player Warsnac: Time: 23,54428
[Info   :COTDTracker] Player [CSC] variableferret: Time: 23,62603
[Info   :COTDTracker] Player gilgool: Time: 23,68138
[Info   :COTDTracker] Player brrryy: Time: 23,74024
[Info   :COTDTracker] Player aizpun: Time: 23,86045
[Info   :COTDTracker] Player wokonbike: Time: 23,93557
[Info   :COTDTracker] Eliminated 0 DNF players
[Info   :COTDTracker] Eliminating on time: wokonbike
[Info   :COTDTracker] Eliminating on time: aizpun
[Info   :COTDTracker] Eliminating on time: brrryy
[Info   :COTDTracker] Eliminating 3 players: 
[Info   :COTDTracker] wokonbike
[Info   :COTDTracker] aizpun
[Info   :COTDTracker] brrryy
[Info   :Zeepkist Bingo] [BINGO] Level loaded
[Info   :Zeepkist GTR] 20:16:44 Start processing HTTP request "POST" https://es-backend-5eu0pg2dcfyp6u2v33lz.zeepki.st/level/request
[Info   :Zeepkist GTR] 20:16:44 Start processing HTTP request "POST" https://es-backend-5eu0pg2dcfyp6u2v33lz.zeepki.st/level/request
[Info   :Zeepkist GTR] 20:16:44 Sending HTTP request "POST" https://es-backend-5eu0pg2dcfyp6u2v33lz.zeepki.st/level/request
[Info   :Zeepkist GTR] 20:16:44 Start processing HTTP request "POST" https://es-graphql-1q5xcqmja6dvh4ctc4t9.zeepki.st/
[Info   :Zeepkist GTR] 20:16:44 Start processing HTTP request "POST" https://es-graphql-1q5xcqmja6dvh4ctc4t9.zeepki.st/
[Info   :Zeepkist GTR] 20:16:44 Sending HTTP request "POST" https://es-graphql-1q5xcqmja6dvh4ctc4t9.zeepki.st/
[Warning:Zeepkist GTR] 20:16:44 Current-level record subscription failed
[Info   :Zeepkist GTR] 20:16:44 Start processing HTTP request "POST" https://es-graphql-1q5xcqmja6dvh4ctc4t9.zeepki.st/
[Info   :Zeepkist GTR] 20:16:44 Start processing HTTP request "POST" https://es-graphql-1q5xcqmja6dvh4ctc4t9.zeepki.st/
[Info   :Zeepkist GTR] 20:16:44 Sending HTTP request "POST" https://es-graphql-1q5xcqmja6dvh4ctc4t9.zeepki.st/
[Info   :BetterSplits] getting gtr splits
[Info   :Zeepkist GTR] 20:16:44 Received HTTP response headers after 86.487ms - 200
[Info   :Zeepkist GTR] 20:16:44 End processing HTTP request after 86.6957ms - 200
[Info   :Zeepkist GTR] 20:16:44 End processing HTTP request after 92.3887ms - 200
[Info   :Zeepkist Bingo] [BINGO] === PLAYER SPAWNED ===
[Info   :Zeepkist Bingo] [BINGO] IsInActiveSession: False
[Info   :Zeepkist Bingo] [BINGO] Not in active session, skipping timer reset
[Info   :Zeepkist GTR] 20:16:44 Loading personal best...
[Info   :Zeepkist GTR] 20:16:44 Start processing HTTP request "POST" https://es-graphql-1q5xcqmja6dvh4ctc4t9.zeepki.st/
[Info   :Zeepkist GTR] 20:16:44 Start processing HTTP request "POST" https://es-graphql-1q5xcqmja6dvh4ctc4t9.zeepki.st/
[Info   :Zeepkist GTR] 20:16:44 Sending HTTP request "POST" https://es-graphql-1q5xcqmja6dvh4ctc4t9.zeepki.st/
[Info   :Zeepkist GTR] 20:16:44 Stopping existing recorder if any
[Info   :Zeepkist GTR] 20:16:44 Creating new recorder
[Info   :Zeepkist GTR] 20:16:44 Received HTTP response headers after 163.6412ms - 200
[Info   :Zeepkist GTR] 20:16:44 End processing HTTP request after 163.8762ms - 200
[Info   :Zeepkist GTR] 20:16:44 End processing HTTP request after 165.716ms - 200
[Info   :BetterSplits] got gtr splits
[Info   :Zeepkist GTR] 20:16:44 Received HTTP response headers after 163.6186ms - 200
[Info   :Zeepkist GTR] 20:16:44 End processing HTTP request after 163.8544ms - 200
[Info   :Zeepkist GTR] 20:16:44 End processing HTTP request after 165.7562ms - 200
[Info   :Zeepkist GTR] 20:16:44 Received HTTP response headers after 276.5135ms - 200
[Info   :Zeepkist GTR] 20:16:44 End processing HTTP request after 276.7612ms - 200
[Info   :Zeepkist GTR] 20:16:44 End processing HTTP request after 283.1565ms - 200
[Info   :Zeepkist GTR] 20:16:45 Starting recorder
[Info   :Zeepkist GTR] 20:17:22 Start processing HTTP request "POST" https://es-graphql-1q5xcqmja6dvh4ctc4t9.zeepki.st/
[Info   :Zeepkist GTR] 20:17:22 Start processing HTTP request "POST" https://es-graphql-1q5xcqmja6dvh4ctc4t9.zeepki.st/
[Info   :Zeepkist GTR] 20:17:22 Sending HTTP request "POST" https://es-graphql-1q5xcqmja6dvh4ctc4t9.zeepki.st/
[Info   :Zeepkist GTR] 20:17:22 Received HTTP response headers after 153.7029ms - 200
[Info   :Zeepkist GTR] 20:17:22 End processing HTTP request after 153.9257ms - 200
[Info   :Zeepkist GTR] 20:17:22 End processing HTTP request after 160.5808ms - 200
[Info   :Zeepkist GTR] 20:17:52 Discarding recorder
[Info   :Tournament Casting UI] [compare cam] PhotoDrone API hooked
[Info   :COTDTracker] Doing eliminations with leaderboard:
[Info   :COTDTracker] Player justMaki: Time: 23,45742
[Info   :COTDTracker] Player [KURK] Quickracer10: Time: 23,48887
[Info   :COTDTracker] Player RoundNzt: Time: 23,49623
[Info   :COTDTracker] Player Jake: Time: 23,54463
[Info   :COTDTracker] Player Azalea: Time: 23,54929
[Info   :COTDTracker] Player B_ES: Time: 23,5637
[Info   :COTDTracker] Player Lexer: Time: 23,60167
[Info   :COTDTracker] Player [CSC]AndMe18: Time: 23,64594
[Info   :COTDTracker] Player [CSC]K410K3N: Time: 23,67015
[Info   :COTDTracker] Player Minkus: Time: 23,6749
[Info   :COTDTracker] Player [CSC]IronDragon111000: Time: 23,67688
[Info   :COTDTracker] Player Warsnac: Time: 23,74006
[Info   :COTDTracker] Player [TILT]Redstony: Time: 23,77531
[Info   :COTDTracker] Player gilgool: Time: 23,93023
[Info   :COTDTracker] Player Jorts: Time: 24,08418
[Info   :COTDTracker] Player [CSC] variableferret: Time: 24,10548
[Info   :COTDTracker] Player Noxitu: Time: 24,61787
[Info   :COTDTracker] Eliminated 0 DNF players
[Info   :COTDTracker] Eliminating on time: Noxitu
[Info   :COTDTracker] Eliminating on time: [CSC] variableferret
[Info   :COTDTracker] Eliminating on time: Jorts
[Info   :COTDTracker] Eliminating 3 players: 
[Info   :COTDTracker] Noxitu
[Info   :COTDTracker] [CSC] variableferret
[Info   :COTDTracker] Jorts
[Info   :Zeepkist Bingo] [BINGO] Level loaded
[Info   :Zeepkist GTR] 20:18:07 Start processing HTTP request "POST" https://es-backend-5eu0pg2dcfyp6u2v33lz.zeepki.st/level/request
[Info   :Zeepkist GTR] 20:18:07 Start processing HTTP request "POST" https://es-backend-5eu0pg2dcfyp6u2v33lz.zeepki.st/level/request
[Info   :Zeepkist GTR] 20:18:07 Sending HTTP request "POST" https://es-backend-5eu0pg2dcfyp6u2v33lz.zeepki.st/level/request
[Info   :Zeepkist GTR] 20:18:07 Start processing HTTP request "POST" https://es-graphql-1q5xcqmja6dvh4ctc4t9.zeepki.st/
[Info   :Zeepkist GTR] 20:18:07 Start processing HTTP request "POST" https://es-graphql-1q5xcqmja6dvh4ctc4t9.zeepki.st/
[Info   :Zeepkist GTR] 20:18:07 Sending HTTP request "POST" https://es-graphql-1q5xcqmja6dvh4ctc4t9.zeepki.st/
[Info   :Zeepkist GTR] 20:18:07 Start processing HTTP request "POST" https://es-graphql-1q5xcqmja6dvh4ctc4t9.zeepki.st/
[Warning:Zeepkist GTR] 20:18:07 Current-level record subscription failed
[Info   :Zeepkist GTR] 20:18:07 Start processing HTTP request "POST" https://es-graphql-1q5xcqmja6dvh4ctc4t9.zeepki.st/
[Info   :Zeepkist GTR] 20:18:07 Sending HTTP request "POST" https://es-graphql-1q5xcqmja6dvh4ctc4t9.zeepki.st/
[Info   :BetterSplits] getting gtr splits
[Info   :Zeepkist Bingo] [BINGO] === PLAYER SPAWNED ===
[Info   :Zeepkist Bingo] [BINGO] IsInActiveSession: False
[Info   :Zeepkist Bingo] [BINGO] Not in active session, skipping timer reset
[Info   :Zeepkist GTR] 20:18:07 Loading personal best...
[Info   :Zeepkist GTR] 20:18:07 Start processing HTTP request "POST" https://es-graphql-1q5xcqmja6dvh4ctc4t9.zeepki.st/
[Info   :Zeepkist GTR] 20:18:07 Start processing HTTP request "POST" https://es-graphql-1q5xcqmja6dvh4ctc4t9.zeepki.st/
[Info   :Zeepkist GTR] 20:18:07 Sending HTTP request "POST" https://es-graphql-1q5xcqmja6dvh4ctc4t9.zeepki.st/
[Info   :Zeepkist GTR] 20:18:07 Stopping existing recorder if any
[Info   :Zeepkist GTR] 20:18:07 Creating new recorder
[Info   :BetterSplits] got gtr splits
[Info   :Zeepkist GTR] 20:18:07 Received HTTP response headers after 219.7312ms - 200
[Info   :Zeepkist GTR] 20:18:07 End processing HTTP request after 219.949ms - 200
[Info   :Zeepkist GTR] 20:18:07 End processing HTTP request after 223.8558ms - 200
[Info   :Zeepkist GTR] 20:18:07 Received HTTP response headers after 239.9079ms - 200
[Info   :Zeepkist GTR] 20:18:07 End processing HTTP request after 240.1208ms - 200
[Info   :Zeepkist GTR] 20:18:07 Received HTTP response headers after 241.5827ms - 200
[Info   :Zeepkist GTR] 20:18:07 End processing HTTP request after 241.804ms - 200
[Info   :Zeepkist GTR] 20:18:07 End processing HTTP request after 243.6652ms - 200
[Info   :Zeepkist GTR] 20:18:07 End processing HTTP request after 244.1175ms - 200
[Info   :Zeepkist GTR] 20:18:07 Received HTTP response headers after 255.4188ms - 200
[Info   :Zeepkist GTR] 20:18:07 End processing HTTP request after 255.6313ms - 200
[Info   :Zeepkist GTR] 20:18:07 End processing HTTP request after 258.4966ms - 200
[Info   :Zeepkist GTR] 20:18:08 Starting recorder
[Info   :Zeepkist GTR] 20:18:45 Start processing HTTP request "POST" https://es-graphql-1q5xcqmja6dvh4ctc4t9.zeepki.st/
[Info   :Zeepkist GTR] 20:18:45 Start processing HTTP request "POST" https://es-graphql-1q5xcqmja6dvh4ctc4t9.zeepki.st/
[Info   :Zeepkist GTR] 20:18:45 Sending HTTP request "POST" https://es-graphql-1q5xcqmja6dvh4ctc4t9.zeepki.st/
[Info   :Zeepkist GTR] 20:18:45 Received HTTP response headers after 62.9517ms - 200
[Info   :Zeepkist GTR] 20:18:45 End processing HTTP request after 63.1646ms - 200
[Info   :Zeepkist GTR] 20:18:45 End processing HTTP request after 63.5387ms - 200
[Info   :Zeepkist GTR] 20:19:15 Discarding recorder
[Info   :COTDTracker] Doing eliminations with leaderboard:
[Info   :COTDTracker] Player Azalea: Time: 22,95953
[Info   :COTDTracker] Player Jake: Time: 22,97069
[Info   :COTDTracker] Player justMaki: Time: 22,97136
[Info   :COTDTracker] Player RoundNzt: Time: 23,01838
[Info   :COTDTracker] Player Lexer: Time: 23,02154
[Info   :COTDTracker] Player Minkus: Time: 23,04091
[Info   :COTDTracker] Player [KURK] Quickracer10: Time: 23,09622
[Info   :COTDTracker] Player [CSC]AndMe18: Time: 23,12718
[Info   :COTDTracker] Player [TILT]Redstony: Time: 23,16968
[Info   :COTDTracker] Player Warsnac: Time: 23,19042
[Info   :COTDTracker] Player [CSC]IronDragon111000: Time: 23,22699
[Info   :COTDTracker] Player [CSC]K410K3N: Time: 23,64279
[Info   :COTDTracker] Player B_ES: Time: DNF
[Info   :COTDTracker] Player gilgool: Time: DNF
[Info   :COTDTracker] Eliminating DNF: gilgool
[Info   :COTDTracker] Eliminating DNF: B_ES
[Info   :COTDTracker] Eliminated 2 DNF players
[Info   :COTDTracker] Eliminating 2 players: 
[Info   :COTDTracker] gilgool
[Info   :COTDTracker] B_ES
[Info   :Zeepkist Bingo] [BINGO] Level loaded
[Info   :Zeepkist GTR] 20:19:30 Start processing HTTP request "POST" https://es-backend-5eu0pg2dcfyp6u2v33lz.zeepki.st/auth/refresh
[Info   :Zeepkist GTR] 20:19:30 Start processing HTTP request "POST" https://es-backend-5eu0pg2dcfyp6u2v33lz.zeepki.st/auth/refresh
[Info   :Zeepkist GTR] 20:19:30 Sending HTTP request "POST" https://es-backend-5eu0pg2dcfyp6u2v33lz.zeepki.st/auth/refresh
[Info   :Zeepkist GTR] 20:19:30 Start processing HTTP request "POST" https://es-graphql-1q5xcqmja6dvh4ctc4t9.zeepki.st/
[Info   :Zeepkist GTR] 20:19:30 Start processing HTTP request "POST" https://es-graphql-1q5xcqmja6dvh4ctc4t9.zeepki.st/
[Info   :Zeepkist GTR] 20:19:30 Sending HTTP request "POST" https://es-graphql-1q5xcqmja6dvh4ctc4t9.zeepki.st/
[Warning:Zeepkist GTR] 20:19:30 Current-level record subscription failed
[Info   :Zeepkist GTR] 20:19:30 Start processing HTTP request "POST" https://es-graphql-1q5xcqmja6dvh4ctc4t9.zeepki.st/
[Info   :Zeepkist GTR] 20:19:30 Start processing HTTP request "POST" https://es-graphql-1q5xcqmja6dvh4ctc4t9.zeepki.st/
[Info   :Zeepkist GTR] 20:19:30 Sending HTTP request "POST" https://es-graphql-1q5xcqmja6dvh4ctc4t9.zeepki.st/
[Info   :BetterSplits] getting gtr splits
[Info   :Zeepkist GTR] 20:19:30 Received HTTP response headers after 64.4795ms - 200
[Info   :Zeepkist GTR] 20:19:30 End processing HTTP request after 64.8027ms - 200
[Info   :Zeepkist GTR] 20:19:30 Received HTTP response headers after 73.5426ms - 200
[Info   :Zeepkist GTR] 20:19:30 End processing HTTP request after 73.8411ms - 200
[Info   :Zeepkist GTR] 20:19:30 Received HTTP response headers after 85.0666ms - 200
[Info   :Zeepkist GTR] 20:19:30 End processing HTTP request after 85.324ms - 200
[Info   :Zeepkist GTR] 20:19:30 End processing HTTP request after 87.0151ms - 200
[Info   :Zeepkist GTR] 20:19:30 End processing HTTP request after 87.5497ms - 200
[Info   :Zeepkist GTR] 20:19:30 End processing HTTP request after 88.2324ms - 200
[Info   :Zeepkist Bingo] [BINGO] === PLAYER SPAWNED ===
[Info   :Zeepkist Bingo] [BINGO] IsInActiveSession: False
[Info   :Zeepkist Bingo] [BINGO] Not in active session, skipping timer reset
[Info   :Zeepkist GTR] 20:19:30 Loading personal best...
[Info   :Zeepkist GTR] 20:19:30 Start processing HTTP request "POST" https://es-graphql-1q5xcqmja6dvh4ctc4t9.zeepki.st/
[Info   :Zeepkist GTR] 20:19:30 Start processing HTTP request "POST" https://es-graphql-1q5xcqmja6dvh4ctc4t9.zeepki.st/
[Info   :Zeepkist GTR] 20:19:30 Sending HTTP request "POST" https://es-graphql-1q5xcqmja6dvh4ctc4t9.zeepki.st/
[Info   :Zeepkist GTR] 20:19:30 Stopping existing recorder if any
[Info   :Zeepkist GTR] 20:19:30 Creating new recorder
[Info   :Zeepkist GTR] 20:19:30 Start processing HTTP request "POST" https://es-backend-5eu0pg2dcfyp6u2v33lz.zeepki.st/level/request
[Info   :Zeepkist GTR] 20:19:30 Start processing HTTP request "POST" https://es-backend-5eu0pg2dcfyp6u2v33lz.zeepki.st/level/request
[Info   :Zeepkist GTR] 20:19:30 Sending HTTP request "POST" https://es-backend-5eu0pg2dcfyp6u2v33lz.zeepki.st/level/request
[Info   :BetterSplits] got gtr splits
[Info   :Zeepkist GTR] 20:19:30 Received HTTP response headers after 66.5263ms - 200
[Info   :Zeepkist GTR] 20:19:30 End processing HTTP request after 66.7765ms - 200
[Info   :Zeepkist GTR] 20:19:30 Received HTTP response headers after 53.7562ms - 200
[Info   :Zeepkist GTR] 20:19:30 End processing HTTP request after 53.9817ms - 200
[Info   :Zeepkist GTR] 20:19:30 End processing HTTP request after 73.3068ms - 200
[Info   :Zeepkist GTR] 20:19:30 End processing HTTP request after 56.9523ms - 200
[Info   :Zeepkist GTR] 20:19:31 Starting recorder
[Info   :Zeepkist GTR] 20:20:08 Start processing HTTP request "POST" https://es-graphql-1q5xcqmja6dvh4ctc4t9.zeepki.st/
[Info   :Zeepkist GTR] 20:20:08 Start processing HTTP request "POST" https://es-graphql-1q5xcqmja6dvh4ctc4t9.zeepki.st/
[Info   :Zeepkist GTR] 20:20:08 Sending HTTP request "POST" https://es-graphql-1q5xcqmja6dvh4ctc4t9.zeepki.st/
[Info   :Zeepkist GTR] 20:20:08 Received HTTP response headers after 292.0868ms - 200
[Info   :Zeepkist GTR] 20:20:08 End processing HTTP request after 292.3005ms - 200
[Info   :Zeepkist GTR] 20:20:08 End processing HTTP request after 299.4046ms - 200
[Info   :Zeepkist GTR] 20:20:38 Discarding recorder
[Info   :COTDTracker] Doing eliminations with leaderboard:
[Info   :COTDTracker] Player RoundNzt: Time: 23,32143
[Info   :COTDTracker] Player [CSC]IronDragon111000: Time: 23,46008
[Info   :COTDTracker] Player justMaki: Time: 23,50874
[Info   :COTDTracker] Player [KURK] Quickracer10: Time: 23,51159
[Info   :COTDTracker] Player Warsnac: Time: 23,51494
[Info   :COTDTracker] Player Lexer: Time: 23,51877
[Info   :COTDTracker] Player [CSC]AndMe18: Time: 23,54555
[Info   :COTDTracker] Player Jake: Time: 23,58083
[Info   :COTDTracker] Player Azalea: Time: 23,6009
[Info   :COTDTracker] Player [CSC]K410K3N: Time: 23,85241
[Info   :COTDTracker] Player [TILT]Redstony: Time: 23,9094
[Info   :COTDTracker] Player Minkus: Time: 23,93599
[Info   :COTDTracker] Eliminated 0 DNF players
[Info   :COTDTracker] Eliminating on time: Minkus
[Info   :COTDTracker] Eliminating on time: [TILT]Redstony
[Info   :COTDTracker] Eliminating 2 players: 
[Info   :COTDTracker] Minkus
[Info   :COTDTracker] [TILT]Redstony
[Info   :Zeepkist Bingo] [BINGO] Level loaded
[Info   :Zeepkist GTR] 20:20:53 Start processing HTTP request "POST" https://es-backend-5eu0pg2dcfyp6u2v33lz.zeepki.st/level/request
[Info   :Zeepkist GTR] 20:20:53 Start processing HTTP request "POST" https://es-backend-5eu0pg2dcfyp6u2v33lz.zeepki.st/level/request
[Info   :Zeepkist GTR] 20:20:53 Sending HTTP request "POST" https://es-backend-5eu0pg2dcfyp6u2v33lz.zeepki.st/level/request
[Info   :Zeepkist GTR] 20:20:53 Start processing HTTP request "POST" https://es-graphql-1q5xcqmja6dvh4ctc4t9.zeepki.st/
[Info   :Zeepkist GTR] 20:20:53 Start processing HTTP request "POST" https://es-graphql-1q5xcqmja6dvh4ctc4t9.zeepki.st/
[Info   :Zeepkist GTR] 20:20:53 Sending HTTP request "POST" https://es-graphql-1q5xcqmja6dvh4ctc4t9.zeepki.st/
[Info   :Zeepkist GTR] 20:20:53 Start processing HTTP request "POST" https://es-graphql-1q5xcqmja6dvh4ctc4t9.zeepki.st/
[Warning:Zeepkist GTR] 20:20:53 Current-level record subscription failed
[Info   :Zeepkist GTR] 20:20:53 Start processing HTTP request "POST" https://es-graphql-1q5xcqmja6dvh4ctc4t9.zeepki.st/
[Info   :Zeepkist GTR] 20:20:53 Sending HTTP request "POST" https://es-graphql-1q5xcqmja6dvh4ctc4t9.zeepki.st/
[Info   :BetterSplits] getting gtr splits
[Info   :Zeepkist GTR] 20:20:53 Received HTTP response headers after 55.1414ms - 200
[Info   :Zeepkist GTR] 20:20:53 End processing HTTP request after 55.3481ms - 200
[Info   :Zeepkist GTR] 20:20:53 End processing HTTP request after 67.5406ms - 200
[Info   :Zeepkist Bingo] [BINGO] === PLAYER SPAWNED ===
[Info   :Zeepkist Bingo] [BINGO] IsInActiveSession: False
[Info   :Zeepkist Bingo] [BINGO] Not in active session, skipping timer reset
[Info   :Zeepkist GTR] 20:20:53 Loading personal best...
[Info   :Zeepkist GTR] 20:20:53 Start processing HTTP request "POST" https://es-graphql-1q5xcqmja6dvh4ctc4t9.zeepki.st/
[Info   :Zeepkist GTR] 20:20:53 Start processing HTTP request "POST" https://es-graphql-1q5xcqmja6dvh4ctc4t9.zeepki.st/
[Info   :Zeepkist GTR] 20:20:53 Sending HTTP request "POST" https://es-graphql-1q5xcqmja6dvh4ctc4t9.zeepki.st/
[Info   :Zeepkist GTR] 20:20:53 Stopping existing recorder if any
[Info   :Zeepkist GTR] 20:20:53 Creating new recorder
[Info   :BetterSplits] got gtr splits
[Info   :Zeepkist GTR] 20:20:53 Received HTTP response headers after 62.1681ms - 200
[Info   :Zeepkist GTR] 20:20:53 End processing HTTP request after 62.3863ms - 200
[Info   :Zeepkist GTR] 20:20:53 End processing HTTP request after 68.8715ms - 200
[Info   :Zeepkist GTR] 20:20:53 Received HTTP response headers after 203.3674ms - 200
[Info   :Zeepkist GTR] 20:20:53 End processing HTTP request after 203.5899ms - 200
[Info   :Zeepkist GTR] 20:20:53 End processing HTTP request after 207.2467ms - 200
[Info   :Zeepkist GTR] 20:20:53 Received HTTP response headers after 209.5094ms - 200
[Info   :Zeepkist GTR] 20:20:53 End processing HTTP request after 209.7395ms - 200
[Info   :Zeepkist GTR] 20:20:53 End processing HTTP request after 213.6699ms - 200
[Info   :Zeepkist GTR] 20:20:54 Starting recorder
[Info   :Zeepkist GTR] 20:21:31 Start processing HTTP request "POST" https://es-graphql-1q5xcqmja6dvh4ctc4t9.zeepki.st/
[Info   :Zeepkist GTR] 20:21:31 Start processing HTTP request "POST" https://es-graphql-1q5xcqmja6dvh4ctc4t9.zeepki.st/
[Info   :Zeepkist GTR] 20:21:31 Sending HTTP request "POST" https://es-graphql-1q5xcqmja6dvh4ctc4t9.zeepki.st/
[Info   :Zeepkist GTR] 20:21:31 Received HTTP response headers after 63.2436ms - 200
[Info   :Zeepkist GTR] 20:21:31 End processing HTTP request after 63.461ms - 200
[Info   :Zeepkist GTR] 20:21:31 End processing HTTP request after 70.6104ms - 200
[Info   :Zeepkist GTR] 20:22:01 Discarding recorder
[Info   :COTDTracker] Doing eliminations with leaderboard:
[Info   :COTDTracker] Player RoundNzt: Time: 22,96774
[Info   :COTDTracker] Player justMaki: Time: 22,97151
[Info   :COTDTracker] Player Jake: Time: 23,01342
[Info   :COTDTracker] Player Lexer: Time: 23,02887
[Info   :COTDTracker] Player Azalea: Time: 23,08429
[Info   :COTDTracker] Player Warsnac: Time: 23,25941
[Info   :COTDTracker] Player [KURK] Quickracer10: Time: 23,41126
[Info   :COTDTracker] Player [CSC]IronDragon111000: Time: 23,4616
[Info   :COTDTracker] Player [CSC]K410K3N: Time: 23,67148
[Info   :COTDTracker] Player [CSC]AndMe18: Time: DNF
[Info   :COTDTracker] Eliminating DNF: [CSC]AndMe18
[Info   :COTDTracker] Eliminated 1 DNF players
[Info   :COTDTracker] Eliminating on time: [CSC]K410K3N
[Info   :COTDTracker] Eliminating 2 players: 
[Info   :COTDTracker] [CSC]AndMe18
[Info   :COTDTracker] [CSC]K410K3N
[Info   :Zeepkist Bingo] [BINGO] Level loaded
[Info   :Zeepkist GTR] 20:22:16 Start processing HTTP request "POST" https://es-backend-5eu0pg2dcfyp6u2v33lz.zeepki.st/level/request
[Info   :Zeepkist GTR] 20:22:16 Start processing HTTP request "POST" https://es-backend-5eu0pg2dcfyp6u2v33lz.zeepki.st/level/request
[Info   :Zeepkist GTR] 20:22:16 Sending HTTP request "POST" https://es-backend-5eu0pg2dcfyp6u2v33lz.zeepki.st/level/request
[Info   :Zeepkist GTR] 20:22:16 Start processing HTTP request "POST" https://es-graphql-1q5xcqmja6dvh4ctc4t9.zeepki.st/
[Info   :Zeepkist GTR] 20:22:16 Start processing HTTP request "POST" https://es-graphql-1q5xcqmja6dvh4ctc4t9.zeepki.st/
[Info   :Zeepkist GTR] 20:22:16 Sending HTTP request "POST" https://es-graphql-1q5xcqmja6dvh4ctc4t9.zeepki.st/
[Warning:Zeepkist GTR] 20:22:16 Current-level record subscription failed
[Info   :Zeepkist GTR] 20:22:16 Start processing HTTP request "POST" https://es-graphql-1q5xcqmja6dvh4ctc4t9.zeepki.st/
[Info   :Zeepkist GTR] 20:22:16 Start processing HTTP request "POST" https://es-graphql-1q5xcqmja6dvh4ctc4t9.zeepki.st/
[Info   :Zeepkist GTR] 20:22:16 Sending HTTP request "POST" https://es-graphql-1q5xcqmja6dvh4ctc4t9.zeepki.st/
[Info   :BetterSplits] getting gtr splits
[Info   :Zeepkist Bingo] [BINGO] === PLAYER SPAWNED ===
[Info   :Zeepkist Bingo] [BINGO] IsInActiveSession: False
[Info   :Zeepkist Bingo] [BINGO] Not in active session, skipping timer reset
[Info   :Zeepkist GTR] 20:22:16 Loading personal best...
[Info   :Zeepkist GTR] 20:22:16 Start processing HTTP request "POST" https://es-graphql-1q5xcqmja6dvh4ctc4t9.zeepki.st/
[Info   :Zeepkist GTR] 20:22:16 Start processing HTTP request "POST" https://es-graphql-1q5xcqmja6dvh4ctc4t9.zeepki.st/
[Info   :Zeepkist GTR] 20:22:16 Sending HTTP request "POST" https://es-graphql-1q5xcqmja6dvh4ctc4t9.zeepki.st/
[Info   :Zeepkist GTR] 20:22:16 Stopping existing recorder if any
[Info   :Zeepkist GTR] 20:22:16 Creating new recorder
[Info   :BetterSplits] got gtr splits
[Info   :Zeepkist GTR] 20:22:16 Received HTTP response headers after 205.6872ms - 200
[Info   :Zeepkist GTR] 20:22:16 End processing HTTP request after 205.9064ms - 200
[Info   :Zeepkist GTR] 20:22:16 End processing HTTP request after 208.1395ms - 200
[Info   :Zeepkist GTR] 20:22:16 Received HTTP response headers after 214.7057ms - 200
[Info   :Zeepkist GTR] 20:22:16 End processing HTTP request after 214.9106ms - 200
[Info   :Zeepkist GTR] 20:22:16 End processing HTTP request after 222.8318ms - 200
[Info   :Zeepkist GTR] 20:22:16 Received HTTP response headers after 230.0677ms - 200
[Info   :Zeepkist GTR] 20:22:16 End processing HTTP request after 230.3148ms - 200
[Info   :Zeepkist GTR] 20:22:16 End processing HTTP request after 235.3001ms - 200
[Info   :Zeepkist GTR] 20:22:16 Received HTTP response headers after 176.0291ms - 200
[Info   :Zeepkist GTR] 20:22:16 End processing HTTP request after 176.272ms - 200
[Info   :Zeepkist GTR] 20:22:16 End processing HTTP request after 176.6727ms - 200
[Info   :Zeepkist GTR] 20:22:17 Starting recorder
[Info   :Zeepkist GTR] 20:22:54 Start processing HTTP request "POST" https://es-graphql-1q5xcqmja6dvh4ctc4t9.zeepki.st/
[Info   :Zeepkist GTR] 20:22:54 Start processing HTTP request "POST" https://es-graphql-1q5xcqmja6dvh4ctc4t9.zeepki.st/
[Info   :Zeepkist GTR] 20:22:54 Sending HTTP request "POST" https://es-graphql-1q5xcqmja6dvh4ctc4t9.zeepki.st/
[Info   :Zeepkist GTR] 20:22:54 Received HTTP response headers after 59.5558ms - 200
[Info   :Zeepkist GTR] 20:22:54 End processing HTTP request after 59.8144ms - 200
[Info   :Zeepkist GTR] 20:22:54 End processing HTTP request after 63.0482ms - 200
[Info   :Zeepkist Bingo] [CHAT] Intercepted message: many salutes though
[Info   :Zeepkist Bingo] [CHAT] Not relaying - no bingo session
[Info   :Zeepkist GTR] 20:23:24 Discarding recorder
[Info   :COTDTracker] Doing eliminations with leaderboard:
[Info   :COTDTracker] Player RoundNzt: Time: 23,31937
[Info   :COTDTracker] Player Jake: Time: 23,37228
[Info   :COTDTracker] Player Lexer: Time: 23,45575
[Info   :COTDTracker] Player Warsnac: Time: 23,49447
[Info   :COTDTracker] Player [KURK] Quickracer10: Time: 23,52524
[Info   :COTDTracker] Player justMaki: Time: 23,53662
[Info   :COTDTracker] Player Azalea: Time: 23,57596
[Info   :COTDTracker] Player [CSC]IronDragon111000: Time: 23,74276
[Info   :COTDTracker] Eliminated 0 DNF players
[Info   :COTDTracker] Eliminating on time: [CSC]IronDragon111000
[Info   :COTDTracker] Eliminating on time: Azalea
[Info   :COTDTracker] Eliminating 2 players: 
[Info   :COTDTracker] [CSC]IronDragon111000
[Info   :COTDTracker] Azalea
[Info   :Zeepkist Bingo] [BINGO] Level loaded
[Info   :Zeepkist GTR] 20:23:39 Start processing HTTP request "POST" https://es-backend-5eu0pg2dcfyp6u2v33lz.zeepki.st/level/request
[Info   :Zeepkist GTR] 20:23:39 Start processing HTTP request "POST" https://es-backend-5eu0pg2dcfyp6u2v33lz.zeepki.st/level/request
[Info   :Zeepkist GTR] 20:23:39 Sending HTTP request "POST" https://es-backend-5eu0pg2dcfyp6u2v33lz.zeepki.st/level/request
[Info   :Zeepkist GTR] 20:23:39 Start processing HTTP request "POST" https://es-graphql-1q5xcqmja6dvh4ctc4t9.zeepki.st/
[Info   :Zeepkist GTR] 20:23:39 Start processing HTTP request "POST" https://es-graphql-1q5xcqmja6dvh4ctc4t9.zeepki.st/
[Info   :Zeepkist GTR] 20:23:39 Sending HTTP request "POST" https://es-graphql-1q5xcqmja6dvh4ctc4t9.zeepki.st/
[Warning:Zeepkist GTR] 20:23:39 Current-level record subscription failed
[Info   :Zeepkist GTR] 20:23:39 Start processing HTTP request "POST" https://es-graphql-1q5xcqmja6dvh4ctc4t9.zeepki.st/
[Info   :Zeepkist GTR] 20:23:39 Start processing HTTP request "POST" https://es-graphql-1q5xcqmja6dvh4ctc4t9.zeepki.st/
[Info   :Zeepkist GTR] 20:23:39 Sending HTTP request "POST" https://es-graphql-1q5xcqmja6dvh4ctc4t9.zeepki.st/
[Info   :BetterSplits] getting gtr splits
[Info   :Zeepkist GTR] 20:23:39 Received HTTP response headers after 61.4382ms - 200
[Info   :Zeepkist GTR] 20:23:39 End processing HTTP request after 61.7269ms - 200
[Info   :Zeepkist Bingo] [BINGO] === PLAYER SPAWNED ===
[Info   :Zeepkist Bingo] [BINGO] IsInActiveSession: False
[Info   :Zeepkist Bingo] [BINGO] Not in active session, skipping timer reset
[Info   :Zeepkist GTR] 20:23:39 Loading personal best...
[Info   :Zeepkist GTR] 20:23:39 Start processing HTTP request "POST" https://es-graphql-1q5xcqmja6dvh4ctc4t9.zeepki.st/
[Info   :Zeepkist GTR] 20:23:39 Start processing HTTP request "POST" https://es-graphql-1q5xcqmja6dvh4ctc4t9.zeepki.st/
[Info   :Zeepkist GTR] 20:23:39 Sending HTTP request "POST" https://es-graphql-1q5xcqmja6dvh4ctc4t9.zeepki.st/
[Info   :Zeepkist GTR] 20:23:39 Stopping existing recorder if any
[Info   :Zeepkist GTR] 20:23:39 Creating new recorder
[Info   :Zeepkist GTR] 20:23:39 Received HTTP response headers after 90.3984ms - 200
[Info   :Zeepkist GTR] 20:23:39 End processing HTTP request after 90.6344ms - 200
[Info   :Zeepkist GTR] 20:23:39 End processing HTTP request after 95.5608ms - 200
[Info   :Zeepkist GTR] 20:23:39 End processing HTTP request after 94.9588ms - 200
[Info   :Zeepkist GTR] 20:23:39 Received HTTP response headers after 101.9869ms - 200
[Info   :Zeepkist GTR] 20:23:39 End processing HTTP request after 102.2611ms - 200
[Info   :Zeepkist GTR] 20:23:39 End processing HTTP request after 118.3774ms - 200
[Info   :BetterSplits] got gtr splits
[Info   :Zeepkist GTR] 20:23:39 Received HTTP response headers after 61.9613ms - 200
[Info   :Zeepkist GTR] 20:23:39 End processing HTTP request after 62.1665ms - 200
[Info   :Zeepkist GTR] 20:23:39 End processing HTTP request after 62.6075ms - 200
[Info   :Zeepkist GTR] 20:23:40 Starting recorder
[Info   :Zeepkist GTR] 20:24:17 Start processing HTTP request "POST" https://es-graphql-1q5xcqmja6dvh4ctc4t9.zeepki.st/
[Info   :Zeepkist GTR] 20:24:17 Start processing HTTP request "POST" https://es-graphql-1q5xcqmja6dvh4ctc4t9.zeepki.st/
[Info   :Zeepkist GTR] 20:24:17 Sending HTTP request "POST" https://es-graphql-1q5xcqmja6dvh4ctc4t9.zeepki.st/
[Info   :Zeepkist GTR] 20:24:17 Received HTTP response headers after 199.4217ms - 200
[Info   :Zeepkist GTR] 20:24:17 End processing HTTP request after 199.6377ms - 200
[Info   :Zeepkist GTR] 20:24:17 End processing HTTP request after 202.1915ms - 200
[Info   :Zeepkist GTR] 20:24:47 Discarding recorder
[Info   :COTDTracker] Doing eliminations with leaderboard:
[Info   :COTDTracker] Player justMaki: Time: 22,93826
[Info   :COTDTracker] Player Lexer: Time: 22,96775
[Info   :COTDTracker] Player RoundNzt: Time: 23,01908
[Info   :COTDTracker] Player Jake: Time: 23,05649
[Info   :COTDTracker] Player [KURK] Quickracer10: Time: 23,12761
[Info   :COTDTracker] Player Warsnac: Time: 23,21611
[Info   :COTDTracker] Eliminated 0 DNF players
[Info   :COTDTracker] Eliminating on time: Warsnac
[Info   :COTDTracker] Eliminating 1 players: 
[Info   :COTDTracker] Warsnac
[Info   :Zeepkist Bingo] [BINGO] Level loaded
[Info   :Zeepkist GTR] 20:25:02 Start processing HTTP request "POST" https://es-backend-5eu0pg2dcfyp6u2v33lz.zeepki.st/level/request
[Info   :Zeepkist GTR] 20:25:02 Start processing HTTP request "POST" https://es-backend-5eu0pg2dcfyp6u2v33lz.zeepki.st/level/request
[Info   :Zeepkist GTR] 20:25:02 Sending HTTP request "POST" https://es-backend-5eu0pg2dcfyp6u2v33lz.zeepki.st/level/request
[Info   :Zeepkist GTR] 20:25:02 Start processing HTTP request "POST" https://es-graphql-1q5xcqmja6dvh4ctc4t9.zeepki.st/
[Info   :Zeepkist GTR] 20:25:02 Start processing HTTP request "POST" https://es-graphql-1q5xcqmja6dvh4ctc4t9.zeepki.st/
[Info   :Zeepkist GTR] 20:25:02 Sending HTTP request "POST" https://es-graphql-1q5xcqmja6dvh4ctc4t9.zeepki.st/
[Info   :Zeepkist GTR] 20:25:02 Start processing HTTP request "POST" https://es-graphql-1q5xcqmja6dvh4ctc4t9.zeepki.st/
[Warning:Zeepkist GTR] 20:25:02 Current-level record subscription failed
[Info   :Zeepkist GTR] 20:25:02 Start processing HTTP request "POST" https://es-graphql-1q5xcqmja6dvh4ctc4t9.zeepki.st/
[Info   :Zeepkist GTR] 20:25:02 Sending HTTP request "POST" https://es-graphql-1q5xcqmja6dvh4ctc4t9.zeepki.st/
[Info   :BetterSplits] getting gtr splits
[Info   :Zeepkist GTR] 20:25:02 Received HTTP response headers after 52.8811ms - 200
[Info   :Zeepkist GTR] 20:25:02 End processing HTTP request after 53.0901ms - 200
[Info   :Zeepkist GTR] 20:25:02 End processing HTTP request after 68.3232ms - 200
[Info   :Zeepkist Bingo] [BINGO] === PLAYER SPAWNED ===
[Info   :Zeepkist Bingo] [BINGO] IsInActiveSession: False
[Info   :Zeepkist Bingo] [BINGO] Not in active session, skipping timer reset
[Info   :Zeepkist GTR] 20:25:02 Loading personal best...
[Info   :Zeepkist GTR] 20:25:02 Start processing HTTP request "POST" https://es-graphql-1q5xcqmja6dvh4ctc4t9.zeepki.st/
[Info   :Zeepkist GTR] 20:25:02 Start processing HTTP request "POST" https://es-graphql-1q5xcqmja6dvh4ctc4t9.zeepki.st/
[Info   :Zeepkist GTR] 20:25:02 Sending HTTP request "POST" https://es-graphql-1q5xcqmja6dvh4ctc4t9.zeepki.st/
[Info   :Zeepkist GTR] 20:25:02 Stopping existing recorder if any
[Info   :Zeepkist GTR] 20:25:02 Creating new recorder
[Info   :BetterSplits] got gtr splits
[Info   :Zeepkist GTR] 20:25:02 Received HTTP response headers after 67.5462ms - 200
[Info   :Zeepkist GTR] 20:25:02 End processing HTTP request after 67.7588ms - 200
[Info   :Zeepkist GTR] 20:25:02 End processing HTTP request after 71.7198ms - 200
[Info   :Zeepkist GTR] 20:25:02 Received HTTP response headers after 238.5998ms - 200
[Info   :Zeepkist GTR] 20:25:02 End processing HTTP request after 238.9039ms - 200
[Info   :Zeepkist GTR] 20:25:02 End processing HTTP request after 245.4221ms - 200
[Info   :Zeepkist GTR] 20:25:02 Received HTTP response headers after 268.3271ms - 200
[Info   :Zeepkist GTR] 20:25:02 End processing HTTP request after 268.6351ms - 200
[Info   :Zeepkist GTR] 20:25:02 End processing HTTP request after 275.1031ms - 200
[Info   :COTDTracker] Running update tab leaderboard function
[Info   :Zeepkist GTR] 20:25:04 Starting recorder
[Info   :Zeepkist GTR] 20:25:40 Start processing HTTP request "POST" https://es-graphql-1q5xcqmja6dvh4ctc4t9.zeepki.st/
[Info   :Zeepkist GTR] 20:25:40 Start processing HTTP request "POST" https://es-graphql-1q5xcqmja6dvh4ctc4t9.zeepki.st/
[Info   :Zeepkist GTR] 20:25:40 Sending HTTP request "POST" https://es-graphql-1q5xcqmja6dvh4ctc4t9.zeepki.st/
[Info   :Zeepkist GTR] 20:25:40 Received HTTP response headers after 87.5771ms - 200
[Info   :Zeepkist GTR] 20:25:40 End processing HTTP request after 87.8842ms - 200
[Info   :Zeepkist GTR] 20:25:40 End processing HTTP request after 91.3065ms - 200
[Info   :Zeepkist GTR] 20:26:10 Discarding recorder
[Info   :COTDTracker] Doing eliminations with leaderboard:
[Info   :COTDTracker] Player justMaki: Time: 23,36618
[Info   :COTDTracker] Player [KURK] Quickracer10: Time: 23,40619
[Info   :COTDTracker] Player Lexer: Time: 23,44136
[Info   :COTDTracker] Player RoundNzt: Time: 23,44244
[Info   :COTDTracker] Player Jake: Time: 23,5223
[Info   :COTDTracker] Eliminated 0 DNF players
[Info   :COTDTracker] Eliminating on time: Jake
[Info   :COTDTracker] Eliminating 1 players: 
[Info   :COTDTracker] Jake
[Info   :Zeepkist Bingo] [BINGO] Level loaded
[Info   :Zeepkist GTR] 20:26:25 Start processing HTTP request "POST" https://es-backend-5eu0pg2dcfyp6u2v33lz.zeepki.st/level/request
[Info   :Zeepkist GTR] 20:26:25 Start processing HTTP request "POST" https://es-backend-5eu0pg2dcfyp6u2v33lz.zeepki.st/level/request
[Info   :Zeepkist GTR] 20:26:25 Sending HTTP request "POST" https://es-backend-5eu0pg2dcfyp6u2v33lz.zeepki.st/level/request
[Info   :Zeepkist GTR] 20:26:25 Start processing HTTP request "POST" https://es-graphql-1q5xcqmja6dvh4ctc4t9.zeepki.st/
[Info   :Zeepkist GTR] 20:26:25 Start processing HTTP request "POST" https://es-graphql-1q5xcqmja6dvh4ctc4t9.zeepki.st/
[Info   :Zeepkist GTR] 20:26:25 Sending HTTP request "POST" https://es-graphql-1q5xcqmja6dvh4ctc4t9.zeepki.st/
[Info   :Zeepkist GTR] 20:26:25 Start processing HTTP request "POST" https://es-graphql-1q5xcqmja6dvh4ctc4t9.zeepki.st/
[Warning:Zeepkist GTR] 20:26:25 Current-level record subscription failed
[Info   :Zeepkist GTR] 20:26:25 Start processing HTTP request "POST" https://es-graphql-1q5xcqmja6dvh4ctc4t9.zeepki.st/
[Info   :Zeepkist GTR] 20:26:25 Sending HTTP request "POST" https://es-graphql-1q5xcqmja6dvh4ctc4t9.zeepki.st/
[Info   :BetterSplits] getting gtr splits
[Info   :Zeepkist Bingo] [BINGO] === PLAYER SPAWNED ===
[Info   :Zeepkist Bingo] [BINGO] IsInActiveSession: False
[Info   :Zeepkist Bingo] [BINGO] Not in active session, skipping timer reset
[Info   :Zeepkist GTR] 20:26:25 Loading personal best...
[Info   :Zeepkist GTR] 20:26:25 Start processing HTTP request "POST" https://es-graphql-1q5xcqmja6dvh4ctc4t9.zeepki.st/
[Info   :Zeepkist GTR] 20:26:25 Start processing HTTP request "POST" https://es-graphql-1q5xcqmja6dvh4ctc4t9.zeepki.st/
[Info   :Zeepkist GTR] 20:26:25 Sending HTTP request "POST" https://es-graphql-1q5xcqmja6dvh4ctc4t9.zeepki.st/
[Info   :Zeepkist GTR] 20:26:25 Stopping existing recorder if any
[Info   :Zeepkist GTR] 20:26:25 Creating new recorder
[Info   :BetterSplits] got gtr splits
[Info   :Zeepkist GTR] 20:26:25 Received HTTP response headers after 208.1729ms - 200
[Info   :Zeepkist GTR] 20:26:25 End processing HTTP request after 208.3882ms - 200
[Info   :Zeepkist GTR] 20:26:25 End processing HTTP request after 208.8059ms - 200
[Info   :Zeepkist GTR] 20:26:25 Received HTTP response headers after 215.4871ms - 200
[Info   :Zeepkist GTR] 20:26:25 End processing HTTP request after 215.6943ms - 200
[Info   :Zeepkist GTR] 20:26:25 End processing HTTP request after 222.6732ms - 200
[Info   :Zeepkist GTR] 20:26:25 Received HTTP response headers after 223.4069ms - 200
[Info   :Zeepkist GTR] 20:26:25 End processing HTTP request after 223.6097ms - 200
[Info   :Zeepkist GTR] 20:26:25 End processing HTTP request after 228.7404ms - 200
[Info   :Zeepkist GTR] 20:26:25 Received HTTP response headers after 194.1807ms - 200
[Info   :Zeepkist GTR] 20:26:25 End processing HTTP request after 194.4061ms - 200
[Info   :Zeepkist GTR] 20:26:25 End processing HTTP request after 199.2355ms - 200
[Info   :Zeepkist GTR] 20:26:26 Starting recorder
[Info   :Zeepkist GTR] 20:27:03 Start processing HTTP request "POST" https://es-graphql-1q5xcqmja6dvh4ctc4t9.zeepki.st/
[Info   :Zeepkist GTR] 20:27:03 Start processing HTTP request "POST" https://es-graphql-1q5xcqmja6dvh4ctc4t9.zeepki.st/
[Info   :Zeepkist GTR] 20:27:03 Sending HTTP request "POST" https://es-graphql-1q5xcqmja6dvh4ctc4t9.zeepki.st/
[Info   :Zeepkist GTR] 20:27:03 Received HTTP response headers after 56.0551ms - 200
[Info   :Zeepkist GTR] 20:27:03 End processing HTTP request after 56.2669ms - 200
[Info   :Zeepkist GTR] 20:27:03 End processing HTTP request after 63.4967ms - 200
[Info   :Zeepkist GTR] 20:27:33 Discarding recorder
[Info   :COTDTracker] Doing eliminations with leaderboard:
[Info   :COTDTracker] Player Lexer: Time: 22,90376
[Info   :COTDTracker] Player justMaki: Time: 22,9173
[Info   :COTDTracker] Player RoundNzt: Time: 22,99794
[Info   :COTDTracker] Player [KURK] Quickracer10: Time: DNF
[Info   :COTDTracker] Eliminating DNF: [KURK] Quickracer10
[Info   :COTDTracker] Eliminated 1 DNF players
[Info   :COTDTracker] Eliminating 1 players: 
[Info   :COTDTracker] [KURK] Quickracer10
[Info   :Zeepkist Bingo] [BINGO] Level loaded
[Info   :Zeepkist GTR] 20:27:48 Start processing HTTP request "POST" https://es-backend-5eu0pg2dcfyp6u2v33lz.zeepki.st/level/request
[Info   :Zeepkist GTR] 20:27:48 Start processing HTTP request "POST" https://es-backend-5eu0pg2dcfyp6u2v33lz.zeepki.st/level/request
[Info   :Zeepkist GTR] 20:27:48 Sending HTTP request "POST" https://es-backend-5eu0pg2dcfyp6u2v33lz.zeepki.st/level/request
[Info   :Zeepkist GTR] 20:27:48 Start processing HTTP request "POST" https://es-graphql-1q5xcqmja6dvh4ctc4t9.zeepki.st/
[Info   :Zeepkist GTR] 20:27:48 Start processing HTTP request "POST" https://es-graphql-1q5xcqmja6dvh4ctc4t9.zeepki.st/
[Info   :Zeepkist GTR] 20:27:48 Sending HTTP request "POST" https://es-graphql-1q5xcqmja6dvh4ctc4t9.zeepki.st/
[Warning:Zeepkist GTR] 20:27:48 Current-level record subscription failed
[Info   :Zeepkist GTR] 20:27:48 Start processing HTTP request "POST" https://es-graphql-1q5xcqmja6dvh4ctc4t9.zeepki.st/
[Info   :Zeepkist GTR] 20:27:48 Start processing HTTP request "POST" https://es-graphql-1q5xcqmja6dvh4ctc4t9.zeepki.st/
[Info   :Zeepkist GTR] 20:27:48 Sending HTTP request "POST" https://es-graphql-1q5xcqmja6dvh4ctc4t9.zeepki.st/
[Info   :BetterSplits] getting gtr splits
[Info   :Zeepkist GTR] 20:27:48 Received HTTP response headers after 50.3678ms - 200
[Info   :Zeepkist GTR] 20:27:48 End processing HTTP request after 50.5711ms - 200
[Info   :Zeepkist GTR] 20:27:48 Received HTTP response headers after 56.7292ms - 200
[Info   :Zeepkist GTR] 20:27:48 End processing HTTP request after 56.9284ms - 200
[Info   :Zeepkist GTR] 20:27:48 End processing HTTP request after 68.5143ms - 200
[Info   :Zeepkist GTR] 20:27:48 End processing HTTP request after 69.1165ms - 200
[Info   :Zeepkist GTR] 20:27:48 Received HTTP response headers after 92.6345ms - 200
[Info   :Zeepkist GTR] 20:27:48 End processing HTTP request after 92.847ms - 200
[Info   :Zeepkist Bingo] [BINGO] === PLAYER SPAWNED ===
[Info   :Zeepkist Bingo] [BINGO] IsInActiveSession: False
[Info   :Zeepkist Bingo] [BINGO] Not in active session, skipping timer reset
[Info   :Zeepkist GTR] 20:27:48 Loading personal best...
[Info   :Zeepkist GTR] 20:27:48 Start processing HTTP request "POST" https://es-graphql-1q5xcqmja6dvh4ctc4t9.zeepki.st/
[Info   :Zeepkist GTR] 20:27:48 Start processing HTTP request "POST" https://es-graphql-1q5xcqmja6dvh4ctc4t9.zeepki.st/
[Info   :Zeepkist GTR] 20:27:48 Sending HTTP request "POST" https://es-graphql-1q5xcqmja6dvh4ctc4t9.zeepki.st/
[Info   :Zeepkist GTR] 20:27:48 Stopping existing recorder if any
[Info   :Zeepkist GTR] 20:27:48 Creating new recorder
[Info   :Zeepkist GTR] 20:27:48 End processing HTTP request after 108.6917ms - 200
[Info   :BetterSplits] got gtr splits
[Info   :Zeepkist GTR] 20:27:48 Received HTTP response headers after 60.9871ms - 200
[Info   :Zeepkist GTR] 20:27:48 End processing HTTP request after 61.2004ms - 200
[Info   :Zeepkist GTR] 20:27:48 End processing HTTP request after 65.179ms - 200
[Info   :Zeepkist GTR] 20:27:50 Starting recorder
[Info   :Zeepkist GTR] 20:28:26 Start processing HTTP request "POST" https://es-graphql-1q5xcqmja6dvh4ctc4t9.zeepki.st/
[Info   :Zeepkist GTR] 20:28:26 Start processing HTTP request "POST" https://es-graphql-1q5xcqmja6dvh4ctc4t9.zeepki.st/
[Info   :Zeepkist GTR] 20:28:26 Sending HTTP request "POST" https://es-graphql-1q5xcqmja6dvh4ctc4t9.zeepki.st/
[Info   :Zeepkist GTR] 20:28:27 Received HTTP response headers after 204.3028ms - 200
[Info   :Zeepkist GTR] 20:28:27 End processing HTTP request after 204.5589ms - 200
[Info   :Zeepkist GTR] 20:28:27 End processing HTTP request after 209.072ms - 200
[Info   :Zeepkist GTR] 20:28:56 Discarding recorder
[Info   :COTDTracker] Doing eliminations with leaderboard:
[Info   :COTDTracker] Player RoundNzt: Time: 23,37491
[Info   :COTDTracker] Player Lexer: Time: 23,3854
[Info   :COTDTracker] Player justMaki: Time: 23,51184
[Info   :COTDTracker] Eliminated 0 DNF players
[Info   :COTDTracker] Eliminating on time: justMaki
[Info   :COTDTracker] Eliminating 1 players: 
[Info   :COTDTracker] justMaki
[Info   :Zeepkist Bingo] [BINGO] Level loaded
[Info   :Zeepkist GTR] 20:29:11 Start processing HTTP request "POST" https://es-backend-5eu0pg2dcfyp6u2v33lz.zeepki.st/level/request
[Info   :Zeepkist GTR] 20:29:11 Start processing HTTP request "POST" https://es-backend-5eu0pg2dcfyp6u2v33lz.zeepki.st/level/request
[Info   :Zeepkist GTR] 20:29:11 Sending HTTP request "POST" https://es-backend-5eu0pg2dcfyp6u2v33lz.zeepki.st/level/request
[Info   :Zeepkist GTR] 20:29:11 Start processing HTTP request "POST" https://es-graphql-1q5xcqmja6dvh4ctc4t9.zeepki.st/
[Info   :Zeepkist GTR] 20:29:11 Start processing HTTP request "POST" https://es-graphql-1q5xcqmja6dvh4ctc4t9.zeepki.st/
[Info   :Zeepkist GTR] 20:29:11 Sending HTTP request "POST" https://es-graphql-1q5xcqmja6dvh4ctc4t9.zeepki.st/
[Warning:Zeepkist GTR] 20:29:11 Current-level record subscription failed
[Info   :Zeepkist GTR] 20:29:11 Start processing HTTP request "POST" https://es-graphql-1q5xcqmja6dvh4ctc4t9.zeepki.st/
[Info   :Zeepkist GTR] 20:29:11 Start processing HTTP request "POST" https://es-graphql-1q5xcqmja6dvh4ctc4t9.zeepki.st/
[Info   :Zeepkist GTR] 20:29:11 Sending HTTP request "POST" https://es-graphql-1q5xcqmja6dvh4ctc4t9.zeepki.st/
[Info   :BetterSplits] getting gtr splits
[Info   :Zeepkist GTR] 20:29:11 Received HTTP response headers after 50.4093ms - 200
[Info   :Zeepkist GTR] 20:29:11 End processing HTTP request after 50.6162ms - 200
[Info   :Zeepkist GTR] 20:29:11 End processing HTTP request after 54.9459ms - 200
[Info   :Zeepkist Bingo] [BINGO] === PLAYER SPAWNED ===
[Info   :Zeepkist Bingo] [BINGO] IsInActiveSession: False
[Info   :Zeepkist Bingo] [BINGO] Not in active session, skipping timer reset
[Info   :Zeepkist GTR] 20:29:11 Loading personal best...
[Info   :Zeepkist GTR] 20:29:11 Start processing HTTP request "POST" https://es-graphql-1q5xcqmja6dvh4ctc4t9.zeepki.st/
[Info   :Zeepkist GTR] 20:29:11 Start processing HTTP request "POST" https://es-graphql-1q5xcqmja6dvh4ctc4t9.zeepki.st/
[Info   :Zeepkist GTR] 20:29:11 Sending HTTP request "POST" https://es-graphql-1q5xcqmja6dvh4ctc4t9.zeepki.st/
[Info   :Zeepkist GTR] 20:29:11 Stopping existing recorder if any
[Info   :Zeepkist GTR] 20:29:11 Creating new recorder
[Info   :BetterSplits] got gtr splits
[Info   :Zeepkist GTR] 20:29:11 Received HTTP response headers after 59.0602ms - 200
[Info   :Zeepkist GTR] 20:29:11 End processing HTTP request after 59.2791ms - 200
[Info   :Zeepkist GTR] 20:29:11 End processing HTTP request after 59.7149ms - 200
[Info   :Zeepkist GTR] 20:29:11 Received HTTP response headers after 197.566ms - 200
[Info   :Zeepkist GTR] 20:29:11 End processing HTTP request after 197.7788ms - 200
[Info   :Zeepkist GTR] 20:29:11 End processing HTTP request after 202.6336ms - 200
[Info   :Zeepkist GTR] 20:29:11 Received HTTP response headers after 208.6428ms - 200
[Info   :Zeepkist GTR] 20:29:11 End processing HTTP request after 208.8582ms - 200
[Info   :Zeepkist GTR] 20:29:11 End processing HTTP request after 216.217ms - 200
[Info   :Zeepkist GTR] 20:29:12 Starting recorder
[Info   :Zeepkist GTR] 20:29:49 Start processing HTTP request "POST" https://es-graphql-1q5xcqmja6dvh4ctc4t9.zeepki.st/
[Info   :Zeepkist GTR] 20:29:49 Start processing HTTP request "POST" https://es-graphql-1q5xcqmja6dvh4ctc4t9.zeepki.st/
[Info   :Zeepkist GTR] 20:29:49 Sending HTTP request "POST" https://es-graphql-1q5xcqmja6dvh4ctc4t9.zeepki.st/
[Info   :Zeepkist GTR] 20:29:49 Received HTTP response headers after 70.0543ms - 200
[Info   :Zeepkist GTR] 20:29:49 End processing HTTP request after 70.2777ms - 200
[Info   :Zeepkist GTR] 20:29:49 End processing HTTP request after 77.0245ms - 200
[Info   :Zeepkist GTR] 20:30:19 Discarding recorder
[Info   :COTDTracker] Doing eliminations with leaderboard:
[Info   :COTDTracker] Player Lexer: Time: 22,94841
[Info   :COTDTracker] Player RoundNzt: Time: 22,96622
[Info   :COTDTracker] Eliminated 0 DNF players
[Info   :COTDTracker] Eliminating on time: RoundNzt
[Info   :COTDTracker] Eliminating 1 players: 
[Info   :COTDTracker] RoundNzt
[Info   :Zeepkist Bingo] [CHAT] Intercepted message: gg
[Info   :Zeepkist Bingo] [CHAT] Not relaying - no bingo session
[Info   :Zeepkist Bingo] [BINGO] Level loaded
[Info   :Zeepkist GTR] 20:30:34 Start processing HTTP request "POST" https://es-backend-5eu0pg2dcfyp6u2v33lz.zeepki.st/level/request
[Info   :Zeepkist GTR] 20:30:34 Start processing HTTP request "POST" https://es-backend-5eu0pg2dcfyp6u2v33lz.zeepki.st/level/request
[Info   :Zeepkist GTR] 20:30:34 Sending HTTP request "POST" https://es-backend-5eu0pg2dcfyp6u2v33lz.zeepki.st/level/request
[Info   :Zeepkist GTR] 20:30:34 Start processing HTTP request "POST" https://es-graphql-1q5xcqmja6dvh4ctc4t9.zeepki.st/
[Info   :Zeepkist GTR] 20:30:34 Start processing HTTP request "POST" https://es-graphql-1q5xcqmja6dvh4ctc4t9.zeepki.st/
[Info   :Zeepkist GTR] 20:30:34 Sending HTTP request "POST" https://es-graphql-1q5xcqmja6dvh4ctc4t9.zeepki.st/
[Warning:Zeepkist GTR] 20:30:34 Current-level record subscription failed
[Info   :Zeepkist GTR] 20:30:34 Start processing HTTP request "POST" https://es-graphql-1q5xcqmja6dvh4ctc4t9.zeepki.st/
[Info   :Zeepkist GTR] 20:30:34 Start processing HTTP request "POST" https://es-graphql-1q5xcqmja6dvh4ctc4t9.zeepki.st/
[Info   :Zeepkist GTR] 20:30:34 Sending HTTP request "POST" https://es-graphql-1q5xcqmja6dvh4ctc4t9.zeepki.st/
[Info   :BetterSplits] getting gtr splits
[Info   :Zeepkist Bingo] [BINGO] === PLAYER SPAWNED ===
[Info   :Zeepkist Bingo] [BINGO] IsInActiveSession: False
[Info   :Zeepkist Bingo] [BINGO] Not in active session, skipping timer reset
[Info   :Zeepkist GTR] 20:30:34 Loading personal best...
[Info   :Zeepkist GTR] 20:30:34 Start processing HTTP request "POST" https://es-graphql-1q5xcqmja6dvh4ctc4t9.zeepki.st/
[Info   :Zeepkist GTR] 20:30:34 Start processing HTTP request "POST" https://es-graphql-1q5xcqmja6dvh4ctc4t9.zeepki.st/
[Info   :Zeepkist GTR] 20:30:34 Sending HTTP request "POST" https://es-graphql-1q5xcqmja6dvh4ctc4t9.zeepki.st/
[Info   :Zeepkist GTR] 20:30:34 Stopping existing recorder if any
[Info   :Zeepkist GTR] 20:30:34 Creating new recorder
[Info   :BetterSplits] got gtr splits
[Info   :Zeepkist GTR] 20:30:34 Received HTTP response headers after 218.5936ms - 200
[Info   :Zeepkist GTR] 20:30:34 End processing HTTP request after 218.814ms - 200
[Info   :Zeepkist GTR] 20:30:34 Received HTTP response headers after 220.3301ms - 200
[Info   :Zeepkist GTR] 20:30:34 End processing HTTP request after 220.5911ms - 200
[Info   :Zeepkist GTR] 20:30:34 Received HTTP response headers after 221.4372ms - 200
[Info   :Zeepkist GTR] 20:30:34 End processing HTTP request after 221.6203ms - 200
[Info   :Zeepkist GTR] 20:30:34 End processing HTTP request after 223.2228ms - 200
[Info   :Zeepkist GTR] 20:30:34 End processing HTTP request after 222.5411ms - 200
[Info   :Zeepkist GTR] 20:30:34 End processing HTTP request after 222.016ms - 200
[Info   :Zeepkist GTR] 20:30:34 Received HTTP response headers after 208.4066ms - 200
[Info   :Zeepkist GTR] 20:30:34 End processing HTTP request after 208.6232ms - 200
[Info   :Zeepkist GTR] 20:30:34 End processing HTTP request after 212.5519ms - 200
[Info   :Zeepkist GTR] 20:30:36 Starting recorder
[Error  :     TeamX]  [TEAMX] Operation failed: Client is already disconnected.
[Info   :Zeepkist Bingo] [BINGO] Application quitting - force disposing WebSocket
[Info   :Zeepkist Bingo] [WEBSOCKET] Force disposed
[Info   :Zeepkist Bingo] [WEBSOCKET] Force disposed
[Error  :LeaderboardApi] Unhandled exception in RemoveTab: System.NullReferenceException: Object reference not set to an instance of an object
  at ZeepSDK.Leaderboard.LeaderboardApi.RemoveTab (ZeepSDK.Leaderboard.ILeaderboardTab tab) [0x00000] in D:\a\ZeepSDK\ZeepSDK\ZeepSDK\Leaderboard\LeaderboardApi.cs:114 
[Info   :Zeepkist RTM] 20:30:49 Application is shutting down...
[Info   :Zeepkist RTM] 20:30:49 Unpatching
[Info   :   Console] Rewired: Rewired is not initialized. You must have an active and enabled Rewired Input Manager in the scene before calling any part of the Rewired API.
------- Rewired System Info -------
Unity version: 2021.3.10f1
Rewired version: 1.1.58.1.U2021
Platform: Windows
Using Unity input: False

[Info   :   Console] Rewired: Rewired is not initialized. You must have an active and enabled Rewired Input Manager in the scene before calling any part of the Rewired API.
------- Rewired System Info -------
Unity version: 2021.3.10f1
Rewired version: 1.1.58.1.U2021
Platform: Windows
Using Unity input: False

[Error  :ZtreamerBot] Exception: Thread was being aborted.
[Info   :ZtreamerBot] UDP listener stopped.
